[     432ms] [ERROR] Failed to load resource: net::ERR_FAILED @ https://gc.kis.v2.scr.kaspersky-labs.com/7D8B79A2-8974-4D7B-A76A-F4F29624C06BOSxDTLheSV66Hsf0i1yRUXAy8NkjYorxIG_uaN1dmJ5Wvd2xA3apQXvET0QVAF1JEaoPV6BKADfMsM6k4U-tLg/init?data=eyJ1cmwiOiJodHRwczovL2FwcHN0b3JlY29ubmVjdC5hcHBsZS5jb20vYXBwcy82Nzg5OTEzMTg2L2Rpc3RyaWJ1dGlvbi9pb3MvdmVyc2lvbi9pbmZsaWdodCIsInBsdWdpbnMiOiJ3c20mY2EmdnMmd250JnVhJmFibiZhYm5fc2hhZG93JmNiIiwiZGF0YSI6eyJkYXRhIjpbeyJwbHVnaW4iOiJ3c20iLCJwYXJhbWV0ZXJzIjoie1wicmVmZXJyZXJcIjpcIlwiLFwic3R1YklkXCI6XCJcIn0ifSx7InBsdWdpbiI6IndudCIsInBhcmFtZXRlcnMiOiJ7XCJyZWZlcnJlclwiOlwiXCJ9In0seyJwbHVnaW4iOiJ1YSIsInBhcmFtZXRlcnMiOiJ7fSJ9LHsicGx1Z2luIjoiYWJuIiwicGFyYW1ldGVycyI6IntcImlzQ3NzVXJsSW5qZWN0ZWRcIjpmYWxzZX0ifSx7InBsdWdpbiI6ImFibl9zaGFkb3ciLCJwYXJhbWV0ZXJzIjoie1wiaXNDc3NVcmxJbmplY3RlZFwiOmZhbHNlfSJ9XX0sImlzVG9wTGV2ZWwiOnRydWUsInBhZ2VTdGFydFRpbWUiOjAsIm5hdmlnYXRpb25TdGFydFRpbWUiOjE3ODUxMDYyNzU1MzB9&nocache=199c5&tm=2026-07-26T22%3A51%3A15.933Z:0
[     439ms] [ERROR] Failed to load resource: net::ERR_FAILED @ https://gc.kis.v2.scr.kaspersky-labs.com/7D8B79A2-8974-4D7B-A76A-F4F29624C06BOSxDTLheSV66Hsf0i1yRUXAy8NkjYorxIG_uaN1dmJ5Wvd2xA3apQXvET0QVAF1JEaoPV6BKADfMsM6k4U-tLg/init?data=eyJ1cmwiOiJodHRwczovL2FwcHN0b3JlY29ubmVjdC5hcHBsZS5jb20vYXBwcy82Nzg5OTEzMTg2L2Rpc3RyaWJ1dGlvbi9pb3MvdmVyc2lvbi9pbmZsaWdodCIsInBsdWdpbnMiOiJ3c20mY2EmdnMmd250JnVhJmFibiZhYm5fc2hhZG93JmNiIiwiZGF0YSI6eyJkYXRhIjpbeyJwbHVnaW4iOiJ3c20iLCJwYXJhbWV0ZXJzIjoie1wicmVmZXJyZXJcIjpcIlwiLFwic3R1YklkXCI6XCJcIn0ifSx7InBsdWdpbiI6IndudCIsInBhcmFtZXRlcnMiOiJ7XCJyZWZlcnJlclwiOlwiXCJ9In0seyJwbHVnaW4iOiJ1YSIsInBhcmFtZXRlcnMiOiJ7fSJ9LHsicGx1Z2luIjoiYWJuIiwicGFyYW1ldGVycyI6IntcImlzQ3NzVXJsSW5qZWN0ZWRcIjpmYWxzZX0ifSx7InBsdWdpbiI6ImFibl9zaGFkb3ciLCJwYXJhbWV0ZXJzIjoie1wiaXNDc3NVcmxJbmplY3RlZFwiOmZhbHNlfSJ9XX0sImlzVG9wTGV2ZWwiOnRydWUsInBhZ2VTdGFydFRpbWUiOjAsIm5hdmlnYXRpb25TdGFydFRpbWUiOjE3ODUxMDYyNzU1MzB9&nocache=1946b&tm=2026-07-26T22%3A51%3A15.954Z&second=true:0
[     726ms] [WARNING] document.domain mutation is ignored because the surrounding agent cluster is origin-keyed. @ https://appstoreconnect.apple.com/access/static/js/container.3633b935b1e147d7.js:1
[     787ms] [WARNING] Metrics config: No config provided via delegate or fetched via init(), using default/cached config values. @ https://appstoreconnect.apple.com/access/static/js/344.d09a59ff782b29d1.js:0
[    1862ms] [WARNING] <meta name="apple-mobile-web-app-capable" content="yes"> is deprecated. Please include <meta name="mobile-web-app-capable" content="yes"> @ https://appstoreconnect.apple.com/apps/6789913186/distribution/ios/version/inflight:0
[    5111ms] [WARNING] An array is needed to render meta tags @ https://appstoreconnect.apple.com/access/static/js/container.3633b935b1e147d7.js:1
[    5438ms] [WARNING] eventQueue overflow, deleting LRU events: size is: 101 which is over max size: 100 @ https://appstoreconnect.apple.com/access/static/js/container.3633b935b1e147d7.js:1
[    5439ms] [WARNING] eventQueue overflow, deleting LRU events: size is: 101 which is over max size: 100 @ https://appstoreconnect.apple.com/access/static/js/container.3633b935b1e147d7.js:1
[    5440ms] [WARNING] eventQueue overflow, deleting LRU events: size is: 101 which is over max size: 100 @ https://appstoreconnect.apple.com/access/static/js/container.3633b935b1e147d7.js:1
[    5464ms] [WARNING] eventQueue overflow, deleting LRU events: size is: 101 which is over max size: 100 @ https://appstoreconnect.apple.com/access/static/js/container.3633b935b1e147d7.js:1
[    5465ms] [WARNING] eventQueue overflow, deleting LRU events: size is: 101 which is over max size: 100 @ https://appstoreconnect.apple.com/access/static/js/container.3633b935b1e147d7.js:1
[    5465ms] [WARNING] eventQueue overflow, deleting LRU events: size is: 101 which is over max size: 100 @ https://appstoreconnect.apple.com/access/static/js/container.3633b935b1e147d7.js:1
[    5484ms] [WARNING] eventQueue overflow, deleting LRU events: size is: 101 which is over max size: 100 @ https://appstoreconnect.apple.com/access/static/js/container.3633b935b1e147d7.js:1
[    5545ms] [WARNING] eventQueue overflow, deleting LRU events: size is: 101 which is over max size: 100 @ https://appstoreconnect.apple.com/access/static/js/container.3633b935b1e147d7.js:1
[    6262ms] [WARNING] eventQueue overflow, deleting LRU events: size is: 101 which is over max size: 100 @ https://appstoreconnect.apple.com/access/static/js/container.3633b935b1e147d7.js:1
[    6262ms] [WARNING] eventQueue overflow, deleting LRU events: size is: 101 which is over max size: 100 @ https://appstoreconnect.apple.com/access/static/js/container.3633b935b1e147d7.js:1
[    6263ms] [WARNING] eventQueue overflow, deleting LRU events: size is: 101 which is over max size: 100 @ https://appstoreconnect.apple.com/access/static/js/container.3633b935b1e147d7.js:1
[    6263ms] [WARNING] eventQueue overflow, deleting LRU events: size is: 101 which is over max size: 100 @ https://appstoreconnect.apple.com/access/static/js/container.3633b935b1e147d7.js:1
[    6264ms] [WARNING] eventQueue overflow, deleting LRU events: size is: 101 which is over max size: 100 @ https://appstoreconnect.apple.com/access/static/js/container.3633b935b1e147d7.js:1
[    6264ms] [WARNING] eventQueue overflow, deleting LRU events: size is: 101 which is over max size: 100 @ https://appstoreconnect.apple.com/access/static/js/container.3633b935b1e147d7.js:1
[    6265ms] [WARNING] eventQueue overflow, deleting LRU events: size is: 101 which is over max size: 100 @ https://appstoreconnect.apple.com/access/static/js/container.3633b935b1e147d7.js:1
[    6265ms] [WARNING] eventQueue overflow, deleting LRU events: size is: 101 which is over max size: 100 @ https://appstoreconnect.apple.com/access/static/js/container.3633b935b1e147d7.js:1
[    6266ms] [WARNING] eventQueue overflow, deleting LRU events: size is: 101 which is over max size: 100 @ https://appstoreconnect.apple.com/access/static/js/container.3633b935b1e147d7.js:1
[    6266ms] [WARNING] eventQueue overflow, deleting LRU events: size is: 101 which is over max size: 100 @ https://appstoreconnect.apple.com/access/static/js/container.3633b935b1e147d7.js:1
[    7107ms] [ERROR] Failed to load resource: the server responded with a status of 404 () @ https://appstoreconnect.apple.com/partials/app-store/js/date-fns-locale-de-index-js.da22cac8.js:0
[    7114ms] [WARNING] eventQueue overflow, deleting LRU events: size is: 101 which is over max size: 100 @ https://appstoreconnect.apple.com/access/static/js/container.3633b935b1e147d7.js:1
[    7115ms] [WARNING] eventQueue overflow, deleting LRU events: size is: 101 which is over max size: 100 @ https://appstoreconnect.apple.com/access/static/js/container.3633b935b1e147d7.js:1
[    7115ms] [WARNING] eventQueue overflow, deleting LRU events: size is: 101 which is over max size: 100 @ https://appstoreconnect.apple.com/access/static/js/container.3633b935b1e147d7.js:1
[    7116ms] [WARNING] eventQueue overflow, deleting LRU events: size is: 101 which is over max size: 100 @ https://appstoreconnect.apple.com/access/static/js/container.3633b935b1e147d7.js:1
[    7116ms] [WARNING] eventQueue overflow, deleting LRU events: size is: 101 which is over max size: 100 @ https://appstoreconnect.apple.com/access/static/js/container.3633b935b1e147d7.js:1
[    7117ms] [WARNING] eventQueue overflow, deleting LRU events: size is: 101 which is over max size: 100 @ https://appstoreconnect.apple.com/access/static/js/container.3633b935b1e147d7.js:1
[    7117ms] [WARNING] eventQueue overflow, deleting LRU events: size is: 101 which is over max size: 100 @ https://appstoreconnect.apple.com/access/static/js/container.3633b935b1e147d7.js:1
[    7117ms] [WARNING] eventQueue overflow, deleting LRU events: size is: 101 which is over max size: 100 @ https://appstoreconnect.apple.com/access/static/js/container.3633b935b1e147d7.js:1
[    7118ms] [WARNING] eventQueue overflow, deleting LRU events: size is: 101 which is over max size: 100 @ https://appstoreconnect.apple.com/access/static/js/container.3633b935b1e147d7.js:1
[    7118ms] [WARNING] eventQueue overflow, deleting LRU events: size is: 101 which is over max size: 100 @ https://appstoreconnect.apple.com/access/static/js/container.3633b935b1e147d7.js:1
[    7155ms] [WARNING] eventQueue overflow, deleting LRU events: size is: 101 which is over max size: 100 @ https://appstoreconnect.apple.com/access/static/js/container.3633b935b1e147d7.js:1
[    7156ms] [WARNING] eventQueue overflow, deleting LRU events: size is: 101 which is over max size: 100 @ https://appstoreconnect.apple.com/access/static/js/container.3633b935b1e147d7.js:1
[    7156ms] [WARNING] eventQueue overflow, deleting LRU events: size is: 101 which is over max size: 100 @ https://appstoreconnect.apple.com/access/static/js/container.3633b935b1e147d7.js:1
[    7157ms] [WARNING] eventQueue overflow, deleting LRU events: size is: 101 which is over max size: 100 @ https://appstoreconnect.apple.com/access/static/js/container.3633b935b1e147d7.js:1
[    7158ms] [WARNING] eventQueue overflow, deleting LRU events: size is: 101 which is over max size: 100 @ https://appstoreconnect.apple.com/access/static/js/container.3633b935b1e147d7.js:1
[    7159ms] [WARNING] eventQueue overflow, deleting LRU events: size is: 101 which is over max size: 100 @ https://appstoreconnect.apple.com/access/static/js/container.3633b935b1e147d7.js:1
[    7160ms] [WARNING] eventQueue overflow, deleting LRU events: size is: 101 which is over max size: 100 @ https://appstoreconnect.apple.com/access/static/js/container.3633b935b1e147d7.js:1
[    7161ms] [WARNING] eventQueue overflow, deleting LRU events: size is: 101 which is over max size: 100 @ https://appstoreconnect.apple.com/access/static/js/container.3633b935b1e147d7.js:1
[    7162ms] [WARNING] eventQueue overflow, deleting LRU events: size is: 101 which is over max size: 100 @ https://appstoreconnect.apple.com/access/static/js/container.3633b935b1e147d7.js:1
[    7163ms] [WARNING] eventQueue overflow, deleting LRU events: size is: 101 which is over max size: 100 @ https://appstoreconnect.apple.com/access/static/js/container.3633b935b1e147d7.js:1
[    7164ms] [WARNING] eventQueue overflow, deleting LRU events: size is: 101 which is over max size: 100 @ https://appstoreconnect.apple.com/access/static/js/container.3633b935b1e147d7.js:1
[    7164ms] [WARNING] eventQueue overflow, deleting LRU events: size is: 101 which is over max size: 100 @ https://appstoreconnect.apple.com/access/static/js/container.3633b935b1e147d7.js:1
[    7165ms] [WARNING] eventQueue overflow, deleting LRU events: size is: 101 which is over max size: 100 @ https://appstoreconnect.apple.com/access/static/js/container.3633b935b1e147d7.js:1
[    7166ms] [WARNING] eventQueue overflow, deleting LRU events: size is: 101 which is over max size: 100 @ https://appstoreconnect.apple.com/access/static/js/container.3633b935b1e147d7.js:1
[    7166ms] [WARNING] eventQueue overflow, deleting LRU events: size is: 101 which is over max size: 100 @ https://appstoreconnect.apple.com/access/static/js/container.3633b935b1e147d7.js:1
[    7167ms] [WARNING] eventQueue overflow, deleting LRU events: size is: 101 which is over max size: 100 @ https://appstoreconnect.apple.com/access/static/js/container.3633b935b1e147d7.js:1
[    7168ms] [WARNING] eventQueue overflow, deleting LRU events: size is: 101 which is over max size: 100 @ https://appstoreconnect.apple.com/access/static/js/container.3633b935b1e147d7.js:1
[    7168ms] [WARNING] eventQueue overflow, deleting LRU events: size is: 101 which is over max size: 100 @ https://appstoreconnect.apple.com/access/static/js/container.3633b935b1e147d7.js:1
[    7253ms] [WARNING] eventQueue overflow, deleting LRU events: size is: 101 which is over max size: 100 @ https://appstoreconnect.apple.com/access/static/js/container.3633b935b1e147d7.js:1
[    7254ms] [WARNING] eventQueue overflow, deleting LRU events: size is: 101 which is over max size: 100 @ https://appstoreconnect.apple.com/access/static/js/container.3633b935b1e147d7.js:1
[    7270ms] [WARNING] eventQueue overflow, deleting LRU events: size is: 101 which is over max size: 100 @ https://appstoreconnect.apple.com/access/static/js/container.3633b935b1e147d7.js:1
[    7271ms] [WARNING] eventQueue overflow, deleting LRU events: size is: 101 which is over max size: 100 @ https://appstoreconnect.apple.com/access/static/js/container.3633b935b1e147d7.js:1
[    7320ms] [WARNING] eventQueue overflow, deleting LRU events: size is: 101 which is over max size: 100 @ https://appstoreconnect.apple.com/access/static/js/container.3633b935b1e147d7.js:1
[    7443ms] [WARNING] eventQueue overflow, deleting LRU events: size is: 101 which is over max size: 100 @ https://appstoreconnect.apple.com/access/static/js/container.3633b935b1e147d7.js:1
[    7490ms] [WARNING] eventQueue overflow, deleting LRU events: size is: 101 which is over max size: 100 @ https://appstoreconnect.apple.com/access/static/js/container.3633b935b1e147d7.js:1
[    7751ms] [WARNING] eventQueue overflow, deleting LRU events: size is: 101 which is over max size: 100 @ https://appstoreconnect.apple.com/access/static/js/container.3633b935b1e147d7.js:1
[    8002ms] [WARNING] eventQueue overflow, deleting LRU events: size is: 101 which is over max size: 100 @ https://appstoreconnect.apple.com/access/static/js/container.3633b935b1e147d7.js:1
[    8247ms] [WARNING] eventQueue overflow, deleting LRU events: size is: 101 which is over max size: 100 @ https://appstoreconnect.apple.com/access/static/js/container.3633b935b1e147d7.js:1
[    9156ms] [WARNING] eventQueue overflow, deleting LRU events: size is: 101 which is over max size: 100 @ https://appstoreconnect.apple.com/access/static/js/container.3633b935b1e147d7.js:1
[    9157ms] [WARNING] eventQueue overflow, deleting LRU events: size is: 101 which is over max size: 100 @ https://appstoreconnect.apple.com/access/static/js/container.3633b935b1e147d7.js:1
[    9178ms] [WARNING] eventQueue overflow, deleting LRU events: size is: 101 which is over max size: 100 @ https://appstoreconnect.apple.com/access/static/js/container.3633b935b1e147d7.js:1
[    9178ms] [WARNING] eventQueue overflow, deleting LRU events: size is: 101 which is over max size: 100 @ https://appstoreconnect.apple.com/access/static/js/container.3633b935b1e147d7.js:1
[    9179ms] [WARNING] eventQueue overflow, deleting LRU events: size is: 101 which is over max size: 100 @ https://appstoreconnect.apple.com/access/static/js/container.3633b935b1e147d7.js:1
[    9179ms] [WARNING] eventQueue overflow, deleting LRU events: size is: 101 which is over max size: 100 @ https://appstoreconnect.apple.com/access/static/js/container.3633b935b1e147d7.js:1
[    9180ms] [WARNING] eventQueue overflow, deleting LRU events: size is: 101 which is over max size: 100 @ https://appstoreconnect.apple.com/access/static/js/container.3633b935b1e147d7.js:1
[    9180ms] [WARNING] eventQueue overflow, deleting LRU events: size is: 101 which is over max size: 100 @ https://appstoreconnect.apple.com/access/static/js/container.3633b935b1e147d7.js:1
[    9180ms] [WARNING] eventQueue overflow, deleting LRU events: size is: 101 which is over max size: 100 @ https://appstoreconnect.apple.com/access/static/js/container.3633b935b1e147d7.js:1
[    9181ms] [WARNING] eventQueue overflow, deleting LRU events: size is: 101 which is over max size: 100 @ https://appstoreconnect.apple.com/access/static/js/container.3633b935b1e147d7.js:1
[    9181ms] [WARNING] eventQueue overflow, deleting LRU events: size is: 101 which is over max size: 100 @ https://appstoreconnect.apple.com/access/static/js/container.3633b935b1e147d7.js:1
[    9182ms] [WARNING] eventQueue overflow, deleting LRU events: size is: 101 which is over max size: 100 @ https://appstoreconnect.apple.com/access/static/js/container.3633b935b1e147d7.js:1
[    9340ms] [WARNING] eventQueue overflow, deleting LRU events: size is: 101 which is over max size: 100 @ https://appstoreconnect.apple.com/access/static/js/container.3633b935b1e147d7.js:1
[    9340ms] [WARNING] eventQueue overflow, deleting LRU events: size is: 101 which is over max size: 100 @ https://appstoreconnect.apple.com/access/static/js/container.3633b935b1e147d7.js:1
[    9341ms] [WARNING] eventQueue overflow, deleting LRU events: size is: 101 which is over max size: 100 @ https://appstoreconnect.apple.com/access/static/js/container.3633b935b1e147d7.js:1
[    9588ms] [WARNING] eventQueue overflow, deleting LRU events: size is: 101 which is over max size: 100 @ https://appstoreconnect.apple.com/access/static/js/container.3633b935b1e147d7.js:1
[    9589ms] [WARNING] eventQueue overflow, deleting LRU events: size is: 101 which is over max size: 100 @ https://appstoreconnect.apple.com/access/static/js/container.3633b935b1e147d7.js:1
[    9589ms] [WARNING] eventQueue overflow, deleting LRU events: size is: 101 which is over max size: 100 @ https://appstoreconnect.apple.com/access/static/js/container.3633b935b1e147d7.js:1
[    9634ms] [WARNING] eventQueue overflow, deleting LRU events: size is: 101 which is over max size: 100 @ https://appstoreconnect.apple.com/access/static/js/container.3633b935b1e147d7.js:1
[    9634ms] [WARNING] eventQueue overflow, deleting LRU events: size is: 101 which is over max size: 100 @ https://appstoreconnect.apple.com/access/static/js/container.3633b935b1e147d7.js:1
[    9635ms] [WARNING] eventQueue overflow, deleting LRU events: size is: 101 which is over max size: 100 @ https://appstoreconnect.apple.com/access/static/js/container.3633b935b1e147d7.js:1
[    9636ms] [WARNING] eventQueue overflow, deleting LRU events: size is: 101 which is over max size: 100 @ https://appstoreconnect.apple.com/access/static/js/container.3633b935b1e147d7.js:1
[    9637ms] [WARNING] eventQueue overflow, deleting LRU events: size is: 101 which is over max size: 100 @ https://appstoreconnect.apple.com/access/static/js/container.3633b935b1e147d7.js:1
[    9637ms] [WARNING] eventQueue overflow, deleting LRU events: size is: 101 which is over max size: 100 @ https://appstoreconnect.apple.com/access/static/js/container.3633b935b1e147d7.js:1
[    9696ms] [WARNING] eventQueue overflow, deleting LRU events: size is: 101 which is over max size: 100 @ https://appstoreconnect.apple.com/access/static/js/container.3633b935b1e147d7.js:1
[    9696ms] [WARNING] eventQueue overflow, deleting LRU events: size is: 101 which is over max size: 100 @ https://appstoreconnect.apple.com/access/static/js/container.3633b935b1e147d7.js:1
[    9712ms] [WARNING] eventQueue overflow, deleting LRU events: size is: 101 which is over max size: 100 @ https://appstoreconnect.apple.com/access/static/js/container.3633b935b1e147d7.js:1
[    9743ms] [WARNING] eventQueue overflow, deleting LRU events: size is: 101 which is over max size: 100 @ https://appstoreconnect.apple.com/access/static/js/container.3633b935b1e147d7.js:1
[    9749ms] [WARNING] eventQueue overflow, deleting LRU events: size is: 101 which is over max size: 100 @ https://appstoreconnect.apple.com/access/static/js/container.3633b935b1e147d7.js:1
[    9753ms] [WARNING] eventQueue overflow, deleting LRU events: size is: 101 which is over max size: 100 @ https://appstoreconnect.apple.com/access/static/js/container.3633b935b1e147d7.js:1
[    9801ms] [WARNING] eventQueue overflow, deleting LRU events: size is: 101 which is over max size: 100 @ https://appstoreconnect.apple.com/access/static/js/container.3633b935b1e147d7.js:1
[    9823ms] [WARNING] eventQueue overflow, deleting LRU events: size is: 101 which is over max size: 100 @ https://appstoreconnect.apple.com/access/static/js/container.3633b935b1e147d7.js:1
[    9836ms] [WARNING] eventQueue overflow, deleting LRU events: size is: 101 which is over max size: 100 @ https://appstoreconnect.apple.com/access/static/js/container.3633b935b1e147d7.js:1
[    9856ms] [WARNING] eventQueue overflow, deleting LRU events: size is: 101 which is over max size: 100 @ https://appstoreconnect.apple.com/access/static/js/container.3633b935b1e147d7.js:1
[    9858ms] [WARNING] eventQueue overflow, deleting LRU events: size is: 101 which is over max size: 100 @ https://appstoreconnect.apple.com/access/static/js/container.3633b935b1e147d7.js:1
[    9863ms] [WARNING] eventQueue overflow, deleting LRU events: size is: 101 which is over max size: 100 @ https://appstoreconnect.apple.com/access/static/js/container.3633b935b1e147d7.js:1
[    9864ms] [WARNING] eventQueue overflow, deleting LRU events: size is: 101 which is over max size: 100 @ https://appstoreconnect.apple.com/access/static/js/container.3633b935b1e147d7.js:1
[   10768ms] [WARNING] eventQueue overflow, deleting LRU events: size is: 101 which is over max size: 100 @ https://appstoreconnect.apple.com/access/static/js/container.3633b935b1e147d7.js:1
[   10768ms] [WARNING] eventQueue overflow, deleting LRU events: size is: 101 which is over max size: 100 @ https://appstoreconnect.apple.com/access/static/js/container.3633b935b1e147d7.js:1
[   10769ms] [WARNING] eventQueue overflow, deleting LRU events: size is: 101 which is over max size: 100 @ https://appstoreconnect.apple.com/access/static/js/container.3633b935b1e147d7.js:1
[   10769ms] [WARNING] eventQueue overflow, deleting LRU events: size is: 101 which is over max size: 100 @ https://appstoreconnect.apple.com/access/static/js/container.3633b935b1e147d7.js:1
[   10770ms] [WARNING] eventQueue overflow, deleting LRU events: size is: 101 which is over max size: 100 @ https://appstoreconnect.apple.com/access/static/js/container.3633b935b1e147d7.js:1
[   10771ms] [WARNING] eventQueue overflow, deleting LRU events: size is: 101 which is over max size: 100 @ https://appstoreconnect.apple.com/access/static/js/container.3633b935b1e147d7.js:1
[   10771ms] [WARNING] eventQueue overflow, deleting LRU events: size is: 101 which is over max size: 100 @ https://appstoreconnect.apple.com/access/static/js/container.3633b935b1e147d7.js:1
[   10772ms] [WARNING] eventQueue overflow, deleting LRU events: size is: 101 which is over max size: 100 @ https://appstoreconnect.apple.com/access/static/js/container.3633b935b1e147d7.js:1
[   10773ms] [WARNING] eventQueue overflow, deleting LRU events: size is: 101 which is over max size: 100 @ https://appstoreconnect.apple.com/access/static/js/container.3633b935b1e147d7.js:1
[   10773ms] [WARNING] eventQueue overflow, deleting LRU events: size is: 101 which is over max size: 100 @ https://appstoreconnect.apple.com/access/static/js/container.3633b935b1e147d7.js:1
[   10774ms] [WARNING] eventQueue overflow, deleting LRU events: size is: 101 which is over max size: 100 @ https://appstoreconnect.apple.com/access/static/js/container.3633b935b1e147d7.js:1
[   10774ms] [WARNING] eventQueue overflow, deleting LRU events: size is: 101 which is over max size: 100 @ https://appstoreconnect.apple.com/access/static/js/container.3633b935b1e147d7.js:1
[   10902ms] [WARNING] eventQueue overflow, deleting LRU events: size is: 101 which is over max size: 100 @ https://appstoreconnect.apple.com/access/static/js/container.3633b935b1e147d7.js:1
[   10903ms] [WARNING] eventQueue overflow, deleting LRU events: size is: 101 which is over max size: 100 @ https://appstoreconnect.apple.com/access/static/js/container.3633b935b1e147d7.js:1
[   10903ms] [WARNING] eventQueue overflow, deleting LRU events: size is: 101 which is over max size: 100 @ https://appstoreconnect.apple.com/access/static/js/container.3633b935b1e147d7.js:1
[   10904ms] [WARNING] eventQueue overflow, deleting LRU events: size is: 101 which is over max size: 100 @ https://appstoreconnect.apple.com/access/static/js/container.3633b935b1e147d7.js:1
[   10905ms] [WARNING] eventQueue overflow, deleting LRU events: size is: 101 which is over max size: 100 @ https://appstoreconnect.apple.com/access/static/js/container.3633b935b1e147d7.js:1
[   10905ms] [WARNING] eventQueue overflow, deleting LRU events: size is: 101 which is over max size: 100 @ https://appstoreconnect.apple.com/access/static/js/container.3633b935b1e147d7.js:1
[   10905ms] [WARNING] eventQueue overflow, deleting LRU events: size is: 101 which is over max size: 100 @ https://appstoreconnect.apple.com/access/static/js/container.3633b935b1e147d7.js:1
[   10906ms] [WARNING] eventQueue overflow, deleting LRU events: size is: 101 which is over max size: 100 @ https://appstoreconnect.apple.com/access/static/js/container.3633b935b1e147d7.js:1
[   10906ms] [WARNING] eventQueue overflow, deleting LRU events: size is: 101 which is over max size: 100 @ https://appstoreconnect.apple.com/access/static/js/container.3633b935b1e147d7.js:1
[   10907ms] [WARNING] eventQueue overflow, deleting LRU events: size is: 101 which is over max size: 100 @ https://appstoreconnect.apple.com/access/static/js/container.3633b935b1e147d7.js:1
[   10907ms] [WARNING] eventQueue overflow, deleting LRU events: size is: 101 which is over max size: 100 @ https://appstoreconnect.apple.com/access/static/js/container.3633b935b1e147d7.js:1
[   10907ms] [WARNING] eventQueue overflow, deleting LRU events: size is: 101 which is over max size: 100 @ https://appstoreconnect.apple.com/access/static/js/container.3633b935b1e147d7.js:1
[   10908ms] [WARNING] eventQueue overflow, deleting LRU events: size is: 101 which is over max size: 100 @ https://appstoreconnect.apple.com/access/static/js/container.3633b935b1e147d7.js:1
[   10908ms] [WARNING] eventQueue overflow, deleting LRU events: size is: 101 which is over max size: 100 @ https://appstoreconnect.apple.com/access/static/js/container.3633b935b1e147d7.js:1
[   10909ms] [WARNING] eventQueue overflow, deleting LRU events: size is: 101 which is over max size: 100 @ https://appstoreconnect.apple.com/access/static/js/container.3633b935b1e147d7.js:1
[   10909ms] [WARNING] eventQueue overflow, deleting LRU events: size is: 101 which is over max size: 100 @ https://appstoreconnect.apple.com/access/static/js/container.3633b935b1e147d7.js:1
[   10910ms] [WARNING] eventQueue overflow, deleting LRU events: size is: 101 which is over max size: 100 @ https://appstoreconnect.apple.com/access/static/js/container.3633b935b1e147d7.js:1
[   10911ms] [WARNING] eventQueue overflow, deleting LRU events: size is: 101 which is over max size: 100 @ https://appstoreconnect.apple.com/access/static/js/container.3633b935b1e147d7.js:1
[   10911ms] [WARNING] eventQueue overflow, deleting LRU events: size is: 101 which is over max size: 100 @ https://appstoreconnect.apple.com/access/static/js/container.3633b935b1e147d7.js:1
[   10912ms] [WARNING] eventQueue overflow, deleting LRU events: size is: 101 which is over max size: 100 @ https://appstoreconnect.apple.com/access/static/js/container.3633b935b1e147d7.js:1
[   10912ms] [WARNING] eventQueue overflow, deleting LRU events: size is: 101 which is over max size: 100 @ https://appstoreconnect.apple.com/access/static/js/container.3633b935b1e147d7.js:1
[   10913ms] [WARNING] eventQueue overflow, deleting LRU events: size is: 101 which is over max size: 100 @ https://appstoreconnect.apple.com/access/static/js/container.3633b935b1e147d7.js:1
[   10913ms] [WARNING] eventQueue overflow, deleting LRU events: size is: 101 which is over max size: 100 @ https://appstoreconnect.apple.com/access/static/js/container.3633b935b1e147d7.js:1
[   10914ms] [WARNING] eventQueue overflow, deleting LRU events: size is: 101 which is over max size: 100 @ https://appstoreconnect.apple.com/access/static/js/container.3633b935b1e147d7.js:1
[   10914ms] [WARNING] eventQueue overflow, deleting LRU events: size is: 101 which is over max size: 100 @ https://appstoreconnect.apple.com/access/static/js/container.3633b935b1e147d7.js:1
[   10914ms] [WARNING] eventQueue overflow, deleting LRU events: size is: 101 which is over max size: 100 @ https://appstoreconnect.apple.com/access/static/js/container.3633b935b1e147d7.js:1
[   10915ms] [WARNING] eventQueue overflow, deleting LRU events: size is: 101 which is over max size: 100 @ https://appstoreconnect.apple.com/access/static/js/container.3633b935b1e147d7.js:1
[   10915ms] [WARNING] eventQueue overflow, deleting LRU events: size is: 101 which is over max size: 100 @ https://appstoreconnect.apple.com/access/static/js/container.3633b935b1e147d7.js:1
[   10916ms] [WARNING] eventQueue overflow, deleting LRU events: size is: 101 which is over max size: 100 @ https://appstoreconnect.apple.com/access/static/js/container.3633b935b1e147d7.js:1
[   10917ms] [WARNING] eventQueue overflow, deleting LRU events: size is: 101 which is over max size: 100 @ https://appstoreconnect.apple.com/access/static/js/container.3633b935b1e147d7.js:1
[   10917ms] [WARNING] eventQueue overflow, deleting LRU events: size is: 101 which is over max size: 100 @ https://appstoreconnect.apple.com/access/static/js/container.3633b935b1e147d7.js:1
[   10918ms] [WARNING] eventQueue overflow, deleting LRU events: size is: 101 which is over max size: 100 @ https://appstoreconnect.apple.com/access/static/js/container.3633b935b1e147d7.js:1
[   10918ms] [WARNING] eventQueue overflow, deleting LRU events: size is: 101 which is over max size: 100 @ https://appstoreconnect.apple.com/access/static/js/container.3633b935b1e147d7.js:1
[   10918ms] [WARNING] eventQueue overflow, deleting LRU events: size is: 101 which is over max size: 100 @ https://appstoreconnect.apple.com/access/static/js/container.3633b935b1e147d7.js:1
[   10919ms] [WARNING] eventQueue overflow, deleting LRU events: size is: 101 which is over max size: 100 @ https://appstoreconnect.apple.com/access/static/js/container.3633b935b1e147d7.js:1
[   10919ms] [WARNING] eventQueue overflow, deleting LRU events: size is: 101 which is over max size: 100 @ https://appstoreconnect.apple.com/access/static/js/container.3633b935b1e147d7.js:1
[   10920ms] [WARNING] eventQueue overflow, deleting LRU events: size is: 101 which is over max size: 100 @ https://appstoreconnect.apple.com/access/static/js/container.3633b935b1e147d7.js:1
[   10920ms] [WARNING] eventQueue overflow, deleting LRU events: size is: 101 which is over max size: 100 @ https://appstoreconnect.apple.com/access/static/js/container.3633b935b1e147d7.js:1
[   10921ms] [WARNING] eventQueue overflow, deleting LRU events: size is: 101 which is over max size: 100 @ https://appstoreconnect.apple.com/access/static/js/container.3633b935b1e147d7.js:1
[   10921ms] [WARNING] eventQueue overflow, deleting LRU events: size is: 101 which is over max size: 100 @ https://appstoreconnect.apple.com/access/static/js/container.3633b935b1e147d7.js:1
[   10921ms] [WARNING] eventQueue overflow, deleting LRU events: size is: 101 which is over max size: 100 @ https://appstoreconnect.apple.com/access/static/js/container.3633b935b1e147d7.js:1
[   10922ms] [WARNING] eventQueue overflow, deleting LRU events: size is: 101 which is over max size: 100 @ https://appstoreconnect.apple.com/access/static/js/container.3633b935b1e147d7.js:1
[   10922ms] [WARNING] eventQueue overflow, deleting LRU events: size is: 101 which is over max size: 100 @ https://appstoreconnect.apple.com/access/static/js/container.3633b935b1e147d7.js:1
[   11212ms] [WARNING] eventQueue overflow, deleting LRU events: size is: 101 which is over max size: 100 @ https://appstoreconnect.apple.com/access/static/js/container.3633b935b1e147d7.js:1
[   11213ms] [WARNING] eventQueue overflow, deleting LRU events: size is: 101 which is over max size: 100 @ https://appstoreconnect.apple.com/access/static/js/container.3633b935b1e147d7.js:1
[   11214ms] [WARNING] eventQueue overflow, deleting LRU events: size is: 101 which is over max size: 100 @ https://appstoreconnect.apple.com/access/static/js/container.3633b935b1e147d7.js:1
[   11215ms] [WARNING] eventQueue overflow, deleting LRU events: size is: 101 which is over max size: 100 @ https://appstoreconnect.apple.com/access/static/js/container.3633b935b1e147d7.js:1
[   11216ms] [WARNING] eventQueue overflow, deleting LRU events: size is: 101 which is over max size: 100 @ https://appstoreconnect.apple.com/access/static/js/container.3633b935b1e147d7.js:1
[   11424ms] [WARNING] eventQueue overflow, deleting LRU events: size is: 101 which is over max size: 100 @ https://appstoreconnect.apple.com/access/static/js/container.3633b935b1e147d7.js:1
[   30660ms] [ERROR] Failed to load resource: net::ERR_FAILED @ https://gc.kis.v2.scr.kaspersky-labs.com/7D8B79A2-8974-4D7B-A76A-F4F29624C06BOSxDTLheSV66Hsf0i1yRUXAy8NkjYorxIG_uaN1dmJ5Wvd2xA3apQXvET0QVAF1JEaoPV6BKADfMsM6k4U-tLg/init?data=eyJ1cmwiOiJodHRwczovL2FwcHN0b3JlY29ubmVjdC5hcHBsZS5jb20vYXBwcy82Nzg5OTEzMTg2L2Rpc3RyaWJ1dGlvbi9pb3MvdmVyc2lvbi9pbmZsaWdodCIsInBsdWdpbnMiOiJ3c20mY2EmdnMmd250JnVhJmFibiZhYm5fc2hhZG93JmNiIiwiZGF0YSI6eyJkYXRhIjpbeyJwbHVnaW4iOiJ3c20iLCJwYXJhbWV0ZXJzIjoie1wicmVmZXJyZXJcIjpcIlwiLFwic3R1YklkXCI6XCJcIn0ifSx7InBsdWdpbiI6IndudCIsInBhcmFtZXRlcnMiOiJ7XCJyZWZlcnJlclwiOlwiXCJ9In0seyJwbHVnaW4iOiJ1YSIsInBhcmFtZXRlcnMiOiJ7fSJ9LHsicGx1Z2luIjoiYWJuIiwicGFyYW1ldGVycyI6IntcImlzQ3NzVXJsSW5qZWN0ZWRcIjpmYWxzZX0ifSx7InBsdWdpbiI6ImFibl9zaGFkb3ciLCJwYXJhbWV0ZXJzIjoie1wiaXNDc3NVcmxJbmplY3RlZFwiOmZhbHNlfSJ9XX0sImlzVG9wTGV2ZWwiOnRydWUsInBhZ2VTdGFydFRpbWUiOjE3ODUxMDYyNzYyNjEsIm5hdmlnYXRpb25TdGFydFRpbWUiOjE3ODUxMDYyNzU1MzB9&nocache=1102c&tm=2026-07-26T22%3A51%3A46.145Z:0
[   30671ms] [ERROR] Failed to load resource: net::ERR_FAILED @ https://gc.kis.v2.scr.kaspersky-labs.com/7D8B79A2-8974-4D7B-A76A-F4F29624C06BOSxDTLheSV66Hsf0i1yRUXAy8NkjYorxIG_uaN1dmJ5Wvd2xA3apQXvET0QVAF1JEaoPV6BKADfMsM6k4U-tLg/init?data=eyJ1cmwiOiJodHRwczovL2FwcHN0b3JlY29ubmVjdC5hcHBsZS5jb20vYXBwcy82Nzg5OTEzMTg2L2Rpc3RyaWJ1dGlvbi9pb3MvdmVyc2lvbi9pbmZsaWdodCIsInBsdWdpbnMiOiJ3c20mY2EmdnMmd250JnVhJmFibiZhYm5fc2hhZG93JmNiIiwiZGF0YSI6eyJkYXRhIjpbeyJwbHVnaW4iOiJ3c20iLCJwYXJhbWV0ZXJzIjoie1wicmVmZXJyZXJcIjpcIlwiLFwic3R1YklkXCI6XCJcIn0ifSx7InBsdWdpbiI6IndudCIsInBhcmFtZXRlcnMiOiJ7XCJyZWZlcnJlclwiOlwiXCJ9In0seyJwbHVnaW4iOiJ1YSIsInBhcmFtZXRlcnMiOiJ7fSJ9LHsicGx1Z2luIjoiYWJuIiwicGFyYW1ldGVycyI6IntcImlzQ3NzVXJsSW5qZWN0ZWRcIjpmYWxzZX0ifSx7InBsdWdpbiI6ImFibl9zaGFkb3ciLCJwYXJhbWV0ZXJzIjoie1wiaXNDc3NVcmxJbmplY3RlZFwiOmZhbHNlfSJ9XX0sImlzVG9wTGV2ZWwiOnRydWUsInBhZ2VTdGFydFRpbWUiOjE3ODUxMDYyNzYyNjEsIm5hdmlnYXRpb25TdGFydFRpbWUiOjE3ODUxMDYyNzU1MzB9&nocache=19ae0&tm=2026-07-26T22%3A51%3A46.183Z&second=true:0
[   60641ms] [ERROR] Failed to load resource: net::ERR_FAILED @ https://gc.kis.v2.scr.kaspersky-labs.com/7D8B79A2-8974-4D7B-A76A-F4F29624C06BOSxDTLheSV66Hsf0i1yRUXAy8NkjYorxIG_uaN1dmJ5Wvd2xA3apQXvET0QVAF1JEaoPV6BKADfMsM6k4U-tLg/init?data=eyJ1cmwiOiJodHRwczovL2FwcHN0b3JlY29ubmVjdC5hcHBsZS5jb20vYXBwcy82Nzg5OTEzMTg2L2Rpc3RyaWJ1dGlvbi9pb3MvdmVyc2lvbi9pbmZsaWdodCIsInBsdWdpbnMiOiJ3c20mY2EmdnMmd250JnVhJmFibiZhYm5fc2hhZG93JmNiIiwiZGF0YSI6eyJkYXRhIjpbeyJwbHVnaW4iOiJ3c20iLCJwYXJhbWV0ZXJzIjoie1wicmVmZXJyZXJcIjpcIlwiLFwic3R1YklkXCI6XCJcIn0ifSx7InBsdWdpbiI6IndudCIsInBhcmFtZXRlcnMiOiJ7XCJyZWZlcnJlclwiOlwiXCJ9In0seyJwbHVnaW4iOiJ1YSIsInBhcmFtZXRlcnMiOiJ7fSJ9LHsicGx1Z2luIjoiYWJuIiwicGFyYW1ldGVycyI6IntcImlzQ3NzVXJsSW5qZWN0ZWRcIjpmYWxzZX0ifSx7InBsdWdpbiI6ImFibl9zaGFkb3ciLCJwYXJhbWV0ZXJzIjoie1wiaXNDc3NVcmxJbmplY3RlZFwiOmZhbHNlfSJ9XX0sImlzVG9wTGV2ZWwiOnRydWUsInBhZ2VTdGFydFRpbWUiOjE3ODUxMDYyNzYyNjEsIm5hdmlnYXRpb25TdGFydFRpbWUiOjE3ODUxMDYyNzU1MzB9&nocache=12cb3&tm=2026-07-26T22%3A52%3A16.154Z:0
[   60656ms] [ERROR] Failed to load resource: net::ERR_FAILED @ https://gc.kis.v2.scr.kaspersky-labs.com/7D8B79A2-8974-4D7B-A76A-F4F29624C06BOSxDTLheSV66Hsf0i1yRUXAy8NkjYorxIG_uaN1dmJ5Wvd2xA3apQXvET0QVAF1JEaoPV6BKADfMsM6k4U-tLg/init?data=eyJ1cmwiOiJodHRwczovL2FwcHN0b3JlY29ubmVjdC5hcHBsZS5jb20vYXBwcy82Nzg5OTEzMTg2L2Rpc3RyaWJ1dGlvbi9pb3MvdmVyc2lvbi9pbmZsaWdodCIsInBsdWdpbnMiOiJ3c20mY2EmdnMmd250JnVhJmFibiZhYm5fc2hhZG93JmNiIiwiZGF0YSI6eyJkYXRhIjpbeyJwbHVnaW4iOiJ3c20iLCJwYXJhbWV0ZXJzIjoie1wicmVmZXJyZXJcIjpcIlwiLFwic3R1YklkXCI6XCJcIn0ifSx7InBsdWdpbiI6IndudCIsInBhcmFtZXRlcnMiOiJ7XCJyZWZlcnJlclwiOlwiXCJ9In0seyJwbHVnaW4iOiJ1YSIsInBhcmFtZXRlcnMiOiJ7fSJ9LHsicGx1Z2luIjoiYWJuIiwicGFyYW1ldGVycyI6IntcImlzQ3NzVXJsSW5qZWN0ZWRcIjpmYWxzZX0ifSx7InBsdWdpbiI6ImFibl9zaGFkb3ciLCJwYXJhbWV0ZXJzIjoie1wiaXNDc3NVcmxJbmplY3RlZFwiOmZhbHNlfSJ9XX0sImlzVG9wTGV2ZWwiOnRydWUsInBhZ2VTdGFydFRpbWUiOjE3ODUxMDYyNzYyNjEsIm5hdmlnYXRpb25TdGFydFRpbWUiOjE3ODUxMDYyNzU1MzB9&nocache=1f06a&tm=2026-07-26T22%3A52%3A16.163Z&second=true:0
[   90646ms] [ERROR] Failed to load resource: net::ERR_FAILED @ https://gc.kis.v2.scr.kaspersky-labs.com/7D8B79A2-8974-4D7B-A76A-F4F29624C06BOSxDTLheSV66Hsf0i1yRUXAy8NkjYorxIG_uaN1dmJ5Wvd2xA3apQXvET0QVAF1JEaoPV6BKADfMsM6k4U-tLg/init?data=eyJ1cmwiOiJodHRwczovL2FwcHN0b3JlY29ubmVjdC5hcHBsZS5jb20vYXBwcy82Nzg5OTEzMTg2L2Rpc3RyaWJ1dGlvbi9pb3MvdmVyc2lvbi9pbmZsaWdodCIsInBsdWdpbnMiOiJ3c20mY2EmdnMmd250JnVhJmFibiZhYm5fc2hhZG93JmNiIiwiZGF0YSI6eyJkYXRhIjpbeyJwbHVnaW4iOiJ3c20iLCJwYXJhbWV0ZXJzIjoie1wicmVmZXJyZXJcIjpcIlwiLFwic3R1YklkXCI6XCJcIn0ifSx7InBsdWdpbiI6IndudCIsInBhcmFtZXRlcnMiOiJ7XCJyZWZlcnJlclwiOlwiXCJ9In0seyJwbHVnaW4iOiJ1YSIsInBhcmFtZXRlcnMiOiJ7fSJ9LHsicGx1Z2luIjoiYWJuIiwicGFyYW1ldGVycyI6IntcImlzQ3NzVXJsSW5qZWN0ZWRcIjpmYWxzZX0ifSx7InBsdWdpbiI6ImFibl9zaGFkb3ciLCJwYXJhbWV0ZXJzIjoie1wiaXNDc3NVcmxJbmplY3RlZFwiOmZhbHNlfSJ9XX0sImlzVG9wTGV2ZWwiOnRydWUsInBhZ2VTdGFydFRpbWUiOjE3ODUxMDYyNzYyNjEsIm5hdmlnYXRpb25TdGFydFRpbWUiOjE3ODUxMDYyNzU1MzB9&nocache=1f659&tm=2026-07-26T22%3A52%3A46.155Z:0
[   90661ms] [ERROR] Failed to load resource: net::ERR_FAILED @ https://gc.kis.v2.scr.kaspersky-labs.com/7D8B79A2-8974-4D7B-A76A-F4F29624C06BOSxDTLheSV66Hsf0i1yRUXAy8NkjYorxIG_uaN1dmJ5Wvd2xA3apQXvET0QVAF1JEaoPV6BKADfMsM6k4U-tLg/init?data=eyJ1cmwiOiJodHRwczovL2FwcHN0b3JlY29ubmVjdC5hcHBsZS5jb20vYXBwcy82Nzg5OTEzMTg2L2Rpc3RyaWJ1dGlvbi9pb3MvdmVyc2lvbi9pbmZsaWdodCIsInBsdWdpbnMiOiJ3c20mY2EmdnMmd250JnVhJmFibiZhYm5fc2hhZG93JmNiIiwiZGF0YSI6eyJkYXRhIjpbeyJwbHVnaW4iOiJ3c20iLCJwYXJhbWV0ZXJzIjoie1wicmVmZXJyZXJcIjpcIlwiLFwic3R1YklkXCI6XCJcIn0ifSx7InBsdWdpbiI6IndudCIsInBhcmFtZXRlcnMiOiJ7XCJyZWZlcnJlclwiOlwiXCJ9In0seyJwbHVnaW4iOiJ1YSIsInBhcmFtZXRlcnMiOiJ7fSJ9LHsicGx1Z2luIjoiYWJuIiwicGFyYW1ldGVycyI6IntcImlzQ3NzVXJsSW5qZWN0ZWRcIjpmYWxzZX0ifSx7InBsdWdpbiI6ImFibl9zaGFkb3ciLCJwYXJhbWV0ZXJzIjoie1wiaXNDc3NVcmxJbmplY3RlZFwiOmZhbHNlfSJ9XX0sImlzVG9wTGV2ZWwiOnRydWUsInBhZ2VTdGFydFRpbWUiOjE3ODUxMDYyNzYyNjEsIm5hdmlnYXRpb25TdGFydFRpbWUiOjE3ODUxMDYyNzU1MzB9&nocache=1c822&tm=2026-07-26T22%3A52%3A46.168Z&second=true:0
[  120636ms] [ERROR] Failed to load resource: net::ERR_FAILED @ https://gc.kis.v2.scr.kaspersky-labs.com/7D8B79A2-8974-4D7B-A76A-F4F29624C06BOSxDTLheSV66Hsf0i1yRUXAy8NkjYorxIG_uaN1dmJ5Wvd2xA3apQXvET0QVAF1JEaoPV6BKADfMsM6k4U-tLg/init?data=eyJ1cmwiOiJodHRwczovL2FwcHN0b3JlY29ubmVjdC5hcHBsZS5jb20vYXBwcy82Nzg5OTEzMTg2L2Rpc3RyaWJ1dGlvbi9pb3MvdmVyc2lvbi9pbmZsaWdodCIsInBsdWdpbnMiOiJ3c20mY2EmdnMmd250JnVhJmFibiZhYm5fc2hhZG93JmNiIiwiZGF0YSI6eyJkYXRhIjpbeyJwbHVnaW4iOiJ3c20iLCJwYXJhbWV0ZXJzIjoie1wicmVmZXJyZXJcIjpcIlwiLFwic3R1YklkXCI6XCJcIn0ifSx7InBsdWdpbiI6IndudCIsInBhcmFtZXRlcnMiOiJ7XCJyZWZlcnJlclwiOlwiXCJ9In0seyJwbHVnaW4iOiJ1YSIsInBhcmFtZXRlcnMiOiJ7fSJ9LHsicGx1Z2luIjoiYWJuIiwicGFyYW1ldGVycyI6IntcImlzQ3NzVXJsSW5qZWN0ZWRcIjpmYWxzZX0ifSx7InBsdWdpbiI6ImFibl9zaGFkb3ciLCJwYXJhbWV0ZXJzIjoie1wiaXNDc3NVcmxJbmplY3RlZFwiOmZhbHNlfSJ9XX0sImlzVG9wTGV2ZWwiOnRydWUsInBhZ2VTdGFydFRpbWUiOjE3ODUxMDYyNzYyNjEsIm5hdmlnYXRpb25TdGFydFRpbWUiOjE3ODUxMDYyNzU1MzB9&nocache=1cfbd&tm=2026-07-26T22%3A53%3A16.142Z:0
[  120646ms] [ERROR] Failed to load resource: net::ERR_FAILED @ https://gc.kis.v2.scr.kaspersky-labs.com/7D8B79A2-8974-4D7B-A76A-F4F29624C06BOSxDTLheSV66Hsf0i1yRUXAy8NkjYorxIG_uaN1dmJ5Wvd2xA3apQXvET0QVAF1JEaoPV6BKADfMsM6k4U-tLg/init?data=eyJ1cmwiOiJodHRwczovL2FwcHN0b3JlY29ubmVjdC5hcHBsZS5jb20vYXBwcy82Nzg5OTEzMTg2L2Rpc3RyaWJ1dGlvbi9pb3MvdmVyc2lvbi9pbmZsaWdodCIsInBsdWdpbnMiOiJ3c20mY2EmdnMmd250JnVhJmFibiZhYm5fc2hhZG93JmNiIiwiZGF0YSI6eyJkYXRhIjpbeyJwbHVnaW4iOiJ3c20iLCJwYXJhbWV0ZXJzIjoie1wicmVmZXJyZXJcIjpcIlwiLFwic3R1YklkXCI6XCJcIn0ifSx7InBsdWdpbiI6IndudCIsInBhcmFtZXRlcnMiOiJ7XCJyZWZlcnJlclwiOlwiXCJ9In0seyJwbHVnaW4iOiJ1YSIsInBhcmFtZXRlcnMiOiJ7fSJ9LHsicGx1Z2luIjoiYWJuIiwicGFyYW1ldGVycyI6IntcImlzQ3NzVXJsSW5qZWN0ZWRcIjpmYWxzZX0ifSx7InBsdWdpbiI6ImFibl9zaGFkb3ciLCJwYXJhbWV0ZXJzIjoie1wiaXNDc3NVcmxJbmplY3RlZFwiOmZhbHNlfSJ9XX0sImlzVG9wTGV2ZWwiOnRydWUsInBhZ2VTdGFydFRpbWUiOjE3ODUxMDYyNzYyNjEsIm5hdmlnYXRpb25TdGFydFRpbWUiOjE3ODUxMDYyNzU1MzB9&nocache=1a099&tm=2026-07-26T22%3A53%3A16.158Z&second=true:0
[  150633ms] [ERROR] Failed to load resource: net::ERR_FAILED @ https://gc.kis.v2.scr.kaspersky-labs.com/7D8B79A2-8974-4D7B-A76A-F4F29624C06BOSxDTLheSV66Hsf0i1yRUXAy8NkjYorxIG_uaN1dmJ5Wvd2xA3apQXvET0QVAF1JEaoPV6BKADfMsM6k4U-tLg/init?data=eyJ1cmwiOiJodHRwczovL2FwcHN0b3JlY29ubmVjdC5hcHBsZS5jb20vYXBwcy82Nzg5OTEzMTg2L2Rpc3RyaWJ1dGlvbi9pb3MvdmVyc2lvbi9pbmZsaWdodCIsInBsdWdpbnMiOiJ3c20mY2EmdnMmd250JnVhJmFibiZhYm5fc2hhZG93JmNiIiwiZGF0YSI6eyJkYXRhIjpbeyJwbHVnaW4iOiJ3c20iLCJwYXJhbWV0ZXJzIjoie1wicmVmZXJyZXJcIjpcIlwiLFwic3R1YklkXCI6XCJcIn0ifSx7InBsdWdpbiI6IndudCIsInBhcmFtZXRlcnMiOiJ7XCJyZWZlcnJlclwiOlwiXCJ9In0seyJwbHVnaW4iOiJ1YSIsInBhcmFtZXRlcnMiOiJ7fSJ9LHsicGx1Z2luIjoiYWJuIiwicGFyYW1ldGVycyI6IntcImlzQ3NzVXJsSW5qZWN0ZWRcIjpmYWxzZX0ifSx7InBsdWdpbiI6ImFibl9zaGFkb3ciLCJwYXJhbWV0ZXJzIjoie1wiaXNDc3NVcmxJbmplY3RlZFwiOmZhbHNlfSJ9XX0sImlzVG9wTGV2ZWwiOnRydWUsInBhZ2VTdGFydFRpbWUiOjE3ODUxMDYyNzYyNjEsIm5hdmlnYXRpb25TdGFydFRpbWUiOjE3ODUxMDYyNzU1MzB9&nocache=1ae47&tm=2026-07-26T22%3A53%3A46.146Z:0
[  150641ms] [ERROR] Failed to load resource: net::ERR_FAILED @ https://gc.kis.v2.scr.kaspersky-labs.com/7D8B79A2-8974-4D7B-A76A-F4F29624C06BOSxDTLheSV66Hsf0i1yRUXAy8NkjYorxIG_uaN1dmJ5Wvd2xA3apQXvET0QVAF1JEaoPV6BKADfMsM6k4U-tLg/init?data=eyJ1cmwiOiJodHRwczovL2FwcHN0b3JlY29ubmVjdC5hcHBsZS5jb20vYXBwcy82Nzg5OTEzMTg2L2Rpc3RyaWJ1dGlvbi9pb3MvdmVyc2lvbi9pbmZsaWdodCIsInBsdWdpbnMiOiJ3c20mY2EmdnMmd250JnVhJmFibiZhYm5fc2hhZG93JmNiIiwiZGF0YSI6eyJkYXRhIjpbeyJwbHVnaW4iOiJ3c20iLCJwYXJhbWV0ZXJzIjoie1wicmVmZXJyZXJcIjpcIlwiLFwic3R1YklkXCI6XCJcIn0ifSx7InBsdWdpbiI6IndudCIsInBhcmFtZXRlcnMiOiJ7XCJyZWZlcnJlclwiOlwiXCJ9In0seyJwbHVnaW4iOiJ1YSIsInBhcmFtZXRlcnMiOiJ7fSJ9LHsicGx1Z2luIjoiYWJuIiwicGFyYW1ldGVycyI6IntcImlzQ3NzVXJsSW5qZWN0ZWRcIjpmYWxzZX0ifSx7InBsdWdpbiI6ImFibl9zaGFkb3ciLCJwYXJhbWV0ZXJzIjoie1wiaXNDc3NVcmxJbmplY3RlZFwiOmZhbHNlfSJ9XX0sImlzVG9wTGV2ZWwiOnRydWUsInBhZ2VTdGFydFRpbWUiOjE3ODUxMDYyNzYyNjEsIm5hdmlnYXRpb25TdGFydFRpbWUiOjE3ODUxMDYyNzU1MzB9&nocache=1268c&tm=2026-07-26T22%3A53%3A46.155Z&second=true:0
[  180645ms] [ERROR] Failed to load resource: net::ERR_FAILED @ https://gc.kis.v2.scr.kaspersky-labs.com/7D8B79A2-8974-4D7B-A76A-F4F29624C06BOSxDTLheSV66Hsf0i1yRUXAy8NkjYorxIG_uaN1dmJ5Wvd2xA3apQXvET0QVAF1JEaoPV6BKADfMsM6k4U-tLg/init?data=eyJ1cmwiOiJodHRwczovL2FwcHN0b3JlY29ubmVjdC5hcHBsZS5jb20vYXBwcy82Nzg5OTEzMTg2L2Rpc3RyaWJ1dGlvbi9pb3MvdmVyc2lvbi9pbmZsaWdodCIsInBsdWdpbnMiOiJ3c20mY2EmdnMmd250JnVhJmFibiZhYm5fc2hhZG93JmNiIiwiZGF0YSI6eyJkYXRhIjpbeyJwbHVnaW4iOiJ3c20iLCJwYXJhbWV0ZXJzIjoie1wicmVmZXJyZXJcIjpcIlwiLFwic3R1YklkXCI6XCJcIn0ifSx7InBsdWdpbiI6IndudCIsInBhcmFtZXRlcnMiOiJ7XCJyZWZlcnJlclwiOlwiXCJ9In0seyJwbHVnaW4iOiJ1YSIsInBhcmFtZXRlcnMiOiJ7fSJ9LHsicGx1Z2luIjoiYWJuIiwicGFyYW1ldGVycyI6IntcImlzQ3NzVXJsSW5qZWN0ZWRcIjpmYWxzZX0ifSx7InBsdWdpbiI6ImFibl9zaGFkb3ciLCJwYXJhbWV0ZXJzIjoie1wiaXNDc3NVcmxJbmplY3RlZFwiOmZhbHNlfSJ9XX0sImlzVG9wTGV2ZWwiOnRydWUsInBhZ2VTdGFydFRpbWUiOjE3ODUxMDYyNzYyNjEsIm5hdmlnYXRpb25TdGFydFRpbWUiOjE3ODUxMDYyNzU1MzB9&nocache=106da&tm=2026-07-26T22%3A54%3A16.153Z:0
[  180656ms] [ERROR] Failed to load resource: net::ERR_FAILED @ https://gc.kis.v2.scr.kaspersky-labs.com/7D8B79A2-8974-4D7B-A76A-F4F29624C06BOSxDTLheSV66Hsf0i1yRUXAy8NkjYorxIG_uaN1dmJ5Wvd2xA3apQXvET0QVAF1JEaoPV6BKADfMsM6k4U-tLg/init?data=eyJ1cmwiOiJodHRwczovL2FwcHN0b3JlY29ubmVjdC5hcHBsZS5jb20vYXBwcy82Nzg5OTEzMTg2L2Rpc3RyaWJ1dGlvbi9pb3MvdmVyc2lvbi9pbmZsaWdodCIsInBsdWdpbnMiOiJ3c20mY2EmdnMmd250JnVhJmFibiZhYm5fc2hhZG93JmNiIiwiZGF0YSI6eyJkYXRhIjpbeyJwbHVnaW4iOiJ3c20iLCJwYXJhbWV0ZXJzIjoie1wicmVmZXJyZXJcIjpcIlwiLFwic3R1YklkXCI6XCJcIn0ifSx7InBsdWdpbiI6IndudCIsInBhcmFtZXRlcnMiOiJ7XCJyZWZlcnJlclwiOlwiXCJ9In0seyJwbHVnaW4iOiJ1YSIsInBhcmFtZXRlcnMiOiJ7fSJ9LHsicGx1Z2luIjoiYWJuIiwicGFyYW1ldGVycyI6IntcImlzQ3NzVXJsSW5qZWN0ZWRcIjpmYWxzZX0ifSx7InBsdWdpbiI6ImFibl9zaGFkb3ciLCJwYXJhbWV0ZXJzIjoie1wiaXNDc3NVcmxJbmplY3RlZFwiOmZhbHNlfSJ9XX0sImlzVG9wTGV2ZWwiOnRydWUsInBhZ2VTdGFydFRpbWUiOjE3ODUxMDYyNzYyNjEsIm5hdmlnYXRpb25TdGFydFRpbWUiOjE3ODUxMDYyNzU1MzB9&nocache=12feb&tm=2026-07-26T22%3A54%3A16.167Z&second=true:0
[  210687ms] [ERROR] Failed to load resource: net::ERR_FAILED @ https://gc.kis.v2.scr.kaspersky-labs.com/7D8B79A2-8974-4D7B-A76A-F4F29624C06BOSxDTLheSV66Hsf0i1yRUXAy8NkjYorxIG_uaN1dmJ5Wvd2xA3apQXvET0QVAF1JEaoPV6BKADfMsM6k4U-tLg/init?data=eyJ1cmwiOiJodHRwczovL2FwcHN0b3JlY29ubmVjdC5hcHBsZS5jb20vYXBwcy82Nzg5OTEzMTg2L2Rpc3RyaWJ1dGlvbi9pb3MvdmVyc2lvbi9pbmZsaWdodCIsInBsdWdpbnMiOiJ3c20mY2EmdnMmd250JnVhJmFibiZhYm5fc2hhZG93JmNiIiwiZGF0YSI6eyJkYXRhIjpbeyJwbHVnaW4iOiJ3c20iLCJwYXJhbWV0ZXJzIjoie1wicmVmZXJyZXJcIjpcIlwiLFwic3R1YklkXCI6XCJcIn0ifSx7InBsdWdpbiI6IndudCIsInBhcmFtZXRlcnMiOiJ7XCJyZWZlcnJlclwiOlwiXCJ9In0seyJwbHVnaW4iOiJ1YSIsInBhcmFtZXRlcnMiOiJ7fSJ9LHsicGx1Z2luIjoiYWJuIiwicGFyYW1ldGVycyI6IntcImlzQ3NzVXJsSW5qZWN0ZWRcIjpmYWxzZX0ifSx7InBsdWdpbiI6ImFibl9zaGFkb3ciLCJwYXJhbWV0ZXJzIjoie1wiaXNDc3NVcmxJbmplY3RlZFwiOmZhbHNlfSJ9XX0sImlzVG9wTGV2ZWwiOnRydWUsInBhZ2VTdGFydFRpbWUiOjE3ODUxMDYyNzYyNjEsIm5hdmlnYXRpb25TdGFydFRpbWUiOjE3ODUxMDYyNzU1MzB9&nocache=17bd8&tm=2026-07-26T22%3A54%3A46.195Z:0
[  210697ms] [ERROR] Failed to load resource: net::ERR_FAILED @ https://gc.kis.v2.scr.kaspersky-labs.com/7D8B79A2-8974-4D7B-A76A-F4F29624C06BOSxDTLheSV66Hsf0i1yRUXAy8NkjYorxIG_uaN1dmJ5Wvd2xA3apQXvET0QVAF1JEaoPV6BKADfMsM6k4U-tLg/init?data=eyJ1cmwiOiJodHRwczovL2FwcHN0b3JlY29ubmVjdC5hcHBsZS5jb20vYXBwcy82Nzg5OTEzMTg2L2Rpc3RyaWJ1dGlvbi9pb3MvdmVyc2lvbi9pbmZsaWdodCIsInBsdWdpbnMiOiJ3c20mY2EmdnMmd250JnVhJmFibiZhYm5fc2hhZG93JmNiIiwiZGF0YSI6eyJkYXRhIjpbeyJwbHVnaW4iOiJ3c20iLCJwYXJhbWV0ZXJzIjoie1wicmVmZXJyZXJcIjpcIlwiLFwic3R1YklkXCI6XCJcIn0ifSx7InBsdWdpbiI6IndudCIsInBhcmFtZXRlcnMiOiJ7XCJyZWZlcnJlclwiOlwiXCJ9In0seyJwbHVnaW4iOiJ1YSIsInBhcmFtZXRlcnMiOiJ7fSJ9LHsicGx1Z2luIjoiYWJuIiwicGFyYW1ldGVycyI6IntcImlzQ3NzVXJsSW5qZWN0ZWRcIjpmYWxzZX0ifSx7InBsdWdpbiI6ImFibl9zaGFkb3ciLCJwYXJhbWV0ZXJzIjoie1wiaXNDc3NVcmxJbmplY3RlZFwiOmZhbHNlfSJ9XX0sImlzVG9wTGV2ZWwiOnRydWUsInBhZ2VTdGFydFRpbWUiOjE3ODUxMDYyNzYyNjEsIm5hdmlnYXRpb25TdGFydFRpbWUiOjE3ODUxMDYyNzU1MzB9&nocache=113ad&tm=2026-07-26T22%3A54%3A46.210Z&second=true:0
[  240629ms] [ERROR] Failed to load resource: net::ERR_FAILED @ https://gc.kis.v2.scr.kaspersky-labs.com/7D8B79A2-8974-4D7B-A76A-F4F29624C06BOSxDTLheSV66Hsf0i1yRUXAy8NkjYorxIG_uaN1dmJ5Wvd2xA3apQXvET0QVAF1JEaoPV6BKADfMsM6k4U-tLg/init?data=eyJ1cmwiOiJodHRwczovL2FwcHN0b3JlY29ubmVjdC5hcHBsZS5jb20vYXBwcy82Nzg5OTEzMTg2L2Rpc3RyaWJ1dGlvbi9pb3MvdmVyc2lvbi9pbmZsaWdodCIsInBsdWdpbnMiOiJ3c20mY2EmdnMmd250JnVhJmFibiZhYm5fc2hhZG93JmNiIiwiZGF0YSI6eyJkYXRhIjpbeyJwbHVnaW4iOiJ3c20iLCJwYXJhbWV0ZXJzIjoie1wicmVmZXJyZXJcIjpcIlwiLFwic3R1YklkXCI6XCJcIn0ifSx7InBsdWdpbiI6IndudCIsInBhcmFtZXRlcnMiOiJ7XCJyZWZlcnJlclwiOlwiXCJ9In0seyJwbHVnaW4iOiJ1YSIsInBhcmFtZXRlcnMiOiJ7fSJ9LHsicGx1Z2luIjoiYWJuIiwicGFyYW1ldGVycyI6IntcImlzQ3NzVXJsSW5qZWN0ZWRcIjpmYWxzZX0ifSx7InBsdWdpbiI6ImFibl9zaGFkb3ciLCJwYXJhbWV0ZXJzIjoie1wiaXNDc3NVcmxJbmplY3RlZFwiOmZhbHNlfSJ9XX0sImlzVG9wTGV2ZWwiOnRydWUsInBhZ2VTdGFydFRpbWUiOjE3ODUxMDYyNzYyNjEsIm5hdmlnYXRpb25TdGFydFRpbWUiOjE3ODUxMDYyNzU1MzB9&nocache=1e290&tm=2026-07-26T22%3A55%3A16.141Z:0
[  240641ms] [ERROR] Failed to load resource: net::ERR_FAILED @ https://gc.kis.v2.scr.kaspersky-labs.com/7D8B79A2-8974-4D7B-A76A-F4F29624C06BOSxDTLheSV66Hsf0i1yRUXAy8NkjYorxIG_uaN1dmJ5Wvd2xA3apQXvET0QVAF1JEaoPV6BKADfMsM6k4U-tLg/init?data=eyJ1cmwiOiJodHRwczovL2FwcHN0b3JlY29ubmVjdC5hcHBsZS5jb20vYXBwcy82Nzg5OTEzMTg2L2Rpc3RyaWJ1dGlvbi9pb3MvdmVyc2lvbi9pbmZsaWdodCIsInBsdWdpbnMiOiJ3c20mY2EmdnMmd250JnVhJmFibiZhYm5fc2hhZG93JmNiIiwiZGF0YSI6eyJkYXRhIjpbeyJwbHVnaW4iOiJ3c20iLCJwYXJhbWV0ZXJzIjoie1wicmVmZXJyZXJcIjpcIlwiLFwic3R1YklkXCI6XCJcIn0ifSx7InBsdWdpbiI6IndudCIsInBhcmFtZXRlcnMiOiJ7XCJyZWZlcnJlclwiOlwiXCJ9In0seyJwbHVnaW4iOiJ1YSIsInBhcmFtZXRlcnMiOiJ7fSJ9LHsicGx1Z2luIjoiYWJuIiwicGFyYW1ldGVycyI6IntcImlzQ3NzVXJsSW5qZWN0ZWRcIjpmYWxzZX0ifSx7InBsdWdpbiI6ImFibl9zaGFkb3ciLCJwYXJhbWV0ZXJzIjoie1wiaXNDc3NVcmxJbmplY3RlZFwiOmZhbHNlfSJ9XX0sImlzVG9wTGV2ZWwiOnRydWUsInBhZ2VTdGFydFRpbWUiOjE3ODUxMDYyNzYyNjEsIm5hdmlnYXRpb25TdGFydFRpbWUiOjE3ODUxMDYyNzU1MzB9&nocache=1477d&tm=2026-07-26T22%3A55%3A16.151Z&second=true:0
[  270646ms] [ERROR] Failed to load resource: net::ERR_FAILED @ https://gc.kis.v2.scr.kaspersky-labs.com/7D8B79A2-8974-4D7B-A76A-F4F29624C06BOSxDTLheSV66Hsf0i1yRUXAy8NkjYorxIG_uaN1dmJ5Wvd2xA3apQXvET0QVAF1JEaoPV6BKADfMsM6k4U-tLg/init?data=eyJ1cmwiOiJodHRwczovL2FwcHN0b3JlY29ubmVjdC5hcHBsZS5jb20vYXBwcy82Nzg5OTEzMTg2L2Rpc3RyaWJ1dGlvbi9pb3MvdmVyc2lvbi9pbmZsaWdodCIsInBsdWdpbnMiOiJ3c20mY2EmdnMmd250JnVhJmFibiZhYm5fc2hhZG93JmNiIiwiZGF0YSI6eyJkYXRhIjpbeyJwbHVnaW4iOiJ3c20iLCJwYXJhbWV0ZXJzIjoie1wicmVmZXJyZXJcIjpcIlwiLFwic3R1YklkXCI6XCJcIn0ifSx7InBsdWdpbiI6IndudCIsInBhcmFtZXRlcnMiOiJ7XCJyZWZlcnJlclwiOlwiXCJ9In0seyJwbHVnaW4iOiJ1YSIsInBhcmFtZXRlcnMiOiJ7fSJ9LHsicGx1Z2luIjoiYWJuIiwicGFyYW1ldGVycyI6IntcImlzQ3NzVXJsSW5qZWN0ZWRcIjpmYWxzZX0ifSx7InBsdWdpbiI6ImFibl9zaGFkb3ciLCJwYXJhbWV0ZXJzIjoie1wiaXNDc3NVcmxJbmplY3RlZFwiOmZhbHNlfSJ9XX0sImlzVG9wTGV2ZWwiOnRydWUsInBhZ2VTdGFydFRpbWUiOjE3ODUxMDYyNzYyNjEsIm5hdmlnYXRpb25TdGFydFRpbWUiOjE3ODUxMDYyNzU1MzB9&nocache=1971b&tm=2026-07-26T22%3A55%3A46.153Z:0
[  270662ms] [ERROR] Failed to load resource: net::ERR_FAILED @ https://gc.kis.v2.scr.kaspersky-labs.com/7D8B79A2-8974-4D7B-A76A-F4F29624C06BOSxDTLheSV66Hsf0i1yRUXAy8NkjYorxIG_uaN1dmJ5Wvd2xA3apQXvET0QVAF1JEaoPV6BKADfMsM6k4U-tLg/init?data=eyJ1cmwiOiJodHRwczovL2FwcHN0b3JlY29ubmVjdC5hcHBsZS5jb20vYXBwcy82Nzg5OTEzMTg2L2Rpc3RyaWJ1dGlvbi9pb3MvdmVyc2lvbi9pbmZsaWdodCIsInBsdWdpbnMiOiJ3c20mY2EmdnMmd250JnVhJmFibiZhYm5fc2hhZG93JmNiIiwiZGF0YSI6eyJkYXRhIjpbeyJwbHVnaW4iOiJ3c20iLCJwYXJhbWV0ZXJzIjoie1wicmVmZXJyZXJcIjpcIlwiLFwic3R1YklkXCI6XCJcIn0ifSx7InBsdWdpbiI6IndudCIsInBhcmFtZXRlcnMiOiJ7XCJyZWZlcnJlclwiOlwiXCJ9In0seyJwbHVnaW4iOiJ1YSIsInBhcmFtZXRlcnMiOiJ7fSJ9LHsicGx1Z2luIjoiYWJuIiwicGFyYW1ldGVycyI6IntcImlzQ3NzVXJsSW5qZWN0ZWRcIjpmYWxzZX0ifSx7InBsdWdpbiI6ImFibl9zaGFkb3ciLCJwYXJhbWV0ZXJzIjoie1wiaXNDc3NVcmxJbmplY3RlZFwiOmZhbHNlfSJ9XX0sImlzVG9wTGV2ZWwiOnRydWUsInBhZ2VTdGFydFRpbWUiOjE3ODUxMDYyNzYyNjEsIm5hdmlnYXRpb25TdGFydFRpbWUiOjE3ODUxMDYyNzU1MzB9&nocache=19b09&tm=2026-07-26T22%3A55%3A46.168Z&second=true:0
[  300630ms] [ERROR] Failed to load resource: net::ERR_FAILED @ https://gc.kis.v2.scr.kaspersky-labs.com/7D8B79A2-8974-4D7B-A76A-F4F29624C06BOSxDTLheSV66Hsf0i1yRUXAy8NkjYorxIG_uaN1dmJ5Wvd2xA3apQXvET0QVAF1JEaoPV6BKADfMsM6k4U-tLg/init?data=eyJ1cmwiOiJodHRwczovL2FwcHN0b3JlY29ubmVjdC5hcHBsZS5jb20vYXBwcy82Nzg5OTEzMTg2L2Rpc3RyaWJ1dGlvbi9pb3MvdmVyc2lvbi9pbmZsaWdodCIsInBsdWdpbnMiOiJ3c20mY2EmdnMmd250JnVhJmFibiZhYm5fc2hhZG93JmNiIiwiZGF0YSI6eyJkYXRhIjpbeyJwbHVnaW4iOiJ3c20iLCJwYXJhbWV0ZXJzIjoie1wicmVmZXJyZXJcIjpcIlwiLFwic3R1YklkXCI6XCJcIn0ifSx7InBsdWdpbiI6IndudCIsInBhcmFtZXRlcnMiOiJ7XCJyZWZlcnJlclwiOlwiXCJ9In0seyJwbHVnaW4iOiJ1YSIsInBhcmFtZXRlcnMiOiJ7fSJ9LHsicGx1Z2luIjoiYWJuIiwicGFyYW1ldGVycyI6IntcImlzQ3NzVXJsSW5qZWN0ZWRcIjpmYWxzZX0ifSx7InBsdWdpbiI6ImFibl9zaGFkb3ciLCJwYXJhbWV0ZXJzIjoie1wiaXNDc3NVcmxJbmplY3RlZFwiOmZhbHNlfSJ9XX0sImlzVG9wTGV2ZWwiOnRydWUsInBhZ2VTdGFydFRpbWUiOjE3ODUxMDYyNzYyNjEsIm5hdmlnYXRpb25TdGFydFRpbWUiOjE3ODUxMDYyNzU1MzB9&nocache=155f9&tm=2026-07-26T22%3A56%3A16.142Z:0
[  300639ms] [ERROR] Failed to load resource: net::ERR_FAILED @ https://gc.kis.v2.scr.kaspersky-labs.com/7D8B79A2-8974-4D7B-A76A-F4F29624C06BOSxDTLheSV66Hsf0i1yRUXAy8NkjYorxIG_uaN1dmJ5Wvd2xA3apQXvET0QVAF1JEaoPV6BKADfMsM6k4U-tLg/init?data=eyJ1cmwiOiJodHRwczovL2FwcHN0b3JlY29ubmVjdC5hcHBsZS5jb20vYXBwcy82Nzg5OTEzMTg2L2Rpc3RyaWJ1dGlvbi9pb3MvdmVyc2lvbi9pbmZsaWdodCIsInBsdWdpbnMiOiJ3c20mY2EmdnMmd250JnVhJmFibiZhYm5fc2hhZG93JmNiIiwiZGF0YSI6eyJkYXRhIjpbeyJwbHVnaW4iOiJ3c20iLCJwYXJhbWV0ZXJzIjoie1wicmVmZXJyZXJcIjpcIlwiLFwic3R1YklkXCI6XCJcIn0ifSx7InBsdWdpbiI6IndudCIsInBhcmFtZXRlcnMiOiJ7XCJyZWZlcnJlclwiOlwiXCJ9In0seyJwbHVnaW4iOiJ1YSIsInBhcmFtZXRlcnMiOiJ7fSJ9LHsicGx1Z2luIjoiYWJuIiwicGFyYW1ldGVycyI6IntcImlzQ3NzVXJsSW5qZWN0ZWRcIjpmYWxzZX0ifSx7InBsdWdpbiI6ImFibl9zaGFkb3ciLCJwYXJhbWV0ZXJzIjoie1wiaXNDc3NVcmxJbmplY3RlZFwiOmZhbHNlfSJ9XX0sImlzVG9wTGV2ZWwiOnRydWUsInBhZ2VTdGFydFRpbWUiOjE3ODUxMDYyNzYyNjEsIm5hdmlnYXRpb25TdGFydFRpbWUiOjE3ODUxMDYyNzU1MzB9&nocache=1123c&tm=2026-07-26T22%3A56%3A16.152Z&second=true:0
[  330672ms] [ERROR] Failed to load resource: net::ERR_FAILED @ https://gc.kis.v2.scr.kaspersky-labs.com/7D8B79A2-8974-4D7B-A76A-F4F29624C06BOSxDTLheSV66Hsf0i1yRUXAy8NkjYorxIG_uaN1dmJ5Wvd2xA3apQXvET0QVAF1JEaoPV6BKADfMsM6k4U-tLg/init?data=eyJ1cmwiOiJodHRwczovL2FwcHN0b3JlY29ubmVjdC5hcHBsZS5jb20vYXBwcy82Nzg5OTEzMTg2L2Rpc3RyaWJ1dGlvbi9pb3MvdmVyc2lvbi9pbmZsaWdodCIsInBsdWdpbnMiOiJ3c20mY2EmdnMmd250JnVhJmFibiZhYm5fc2hhZG93JmNiIiwiZGF0YSI6eyJkYXRhIjpbeyJwbHVnaW4iOiJ3c20iLCJwYXJhbWV0ZXJzIjoie1wicmVmZXJyZXJcIjpcIlwiLFwic3R1YklkXCI6XCJcIn0ifSx7InBsdWdpbiI6IndudCIsInBhcmFtZXRlcnMiOiJ7XCJyZWZlcnJlclwiOlwiXCJ9In0seyJwbHVnaW4iOiJ1YSIsInBhcmFtZXRlcnMiOiJ7fSJ9LHsicGx1Z2luIjoiYWJuIiwicGFyYW1ldGVycyI6IntcImlzQ3NzVXJsSW5qZWN0ZWRcIjpmYWxzZX0ifSx7InBsdWdpbiI6ImFibl9zaGFkb3ciLCJwYXJhbWV0ZXJzIjoie1wiaXNDc3NVcmxJbmplY3RlZFwiOmZhbHNlfSJ9XX0sImlzVG9wTGV2ZWwiOnRydWUsInBhZ2VTdGFydFRpbWUiOjE3ODUxMDYyNzYyNjEsIm5hdmlnYXRpb25TdGFydFRpbWUiOjE3ODUxMDYyNzU1MzB9&nocache=1ca25&tm=2026-07-26T22%3A56%3A46.172Z:0
[  330686ms] [ERROR] Failed to load resource: net::ERR_FAILED @ https://gc.kis.v2.scr.kaspersky-labs.com/7D8B79A2-8974-4D7B-A76A-F4F29624C06BOSxDTLheSV66Hsf0i1yRUXAy8NkjYorxIG_uaN1dmJ5Wvd2xA3apQXvET0QVAF1JEaoPV6BKADfMsM6k4U-tLg/init?data=eyJ1cmwiOiJodHRwczovL2FwcHN0b3JlY29ubmVjdC5hcHBsZS5jb20vYXBwcy82Nzg5OTEzMTg2L2Rpc3RyaWJ1dGlvbi9pb3MvdmVyc2lvbi9pbmZsaWdodCIsInBsdWdpbnMiOiJ3c20mY2EmdnMmd250JnVhJmFibiZhYm5fc2hhZG93JmNiIiwiZGF0YSI6eyJkYXRhIjpbeyJwbHVnaW4iOiJ3c20iLCJwYXJhbWV0ZXJzIjoie1wicmVmZXJyZXJcIjpcIlwiLFwic3R1YklkXCI6XCJcIn0ifSx7InBsdWdpbiI6IndudCIsInBhcmFtZXRlcnMiOiJ7XCJyZWZlcnJlclwiOlwiXCJ9In0seyJwbHVnaW4iOiJ1YSIsInBhcmFtZXRlcnMiOiJ7fSJ9LHsicGx1Z2luIjoiYWJuIiwicGFyYW1ldGVycyI6IntcImlzQ3NzVXJsSW5qZWN0ZWRcIjpmYWxzZX0ifSx7InBsdWdpbiI6ImFibl9zaGFkb3ciLCJwYXJhbWV0ZXJzIjoie1wiaXNDc3NVcmxJbmplY3RlZFwiOmZhbHNlfSJ9XX0sImlzVG9wTGV2ZWwiOnRydWUsInBhZ2VTdGFydFRpbWUiOjE3ODUxMDYyNzYyNjEsIm5hdmlnYXRpb25TdGFydFRpbWUiOjE3ODUxMDYyNzU1MzB9&nocache=17a27&tm=2026-07-26T22%3A56%3A46.194Z&second=true:0
[  360689ms] [ERROR] Failed to load resource: net::ERR_FAILED @ https://gc.kis.v2.scr.kaspersky-labs.com/7D8B79A2-8974-4D7B-A76A-F4F29624C06BOSxDTLheSV66Hsf0i1yRUXAy8NkjYorxIG_uaN1dmJ5Wvd2xA3apQXvET0QVAF1JEaoPV6BKADfMsM6k4U-tLg/init?data=eyJ1cmwiOiJodHRwczovL2FwcHN0b3JlY29ubmVjdC5hcHBsZS5jb20vYXBwcy82Nzg5OTEzMTg2L2Rpc3RyaWJ1dGlvbi9pb3MvdmVyc2lvbi9pbmZsaWdodCIsInBsdWdpbnMiOiJ3c20mY2EmdnMmd250JnVhJmFibiZhYm5fc2hhZG93JmNiIiwiZGF0YSI6eyJkYXRhIjpbeyJwbHVnaW4iOiJ3c20iLCJwYXJhbWV0ZXJzIjoie1wicmVmZXJyZXJcIjpcIlwiLFwic3R1YklkXCI6XCJcIn0ifSx7InBsdWdpbiI6IndudCIsInBhcmFtZXRlcnMiOiJ7XCJyZWZlcnJlclwiOlwiXCJ9In0seyJwbHVnaW4iOiJ1YSIsInBhcmFtZXRlcnMiOiJ7fSJ9LHsicGx1Z2luIjoiYWJuIiwicGFyYW1ldGVycyI6IntcImlzQ3NzVXJsSW5qZWN0ZWRcIjpmYWxzZX0ifSx7InBsdWdpbiI6ImFibl9zaGFkb3ciLCJwYXJhbWV0ZXJzIjoie1wiaXNDc3NVcmxJbmplY3RlZFwiOmZhbHNlfSJ9XX0sImlzVG9wTGV2ZWwiOnRydWUsInBhZ2VTdGFydFRpbWUiOjE3ODUxMDYyNzYyNjEsIm5hdmlnYXRpb25TdGFydFRpbWUiOjE3ODUxMDYyNzU1MzB9&nocache=19a7b&tm=2026-07-26T22%3A57%3A16.194Z:0
[  360701ms] [ERROR] Failed to load resource: net::ERR_FAILED @ https://gc.kis.v2.scr.kaspersky-labs.com/7D8B79A2-8974-4D7B-A76A-F4F29624C06BOSxDTLheSV66Hsf0i1yRUXAy8NkjYorxIG_uaN1dmJ5Wvd2xA3apQXvET0QVAF1JEaoPV6BKADfMsM6k4U-tLg/init?data=eyJ1cmwiOiJodHRwczovL2FwcHN0b3JlY29ubmVjdC5hcHBsZS5jb20vYXBwcy82Nzg5OTEzMTg2L2Rpc3RyaWJ1dGlvbi9pb3MvdmVyc2lvbi9pbmZsaWdodCIsInBsdWdpbnMiOiJ3c20mY2EmdnMmd250JnVhJmFibiZhYm5fc2hhZG93JmNiIiwiZGF0YSI6eyJkYXRhIjpbeyJwbHVnaW4iOiJ3c20iLCJwYXJhbWV0ZXJzIjoie1wicmVmZXJyZXJcIjpcIlwiLFwic3R1YklkXCI6XCJcIn0ifSx7InBsdWdpbiI6IndudCIsInBhcmFtZXRlcnMiOiJ7XCJyZWZlcnJlclwiOlwiXCJ9In0seyJwbHVnaW4iOiJ1YSIsInBhcmFtZXRlcnMiOiJ7fSJ9LHsicGx1Z2luIjoiYWJuIiwicGFyYW1ldGVycyI6IntcImlzQ3NzVXJsSW5qZWN0ZWRcIjpmYWxzZX0ifSx7InBsdWdpbiI6ImFibl9zaGFkb3ciLCJwYXJhbWV0ZXJzIjoie1wiaXNDc3NVcmxJbmplY3RlZFwiOmZhbHNlfSJ9XX0sImlzVG9wTGV2ZWwiOnRydWUsInBhZ2VTdGFydFRpbWUiOjE3ODUxMDYyNzYyNjEsIm5hdmlnYXRpb25TdGFydFRpbWUiOjE3ODUxMDYyNzU1MzB9&nocache=169ac&tm=2026-07-26T22%3A57%3A16.211Z&second=true:0
[  390639ms] [ERROR] Failed to load resource: net::ERR_FAILED @ https://gc.kis.v2.scr.kaspersky-labs.com/7D8B79A2-8974-4D7B-A76A-F4F29624C06BOSxDTLheSV66Hsf0i1yRUXAy8NkjYorxIG_uaN1dmJ5Wvd2xA3apQXvET0QVAF1JEaoPV6BKADfMsM6k4U-tLg/init?data=eyJ1cmwiOiJodHRwczovL2FwcHN0b3JlY29ubmVjdC5hcHBsZS5jb20vYXBwcy82Nzg5OTEzMTg2L2Rpc3RyaWJ1dGlvbi9pb3MvdmVyc2lvbi9pbmZsaWdodCIsInBsdWdpbnMiOiJ3c20mY2EmdnMmd250JnVhJmFibiZhYm5fc2hhZG93JmNiIiwiZGF0YSI6eyJkYXRhIjpbeyJwbHVnaW4iOiJ3c20iLCJwYXJhbWV0ZXJzIjoie1wicmVmZXJyZXJcIjpcIlwiLFwic3R1YklkXCI6XCJcIn0ifSx7InBsdWdpbiI6IndudCIsInBhcmFtZXRlcnMiOiJ7XCJyZWZlcnJlclwiOlwiXCJ9In0seyJwbHVnaW4iOiJ1YSIsInBhcmFtZXRlcnMiOiJ7fSJ9LHsicGx1Z2luIjoiYWJuIiwicGFyYW1ldGVycyI6IntcImlzQ3NzVXJsSW5qZWN0ZWRcIjpmYWxzZX0ifSx7InBsdWdpbiI6ImFibl9zaGFkb3ciLCJwYXJhbWV0ZXJzIjoie1wiaXNDc3NVcmxJbmplY3RlZFwiOmZhbHNlfSJ9XX0sImlzVG9wTGV2ZWwiOnRydWUsInBhZ2VTdGFydFRpbWUiOjE3ODUxMDYyNzYyNjEsIm5hdmlnYXRpb25TdGFydFRpbWUiOjE3ODUxMDYyNzU1MzB9&nocache=11ac2&tm=2026-07-26T22%3A57%3A46.154Z:0
[  390650ms] [ERROR] Failed to load resource: net::ERR_FAILED @ https://gc.kis.v2.scr.kaspersky-labs.com/7D8B79A2-8974-4D7B-A76A-F4F29624C06BOSxDTLheSV66Hsf0i1yRUXAy8NkjYorxIG_uaN1dmJ5Wvd2xA3apQXvET0QVAF1JEaoPV6BKADfMsM6k4U-tLg/init?data=eyJ1cmwiOiJodHRwczovL2FwcHN0b3JlY29ubmVjdC5hcHBsZS5jb20vYXBwcy82Nzg5OTEzMTg2L2Rpc3RyaWJ1dGlvbi9pb3MvdmVyc2lvbi9pbmZsaWdodCIsInBsdWdpbnMiOiJ3c20mY2EmdnMmd250JnVhJmFibiZhYm5fc2hhZG93JmNiIiwiZGF0YSI6eyJkYXRhIjpbeyJwbHVnaW4iOiJ3c20iLCJwYXJhbWV0ZXJzIjoie1wicmVmZXJyZXJcIjpcIlwiLFwic3R1YklkXCI6XCJcIn0ifSx7InBsdWdpbiI6IndudCIsInBhcmFtZXRlcnMiOiJ7XCJyZWZlcnJlclwiOlwiXCJ9In0seyJwbHVnaW4iOiJ1YSIsInBhcmFtZXRlcnMiOiJ7fSJ9LHsicGx1Z2luIjoiYWJuIiwicGFyYW1ldGVycyI6IntcImlzQ3NzVXJsSW5qZWN0ZWRcIjpmYWxzZX0ifSx7InBsdWdpbiI6ImFibl9zaGFkb3ciLCJwYXJhbWV0ZXJzIjoie1wiaXNDc3NVcmxJbmplY3RlZFwiOmZhbHNlfSJ9XX0sImlzVG9wTGV2ZWwiOnRydWUsInBhZ2VTdGFydFRpbWUiOjE3ODUxMDYyNzYyNjEsIm5hdmlnYXRpb25TdGFydFRpbWUiOjE3ODUxMDYyNzU1MzB9&nocache=11f65&tm=2026-07-26T22%3A57%3A46.161Z&second=true:0
[  420632ms] [ERROR] Failed to load resource: net::ERR_FAILED @ https://gc.kis.v2.scr.kaspersky-labs.com/7D8B79A2-8974-4D7B-A76A-F4F29624C06BOSxDTLheSV66Hsf0i1yRUXAy8NkjYorxIG_uaN1dmJ5Wvd2xA3apQXvET0QVAF1JEaoPV6BKADfMsM6k4U-tLg/init?data=eyJ1cmwiOiJodHRwczovL2FwcHN0b3JlY29ubmVjdC5hcHBsZS5jb20vYXBwcy82Nzg5OTEzMTg2L2Rpc3RyaWJ1dGlvbi9pb3MvdmVyc2lvbi9pbmZsaWdodCIsInBsdWdpbnMiOiJ3c20mY2EmdnMmd250JnVhJmFibiZhYm5fc2hhZG93JmNiIiwiZGF0YSI6eyJkYXRhIjpbeyJwbHVnaW4iOiJ3c20iLCJwYXJhbWV0ZXJzIjoie1wicmVmZXJyZXJcIjpcIlwiLFwic3R1YklkXCI6XCJcIn0ifSx7InBsdWdpbiI6IndudCIsInBhcmFtZXRlcnMiOiJ7XCJyZWZlcnJlclwiOlwiXCJ9In0seyJwbHVnaW4iOiJ1YSIsInBhcmFtZXRlcnMiOiJ7fSJ9LHsicGx1Z2luIjoiYWJuIiwicGFyYW1ldGVycyI6IntcImlzQ3NzVXJsSW5qZWN0ZWRcIjpmYWxzZX0ifSx7InBsdWdpbiI6ImFibl9zaGFkb3ciLCJwYXJhbWV0ZXJzIjoie1wiaXNDc3NVcmxJbmplY3RlZFwiOmZhbHNlfSJ9XX0sImlzVG9wTGV2ZWwiOnRydWUsInBhZ2VTdGFydFRpbWUiOjE3ODUxMDYyNzYyNjEsIm5hdmlnYXRpb25TdGFydFRpbWUiOjE3ODUxMDYyNzU1MzB9&nocache=1730d&tm=2026-07-26T22%3A58%3A16.141Z:0
[  420644ms] [ERROR] Failed to load resource: net::ERR_FAILED @ https://gc.kis.v2.scr.kaspersky-labs.com/7D8B79A2-8974-4D7B-A76A-F4F29624C06BOSxDTLheSV66Hsf0i1yRUXAy8NkjYorxIG_uaN1dmJ5Wvd2xA3apQXvET0QVAF1JEaoPV6BKADfMsM6k4U-tLg/init?data=eyJ1cmwiOiJodHRwczovL2FwcHN0b3JlY29ubmVjdC5hcHBsZS5jb20vYXBwcy82Nzg5OTEzMTg2L2Rpc3RyaWJ1dGlvbi9pb3MvdmVyc2lvbi9pbmZsaWdodCIsInBsdWdpbnMiOiJ3c20mY2EmdnMmd250JnVhJmFibiZhYm5fc2hhZG93JmNiIiwiZGF0YSI6eyJkYXRhIjpbeyJwbHVnaW4iOiJ3c20iLCJwYXJhbWV0ZXJzIjoie1wicmVmZXJyZXJcIjpcIlwiLFwic3R1YklkXCI6XCJcIn0ifSx7InBsdWdpbiI6IndudCIsInBhcmFtZXRlcnMiOiJ7XCJyZWZlcnJlclwiOlwiXCJ9In0seyJwbHVnaW4iOiJ1YSIsInBhcmFtZXRlcnMiOiJ7fSJ9LHsicGx1Z2luIjoiYWJuIiwicGFyYW1ldGVycyI6IntcImlzQ3NzVXJsSW5qZWN0ZWRcIjpmYWxzZX0ifSx7InBsdWdpbiI6ImFibl9zaGFkb3ciLCJwYXJhbWV0ZXJzIjoie1wiaXNDc3NVcmxJbmplY3RlZFwiOmZhbHNlfSJ9XX0sImlzVG9wTGV2ZWwiOnRydWUsInBhZ2VTdGFydFRpbWUiOjE3ODUxMDYyNzYyNjEsIm5hdmlnYXRpb25TdGFydFRpbWUiOjE3ODUxMDYyNzU1MzB9&nocache=193be&tm=2026-07-26T22%3A58%3A16.155Z&second=true:0
[  450630ms] [ERROR] Failed to load resource: net::ERR_FAILED @ https://gc.kis.v2.scr.kaspersky-labs.com/7D8B79A2-8974-4D7B-A76A-F4F29624C06BOSxDTLheSV66Hsf0i1yRUXAy8NkjYorxIG_uaN1dmJ5Wvd2xA3apQXvET0QVAF1JEaoPV6BKADfMsM6k4U-tLg/init?data=eyJ1cmwiOiJodHRwczovL2FwcHN0b3JlY29ubmVjdC5hcHBsZS5jb20vYXBwcy82Nzg5OTEzMTg2L2Rpc3RyaWJ1dGlvbi9pb3MvdmVyc2lvbi9pbmZsaWdodCIsInBsdWdpbnMiOiJ3c20mY2EmdnMmd250JnVhJmFibiZhYm5fc2hhZG93JmNiIiwiZGF0YSI6eyJkYXRhIjpbeyJwbHVnaW4iOiJ3c20iLCJwYXJhbWV0ZXJzIjoie1wicmVmZXJyZXJcIjpcIlwiLFwic3R1YklkXCI6XCJcIn0ifSx7InBsdWdpbiI6IndudCIsInBhcmFtZXRlcnMiOiJ7XCJyZWZlcnJlclwiOlwiXCJ9In0seyJwbHVnaW4iOiJ1YSIsInBhcmFtZXRlcnMiOiJ7fSJ9LHsicGx1Z2luIjoiYWJuIiwicGFyYW1ldGVycyI6IntcImlzQ3NzVXJsSW5qZWN0ZWRcIjpmYWxzZX0ifSx7InBsdWdpbiI6ImFibl9zaGFkb3ciLCJwYXJhbWV0ZXJzIjoie1wiaXNDc3NVcmxJbmplY3RlZFwiOmZhbHNlfSJ9XX0sImlzVG9wTGV2ZWwiOnRydWUsInBhZ2VTdGFydFRpbWUiOjE3ODUxMDYyNzYyNjEsIm5hdmlnYXRpb25TdGFydFRpbWUiOjE3ODUxMDYyNzU1MzB9&nocache=152e9&tm=2026-07-26T22%3A58%3A46.142Z:0
[  450642ms] [ERROR] Failed to load resource: net::ERR_FAILED @ https://gc.kis.v2.scr.kaspersky-labs.com/7D8B79A2-8974-4D7B-A76A-F4F29624C06BOSxDTLheSV66Hsf0i1yRUXAy8NkjYorxIG_uaN1dmJ5Wvd2xA3apQXvET0QVAF1JEaoPV6BKADfMsM6k4U-tLg/init?data=eyJ1cmwiOiJodHRwczovL2FwcHN0b3JlY29ubmVjdC5hcHBsZS5jb20vYXBwcy82Nzg5OTEzMTg2L2Rpc3RyaWJ1dGlvbi9pb3MvdmVyc2lvbi9pbmZsaWdodCIsInBsdWdpbnMiOiJ3c20mY2EmdnMmd250JnVhJmFibiZhYm5fc2hhZG93JmNiIiwiZGF0YSI6eyJkYXRhIjpbeyJwbHVnaW4iOiJ3c20iLCJwYXJhbWV0ZXJzIjoie1wicmVmZXJyZXJcIjpcIlwiLFwic3R1YklkXCI6XCJcIn0ifSx7InBsdWdpbiI6IndudCIsInBhcmFtZXRlcnMiOiJ7XCJyZWZlcnJlclwiOlwiXCJ9In0seyJwbHVnaW4iOiJ1YSIsInBhcmFtZXRlcnMiOiJ7fSJ9LHsicGx1Z2luIjoiYWJuIiwicGFyYW1ldGVycyI6IntcImlzQ3NzVXJsSW5qZWN0ZWRcIjpmYWxzZX0ifSx7InBsdWdpbiI6ImFibl9zaGFkb3ciLCJwYXJhbWV0ZXJzIjoie1wiaXNDc3NVcmxJbmplY3RlZFwiOmZhbHNlfSJ9XX0sImlzVG9wTGV2ZWwiOnRydWUsInBhZ2VTdGFydFRpbWUiOjE3ODUxMDYyNzYyNjEsIm5hdmlnYXRpb25TdGFydFRpbWUiOjE3ODUxMDYyNzU1MzB9&nocache=10668&tm=2026-07-26T22%3A58%3A46.152Z&second=true:0
[  480641ms] [ERROR] Failed to load resource: net::ERR_FAILED @ https://gc.kis.v2.scr.kaspersky-labs.com/7D8B79A2-8974-4D7B-A76A-F4F29624C06BOSxDTLheSV66Hsf0i1yRUXAy8NkjYorxIG_uaN1dmJ5Wvd2xA3apQXvET0QVAF1JEaoPV6BKADfMsM6k4U-tLg/init?data=eyJ1cmwiOiJodHRwczovL2FwcHN0b3JlY29ubmVjdC5hcHBsZS5jb20vYXBwcy82Nzg5OTEzMTg2L2Rpc3RyaWJ1dGlvbi9pb3MvdmVyc2lvbi9pbmZsaWdodCIsInBsdWdpbnMiOiJ3c20mY2EmdnMmd250JnVhJmFibiZhYm5fc2hhZG93JmNiIiwiZGF0YSI6eyJkYXRhIjpbeyJwbHVnaW4iOiJ3c20iLCJwYXJhbWV0ZXJzIjoie1wicmVmZXJyZXJcIjpcIlwiLFwic3R1YklkXCI6XCJcIn0ifSx7InBsdWdpbiI6IndudCIsInBhcmFtZXRlcnMiOiJ7XCJyZWZlcnJlclwiOlwiXCJ9In0seyJwbHVnaW4iOiJ1YSIsInBhcmFtZXRlcnMiOiJ7fSJ9LHsicGx1Z2luIjoiYWJuIiwicGFyYW1ldGVycyI6IntcImlzQ3NzVXJsSW5qZWN0ZWRcIjpmYWxzZX0ifSx7InBsdWdpbiI6ImFibl9zaGFkb3ciLCJwYXJhbWV0ZXJzIjoie1wiaXNDc3NVcmxJbmplY3RlZFwiOmZhbHNlfSJ9XX0sImlzVG9wTGV2ZWwiOnRydWUsInBhZ2VTdGFydFRpbWUiOjE3ODUxMDYyNzYyNjEsIm5hdmlnYXRpb25TdGFydFRpbWUiOjE3ODUxMDYyNzU1MzB9&nocache=18462&tm=2026-07-26T22%3A59%3A16.152Z:0
[  480653ms] [ERROR] Failed to load resource: net::ERR_FAILED @ https://gc.kis.v2.scr.kaspersky-labs.com/7D8B79A2-8974-4D7B-A76A-F4F29624C06BOSxDTLheSV66Hsf0i1yRUXAy8NkjYorxIG_uaN1dmJ5Wvd2xA3apQXvET0QVAF1JEaoPV6BKADfMsM6k4U-tLg/init?data=eyJ1cmwiOiJodHRwczovL2FwcHN0b3JlY29ubmVjdC5hcHBsZS5jb20vYXBwcy82Nzg5OTEzMTg2L2Rpc3RyaWJ1dGlvbi9pb3MvdmVyc2lvbi9pbmZsaWdodCIsInBsdWdpbnMiOiJ3c20mY2EmdnMmd250JnVhJmFibiZhYm5fc2hhZG93JmNiIiwiZGF0YSI6eyJkYXRhIjpbeyJwbHVnaW4iOiJ3c20iLCJwYXJhbWV0ZXJzIjoie1wicmVmZXJyZXJcIjpcIlwiLFwic3R1YklkXCI6XCJcIn0ifSx7InBsdWdpbiI6IndudCIsInBhcmFtZXRlcnMiOiJ7XCJyZWZlcnJlclwiOlwiXCJ9In0seyJwbHVnaW4iOiJ1YSIsInBhcmFtZXRlcnMiOiJ7fSJ9LHsicGx1Z2luIjoiYWJuIiwicGFyYW1ldGVycyI6IntcImlzQ3NzVXJsSW5qZWN0ZWRcIjpmYWxzZX0ifSx7InBsdWdpbiI6ImFibl9zaGFkb3ciLCJwYXJhbWV0ZXJzIjoie1wiaXNDc3NVcmxJbmplY3RlZFwiOmZhbHNlfSJ9XX0sImlzVG9wTGV2ZWwiOnRydWUsInBhZ2VTdGFydFRpbWUiOjE3ODUxMDYyNzYyNjEsIm5hdmlnYXRpb25TdGFydFRpbWUiOjE3ODUxMDYyNzU1MzB9&nocache=17cbf&tm=2026-07-26T22%3A59%3A16.163Z&second=true:0
[  510736ms] [ERROR] Failed to load resource: net::ERR_FAILED @ https://gc.kis.v2.scr.kaspersky-labs.com/7D8B79A2-8974-4D7B-A76A-F4F29624C06BOSxDTLheSV66Hsf0i1yRUXAy8NkjYorxIG_uaN1dmJ5Wvd2xA3apQXvET0QVAF1JEaoPV6BKADfMsM6k4U-tLg/init?data=eyJ1cmwiOiJodHRwczovL2FwcHN0b3JlY29ubmVjdC5hcHBsZS5jb20vYXBwcy82Nzg5OTEzMTg2L2Rpc3RyaWJ1dGlvbi9pb3MvdmVyc2lvbi9pbmZsaWdodCIsInBsdWdpbnMiOiJ3c20mY2EmdnMmd250JnVhJmFibiZhYm5fc2hhZG93JmNiIiwiZGF0YSI6eyJkYXRhIjpbeyJwbHVnaW4iOiJ3c20iLCJwYXJhbWV0ZXJzIjoie1wicmVmZXJyZXJcIjpcIlwiLFwic3R1YklkXCI6XCJcIn0ifSx7InBsdWdpbiI6IndudCIsInBhcmFtZXRlcnMiOiJ7XCJyZWZlcnJlclwiOlwiXCJ9In0seyJwbHVnaW4iOiJ1YSIsInBhcmFtZXRlcnMiOiJ7fSJ9LHsicGx1Z2luIjoiYWJuIiwicGFyYW1ldGVycyI6IntcImlzQ3NzVXJsSW5qZWN0ZWRcIjpmYWxzZX0ifSx7InBsdWdpbiI6ImFibl9zaGFkb3ciLCJwYXJhbWV0ZXJzIjoie1wiaXNDc3NVcmxJbmplY3RlZFwiOmZhbHNlfSJ9XX0sImlzVG9wTGV2ZWwiOnRydWUsInBhZ2VTdGFydFRpbWUiOjE3ODUxMDYyNzYyNjEsIm5hdmlnYXRpb25TdGFydFRpbWUiOjE3ODUxMDYyNzU1MzB9&nocache=17680&tm=2026-07-26T22%3A59%3A46.243Z:0
[  510746ms] [ERROR] Failed to load resource: net::ERR_FAILED @ https://gc.kis.v2.scr.kaspersky-labs.com/7D8B79A2-8974-4D7B-A76A-F4F29624C06BOSxDTLheSV66Hsf0i1yRUXAy8NkjYorxIG_uaN1dmJ5Wvd2xA3apQXvET0QVAF1JEaoPV6BKADfMsM6k4U-tLg/init?data=eyJ1cmwiOiJodHRwczovL2FwcHN0b3JlY29ubmVjdC5hcHBsZS5jb20vYXBwcy82Nzg5OTEzMTg2L2Rpc3RyaWJ1dGlvbi9pb3MvdmVyc2lvbi9pbmZsaWdodCIsInBsdWdpbnMiOiJ3c20mY2EmdnMmd250JnVhJmFibiZhYm5fc2hhZG93JmNiIiwiZGF0YSI6eyJkYXRhIjpbeyJwbHVnaW4iOiJ3c20iLCJwYXJhbWV0ZXJzIjoie1wicmVmZXJyZXJcIjpcIlwiLFwic3R1YklkXCI6XCJcIn0ifSx7InBsdWdpbiI6IndudCIsInBhcmFtZXRlcnMiOiJ7XCJyZWZlcnJlclwiOlwiXCJ9In0seyJwbHVnaW4iOiJ1YSIsInBhcmFtZXRlcnMiOiJ7fSJ9LHsicGx1Z2luIjoiYWJuIiwicGFyYW1ldGVycyI6IntcImlzQ3NzVXJsSW5qZWN0ZWRcIjpmYWxzZX0ifSx7InBsdWdpbiI6ImFibl9zaGFkb3ciLCJwYXJhbWV0ZXJzIjoie1wiaXNDc3NVcmxJbmplY3RlZFwiOmZhbHNlfSJ9XX0sImlzVG9wTGV2ZWwiOnRydWUsInBhZ2VTdGFydFRpbWUiOjE3ODUxMDYyNzYyNjEsIm5hdmlnYXRpb25TdGFydFRpbWUiOjE3ODUxMDYyNzU1MzB9&nocache=17553&tm=2026-07-26T22%3A59%3A46.258Z&second=true:0
[  540634ms] [ERROR] Failed to load resource: net::ERR_FAILED @ https://gc.kis.v2.scr.kaspersky-labs.com/7D8B79A2-8974-4D7B-A76A-F4F29624C06BOSxDTLheSV66Hsf0i1yRUXAy8NkjYorxIG_uaN1dmJ5Wvd2xA3apQXvET0QVAF1JEaoPV6BKADfMsM6k4U-tLg/init?data=eyJ1cmwiOiJodHRwczovL2FwcHN0b3JlY29ubmVjdC5hcHBsZS5jb20vYXBwcy82Nzg5OTEzMTg2L2Rpc3RyaWJ1dGlvbi9pb3MvdmVyc2lvbi9pbmZsaWdodCIsInBsdWdpbnMiOiJ3c20mY2EmdnMmd250JnVhJmFibiZhYm5fc2hhZG93JmNiIiwiZGF0YSI6eyJkYXRhIjpbeyJwbHVnaW4iOiJ3c20iLCJwYXJhbWV0ZXJzIjoie1wicmVmZXJyZXJcIjpcIlwiLFwic3R1YklkXCI6XCJcIn0ifSx7InBsdWdpbiI6IndudCIsInBhcmFtZXRlcnMiOiJ7XCJyZWZlcnJlclwiOlwiXCJ9In0seyJwbHVnaW4iOiJ1YSIsInBhcmFtZXRlcnMiOiJ7fSJ9LHsicGx1Z2luIjoiYWJuIiwicGFyYW1ldGVycyI6IntcImlzQ3NzVXJsSW5qZWN0ZWRcIjpmYWxzZX0ifSx7InBsdWdpbiI6ImFibl9zaGFkb3ciLCJwYXJhbWV0ZXJzIjoie1wiaXNDc3NVcmxJbmplY3RlZFwiOmZhbHNlfSJ9XX0sImlzVG9wTGV2ZWwiOnRydWUsInBhZ2VTdGFydFRpbWUiOjE3ODUxMDYyNzYyNjEsIm5hdmlnYXRpb25TdGFydFRpbWUiOjE3ODUxMDYyNzU1MzB9&nocache=1b9ce&tm=2026-07-26T23%3A00%3A16.142Z:0
[  540648ms] [ERROR] Failed to load resource: net::ERR_FAILED @ https://gc.kis.v2.scr.kaspersky-labs.com/7D8B79A2-8974-4D7B-A76A-F4F29624C06BOSxDTLheSV66Hsf0i1yRUXAy8NkjYorxIG_uaN1dmJ5Wvd2xA3apQXvET0QVAF1JEaoPV6BKADfMsM6k4U-tLg/init?data=eyJ1cmwiOiJodHRwczovL2FwcHN0b3JlY29ubmVjdC5hcHBsZS5jb20vYXBwcy82Nzg5OTEzMTg2L2Rpc3RyaWJ1dGlvbi9pb3MvdmVyc2lvbi9pbmZsaWdodCIsInBsdWdpbnMiOiJ3c20mY2EmdnMmd250JnVhJmFibiZhYm5fc2hhZG93JmNiIiwiZGF0YSI6eyJkYXRhIjpbeyJwbHVnaW4iOiJ3c20iLCJwYXJhbWV0ZXJzIjoie1wicmVmZXJyZXJcIjpcIlwiLFwic3R1YklkXCI6XCJcIn0ifSx7InBsdWdpbiI6IndudCIsInBhcmFtZXRlcnMiOiJ7XCJyZWZlcnJlclwiOlwiXCJ9In0seyJwbHVnaW4iOiJ1YSIsInBhcmFtZXRlcnMiOiJ7fSJ9LHsicGx1Z2luIjoiYWJuIiwicGFyYW1ldGVycyI6IntcImlzQ3NzVXJsSW5qZWN0ZWRcIjpmYWxzZX0ifSx7InBsdWdpbiI6ImFibl9zaGFkb3ciLCJwYXJhbWV0ZXJzIjoie1wiaXNDc3NVcmxJbmplY3RlZFwiOmZhbHNlfSJ9XX0sImlzVG9wTGV2ZWwiOnRydWUsInBhZ2VTdGFydFRpbWUiOjE3ODUxMDYyNzYyNjEsIm5hdmlnYXRpb25TdGFydFRpbWUiOjE3ODUxMDYyNzU1MzB9&nocache=1cecb&tm=2026-07-26T23%3A00%3A16.156Z&second=true:0
[  570632ms] [ERROR] Failed to load resource: net::ERR_FAILED @ https://gc.kis.v2.scr.kaspersky-labs.com/7D8B79A2-8974-4D7B-A76A-F4F29624C06BOSxDTLheSV66Hsf0i1yRUXAy8NkjYorxIG_uaN1dmJ5Wvd2xA3apQXvET0QVAF1JEaoPV6BKADfMsM6k4U-tLg/init?data=eyJ1cmwiOiJodHRwczovL2FwcHN0b3JlY29ubmVjdC5hcHBsZS5jb20vYXBwcy82Nzg5OTEzMTg2L2Rpc3RyaWJ1dGlvbi9pb3MvdmVyc2lvbi9pbmZsaWdodCIsInBsdWdpbnMiOiJ3c20mY2EmdnMmd250JnVhJmFibiZhYm5fc2hhZG93JmNiIiwiZGF0YSI6eyJkYXRhIjpbeyJwbHVnaW4iOiJ3c20iLCJwYXJhbWV0ZXJzIjoie1wicmVmZXJyZXJcIjpcIlwiLFwic3R1YklkXCI6XCJcIn0ifSx7InBsdWdpbiI6IndudCIsInBhcmFtZXRlcnMiOiJ7XCJyZWZlcnJlclwiOlwiXCJ9In0seyJwbHVnaW4iOiJ1YSIsInBhcmFtZXRlcnMiOiJ7fSJ9LHsicGx1Z2luIjoiYWJuIiwicGFyYW1ldGVycyI6IntcImlzQ3NzVXJsSW5qZWN0ZWRcIjpmYWxzZX0ifSx7InBsdWdpbiI6ImFibl9zaGFkb3ciLCJwYXJhbWV0ZXJzIjoie1wiaXNDc3NVcmxJbmplY3RlZFwiOmZhbHNlfSJ9XX0sImlzVG9wTGV2ZWwiOnRydWUsInBhZ2VTdGFydFRpbWUiOjE3ODUxMDYyNzYyNjEsIm5hdmlnYXRpb25TdGFydFRpbWUiOjE3ODUxMDYyNzU1MzB9&nocache=16e6e&tm=2026-07-26T23%3A00%3A46.142Z:0
[  570647ms] [ERROR] Failed to load resource: net::ERR_FAILED @ https://gc.kis.v2.scr.kaspersky-labs.com/7D8B79A2-8974-4D7B-A76A-F4F29624C06BOSxDTLheSV66Hsf0i1yRUXAy8NkjYorxIG_uaN1dmJ5Wvd2xA3apQXvET0QVAF1JEaoPV6BKADfMsM6k4U-tLg/init?data=eyJ1cmwiOiJodHRwczovL2FwcHN0b3JlY29ubmVjdC5hcHBsZS5jb20vYXBwcy82Nzg5OTEzMTg2L2Rpc3RyaWJ1dGlvbi9pb3MvdmVyc2lvbi9pbmZsaWdodCIsInBsdWdpbnMiOiJ3c20mY2EmdnMmd250JnVhJmFibiZhYm5fc2hhZG93JmNiIiwiZGF0YSI6eyJkYXRhIjpbeyJwbHVnaW4iOiJ3c20iLCJwYXJhbWV0ZXJzIjoie1wicmVmZXJyZXJcIjpcIlwiLFwic3R1YklkXCI6XCJcIn0ifSx7InBsdWdpbiI6IndudCIsInBhcmFtZXRlcnMiOiJ7XCJyZWZlcnJlclwiOlwiXCJ9In0seyJwbHVnaW4iOiJ1YSIsInBhcmFtZXRlcnMiOiJ7fSJ9LHsicGx1Z2luIjoiYWJuIiwicGFyYW1ldGVycyI6IntcImlzQ3NzVXJsSW5qZWN0ZWRcIjpmYWxzZX0ifSx7InBsdWdpbiI6ImFibl9zaGFkb3ciLCJwYXJhbWV0ZXJzIjoie1wiaXNDc3NVcmxJbmplY3RlZFwiOmZhbHNlfSJ9XX0sImlzVG9wTGV2ZWwiOnRydWUsInBhZ2VTdGFydFRpbWUiOjE3ODUxMDYyNzYyNjEsIm5hdmlnYXRpb25TdGFydFRpbWUiOjE3ODUxMDYyNzU1MzB9&nocache=11a19&tm=2026-07-26T23%3A00%3A46.154Z&second=true:0
[  600695ms] [ERROR] Failed to load resource: net::ERR_FAILED @ https://gc.kis.v2.scr.kaspersky-labs.com/7D8B79A2-8974-4D7B-A76A-F4F29624C06BOSxDTLheSV66Hsf0i1yRUXAy8NkjYorxIG_uaN1dmJ5Wvd2xA3apQXvET0QVAF1JEaoPV6BKADfMsM6k4U-tLg/init?data=eyJ1cmwiOiJodHRwczovL2FwcHN0b3JlY29ubmVjdC5hcHBsZS5jb20vYXBwcy82Nzg5OTEzMTg2L2Rpc3RyaWJ1dGlvbi9pb3MvdmVyc2lvbi9pbmZsaWdodCIsInBsdWdpbnMiOiJ3c20mY2EmdnMmd250JnVhJmFibiZhYm5fc2hhZG93JmNiIiwiZGF0YSI6eyJkYXRhIjpbeyJwbHVnaW4iOiJ3c20iLCJwYXJhbWV0ZXJzIjoie1wicmVmZXJyZXJcIjpcIlwiLFwic3R1YklkXCI6XCJcIn0ifSx7InBsdWdpbiI6IndudCIsInBhcmFtZXRlcnMiOiJ7XCJyZWZlcnJlclwiOlwiXCJ9In0seyJwbHVnaW4iOiJ1YSIsInBhcmFtZXRlcnMiOiJ7fSJ9LHsicGx1Z2luIjoiYWJuIiwicGFyYW1ldGVycyI6IntcImlzQ3NzVXJsSW5qZWN0ZWRcIjpmYWxzZX0ifSx7InBsdWdpbiI6ImFibl9zaGFkb3ciLCJwYXJhbWV0ZXJzIjoie1wiaXNDc3NVcmxJbmplY3RlZFwiOmZhbHNlfSJ9XX0sImlzVG9wTGV2ZWwiOnRydWUsInBhZ2VTdGFydFRpbWUiOjE3ODUxMDYyNzYyNjEsIm5hdmlnYXRpb25TdGFydFRpbWUiOjE3ODUxMDYyNzU1MzB9&nocache=15792&tm=2026-07-26T23%3A01%3A16.152Z:0
[  600708ms] [ERROR] Failed to load resource: net::ERR_FAILED @ https://gc.kis.v2.scr.kaspersky-labs.com/7D8B79A2-8974-4D7B-A76A-F4F29624C06BOSxDTLheSV66Hsf0i1yRUXAy8NkjYorxIG_uaN1dmJ5Wvd2xA3apQXvET0QVAF1JEaoPV6BKADfMsM6k4U-tLg/init?data=eyJ1cmwiOiJodHRwczovL2FwcHN0b3JlY29ubmVjdC5hcHBsZS5jb20vYXBwcy82Nzg5OTEzMTg2L2Rpc3RyaWJ1dGlvbi9pb3MvdmVyc2lvbi9pbmZsaWdodCIsInBsdWdpbnMiOiJ3c20mY2EmdnMmd250JnVhJmFibiZhYm5fc2hhZG93JmNiIiwiZGF0YSI6eyJkYXRhIjpbeyJwbHVnaW4iOiJ3c20iLCJwYXJhbWV0ZXJzIjoie1wicmVmZXJyZXJcIjpcIlwiLFwic3R1YklkXCI6XCJcIn0ifSx7InBsdWdpbiI6IndudCIsInBhcmFtZXRlcnMiOiJ7XCJyZWZlcnJlclwiOlwiXCJ9In0seyJwbHVnaW4iOiJ1YSIsInBhcmFtZXRlcnMiOiJ7fSJ9LHsicGx1Z2luIjoiYWJuIiwicGFyYW1ldGVycyI6IntcImlzQ3NzVXJsSW5qZWN0ZWRcIjpmYWxzZX0ifSx7InBsdWdpbiI6ImFibl9zaGFkb3ciLCJwYXJhbWV0ZXJzIjoie1wiaXNDc3NVcmxJbmplY3RlZFwiOmZhbHNlfSJ9XX0sImlzVG9wTGV2ZWwiOnRydWUsInBhZ2VTdGFydFRpbWUiOjE3ODUxMDYyNzYyNjEsIm5hdmlnYXRpb25TdGFydFRpbWUiOjE3ODUxMDYyNzU1MzB9&nocache=10ccf&tm=2026-07-26T23%3A01%3A16.217Z&second=true:0
[  630641ms] [ERROR] Failed to load resource: net::ERR_FAILED @ https://gc.kis.v2.scr.kaspersky-labs.com/7D8B79A2-8974-4D7B-A76A-F4F29624C06BOSxDTLheSV66Hsf0i1yRUXAy8NkjYorxIG_uaN1dmJ5Wvd2xA3apQXvET0QVAF1JEaoPV6BKADfMsM6k4U-tLg/init?data=eyJ1cmwiOiJodHRwczovL2FwcHN0b3JlY29ubmVjdC5hcHBsZS5jb20vYXBwcy82Nzg5OTEzMTg2L2Rpc3RyaWJ1dGlvbi9pb3MvdmVyc2lvbi9pbmZsaWdodCIsInBsdWdpbnMiOiJ3c20mY2EmdnMmd250JnVhJmFibiZhYm5fc2hhZG93JmNiIiwiZGF0YSI6eyJkYXRhIjpbeyJwbHVnaW4iOiJ3c20iLCJwYXJhbWV0ZXJzIjoie1wicmVmZXJyZXJcIjpcIlwiLFwic3R1YklkXCI6XCJcIn0ifSx7InBsdWdpbiI6IndudCIsInBhcmFtZXRlcnMiOiJ7XCJyZWZlcnJlclwiOlwiXCJ9In0seyJwbHVnaW4iOiJ1YSIsInBhcmFtZXRlcnMiOiJ7fSJ9LHsicGx1Z2luIjoiYWJuIiwicGFyYW1ldGVycyI6IntcImlzQ3NzVXJsSW5qZWN0ZWRcIjpmYWxzZX0ifSx7InBsdWdpbiI6ImFibl9zaGFkb3ciLCJwYXJhbWV0ZXJzIjoie1wiaXNDc3NVcmxJbmplY3RlZFwiOmZhbHNlfSJ9XX0sImlzVG9wTGV2ZWwiOnRydWUsInBhZ2VTdGFydFRpbWUiOjE3ODUxMDYyNzYyNjEsIm5hdmlnYXRpb25TdGFydFRpbWUiOjE3ODUxMDYyNzU1MzB9&nocache=1dff7&tm=2026-07-26T23%3A01%3A46.151Z:0
[  630655ms] [ERROR] Failed to load resource: net::ERR_FAILED @ https://gc.kis.v2.scr.kaspersky-labs.com/7D8B79A2-8974-4D7B-A76A-F4F29624C06BOSxDTLheSV66Hsf0i1yRUXAy8NkjYorxIG_uaN1dmJ5Wvd2xA3apQXvET0QVAF1JEaoPV6BKADfMsM6k4U-tLg/init?data=eyJ1cmwiOiJodHRwczovL2FwcHN0b3JlY29ubmVjdC5hcHBsZS5jb20vYXBwcy82Nzg5OTEzMTg2L2Rpc3RyaWJ1dGlvbi9pb3MvdmVyc2lvbi9pbmZsaWdodCIsInBsdWdpbnMiOiJ3c20mY2EmdnMmd250JnVhJmFibiZhYm5fc2hhZG93JmNiIiwiZGF0YSI6eyJkYXRhIjpbeyJwbHVnaW4iOiJ3c20iLCJwYXJhbWV0ZXJzIjoie1wicmVmZXJyZXJcIjpcIlwiLFwic3R1YklkXCI6XCJcIn0ifSx7InBsdWdpbiI6IndudCIsInBhcmFtZXRlcnMiOiJ7XCJyZWZlcnJlclwiOlwiXCJ9In0seyJwbHVnaW4iOiJ1YSIsInBhcmFtZXRlcnMiOiJ7fSJ9LHsicGx1Z2luIjoiYWJuIiwicGFyYW1ldGVycyI6IntcImlzQ3NzVXJsSW5qZWN0ZWRcIjpmYWxzZX0ifSx7InBsdWdpbiI6ImFibl9zaGFkb3ciLCJwYXJhbWV0ZXJzIjoie1wiaXNDc3NVcmxJbmplY3RlZFwiOmZhbHNlfSJ9XX0sImlzVG9wTGV2ZWwiOnRydWUsInBhZ2VTdGFydFRpbWUiOjE3ODUxMDYyNzYyNjEsIm5hdmlnYXRpb25TdGFydFRpbWUiOjE3ODUxMDYyNzU1MzB9&nocache=1c8bf&tm=2026-07-26T23%3A01%3A46.163Z&second=true:0
[  660643ms] [ERROR] Failed to load resource: net::ERR_FAILED @ https://gc.kis.v2.scr.kaspersky-labs.com/7D8B79A2-8974-4D7B-A76A-F4F29624C06BOSxDTLheSV66Hsf0i1yRUXAy8NkjYorxIG_uaN1dmJ5Wvd2xA3apQXvET0QVAF1JEaoPV6BKADfMsM6k4U-tLg/init?data=eyJ1cmwiOiJodHRwczovL2FwcHN0b3JlY29ubmVjdC5hcHBsZS5jb20vYXBwcy82Nzg5OTEzMTg2L2Rpc3RyaWJ1dGlvbi9pb3MvdmVyc2lvbi9pbmZsaWdodCIsInBsdWdpbnMiOiJ3c20mY2EmdnMmd250JnVhJmFibiZhYm5fc2hhZG93JmNiIiwiZGF0YSI6eyJkYXRhIjpbeyJwbHVnaW4iOiJ3c20iLCJwYXJhbWV0ZXJzIjoie1wicmVmZXJyZXJcIjpcIlwiLFwic3R1YklkXCI6XCJcIn0ifSx7InBsdWdpbiI6IndudCIsInBhcmFtZXRlcnMiOiJ7XCJyZWZlcnJlclwiOlwiXCJ9In0seyJwbHVnaW4iOiJ1YSIsInBhcmFtZXRlcnMiOiJ7fSJ9LHsicGx1Z2luIjoiYWJuIiwicGFyYW1ldGVycyI6IntcImlzQ3NzVXJsSW5qZWN0ZWRcIjpmYWxzZX0ifSx7InBsdWdpbiI6ImFibl9zaGFkb3ciLCJwYXJhbWV0ZXJzIjoie1wiaXNDc3NVcmxJbmplY3RlZFwiOmZhbHNlfSJ9XX0sImlzVG9wTGV2ZWwiOnRydWUsInBhZ2VTdGFydFRpbWUiOjE3ODUxMDYyNzYyNjEsIm5hdmlnYXRpb25TdGFydFRpbWUiOjE3ODUxMDYyNzU1MzB9&nocache=1b2c1&tm=2026-07-26T23%3A02%3A16.153Z:0
[  660653ms] [ERROR] Failed to load resource: net::ERR_FAILED @ https://gc.kis.v2.scr.kaspersky-labs.com/7D8B79A2-8974-4D7B-A76A-F4F29624C06BOSxDTLheSV66Hsf0i1yRUXAy8NkjYorxIG_uaN1dmJ5Wvd2xA3apQXvET0QVAF1JEaoPV6BKADfMsM6k4U-tLg/init?data=eyJ1cmwiOiJodHRwczovL2FwcHN0b3JlY29ubmVjdC5hcHBsZS5jb20vYXBwcy82Nzg5OTEzMTg2L2Rpc3RyaWJ1dGlvbi9pb3MvdmVyc2lvbi9pbmZsaWdodCIsInBsdWdpbnMiOiJ3c20mY2EmdnMmd250JnVhJmFibiZhYm5fc2hhZG93JmNiIiwiZGF0YSI6eyJkYXRhIjpbeyJwbHVnaW4iOiJ3c20iLCJwYXJhbWV0ZXJzIjoie1wicmVmZXJyZXJcIjpcIlwiLFwic3R1YklkXCI6XCJcIn0ifSx7InBsdWdpbiI6IndudCIsInBhcmFtZXRlcnMiOiJ7XCJyZWZlcnJlclwiOlwiXCJ9In0seyJwbHVnaW4iOiJ1YSIsInBhcmFtZXRlcnMiOiJ7fSJ9LHsicGx1Z2luIjoiYWJuIiwicGFyYW1ldGVycyI6IntcImlzQ3NzVXJsSW5qZWN0ZWRcIjpmYWxzZX0ifSx7InBsdWdpbiI6ImFibl9zaGFkb3ciLCJwYXJhbWV0ZXJzIjoie1wiaXNDc3NVcmxJbmplY3RlZFwiOmZhbHNlfSJ9XX0sImlzVG9wTGV2ZWwiOnRydWUsInBhZ2VTdGFydFRpbWUiOjE3ODUxMDYyNzYyNjEsIm5hdmlnYXRpb25TdGFydFRpbWUiOjE3ODUxMDYyNzU1MzB9&nocache=1d73e&tm=2026-07-26T23%3A02%3A16.165Z&second=true:0
[  690631ms] [ERROR] Failed to load resource: net::ERR_FAILED @ https://gc.kis.v2.scr.kaspersky-labs.com/7D8B79A2-8974-4D7B-A76A-F4F29624C06BOSxDTLheSV66Hsf0i1yRUXAy8NkjYorxIG_uaN1dmJ5Wvd2xA3apQXvET0QVAF1JEaoPV6BKADfMsM6k4U-tLg/init?data=eyJ1cmwiOiJodHRwczovL2FwcHN0b3JlY29ubmVjdC5hcHBsZS5jb20vYXBwcy82Nzg5OTEzMTg2L2Rpc3RyaWJ1dGlvbi9pb3MvdmVyc2lvbi9pbmZsaWdodCIsInBsdWdpbnMiOiJ3c20mY2EmdnMmd250JnVhJmFibiZhYm5fc2hhZG93JmNiIiwiZGF0YSI6eyJkYXRhIjpbeyJwbHVnaW4iOiJ3c20iLCJwYXJhbWV0ZXJzIjoie1wicmVmZXJyZXJcIjpcIlwiLFwic3R1YklkXCI6XCJcIn0ifSx7InBsdWdpbiI6IndudCIsInBhcmFtZXRlcnMiOiJ7XCJyZWZlcnJlclwiOlwiXCJ9In0seyJwbHVnaW4iOiJ1YSIsInBhcmFtZXRlcnMiOiJ7fSJ9LHsicGx1Z2luIjoiYWJuIiwicGFyYW1ldGVycyI6IntcImlzQ3NzVXJsSW5qZWN0ZWRcIjpmYWxzZX0ifSx7InBsdWdpbiI6ImFibl9zaGFkb3ciLCJwYXJhbWV0ZXJzIjoie1wiaXNDc3NVcmxJbmplY3RlZFwiOmZhbHNlfSJ9XX0sImlzVG9wTGV2ZWwiOnRydWUsInBhZ2VTdGFydFRpbWUiOjE3ODUxMDYyNzYyNjEsIm5hdmlnYXRpb25TdGFydFRpbWUiOjE3ODUxMDYyNzU1MzB9&nocache=1c76c&tm=2026-07-26T23%3A02%3A46.143Z:0
[  690639ms] [ERROR] Failed to load resource: net::ERR_FAILED @ https://gc.kis.v2.scr.kaspersky-labs.com/7D8B79A2-8974-4D7B-A76A-F4F29624C06BOSxDTLheSV66Hsf0i1yRUXAy8NkjYorxIG_uaN1dmJ5Wvd2xA3apQXvET0QVAF1JEaoPV6BKADfMsM6k4U-tLg/init?data=eyJ1cmwiOiJodHRwczovL2FwcHN0b3JlY29ubmVjdC5hcHBsZS5jb20vYXBwcy82Nzg5OTEzMTg2L2Rpc3RyaWJ1dGlvbi9pb3MvdmVyc2lvbi9pbmZsaWdodCIsInBsdWdpbnMiOiJ3c20mY2EmdnMmd250JnVhJmFibiZhYm5fc2hhZG93JmNiIiwiZGF0YSI6eyJkYXRhIjpbeyJwbHVnaW4iOiJ3c20iLCJwYXJhbWV0ZXJzIjoie1wicmVmZXJyZXJcIjpcIlwiLFwic3R1YklkXCI6XCJcIn0ifSx7InBsdWdpbiI6IndudCIsInBhcmFtZXRlcnMiOiJ7XCJyZWZlcnJlclwiOlwiXCJ9In0seyJwbHVnaW4iOiJ1YSIsInBhcmFtZXRlcnMiOiJ7fSJ9LHsicGx1Z2luIjoiYWJuIiwicGFyYW1ldGVycyI6IntcImlzQ3NzVXJsSW5qZWN0ZWRcIjpmYWxzZX0ifSx7InBsdWdpbiI6ImFibl9zaGFkb3ciLCJwYXJhbWV0ZXJzIjoie1wiaXNDc3NVcmxJbmplY3RlZFwiOmZhbHNlfSJ9XX0sImlzVG9wTGV2ZWwiOnRydWUsInBhZ2VTdGFydFRpbWUiOjE3ODUxMDYyNzYyNjEsIm5hdmlnYXRpb25TdGFydFRpbWUiOjE3ODUxMDYyNzU1MzB9&nocache=153e1&tm=2026-07-26T23%3A02%3A46.153Z&second=true:0
[  720639ms] [ERROR] Failed to load resource: net::ERR_FAILED @ https://gc.kis.v2.scr.kaspersky-labs.com/7D8B79A2-8974-4D7B-A76A-F4F29624C06BOSxDTLheSV66Hsf0i1yRUXAy8NkjYorxIG_uaN1dmJ5Wvd2xA3apQXvET0QVAF1JEaoPV6BKADfMsM6k4U-tLg/init?data=eyJ1cmwiOiJodHRwczovL2FwcHN0b3JlY29ubmVjdC5hcHBsZS5jb20vYXBwcy82Nzg5OTEzMTg2L2Rpc3RyaWJ1dGlvbi9pb3MvdmVyc2lvbi9pbmZsaWdodCIsInBsdWdpbnMiOiJ3c20mY2EmdnMmd250JnVhJmFibiZhYm5fc2hhZG93JmNiIiwiZGF0YSI6eyJkYXRhIjpbeyJwbHVnaW4iOiJ3c20iLCJwYXJhbWV0ZXJzIjoie1wicmVmZXJyZXJcIjpcIlwiLFwic3R1YklkXCI6XCJcIn0ifSx7InBsdWdpbiI6IndudCIsInBhcmFtZXRlcnMiOiJ7XCJyZWZlcnJlclwiOlwiXCJ9In0seyJwbHVnaW4iOiJ1YSIsInBhcmFtZXRlcnMiOiJ7fSJ9LHsicGx1Z2luIjoiYWJuIiwicGFyYW1ldGVycyI6IntcImlzQ3NzVXJsSW5qZWN0ZWRcIjpmYWxzZX0ifSx7InBsdWdpbiI6ImFibl9zaGFkb3ciLCJwYXJhbWV0ZXJzIjoie1wiaXNDc3NVcmxJbmplY3RlZFwiOmZhbHNlfSJ9XX0sImlzVG9wTGV2ZWwiOnRydWUsInBhZ2VTdGFydFRpbWUiOjE3ODUxMDYyNzYyNjEsIm5hdmlnYXRpb25TdGFydFRpbWUiOjE3ODUxMDYyNzU1MzB9&nocache=1eff1&tm=2026-07-26T23%3A03%3A16.152Z:0
[  720647ms] [ERROR] Failed to load resource: net::ERR_FAILED @ https://gc.kis.v2.scr.kaspersky-labs.com/7D8B79A2-8974-4D7B-A76A-F4F29624C06BOSxDTLheSV66Hsf0i1yRUXAy8NkjYorxIG_uaN1dmJ5Wvd2xA3apQXvET0QVAF1JEaoPV6BKADfMsM6k4U-tLg/init?data=eyJ1cmwiOiJodHRwczovL2FwcHN0b3JlY29ubmVjdC5hcHBsZS5jb20vYXBwcy82Nzg5OTEzMTg2L2Rpc3RyaWJ1dGlvbi9pb3MvdmVyc2lvbi9pbmZsaWdodCIsInBsdWdpbnMiOiJ3c20mY2EmdnMmd250JnVhJmFibiZhYm5fc2hhZG93JmNiIiwiZGF0YSI6eyJkYXRhIjpbeyJwbHVnaW4iOiJ3c20iLCJwYXJhbWV0ZXJzIjoie1wicmVmZXJyZXJcIjpcIlwiLFwic3R1YklkXCI6XCJcIn0ifSx7InBsdWdpbiI6IndudCIsInBhcmFtZXRlcnMiOiJ7XCJyZWZlcnJlclwiOlwiXCJ9In0seyJwbHVnaW4iOiJ1YSIsInBhcmFtZXRlcnMiOiJ7fSJ9LHsicGx1Z2luIjoiYWJuIiwicGFyYW1ldGVycyI6IntcImlzQ3NzVXJsSW5qZWN0ZWRcIjpmYWxzZX0ifSx7InBsdWdpbiI6ImFibl9zaGFkb3ciLCJwYXJhbWV0ZXJzIjoie1wiaXNDc3NVcmxJbmplY3RlZFwiOmZhbHNlfSJ9XX0sImlzVG9wTGV2ZWwiOnRydWUsInBhZ2VTdGFydFRpbWUiOjE3ODUxMDYyNzYyNjEsIm5hdmlnYXRpb25TdGFydFRpbWUiOjE3ODUxMDYyNzU1MzB9&nocache=1c8da&tm=2026-07-26T23%3A03%3A16.161Z&second=true:0
[  750766ms] [ERROR] Failed to load resource: net::ERR_FAILED @ https://gc.kis.v2.scr.kaspersky-labs.com/7D8B79A2-8974-4D7B-A76A-F4F29624C06BOSxDTLheSV66Hsf0i1yRUXAy8NkjYorxIG_uaN1dmJ5Wvd2xA3apQXvET0QVAF1JEaoPV6BKADfMsM6k4U-tLg/init?data=eyJ1cmwiOiJodHRwczovL2FwcHN0b3JlY29ubmVjdC5hcHBsZS5jb20vYXBwcy82Nzg5OTEzMTg2L2Rpc3RyaWJ1dGlvbi9pb3MvdmVyc2lvbi9pbmZsaWdodCIsInBsdWdpbnMiOiJ3c20mY2EmdnMmd250JnVhJmFibiZhYm5fc2hhZG93JmNiIiwiZGF0YSI6eyJkYXRhIjpbeyJwbHVnaW4iOiJ3c20iLCJwYXJhbWV0ZXJzIjoie1wicmVmZXJyZXJcIjpcIlwiLFwic3R1YklkXCI6XCJcIn0ifSx7InBsdWdpbiI6IndudCIsInBhcmFtZXRlcnMiOiJ7XCJyZWZlcnJlclwiOlwiXCJ9In0seyJwbHVnaW4iOiJ1YSIsInBhcmFtZXRlcnMiOiJ7fSJ9LHsicGx1Z2luIjoiYWJuIiwicGFyYW1ldGVycyI6IntcImlzQ3NzVXJsSW5qZWN0ZWRcIjpmYWxzZX0ifSx7InBsdWdpbiI6ImFibl9zaGFkb3ciLCJwYXJhbWV0ZXJzIjoie1wiaXNDc3NVcmxJbmplY3RlZFwiOmZhbHNlfSJ9XX0sImlzVG9wTGV2ZWwiOnRydWUsInBhZ2VTdGFydFRpbWUiOjE3ODUxMDYyNzYyNjEsIm5hdmlnYXRpb25TdGFydFRpbWUiOjE3ODUxMDYyNzU1MzB9&nocache=18d10&tm=2026-07-26T23%3A03%3A46.275Z:0
[  750773ms] [ERROR] Failed to load resource: net::ERR_FAILED @ https://gc.kis.v2.scr.kaspersky-labs.com/7D8B79A2-8974-4D7B-A76A-F4F29624C06BOSxDTLheSV66Hsf0i1yRUXAy8NkjYorxIG_uaN1dmJ5Wvd2xA3apQXvET0QVAF1JEaoPV6BKADfMsM6k4U-tLg/init?data=eyJ1cmwiOiJodHRwczovL2FwcHN0b3JlY29ubmVjdC5hcHBsZS5jb20vYXBwcy82Nzg5OTEzMTg2L2Rpc3RyaWJ1dGlvbi9pb3MvdmVyc2lvbi9pbmZsaWdodCIsInBsdWdpbnMiOiJ3c20mY2EmdnMmd250JnVhJmFibiZhYm5fc2hhZG93JmNiIiwiZGF0YSI6eyJkYXRhIjpbeyJwbHVnaW4iOiJ3c20iLCJwYXJhbWV0ZXJzIjoie1wicmVmZXJyZXJcIjpcIlwiLFwic3R1YklkXCI6XCJcIn0ifSx7InBsdWdpbiI6IndudCIsInBhcmFtZXRlcnMiOiJ7XCJyZWZlcnJlclwiOlwiXCJ9In0seyJwbHVnaW4iOiJ1YSIsInBhcmFtZXRlcnMiOiJ7fSJ9LHsicGx1Z2luIjoiYWJuIiwicGFyYW1ldGVycyI6IntcImlzQ3NzVXJsSW5qZWN0ZWRcIjpmYWxzZX0ifSx7InBsdWdpbiI6ImFibl9zaGFkb3ciLCJwYXJhbWV0ZXJzIjoie1wiaXNDc3NVcmxJbmplY3RlZFwiOmZhbHNlfSJ9XX0sImlzVG9wTGV2ZWwiOnRydWUsInBhZ2VTdGFydFRpbWUiOjE3ODUxMDYyNzYyNjEsIm5hdmlnYXRpb25TdGFydFRpbWUiOjE3ODUxMDYyNzU1MzB9&nocache=1cf77&tm=2026-07-26T23%3A03%3A46.288Z&second=true:0
[  780640ms] [ERROR] Failed to load resource: net::ERR_FAILED @ https://gc.kis.v2.scr.kaspersky-labs.com/7D8B79A2-8974-4D7B-A76A-F4F29624C06BOSxDTLheSV66Hsf0i1yRUXAy8NkjYorxIG_uaN1dmJ5Wvd2xA3apQXvET0QVAF1JEaoPV6BKADfMsM6k4U-tLg/init?data=eyJ1cmwiOiJodHRwczovL2FwcHN0b3JlY29ubmVjdC5hcHBsZS5jb20vYXBwcy82Nzg5OTEzMTg2L2Rpc3RyaWJ1dGlvbi9pb3MvdmVyc2lvbi9pbmZsaWdodCIsInBsdWdpbnMiOiJ3c20mY2EmdnMmd250JnVhJmFibiZhYm5fc2hhZG93JmNiIiwiZGF0YSI6eyJkYXRhIjpbeyJwbHVnaW4iOiJ3c20iLCJwYXJhbWV0ZXJzIjoie1wicmVmZXJyZXJcIjpcIlwiLFwic3R1YklkXCI6XCJcIn0ifSx7InBsdWdpbiI6IndudCIsInBhcmFtZXRlcnMiOiJ7XCJyZWZlcnJlclwiOlwiXCJ9In0seyJwbHVnaW4iOiJ1YSIsInBhcmFtZXRlcnMiOiJ7fSJ9LHsicGx1Z2luIjoiYWJuIiwicGFyYW1ldGVycyI6IntcImlzQ3NzVXJsSW5qZWN0ZWRcIjpmYWxzZX0ifSx7InBsdWdpbiI6ImFibl9zaGFkb3ciLCJwYXJhbWV0ZXJzIjoie1wiaXNDc3NVcmxJbmplY3RlZFwiOmZhbHNlfSJ9XX0sImlzVG9wTGV2ZWwiOnRydWUsInBhZ2VTdGFydFRpbWUiOjE3ODUxMDYyNzYyNjEsIm5hdmlnYXRpb25TdGFydFRpbWUiOjE3ODUxMDYyNzU1MzB9&nocache=13cb4&tm=2026-07-26T23%3A04%3A16.151Z:0
[  780655ms] [ERROR] Failed to load resource: net::ERR_FAILED @ https://gc.kis.v2.scr.kaspersky-labs.com/7D8B79A2-8974-4D7B-A76A-F4F29624C06BOSxDTLheSV66Hsf0i1yRUXAy8NkjYorxIG_uaN1dmJ5Wvd2xA3apQXvET0QVAF1JEaoPV6BKADfMsM6k4U-tLg/init?data=eyJ1cmwiOiJodHRwczovL2FwcHN0b3JlY29ubmVjdC5hcHBsZS5jb20vYXBwcy82Nzg5OTEzMTg2L2Rpc3RyaWJ1dGlvbi9pb3MvdmVyc2lvbi9pbmZsaWdodCIsInBsdWdpbnMiOiJ3c20mY2EmdnMmd250JnVhJmFibiZhYm5fc2hhZG93JmNiIiwiZGF0YSI6eyJkYXRhIjpbeyJwbHVnaW4iOiJ3c20iLCJwYXJhbWV0ZXJzIjoie1wicmVmZXJyZXJcIjpcIlwiLFwic3R1YklkXCI6XCJcIn0ifSx7InBsdWdpbiI6IndudCIsInBhcmFtZXRlcnMiOiJ7XCJyZWZlcnJlclwiOlwiXCJ9In0seyJwbHVnaW4iOiJ1YSIsInBhcmFtZXRlcnMiOiJ7fSJ9LHsicGx1Z2luIjoiYWJuIiwicGFyYW1ldGVycyI6IntcImlzQ3NzVXJsSW5qZWN0ZWRcIjpmYWxzZX0ifSx7InBsdWdpbiI6ImFibl9zaGFkb3ciLCJwYXJhbWV0ZXJzIjoie1wiaXNDc3NVcmxJbmplY3RlZFwiOmZhbHNlfSJ9XX0sImlzVG9wTGV2ZWwiOnRydWUsInBhZ2VTdGFydFRpbWUiOjE3ODUxMDYyNzYyNjEsIm5hdmlnYXRpb25TdGFydFRpbWUiOjE3ODUxMDYyNzU1MzB9&nocache=1aac1&tm=2026-07-26T23%3A04%3A16.162Z&second=true:0
[  810639ms] [ERROR] Failed to load resource: net::ERR_FAILED @ https://gc.kis.v2.scr.kaspersky-labs.com/7D8B79A2-8974-4D7B-A76A-F4F29624C06BOSxDTLheSV66Hsf0i1yRUXAy8NkjYorxIG_uaN1dmJ5Wvd2xA3apQXvET0QVAF1JEaoPV6BKADfMsM6k4U-tLg/init?data=eyJ1cmwiOiJodHRwczovL2FwcHN0b3JlY29ubmVjdC5hcHBsZS5jb20vYXBwcy82Nzg5OTEzMTg2L2Rpc3RyaWJ1dGlvbi9pb3MvdmVyc2lvbi9pbmZsaWdodCIsInBsdWdpbnMiOiJ3c20mY2EmdnMmd250JnVhJmFibiZhYm5fc2hhZG93JmNiIiwiZGF0YSI6eyJkYXRhIjpbeyJwbHVnaW4iOiJ3c20iLCJwYXJhbWV0ZXJzIjoie1wicmVmZXJyZXJcIjpcIlwiLFwic3R1YklkXCI6XCJcIn0ifSx7InBsdWdpbiI6IndudCIsInBhcmFtZXRlcnMiOiJ7XCJyZWZlcnJlclwiOlwiXCJ9In0seyJwbHVnaW4iOiJ1YSIsInBhcmFtZXRlcnMiOiJ7fSJ9LHsicGx1Z2luIjoiYWJuIiwicGFyYW1ldGVycyI6IntcImlzQ3NzVXJsSW5qZWN0ZWRcIjpmYWxzZX0ifSx7InBsdWdpbiI6ImFibl9zaGFkb3ciLCJwYXJhbWV0ZXJzIjoie1wiaXNDc3NVcmxJbmplY3RlZFwiOmZhbHNlfSJ9XX0sImlzVG9wTGV2ZWwiOnRydWUsInBhZ2VTdGFydFRpbWUiOjE3ODUxMDYyNzYyNjEsIm5hdmlnYXRpb25TdGFydFRpbWUiOjE3ODUxMDYyNzU1MzB9&nocache=15960&tm=2026-07-26T23%3A04%3A46.148Z:0
[  810649ms] [ERROR] Failed to load resource: net::ERR_FAILED @ https://gc.kis.v2.scr.kaspersky-labs.com/7D8B79A2-8974-4D7B-A76A-F4F29624C06BOSxDTLheSV66Hsf0i1yRUXAy8NkjYorxIG_uaN1dmJ5Wvd2xA3apQXvET0QVAF1JEaoPV6BKADfMsM6k4U-tLg/init?data=eyJ1cmwiOiJodHRwczovL2FwcHN0b3JlY29ubmVjdC5hcHBsZS5jb20vYXBwcy82Nzg5OTEzMTg2L2Rpc3RyaWJ1dGlvbi9pb3MvdmVyc2lvbi9pbmZsaWdodCIsInBsdWdpbnMiOiJ3c20mY2EmdnMmd250JnVhJmFibiZhYm5fc2hhZG93JmNiIiwiZGF0YSI6eyJkYXRhIjpbeyJwbHVnaW4iOiJ3c20iLCJwYXJhbWV0ZXJzIjoie1wicmVmZXJyZXJcIjpcIlwiLFwic3R1YklkXCI6XCJcIn0ifSx7InBsdWdpbiI6IndudCIsInBhcmFtZXRlcnMiOiJ7XCJyZWZlcnJlclwiOlwiXCJ9In0seyJwbHVnaW4iOiJ1YSIsInBhcmFtZXRlcnMiOiJ7fSJ9LHsicGx1Z2luIjoiYWJuIiwicGFyYW1ldGVycyI6IntcImlzQ3NzVXJsSW5qZWN0ZWRcIjpmYWxzZX0ifSx7InBsdWdpbiI6ImFibl9zaGFkb3ciLCJwYXJhbWV0ZXJzIjoie1wiaXNDc3NVcmxJbmplY3RlZFwiOmZhbHNlfSJ9XX0sImlzVG9wTGV2ZWwiOnRydWUsInBhZ2VTdGFydFRpbWUiOjE3ODUxMDYyNzYyNjEsIm5hdmlnYXRpb25TdGFydFRpbWUiOjE3ODUxMDYyNzU1MzB9&nocache=1ea78&tm=2026-07-26T23%3A04%3A46.161Z&second=true:0
[  840641ms] [ERROR] Failed to load resource: net::ERR_FAILED @ https://gc.kis.v2.scr.kaspersky-labs.com/7D8B79A2-8974-4D7B-A76A-F4F29624C06BOSxDTLheSV66Hsf0i1yRUXAy8NkjYorxIG_uaN1dmJ5Wvd2xA3apQXvET0QVAF1JEaoPV6BKADfMsM6k4U-tLg/init?data=eyJ1cmwiOiJodHRwczovL2FwcHN0b3JlY29ubmVjdC5hcHBsZS5jb20vYXBwcy82Nzg5OTEzMTg2L2Rpc3RyaWJ1dGlvbi9pb3MvdmVyc2lvbi9pbmZsaWdodCIsInBsdWdpbnMiOiJ3c20mY2EmdnMmd250JnVhJmFibiZhYm5fc2hhZG93JmNiIiwiZGF0YSI6eyJkYXRhIjpbeyJwbHVnaW4iOiJ3c20iLCJwYXJhbWV0ZXJzIjoie1wicmVmZXJyZXJcIjpcIlwiLFwic3R1YklkXCI6XCJcIn0ifSx7InBsdWdpbiI6IndudCIsInBhcmFtZXRlcnMiOiJ7XCJyZWZlcnJlclwiOlwiXCJ9In0seyJwbHVnaW4iOiJ1YSIsInBhcmFtZXRlcnMiOiJ7fSJ9LHsicGx1Z2luIjoiYWJuIiwicGFyYW1ldGVycyI6IntcImlzQ3NzVXJsSW5qZWN0ZWRcIjpmYWxzZX0ifSx7InBsdWdpbiI6ImFibl9zaGFkb3ciLCJwYXJhbWV0ZXJzIjoie1wiaXNDc3NVcmxJbmplY3RlZFwiOmZhbHNlfSJ9XX0sImlzVG9wTGV2ZWwiOnRydWUsInBhZ2VTdGFydFRpbWUiOjE3ODUxMDYyNzYyNjEsIm5hdmlnYXRpb25TdGFydFRpbWUiOjE3ODUxMDYyNzU1MzB9&nocache=18e67&tm=2026-07-26T23%3A05%3A16.146Z:0
[  840651ms] [ERROR] Failed to load resource: net::ERR_FAILED @ https://gc.kis.v2.scr.kaspersky-labs.com/7D8B79A2-8974-4D7B-A76A-F4F29624C06BOSxDTLheSV66Hsf0i1yRUXAy8NkjYorxIG_uaN1dmJ5Wvd2xA3apQXvET0QVAF1JEaoPV6BKADfMsM6k4U-tLg/init?data=eyJ1cmwiOiJodHRwczovL2FwcHN0b3JlY29ubmVjdC5hcHBsZS5jb20vYXBwcy82Nzg5OTEzMTg2L2Rpc3RyaWJ1dGlvbi9pb3MvdmVyc2lvbi9pbmZsaWdodCIsInBsdWdpbnMiOiJ3c20mY2EmdnMmd250JnVhJmFibiZhYm5fc2hhZG93JmNiIiwiZGF0YSI6eyJkYXRhIjpbeyJwbHVnaW4iOiJ3c20iLCJwYXJhbWV0ZXJzIjoie1wicmVmZXJyZXJcIjpcIlwiLFwic3R1YklkXCI6XCJcIn0ifSx7InBsdWdpbiI6IndudCIsInBhcmFtZXRlcnMiOiJ7XCJyZWZlcnJlclwiOlwiXCJ9In0seyJwbHVnaW4iOiJ1YSIsInBhcmFtZXRlcnMiOiJ7fSJ9LHsicGx1Z2luIjoiYWJuIiwicGFyYW1ldGVycyI6IntcImlzQ3NzVXJsSW5qZWN0ZWRcIjpmYWxzZX0ifSx7InBsdWdpbiI6ImFibl9zaGFkb3ciLCJwYXJhbWV0ZXJzIjoie1wiaXNDc3NVcmxJbmplY3RlZFwiOmZhbHNlfSJ9XX0sImlzVG9wTGV2ZWwiOnRydWUsInBhZ2VTdGFydFRpbWUiOjE3ODUxMDYyNzYyNjEsIm5hdmlnYXRpb25TdGFydFRpbWUiOjE3ODUxMDYyNzU1MzB9&nocache=125b9&tm=2026-07-26T23%3A05%3A16.161Z&second=true:0
[  870642ms] [ERROR] Failed to load resource: net::ERR_FAILED @ https://gc.kis.v2.scr.kaspersky-labs.com/7D8B79A2-8974-4D7B-A76A-F4F29624C06BOSxDTLheSV66Hsf0i1yRUXAy8NkjYorxIG_uaN1dmJ5Wvd2xA3apQXvET0QVAF1JEaoPV6BKADfMsM6k4U-tLg/init?data=eyJ1cmwiOiJodHRwczovL2FwcHN0b3JlY29ubmVjdC5hcHBsZS5jb20vYXBwcy82Nzg5OTEzMTg2L2Rpc3RyaWJ1dGlvbi9pb3MvdmVyc2lvbi9pbmZsaWdodCIsInBsdWdpbnMiOiJ3c20mY2EmdnMmd250JnVhJmFibiZhYm5fc2hhZG93JmNiIiwiZGF0YSI6eyJkYXRhIjpbeyJwbHVnaW4iOiJ3c20iLCJwYXJhbWV0ZXJzIjoie1wicmVmZXJyZXJcIjpcIlwiLFwic3R1YklkXCI6XCJcIn0ifSx7InBsdWdpbiI6IndudCIsInBhcmFtZXRlcnMiOiJ7XCJyZWZlcnJlclwiOlwiXCJ9In0seyJwbHVnaW4iOiJ1YSIsInBhcmFtZXRlcnMiOiJ7fSJ9LHsicGx1Z2luIjoiYWJuIiwicGFyYW1ldGVycyI6IntcImlzQ3NzVXJsSW5qZWN0ZWRcIjpmYWxzZX0ifSx7InBsdWdpbiI6ImFibl9zaGFkb3ciLCJwYXJhbWV0ZXJzIjoie1wiaXNDc3NVcmxJbmplY3RlZFwiOmZhbHNlfSJ9XX0sImlzVG9wTGV2ZWwiOnRydWUsInBhZ2VTdGFydFRpbWUiOjE3ODUxMDYyNzYyNjEsIm5hdmlnYXRpb25TdGFydFRpbWUiOjE3ODUxMDYyNzU1MzB9&nocache=1872f&tm=2026-07-26T23%3A05%3A46.156Z:0
[  870651ms] [ERROR] Failed to load resource: net::ERR_FAILED @ https://gc.kis.v2.scr.kaspersky-labs.com/7D8B79A2-8974-4D7B-A76A-F4F29624C06BOSxDTLheSV66Hsf0i1yRUXAy8NkjYorxIG_uaN1dmJ5Wvd2xA3apQXvET0QVAF1JEaoPV6BKADfMsM6k4U-tLg/init?data=eyJ1cmwiOiJodHRwczovL2FwcHN0b3JlY29ubmVjdC5hcHBsZS5jb20vYXBwcy82Nzg5OTEzMTg2L2Rpc3RyaWJ1dGlvbi9pb3MvdmVyc2lvbi9pbmZsaWdodCIsInBsdWdpbnMiOiJ3c20mY2EmdnMmd250JnVhJmFibiZhYm5fc2hhZG93JmNiIiwiZGF0YSI6eyJkYXRhIjpbeyJwbHVnaW4iOiJ3c20iLCJwYXJhbWV0ZXJzIjoie1wicmVmZXJyZXJcIjpcIlwiLFwic3R1YklkXCI6XCJcIn0ifSx7InBsdWdpbiI6IndudCIsInBhcmFtZXRlcnMiOiJ7XCJyZWZlcnJlclwiOlwiXCJ9In0seyJwbHVnaW4iOiJ1YSIsInBhcmFtZXRlcnMiOiJ7fSJ9LHsicGx1Z2luIjoiYWJuIiwicGFyYW1ldGVycyI6IntcImlzQ3NzVXJsSW5qZWN0ZWRcIjpmYWxzZX0ifSx7InBsdWdpbiI6ImFibl9zaGFkb3ciLCJwYXJhbWV0ZXJzIjoie1wiaXNDc3NVcmxJbmplY3RlZFwiOmZhbHNlfSJ9XX0sImlzVG9wTGV2ZWwiOnRydWUsInBhZ2VTdGFydFRpbWUiOjE3ODUxMDYyNzYyNjEsIm5hdmlnYXRpb25TdGFydFRpbWUiOjE3ODUxMDYyNzU1MzB9&nocache=11103&tm=2026-07-26T23%3A05%3A46.165Z&second=true:0
[  900643ms] [ERROR] Failed to load resource: net::ERR_FAILED @ https://gc.kis.v2.scr.kaspersky-labs.com/7D8B79A2-8974-4D7B-A76A-F4F29624C06BOSxDTLheSV66Hsf0i1yRUXAy8NkjYorxIG_uaN1dmJ5Wvd2xA3apQXvET0QVAF1JEaoPV6BKADfMsM6k4U-tLg/init?data=eyJ1cmwiOiJodHRwczovL2FwcHN0b3JlY29ubmVjdC5hcHBsZS5jb20vYXBwcy82Nzg5OTEzMTg2L2Rpc3RyaWJ1dGlvbi9pb3MvdmVyc2lvbi9pbmZsaWdodCIsInBsdWdpbnMiOiJ3c20mY2EmdnMmd250JnVhJmFibiZhYm5fc2hhZG93JmNiIiwiZGF0YSI6eyJkYXRhIjpbeyJwbHVnaW4iOiJ3c20iLCJwYXJhbWV0ZXJzIjoie1wicmVmZXJyZXJcIjpcIlwiLFwic3R1YklkXCI6XCJcIn0ifSx7InBsdWdpbiI6IndudCIsInBhcmFtZXRlcnMiOiJ7XCJyZWZlcnJlclwiOlwiXCJ9In0seyJwbHVnaW4iOiJ1YSIsInBhcmFtZXRlcnMiOiJ7fSJ9LHsicGx1Z2luIjoiYWJuIiwicGFyYW1ldGVycyI6IntcImlzQ3NzVXJsSW5qZWN0ZWRcIjpmYWxzZX0ifSx7InBsdWdpbiI6ImFibl9zaGFkb3ciLCJwYXJhbWV0ZXJzIjoie1wiaXNDc3NVcmxJbmplY3RlZFwiOmZhbHNlfSJ9XX0sImlzVG9wTGV2ZWwiOnRydWUsInBhZ2VTdGFydFRpbWUiOjE3ODUxMDYyNzYyNjEsIm5hdmlnYXRpb25TdGFydFRpbWUiOjE3ODUxMDYyNzU1MzB9&nocache=17f89&tm=2026-07-26T23%3A06%3A16.150Z:0
[  900661ms] [ERROR] Failed to load resource: net::ERR_FAILED @ https://gc.kis.v2.scr.kaspersky-labs.com/7D8B79A2-8974-4D7B-A76A-F4F29624C06BOSxDTLheSV66Hsf0i1yRUXAy8NkjYorxIG_uaN1dmJ5Wvd2xA3apQXvET0QVAF1JEaoPV6BKADfMsM6k4U-tLg/init?data=eyJ1cmwiOiJodHRwczovL2FwcHN0b3JlY29ubmVjdC5hcHBsZS5jb20vYXBwcy82Nzg5OTEzMTg2L2Rpc3RyaWJ1dGlvbi9pb3MvdmVyc2lvbi9pbmZsaWdodCIsInBsdWdpbnMiOiJ3c20mY2EmdnMmd250JnVhJmFibiZhYm5fc2hhZG93JmNiIiwiZGF0YSI6eyJkYXRhIjpbeyJwbHVnaW4iOiJ3c20iLCJwYXJhbWV0ZXJzIjoie1wicmVmZXJyZXJcIjpcIlwiLFwic3R1YklkXCI6XCJcIn0ifSx7InBsdWdpbiI6IndudCIsInBhcmFtZXRlcnMiOiJ7XCJyZWZlcnJlclwiOlwiXCJ9In0seyJwbHVnaW4iOiJ1YSIsInBhcmFtZXRlcnMiOiJ7fSJ9LHsicGx1Z2luIjoiYWJuIiwicGFyYW1ldGVycyI6IntcImlzQ3NzVXJsSW5qZWN0ZWRcIjpmYWxzZX0ifSx7InBsdWdpbiI6ImFibl9zaGFkb3ciLCJwYXJhbWV0ZXJzIjoie1wiaXNDc3NVcmxJbmplY3RlZFwiOmZhbHNlfSJ9XX0sImlzVG9wTGV2ZWwiOnRydWUsInBhZ2VTdGFydFRpbWUiOjE3ODUxMDYyNzYyNjEsIm5hdmlnYXRpb25TdGFydFRpbWUiOjE3ODUxMDYyNzU1MzB9&nocache=1faa7&tm=2026-07-26T23%3A06%3A16.165Z&second=true:0
[  930633ms] [ERROR] Failed to load resource: net::ERR_FAILED @ https://gc.kis.v2.scr.kaspersky-labs.com/7D8B79A2-8974-4D7B-A76A-F4F29624C06BOSxDTLheSV66Hsf0i1yRUXAy8NkjYorxIG_uaN1dmJ5Wvd2xA3apQXvET0QVAF1JEaoPV6BKADfMsM6k4U-tLg/init?data=eyJ1cmwiOiJodHRwczovL2FwcHN0b3JlY29ubmVjdC5hcHBsZS5jb20vYXBwcy82Nzg5OTEzMTg2L2Rpc3RyaWJ1dGlvbi9pb3MvdmVyc2lvbi9pbmZsaWdodCIsInBsdWdpbnMiOiJ3c20mY2EmdnMmd250JnVhJmFibiZhYm5fc2hhZG93JmNiIiwiZGF0YSI6eyJkYXRhIjpbeyJwbHVnaW4iOiJ3c20iLCJwYXJhbWV0ZXJzIjoie1wicmVmZXJyZXJcIjpcIlwiLFwic3R1YklkXCI6XCJcIn0ifSx7InBsdWdpbiI6IndudCIsInBhcmFtZXRlcnMiOiJ7XCJyZWZlcnJlclwiOlwiXCJ9In0seyJwbHVnaW4iOiJ1YSIsInBhcmFtZXRlcnMiOiJ7fSJ9LHsicGx1Z2luIjoiYWJuIiwicGFyYW1ldGVycyI6IntcImlzQ3NzVXJsSW5qZWN0ZWRcIjpmYWxzZX0ifSx7InBsdWdpbiI6ImFibl9zaGFkb3ciLCJwYXJhbWV0ZXJzIjoie1wiaXNDc3NVcmxJbmplY3RlZFwiOmZhbHNlfSJ9XX0sImlzVG9wTGV2ZWwiOnRydWUsInBhZ2VTdGFydFRpbWUiOjE3ODUxMDYyNzYyNjEsIm5hdmlnYXRpb25TdGFydFRpbWUiOjE3ODUxMDYyNzU1MzB9&nocache=1bc15&tm=2026-07-26T23%3A06%3A46.146Z:0
[  930644ms] [ERROR] Failed to load resource: net::ERR_FAILED @ https://gc.kis.v2.scr.kaspersky-labs.com/7D8B79A2-8974-4D7B-A76A-F4F29624C06BOSxDTLheSV66Hsf0i1yRUXAy8NkjYorxIG_uaN1dmJ5Wvd2xA3apQXvET0QVAF1JEaoPV6BKADfMsM6k4U-tLg/init?data=eyJ1cmwiOiJodHRwczovL2FwcHN0b3JlY29ubmVjdC5hcHBsZS5jb20vYXBwcy82Nzg5OTEzMTg2L2Rpc3RyaWJ1dGlvbi9pb3MvdmVyc2lvbi9pbmZsaWdodCIsInBsdWdpbnMiOiJ3c20mY2EmdnMmd250JnVhJmFibiZhYm5fc2hhZG93JmNiIiwiZGF0YSI6eyJkYXRhIjpbeyJwbHVnaW4iOiJ3c20iLCJwYXJhbWV0ZXJzIjoie1wicmVmZXJyZXJcIjpcIlwiLFwic3R1YklkXCI6XCJcIn0ifSx7InBsdWdpbiI6IndudCIsInBhcmFtZXRlcnMiOiJ7XCJyZWZlcnJlclwiOlwiXCJ9In0seyJwbHVnaW4iOiJ1YSIsInBhcmFtZXRlcnMiOiJ7fSJ9LHsicGx1Z2luIjoiYWJuIiwicGFyYW1ldGVycyI6IntcImlzQ3NzVXJsSW5qZWN0ZWRcIjpmYWxzZX0ifSx7InBsdWdpbiI6ImFibl9zaGFkb3ciLCJwYXJhbWV0ZXJzIjoie1wiaXNDc3NVcmxJbmplY3RlZFwiOmZhbHNlfSJ9XX0sImlzVG9wTGV2ZWwiOnRydWUsInBhZ2VTdGFydFRpbWUiOjE3ODUxMDYyNzYyNjEsIm5hdmlnYXRpb25TdGFydFRpbWUiOjE3ODUxMDYyNzU1MzB9&nocache=10acb&tm=2026-07-26T23%3A06%3A46.155Z&second=true:0
[  960633ms] [ERROR] Failed to load resource: net::ERR_FAILED @ https://gc.kis.v2.scr.kaspersky-labs.com/7D8B79A2-8974-4D7B-A76A-F4F29624C06BOSxDTLheSV66Hsf0i1yRUXAy8NkjYorxIG_uaN1dmJ5Wvd2xA3apQXvET0QVAF1JEaoPV6BKADfMsM6k4U-tLg/init?data=eyJ1cmwiOiJodHRwczovL2FwcHN0b3JlY29ubmVjdC5hcHBsZS5jb20vYXBwcy82Nzg5OTEzMTg2L2Rpc3RyaWJ1dGlvbi9pb3MvdmVyc2lvbi9pbmZsaWdodCIsInBsdWdpbnMiOiJ3c20mY2EmdnMmd250JnVhJmFibiZhYm5fc2hhZG93JmNiIiwiZGF0YSI6eyJkYXRhIjpbeyJwbHVnaW4iOiJ3c20iLCJwYXJhbWV0ZXJzIjoie1wicmVmZXJyZXJcIjpcIlwiLFwic3R1YklkXCI6XCJcIn0ifSx7InBsdWdpbiI6IndudCIsInBhcmFtZXRlcnMiOiJ7XCJyZWZlcnJlclwiOlwiXCJ9In0seyJwbHVnaW4iOiJ1YSIsInBhcmFtZXRlcnMiOiJ7fSJ9LHsicGx1Z2luIjoiYWJuIiwicGFyYW1ldGVycyI6IntcImlzQ3NzVXJsSW5qZWN0ZWRcIjpmYWxzZX0ifSx7InBsdWdpbiI6ImFibl9zaGFkb3ciLCJwYXJhbWV0ZXJzIjoie1wiaXNDc3NVcmxJbmplY3RlZFwiOmZhbHNlfSJ9XX0sImlzVG9wTGV2ZWwiOnRydWUsInBhZ2VTdGFydFRpbWUiOjE3ODUxMDYyNzYyNjEsIm5hdmlnYXRpb25TdGFydFRpbWUiOjE3ODUxMDYyNzU1MzB9&nocache=1ac34&tm=2026-07-26T23%3A07%3A16.144Z:0
[  960648ms] [ERROR] Failed to load resource: net::ERR_FAILED @ https://gc.kis.v2.scr.kaspersky-labs.com/7D8B79A2-8974-4D7B-A76A-F4F29624C06BOSxDTLheSV66Hsf0i1yRUXAy8NkjYorxIG_uaN1dmJ5Wvd2xA3apQXvET0QVAF1JEaoPV6BKADfMsM6k4U-tLg/init?data=eyJ1cmwiOiJodHRwczovL2FwcHN0b3JlY29ubmVjdC5hcHBsZS5jb20vYXBwcy82Nzg5OTEzMTg2L2Rpc3RyaWJ1dGlvbi9pb3MvdmVyc2lvbi9pbmZsaWdodCIsInBsdWdpbnMiOiJ3c20mY2EmdnMmd250JnVhJmFibiZhYm5fc2hhZG93JmNiIiwiZGF0YSI6eyJkYXRhIjpbeyJwbHVnaW4iOiJ3c20iLCJwYXJhbWV0ZXJzIjoie1wicmVmZXJyZXJcIjpcIlwiLFwic3R1YklkXCI6XCJcIn0ifSx7InBsdWdpbiI6IndudCIsInBhcmFtZXRlcnMiOiJ7XCJyZWZlcnJlclwiOlwiXCJ9In0seyJwbHVnaW4iOiJ1YSIsInBhcmFtZXRlcnMiOiJ7fSJ9LHsicGx1Z2luIjoiYWJuIiwicGFyYW1ldGVycyI6IntcImlzQ3NzVXJsSW5qZWN0ZWRcIjpmYWxzZX0ifSx7InBsdWdpbiI6ImFibl9zaGFkb3ciLCJwYXJhbWV0ZXJzIjoie1wiaXNDc3NVcmxJbmplY3RlZFwiOmZhbHNlfSJ9XX0sImlzVG9wTGV2ZWwiOnRydWUsInBhZ2VTdGFydFRpbWUiOjE3ODUxMDYyNzYyNjEsIm5hdmlnYXRpb25TdGFydFRpbWUiOjE3ODUxMDYyNzU1MzB9&nocache=11a07&tm=2026-07-26T23%3A07%3A16.156Z&second=true:0
[  990671ms] [ERROR] Failed to load resource: net::ERR_FAILED @ https://gc.kis.v2.scr.kaspersky-labs.com/7D8B79A2-8974-4D7B-A76A-F4F29624C06BOSxDTLheSV66Hsf0i1yRUXAy8NkjYorxIG_uaN1dmJ5Wvd2xA3apQXvET0QVAF1JEaoPV6BKADfMsM6k4U-tLg/init?data=eyJ1cmwiOiJodHRwczovL2FwcHN0b3JlY29ubmVjdC5hcHBsZS5jb20vYXBwcy82Nzg5OTEzMTg2L2Rpc3RyaWJ1dGlvbi9pb3MvdmVyc2lvbi9pbmZsaWdodCIsInBsdWdpbnMiOiJ3c20mY2EmdnMmd250JnVhJmFibiZhYm5fc2hhZG93JmNiIiwiZGF0YSI6eyJkYXRhIjpbeyJwbHVnaW4iOiJ3c20iLCJwYXJhbWV0ZXJzIjoie1wicmVmZXJyZXJcIjpcIlwiLFwic3R1YklkXCI6XCJcIn0ifSx7InBsdWdpbiI6IndudCIsInBhcmFtZXRlcnMiOiJ7XCJyZWZlcnJlclwiOlwiXCJ9In0seyJwbHVnaW4iOiJ1YSIsInBhcmFtZXRlcnMiOiJ7fSJ9LHsicGx1Z2luIjoiYWJuIiwicGFyYW1ldGVycyI6IntcImlzQ3NzVXJsSW5qZWN0ZWRcIjpmYWxzZX0ifSx7InBsdWdpbiI6ImFibl9zaGFkb3ciLCJwYXJhbWV0ZXJzIjoie1wiaXNDc3NVcmxJbmplY3RlZFwiOmZhbHNlfSJ9XX0sImlzVG9wTGV2ZWwiOnRydWUsInBhZ2VTdGFydFRpbWUiOjE3ODUxMDYyNzYyNjEsIm5hdmlnYXRpb25TdGFydFRpbWUiOjE3ODUxMDYyNzU1MzB9&nocache=1e3da&tm=2026-07-26T23%3A07%3A46.151Z:0
[  990684ms] [ERROR] Failed to load resource: net::ERR_FAILED @ https://gc.kis.v2.scr.kaspersky-labs.com/7D8B79A2-8974-4D7B-A76A-F4F29624C06BOSxDTLheSV66Hsf0i1yRUXAy8NkjYorxIG_uaN1dmJ5Wvd2xA3apQXvET0QVAF1JEaoPV6BKADfMsM6k4U-tLg/init?data=eyJ1cmwiOiJodHRwczovL2FwcHN0b3JlY29ubmVjdC5hcHBsZS5jb20vYXBwcy82Nzg5OTEzMTg2L2Rpc3RyaWJ1dGlvbi9pb3MvdmVyc2lvbi9pbmZsaWdodCIsInBsdWdpbnMiOiJ3c20mY2EmdnMmd250JnVhJmFibiZhYm5fc2hhZG93JmNiIiwiZGF0YSI6eyJkYXRhIjpbeyJwbHVnaW4iOiJ3c20iLCJwYXJhbWV0ZXJzIjoie1wicmVmZXJyZXJcIjpcIlwiLFwic3R1YklkXCI6XCJcIn0ifSx7InBsdWdpbiI6IndudCIsInBhcmFtZXRlcnMiOiJ7XCJyZWZlcnJlclwiOlwiXCJ9In0seyJwbHVnaW4iOiJ1YSIsInBhcmFtZXRlcnMiOiJ7fSJ9LHsicGx1Z2luIjoiYWJuIiwicGFyYW1ldGVycyI6IntcImlzQ3NzVXJsSW5qZWN0ZWRcIjpmYWxzZX0ifSx7InBsdWdpbiI6ImFibl9zaGFkb3ciLCJwYXJhbWV0ZXJzIjoie1wiaXNDc3NVcmxJbmplY3RlZFwiOmZhbHNlfSJ9XX0sImlzVG9wTGV2ZWwiOnRydWUsInBhZ2VTdGFydFRpbWUiOjE3ODUxMDYyNzYyNjEsIm5hdmlnYXRpb25TdGFydFRpbWUiOjE3ODUxMDYyNzU1MzB9&nocache=18f46&tm=2026-07-26T23%3A07%3A46.194Z&second=true:0
[ 1020636ms] [ERROR] Failed to load resource: net::ERR_FAILED @ https://gc.kis.v2.scr.kaspersky-labs.com/7D8B79A2-8974-4D7B-A76A-F4F29624C06BOSxDTLheSV66Hsf0i1yRUXAy8NkjYorxIG_uaN1dmJ5Wvd2xA3apQXvET0QVAF1JEaoPV6BKADfMsM6k4U-tLg/init?data=eyJ1cmwiOiJodHRwczovL2FwcHN0b3JlY29ubmVjdC5hcHBsZS5jb20vYXBwcy82Nzg5OTEzMTg2L2Rpc3RyaWJ1dGlvbi9pb3MvdmVyc2lvbi9pbmZsaWdodCIsInBsdWdpbnMiOiJ3c20mY2EmdnMmd250JnVhJmFibiZhYm5fc2hhZG93JmNiIiwiZGF0YSI6eyJkYXRhIjpbeyJwbHVnaW4iOiJ3c20iLCJwYXJhbWV0ZXJzIjoie1wicmVmZXJyZXJcIjpcIlwiLFwic3R1YklkXCI6XCJcIn0ifSx7InBsdWdpbiI6IndudCIsInBhcmFtZXRlcnMiOiJ7XCJyZWZlcnJlclwiOlwiXCJ9In0seyJwbHVnaW4iOiJ1YSIsInBhcmFtZXRlcnMiOiJ7fSJ9LHsicGx1Z2luIjoiYWJuIiwicGFyYW1ldGVycyI6IntcImlzQ3NzVXJsSW5qZWN0ZWRcIjpmYWxzZX0ifSx7InBsdWdpbiI6ImFibl9zaGFkb3ciLCJwYXJhbWV0ZXJzIjoie1wiaXNDc3NVcmxJbmplY3RlZFwiOmZhbHNlfSJ9XX0sImlzVG9wTGV2ZWwiOnRydWUsInBhZ2VTdGFydFRpbWUiOjE3ODUxMDYyNzYyNjEsIm5hdmlnYXRpb25TdGFydFRpbWUiOjE3ODUxMDYyNzU1MzB9&nocache=1c1c4&tm=2026-07-26T23%3A08%3A16.148Z:0
[ 1020647ms] [ERROR] Failed to load resource: net::ERR_FAILED @ https://gc.kis.v2.scr.kaspersky-labs.com/7D8B79A2-8974-4D7B-A76A-F4F29624C06BOSxDTLheSV66Hsf0i1yRUXAy8NkjYorxIG_uaN1dmJ5Wvd2xA3apQXvET0QVAF1JEaoPV6BKADfMsM6k4U-tLg/init?data=eyJ1cmwiOiJodHRwczovL2FwcHN0b3JlY29ubmVjdC5hcHBsZS5jb20vYXBwcy82Nzg5OTEzMTg2L2Rpc3RyaWJ1dGlvbi9pb3MvdmVyc2lvbi9pbmZsaWdodCIsInBsdWdpbnMiOiJ3c20mY2EmdnMmd250JnVhJmFibiZhYm5fc2hhZG93JmNiIiwiZGF0YSI6eyJkYXRhIjpbeyJwbHVnaW4iOiJ3c20iLCJwYXJhbWV0ZXJzIjoie1wicmVmZXJyZXJcIjpcIlwiLFwic3R1YklkXCI6XCJcIn0ifSx7InBsdWdpbiI6IndudCIsInBhcmFtZXRlcnMiOiJ7XCJyZWZlcnJlclwiOlwiXCJ9In0seyJwbHVnaW4iOiJ1YSIsInBhcmFtZXRlcnMiOiJ7fSJ9LHsicGx1Z2luIjoiYWJuIiwicGFyYW1ldGVycyI6IntcImlzQ3NzVXJsSW5qZWN0ZWRcIjpmYWxzZX0ifSx7InBsdWdpbiI6ImFibl9zaGFkb3ciLCJwYXJhbWV0ZXJzIjoie1wiaXNDc3NVcmxJbmplY3RlZFwiOmZhbHNlfSJ9XX0sImlzVG9wTGV2ZWwiOnRydWUsInBhZ2VTdGFydFRpbWUiOjE3ODUxMDYyNzYyNjEsIm5hdmlnYXRpb25TdGFydFRpbWUiOjE3ODUxMDYyNzU1MzB9&nocache=1cd9d&tm=2026-07-26T23%3A08%3A16.158Z&second=true:0
[ 1050643ms] [ERROR] Failed to load resource: net::ERR_FAILED @ https://gc.kis.v2.scr.kaspersky-labs.com/7D8B79A2-8974-4D7B-A76A-F4F29624C06BOSxDTLheSV66Hsf0i1yRUXAy8NkjYorxIG_uaN1dmJ5Wvd2xA3apQXvET0QVAF1JEaoPV6BKADfMsM6k4U-tLg/init?data=eyJ1cmwiOiJodHRwczovL2FwcHN0b3JlY29ubmVjdC5hcHBsZS5jb20vYXBwcy82Nzg5OTEzMTg2L2Rpc3RyaWJ1dGlvbi9pb3MvdmVyc2lvbi9pbmZsaWdodCIsInBsdWdpbnMiOiJ3c20mY2EmdnMmd250JnVhJmFibiZhYm5fc2hhZG93JmNiIiwiZGF0YSI6eyJkYXRhIjpbeyJwbHVnaW4iOiJ3c20iLCJwYXJhbWV0ZXJzIjoie1wicmVmZXJyZXJcIjpcIlwiLFwic3R1YklkXCI6XCJcIn0ifSx7InBsdWdpbiI6IndudCIsInBhcmFtZXRlcnMiOiJ7XCJyZWZlcnJlclwiOlwiXCJ9In0seyJwbHVnaW4iOiJ1YSIsInBhcmFtZXRlcnMiOiJ7fSJ9LHsicGx1Z2luIjoiYWJuIiwicGFyYW1ldGVycyI6IntcImlzQ3NzVXJsSW5qZWN0ZWRcIjpmYWxzZX0ifSx7InBsdWdpbiI6ImFibl9zaGFkb3ciLCJwYXJhbWV0ZXJzIjoie1wiaXNDc3NVcmxJbmplY3RlZFwiOmZhbHNlfSJ9XX0sImlzVG9wTGV2ZWwiOnRydWUsInBhZ2VTdGFydFRpbWUiOjE3ODUxMDYyNzYyNjEsIm5hdmlnYXRpb25TdGFydFRpbWUiOjE3ODUxMDYyNzU1MzB9&nocache=170cb&tm=2026-07-26T23%3A08%3A46.154Z:0
[ 1050657ms] [ERROR] Failed to load resource: net::ERR_FAILED @ https://gc.kis.v2.scr.kaspersky-labs.com/7D8B79A2-8974-4D7B-A76A-F4F29624C06BOSxDTLheSV66Hsf0i1yRUXAy8NkjYorxIG_uaN1dmJ5Wvd2xA3apQXvET0QVAF1JEaoPV6BKADfMsM6k4U-tLg/init?data=eyJ1cmwiOiJodHRwczovL2FwcHN0b3JlY29ubmVjdC5hcHBsZS5jb20vYXBwcy82Nzg5OTEzMTg2L2Rpc3RyaWJ1dGlvbi9pb3MvdmVyc2lvbi9pbmZsaWdodCIsInBsdWdpbnMiOiJ3c20mY2EmdnMmd250JnVhJmFibiZhYm5fc2hhZG93JmNiIiwiZGF0YSI6eyJkYXRhIjpbeyJwbHVnaW4iOiJ3c20iLCJwYXJhbWV0ZXJzIjoie1wicmVmZXJyZXJcIjpcIlwiLFwic3R1YklkXCI6XCJcIn0ifSx7InBsdWdpbiI6IndudCIsInBhcmFtZXRlcnMiOiJ7XCJyZWZlcnJlclwiOlwiXCJ9In0seyJwbHVnaW4iOiJ1YSIsInBhcmFtZXRlcnMiOiJ7fSJ9LHsicGx1Z2luIjoiYWJuIiwicGFyYW1ldGVycyI6IntcImlzQ3NzVXJsSW5qZWN0ZWRcIjpmYWxzZX0ifSx7InBsdWdpbiI6ImFibl9zaGFkb3ciLCJwYXJhbWV0ZXJzIjoie1wiaXNDc3NVcmxJbmplY3RlZFwiOmZhbHNlfSJ9XX0sImlzVG9wTGV2ZWwiOnRydWUsInBhZ2VTdGFydFRpbWUiOjE3ODUxMDYyNzYyNjEsIm5hdmlnYXRpb25TdGFydFRpbWUiOjE3ODUxMDYyNzU1MzB9&nocache=1472e&tm=2026-07-26T23%3A08%3A46.165Z&second=true:0
[ 1080647ms] [ERROR] Failed to load resource: net::ERR_FAILED @ https://gc.kis.v2.scr.kaspersky-labs.com/7D8B79A2-8974-4D7B-A76A-F4F29624C06BOSxDTLheSV66Hsf0i1yRUXAy8NkjYorxIG_uaN1dmJ5Wvd2xA3apQXvET0QVAF1JEaoPV6BKADfMsM6k4U-tLg/init?data=eyJ1cmwiOiJodHRwczovL2FwcHN0b3JlY29ubmVjdC5hcHBsZS5jb20vYXBwcy82Nzg5OTEzMTg2L2Rpc3RyaWJ1dGlvbi9pb3MvdmVyc2lvbi9pbmZsaWdodCIsInBsdWdpbnMiOiJ3c20mY2EmdnMmd250JnVhJmFibiZhYm5fc2hhZG93JmNiIiwiZGF0YSI6eyJkYXRhIjpbeyJwbHVnaW4iOiJ3c20iLCJwYXJhbWV0ZXJzIjoie1wicmVmZXJyZXJcIjpcIlwiLFwic3R1YklkXCI6XCJcIn0ifSx7InBsdWdpbiI6IndudCIsInBhcmFtZXRlcnMiOiJ7XCJyZWZlcnJlclwiOlwiXCJ9In0seyJwbHVnaW4iOiJ1YSIsInBhcmFtZXRlcnMiOiJ7fSJ9LHsicGx1Z2luIjoiYWJuIiwicGFyYW1ldGVycyI6IntcImlzQ3NzVXJsSW5qZWN0ZWRcIjpmYWxzZX0ifSx7InBsdWdpbiI6ImFibl9zaGFkb3ciLCJwYXJhbWV0ZXJzIjoie1wiaXNDc3NVcmxJbmplY3RlZFwiOmZhbHNlfSJ9XX0sImlzVG9wTGV2ZWwiOnRydWUsInBhZ2VTdGFydFRpbWUiOjE3ODUxMDYyNzYyNjEsIm5hdmlnYXRpb25TdGFydFRpbWUiOjE3ODUxMDYyNzU1MzB9&nocache=1a2e1&tm=2026-07-26T23%3A09%3A16.152Z:0
[ 1080661ms] [ERROR] Failed to load resource: net::ERR_FAILED @ https://gc.kis.v2.scr.kaspersky-labs.com/7D8B79A2-8974-4D7B-A76A-F4F29624C06BOSxDTLheSV66Hsf0i1yRUXAy8NkjYorxIG_uaN1dmJ5Wvd2xA3apQXvET0QVAF1JEaoPV6BKADfMsM6k4U-tLg/init?data=eyJ1cmwiOiJodHRwczovL2FwcHN0b3JlY29ubmVjdC5hcHBsZS5jb20vYXBwcy82Nzg5OTEzMTg2L2Rpc3RyaWJ1dGlvbi9pb3MvdmVyc2lvbi9pbmZsaWdodCIsInBsdWdpbnMiOiJ3c20mY2EmdnMmd250JnVhJmFibiZhYm5fc2hhZG93JmNiIiwiZGF0YSI6eyJkYXRhIjpbeyJwbHVnaW4iOiJ3c20iLCJwYXJhbWV0ZXJzIjoie1wicmVmZXJyZXJcIjpcIlwiLFwic3R1YklkXCI6XCJcIn0ifSx7InBsdWdpbiI6IndudCIsInBhcmFtZXRlcnMiOiJ7XCJyZWZlcnJlclwiOlwiXCJ9In0seyJwbHVnaW4iOiJ1YSIsInBhcmFtZXRlcnMiOiJ7fSJ9LHsicGx1Z2luIjoiYWJuIiwicGFyYW1ldGVycyI6IntcImlzQ3NzVXJsSW5qZWN0ZWRcIjpmYWxzZX0ifSx7InBsdWdpbiI6ImFibl9zaGFkb3ciLCJwYXJhbWV0ZXJzIjoie1wiaXNDc3NVcmxJbmplY3RlZFwiOmZhbHNlfSJ9XX0sImlzVG9wTGV2ZWwiOnRydWUsInBhZ2VTdGFydFRpbWUiOjE3ODUxMDYyNzYyNjEsIm5hdmlnYXRpb25TdGFydFRpbWUiOjE3ODUxMDYyNzU1MzB9&nocache=1ea36&tm=2026-07-26T23%3A09%3A16.169Z&second=true:0
[ 1110642ms] [ERROR] Failed to load resource: net::ERR_FAILED @ https://gc.kis.v2.scr.kaspersky-labs.com/7D8B79A2-8974-4D7B-A76A-F4F29624C06BOSxDTLheSV66Hsf0i1yRUXAy8NkjYorxIG_uaN1dmJ5Wvd2xA3apQXvET0QVAF1JEaoPV6BKADfMsM6k4U-tLg/init?data=eyJ1cmwiOiJodHRwczovL2FwcHN0b3JlY29ubmVjdC5hcHBsZS5jb20vYXBwcy82Nzg5OTEzMTg2L2Rpc3RyaWJ1dGlvbi9pb3MvdmVyc2lvbi9pbmZsaWdodCIsInBsdWdpbnMiOiJ3c20mY2EmdnMmd250JnVhJmFibiZhYm5fc2hhZG93JmNiIiwiZGF0YSI6eyJkYXRhIjpbeyJwbHVnaW4iOiJ3c20iLCJwYXJhbWV0ZXJzIjoie1wicmVmZXJyZXJcIjpcIlwiLFwic3R1YklkXCI6XCJcIn0ifSx7InBsdWdpbiI6IndudCIsInBhcmFtZXRlcnMiOiJ7XCJyZWZlcnJlclwiOlwiXCJ9In0seyJwbHVnaW4iOiJ1YSIsInBhcmFtZXRlcnMiOiJ7fSJ9LHsicGx1Z2luIjoiYWJuIiwicGFyYW1ldGVycyI6IntcImlzQ3NzVXJsSW5qZWN0ZWRcIjpmYWxzZX0ifSx7InBsdWdpbiI6ImFibl9zaGFkb3ciLCJwYXJhbWV0ZXJzIjoie1wiaXNDc3NVcmxJbmplY3RlZFwiOmZhbHNlfSJ9XX0sImlzVG9wTGV2ZWwiOnRydWUsInBhZ2VTdGFydFRpbWUiOjE3ODUxMDYyNzYyNjEsIm5hdmlnYXRpb25TdGFydFRpbWUiOjE3ODUxMDYyNzU1MzB9&nocache=1ed6b&tm=2026-07-26T23%3A09%3A46.158Z:0
[ 1110649ms] [ERROR] Failed to load resource: net::ERR_FAILED @ https://gc.kis.v2.scr.kaspersky-labs.com/7D8B79A2-8974-4D7B-A76A-F4F29624C06BOSxDTLheSV66Hsf0i1yRUXAy8NkjYorxIG_uaN1dmJ5Wvd2xA3apQXvET0QVAF1JEaoPV6BKADfMsM6k4U-tLg/init?data=eyJ1cmwiOiJodHRwczovL2FwcHN0b3JlY29ubmVjdC5hcHBsZS5jb20vYXBwcy82Nzg5OTEzMTg2L2Rpc3RyaWJ1dGlvbi9pb3MvdmVyc2lvbi9pbmZsaWdodCIsInBsdWdpbnMiOiJ3c20mY2EmdnMmd250JnVhJmFibiZhYm5fc2hhZG93JmNiIiwiZGF0YSI6eyJkYXRhIjpbeyJwbHVnaW4iOiJ3c20iLCJwYXJhbWV0ZXJzIjoie1wicmVmZXJyZXJcIjpcIlwiLFwic3R1YklkXCI6XCJcIn0ifSx7InBsdWdpbiI6IndudCIsInBhcmFtZXRlcnMiOiJ7XCJyZWZlcnJlclwiOlwiXCJ9In0seyJwbHVnaW4iOiJ1YSIsInBhcmFtZXRlcnMiOiJ7fSJ9LHsicGx1Z2luIjoiYWJuIiwicGFyYW1ldGVycyI6IntcImlzQ3NzVXJsSW5qZWN0ZWRcIjpmYWxzZX0ifSx7InBsdWdpbiI6ImFibl9zaGFkb3ciLCJwYXJhbWV0ZXJzIjoie1wiaXNDc3NVcmxJbmplY3RlZFwiOmZhbHNlfSJ9XX0sImlzVG9wTGV2ZWwiOnRydWUsInBhZ2VTdGFydFRpbWUiOjE3ODUxMDYyNzYyNjEsIm5hdmlnYXRpb25TdGFydFRpbWUiOjE3ODUxMDYyNzU1MzB9&nocache=107d9&tm=2026-07-26T23%3A09%3A46.164Z&second=true:0
[ 1140637ms] [ERROR] Failed to load resource: net::ERR_FAILED @ https://gc.kis.v2.scr.kaspersky-labs.com/7D8B79A2-8974-4D7B-A76A-F4F29624C06BOSxDTLheSV66Hsf0i1yRUXAy8NkjYorxIG_uaN1dmJ5Wvd2xA3apQXvET0QVAF1JEaoPV6BKADfMsM6k4U-tLg/init?data=eyJ1cmwiOiJodHRwczovL2FwcHN0b3JlY29ubmVjdC5hcHBsZS5jb20vYXBwcy82Nzg5OTEzMTg2L2Rpc3RyaWJ1dGlvbi9pb3MvdmVyc2lvbi9pbmZsaWdodCIsInBsdWdpbnMiOiJ3c20mY2EmdnMmd250JnVhJmFibiZhYm5fc2hhZG93JmNiIiwiZGF0YSI6eyJkYXRhIjpbeyJwbHVnaW4iOiJ3c20iLCJwYXJhbWV0ZXJzIjoie1wicmVmZXJyZXJcIjpcIlwiLFwic3R1YklkXCI6XCJcIn0ifSx7InBsdWdpbiI6IndudCIsInBhcmFtZXRlcnMiOiJ7XCJyZWZlcnJlclwiOlwiXCJ9In0seyJwbHVnaW4iOiJ1YSIsInBhcmFtZXRlcnMiOiJ7fSJ9LHsicGx1Z2luIjoiYWJuIiwicGFyYW1ldGVycyI6IntcImlzQ3NzVXJsSW5qZWN0ZWRcIjpmYWxzZX0ifSx7InBsdWdpbiI6ImFibl9zaGFkb3ciLCJwYXJhbWV0ZXJzIjoie1wiaXNDc3NVcmxJbmplY3RlZFwiOmZhbHNlfSJ9XX0sImlzVG9wTGV2ZWwiOnRydWUsInBhZ2VTdGFydFRpbWUiOjE3ODUxMDYyNzYyNjEsIm5hdmlnYXRpb25TdGFydFRpbWUiOjE3ODUxMDYyNzU1MzB9&nocache=13c31&tm=2026-07-26T23%3A10%3A16.148Z:0
[ 1140650ms] [ERROR] Failed to load resource: net::ERR_FAILED @ https://gc.kis.v2.scr.kaspersky-labs.com/7D8B79A2-8974-4D7B-A76A-F4F29624C06BOSxDTLheSV66Hsf0i1yRUXAy8NkjYorxIG_uaN1dmJ5Wvd2xA3apQXvET0QVAF1JEaoPV6BKADfMsM6k4U-tLg/init?data=eyJ1cmwiOiJodHRwczovL2FwcHN0b3JlY29ubmVjdC5hcHBsZS5jb20vYXBwcy82Nzg5OTEzMTg2L2Rpc3RyaWJ1dGlvbi9pb3MvdmVyc2lvbi9pbmZsaWdodCIsInBsdWdpbnMiOiJ3c20mY2EmdnMmd250JnVhJmFibiZhYm5fc2hhZG93JmNiIiwiZGF0YSI6eyJkYXRhIjpbeyJwbHVnaW4iOiJ3c20iLCJwYXJhbWV0ZXJzIjoie1wicmVmZXJyZXJcIjpcIlwiLFwic3R1YklkXCI6XCJcIn0ifSx7InBsdWdpbiI6IndudCIsInBhcmFtZXRlcnMiOiJ7XCJyZWZlcnJlclwiOlwiXCJ9In0seyJwbHVnaW4iOiJ1YSIsInBhcmFtZXRlcnMiOiJ7fSJ9LHsicGx1Z2luIjoiYWJuIiwicGFyYW1ldGVycyI6IntcImlzQ3NzVXJsSW5qZWN0ZWRcIjpmYWxzZX0ifSx7InBsdWdpbiI6ImFibl9zaGFkb3ciLCJwYXJhbWV0ZXJzIjoie1wiaXNDc3NVcmxJbmplY3RlZFwiOmZhbHNlfSJ9XX0sImlzVG9wTGV2ZWwiOnRydWUsInBhZ2VTdGFydFRpbWUiOjE3ODUxMDYyNzYyNjEsIm5hdmlnYXRpb25TdGFydFRpbWUiOjE3ODUxMDYyNzU1MzB9&nocache=12275&tm=2026-07-26T23%3A10%3A16.159Z&second=true:0
[ 1170640ms] [ERROR] Failed to load resource: net::ERR_FAILED @ https://gc.kis.v2.scr.kaspersky-labs.com/7D8B79A2-8974-4D7B-A76A-F4F29624C06BOSxDTLheSV66Hsf0i1yRUXAy8NkjYorxIG_uaN1dmJ5Wvd2xA3apQXvET0QVAF1JEaoPV6BKADfMsM6k4U-tLg/init?data=eyJ1cmwiOiJodHRwczovL2FwcHN0b3JlY29ubmVjdC5hcHBsZS5jb20vYXBwcy82Nzg5OTEzMTg2L2Rpc3RyaWJ1dGlvbi9pb3MvdmVyc2lvbi9pbmZsaWdodCIsInBsdWdpbnMiOiJ3c20mY2EmdnMmd250JnVhJmFibiZhYm5fc2hhZG93JmNiIiwiZGF0YSI6eyJkYXRhIjpbeyJwbHVnaW4iOiJ3c20iLCJwYXJhbWV0ZXJzIjoie1wicmVmZXJyZXJcIjpcIlwiLFwic3R1YklkXCI6XCJcIn0ifSx7InBsdWdpbiI6IndudCIsInBhcmFtZXRlcnMiOiJ7XCJyZWZlcnJlclwiOlwiXCJ9In0seyJwbHVnaW4iOiJ1YSIsInBhcmFtZXRlcnMiOiJ7fSJ9LHsicGx1Z2luIjoiYWJuIiwicGFyYW1ldGVycyI6IntcImlzQ3NzVXJsSW5qZWN0ZWRcIjpmYWxzZX0ifSx7InBsdWdpbiI6ImFibl9zaGFkb3ciLCJwYXJhbWV0ZXJzIjoie1wiaXNDc3NVcmxJbmplY3RlZFwiOmZhbHNlfSJ9XX0sImlzVG9wTGV2ZWwiOnRydWUsInBhZ2VTdGFydFRpbWUiOjE3ODUxMDYyNzYyNjEsIm5hdmlnYXRpb25TdGFydFRpbWUiOjE3ODUxMDYyNzU1MzB9&nocache=119f1&tm=2026-07-26T23%3A10%3A46.151Z:0
[ 1170655ms] [ERROR] Failed to load resource: net::ERR_FAILED @ https://gc.kis.v2.scr.kaspersky-labs.com/7D8B79A2-8974-4D7B-A76A-F4F29624C06BOSxDTLheSV66Hsf0i1yRUXAy8NkjYorxIG_uaN1dmJ5Wvd2xA3apQXvET0QVAF1JEaoPV6BKADfMsM6k4U-tLg/init?data=eyJ1cmwiOiJodHRwczovL2FwcHN0b3JlY29ubmVjdC5hcHBsZS5jb20vYXBwcy82Nzg5OTEzMTg2L2Rpc3RyaWJ1dGlvbi9pb3MvdmVyc2lvbi9pbmZsaWdodCIsInBsdWdpbnMiOiJ3c20mY2EmdnMmd250JnVhJmFibiZhYm5fc2hhZG93JmNiIiwiZGF0YSI6eyJkYXRhIjpbeyJwbHVnaW4iOiJ3c20iLCJwYXJhbWV0ZXJzIjoie1wicmVmZXJyZXJcIjpcIlwiLFwic3R1YklkXCI6XCJcIn0ifSx7InBsdWdpbiI6IndudCIsInBhcmFtZXRlcnMiOiJ7XCJyZWZlcnJlclwiOlwiXCJ9In0seyJwbHVnaW4iOiJ1YSIsInBhcmFtZXRlcnMiOiJ7fSJ9LHsicGx1Z2luIjoiYWJuIiwicGFyYW1ldGVycyI6IntcImlzQ3NzVXJsSW5qZWN0ZWRcIjpmYWxzZX0ifSx7InBsdWdpbiI6ImFibl9zaGFkb3ciLCJwYXJhbWV0ZXJzIjoie1wiaXNDc3NVcmxJbmplY3RlZFwiOmZhbHNlfSJ9XX0sImlzVG9wTGV2ZWwiOnRydWUsInBhZ2VTdGFydFRpbWUiOjE3ODUxMDYyNzYyNjEsIm5hdmlnYXRpb25TdGFydFRpbWUiOjE3ODUxMDYyNzU1MzB9&nocache=15a08&tm=2026-07-26T23%3A10%3A46.162Z&second=true:0
[ 1200651ms] [ERROR] Failed to load resource: net::ERR_FAILED @ https://gc.kis.v2.scr.kaspersky-labs.com/7D8B79A2-8974-4D7B-A76A-F4F29624C06BOSxDTLheSV66Hsf0i1yRUXAy8NkjYorxIG_uaN1dmJ5Wvd2xA3apQXvET0QVAF1JEaoPV6BKADfMsM6k4U-tLg/init?data=eyJ1cmwiOiJodHRwczovL2FwcHN0b3JlY29ubmVjdC5hcHBsZS5jb20vYXBwcy82Nzg5OTEzMTg2L2Rpc3RyaWJ1dGlvbi9pb3MvdmVyc2lvbi9pbmZsaWdodCIsInBsdWdpbnMiOiJ3c20mY2EmdnMmd250JnVhJmFibiZhYm5fc2hhZG93JmNiIiwiZGF0YSI6eyJkYXRhIjpbeyJwbHVnaW4iOiJ3c20iLCJwYXJhbWV0ZXJzIjoie1wicmVmZXJyZXJcIjpcIlwiLFwic3R1YklkXCI6XCJcIn0ifSx7InBsdWdpbiI6IndudCIsInBhcmFtZXRlcnMiOiJ7XCJyZWZlcnJlclwiOlwiXCJ9In0seyJwbHVnaW4iOiJ1YSIsInBhcmFtZXRlcnMiOiJ7fSJ9LHsicGx1Z2luIjoiYWJuIiwicGFyYW1ldGVycyI6IntcImlzQ3NzVXJsSW5qZWN0ZWRcIjpmYWxzZX0ifSx7InBsdWdpbiI6ImFibl9zaGFkb3ciLCJwYXJhbWV0ZXJzIjoie1wiaXNDc3NVcmxJbmplY3RlZFwiOmZhbHNlfSJ9XX0sImlzVG9wTGV2ZWwiOnRydWUsInBhZ2VTdGFydFRpbWUiOjE3ODUxMDYyNzYyNjEsIm5hdmlnYXRpb25TdGFydFRpbWUiOjE3ODUxMDYyNzU1MzB9&nocache=1cd78&tm=2026-07-26T23%3A11%3A16.162Z:0
[ 1200663ms] [ERROR] Failed to load resource: net::ERR_FAILED @ https://gc.kis.v2.scr.kaspersky-labs.com/7D8B79A2-8974-4D7B-A76A-F4F29624C06BOSxDTLheSV66Hsf0i1yRUXAy8NkjYorxIG_uaN1dmJ5Wvd2xA3apQXvET0QVAF1JEaoPV6BKADfMsM6k4U-tLg/init?data=eyJ1cmwiOiJodHRwczovL2FwcHN0b3JlY29ubmVjdC5hcHBsZS5jb20vYXBwcy82Nzg5OTEzMTg2L2Rpc3RyaWJ1dGlvbi9pb3MvdmVyc2lvbi9pbmZsaWdodCIsInBsdWdpbnMiOiJ3c20mY2EmdnMmd250JnVhJmFibiZhYm5fc2hhZG93JmNiIiwiZGF0YSI6eyJkYXRhIjpbeyJwbHVnaW4iOiJ3c20iLCJwYXJhbWV0ZXJzIjoie1wicmVmZXJyZXJcIjpcIlwiLFwic3R1YklkXCI6XCJcIn0ifSx7InBsdWdpbiI6IndudCIsInBhcmFtZXRlcnMiOiJ7XCJyZWZlcnJlclwiOlwiXCJ9In0seyJwbHVnaW4iOiJ1YSIsInBhcmFtZXRlcnMiOiJ7fSJ9LHsicGx1Z2luIjoiYWJuIiwicGFyYW1ldGVycyI6IntcImlzQ3NzVXJsSW5qZWN0ZWRcIjpmYWxzZX0ifSx7InBsdWdpbiI6ImFibl9zaGFkb3ciLCJwYXJhbWV0ZXJzIjoie1wiaXNDc3NVcmxJbmplY3RlZFwiOmZhbHNlfSJ9XX0sImlzVG9wTGV2ZWwiOnRydWUsInBhZ2VTdGFydFRpbWUiOjE3ODUxMDYyNzYyNjEsIm5hdmlnYXRpb25TdGFydFRpbWUiOjE3ODUxMDYyNzU1MzB9&nocache=189e4&tm=2026-07-26T23%3A11%3A16.173Z&second=true:0
[ 1230640ms] [ERROR] Failed to load resource: net::ERR_FAILED @ https://gc.kis.v2.scr.kaspersky-labs.com/7D8B79A2-8974-4D7B-A76A-F4F29624C06BOSxDTLheSV66Hsf0i1yRUXAy8NkjYorxIG_uaN1dmJ5Wvd2xA3apQXvET0QVAF1JEaoPV6BKADfMsM6k4U-tLg/init?data=eyJ1cmwiOiJodHRwczovL2FwcHN0b3JlY29ubmVjdC5hcHBsZS5jb20vYXBwcy82Nzg5OTEzMTg2L2Rpc3RyaWJ1dGlvbi9pb3MvdmVyc2lvbi9pbmZsaWdodCIsInBsdWdpbnMiOiJ3c20mY2EmdnMmd250JnVhJmFibiZhYm5fc2hhZG93JmNiIiwiZGF0YSI6eyJkYXRhIjpbeyJwbHVnaW4iOiJ3c20iLCJwYXJhbWV0ZXJzIjoie1wicmVmZXJyZXJcIjpcIlwiLFwic3R1YklkXCI6XCJcIn0ifSx7InBsdWdpbiI6IndudCIsInBhcmFtZXRlcnMiOiJ7XCJyZWZlcnJlclwiOlwiXCJ9In0seyJwbHVnaW4iOiJ1YSIsInBhcmFtZXRlcnMiOiJ7fSJ9LHsicGx1Z2luIjoiYWJuIiwicGFyYW1ldGVycyI6IntcImlzQ3NzVXJsSW5qZWN0ZWRcIjpmYWxzZX0ifSx7InBsdWdpbiI6ImFibl9zaGFkb3ciLCJwYXJhbWV0ZXJzIjoie1wiaXNDc3NVcmxJbmplY3RlZFwiOmZhbHNlfSJ9XX0sImlzVG9wTGV2ZWwiOnRydWUsInBhZ2VTdGFydFRpbWUiOjE3ODUxMDYyNzYyNjEsIm5hdmlnYXRpb25TdGFydFRpbWUiOjE3ODUxMDYyNzU1MzB9&nocache=145fe&tm=2026-07-26T23%3A11%3A46.154Z:0
[ 1230646ms] [ERROR] Failed to load resource: net::ERR_FAILED @ https://gc.kis.v2.scr.kaspersky-labs.com/7D8B79A2-8974-4D7B-A76A-F4F29624C06BOSxDTLheSV66Hsf0i1yRUXAy8NkjYorxIG_uaN1dmJ5Wvd2xA3apQXvET0QVAF1JEaoPV6BKADfMsM6k4U-tLg/init?data=eyJ1cmwiOiJodHRwczovL2FwcHN0b3JlY29ubmVjdC5hcHBsZS5jb20vYXBwcy82Nzg5OTEzMTg2L2Rpc3RyaWJ1dGlvbi9pb3MvdmVyc2lvbi9pbmZsaWdodCIsInBsdWdpbnMiOiJ3c20mY2EmdnMmd250JnVhJmFibiZhYm5fc2hhZG93JmNiIiwiZGF0YSI6eyJkYXRhIjpbeyJwbHVnaW4iOiJ3c20iLCJwYXJhbWV0ZXJzIjoie1wicmVmZXJyZXJcIjpcIlwiLFwic3R1YklkXCI6XCJcIn0ifSx7InBsdWdpbiI6IndudCIsInBhcmFtZXRlcnMiOiJ7XCJyZWZlcnJlclwiOlwiXCJ9In0seyJwbHVnaW4iOiJ1YSIsInBhcmFtZXRlcnMiOiJ7fSJ9LHsicGx1Z2luIjoiYWJuIiwicGFyYW1ldGVycyI6IntcImlzQ3NzVXJsSW5qZWN0ZWRcIjpmYWxzZX0ifSx7InBsdWdpbiI6ImFibl9zaGFkb3ciLCJwYXJhbWV0ZXJzIjoie1wiaXNDc3NVcmxJbmplY3RlZFwiOmZhbHNlfSJ9XX0sImlzVG9wTGV2ZWwiOnRydWUsInBhZ2VTdGFydFRpbWUiOjE3ODUxMDYyNzYyNjEsIm5hdmlnYXRpb25TdGFydFRpbWUiOjE3ODUxMDYyNzU1MzB9&nocache=17a06&tm=2026-07-26T23%3A11%3A46.161Z&second=true:0
[ 1260645ms] [ERROR] Failed to load resource: net::ERR_FAILED @ https://gc.kis.v2.scr.kaspersky-labs.com/7D8B79A2-8974-4D7B-A76A-F4F29624C06BOSxDTLheSV66Hsf0i1yRUXAy8NkjYorxIG_uaN1dmJ5Wvd2xA3apQXvET0QVAF1JEaoPV6BKADfMsM6k4U-tLg/init?data=eyJ1cmwiOiJodHRwczovL2FwcHN0b3JlY29ubmVjdC5hcHBsZS5jb20vYXBwcy82Nzg5OTEzMTg2L2Rpc3RyaWJ1dGlvbi9pb3MvdmVyc2lvbi9pbmZsaWdodCIsInBsdWdpbnMiOiJ3c20mY2EmdnMmd250JnVhJmFibiZhYm5fc2hhZG93JmNiIiwiZGF0YSI6eyJkYXRhIjpbeyJwbHVnaW4iOiJ3c20iLCJwYXJhbWV0ZXJzIjoie1wicmVmZXJyZXJcIjpcIlwiLFwic3R1YklkXCI6XCJcIn0ifSx7InBsdWdpbiI6IndudCIsInBhcmFtZXRlcnMiOiJ7XCJyZWZlcnJlclwiOlwiXCJ9In0seyJwbHVnaW4iOiJ1YSIsInBhcmFtZXRlcnMiOiJ7fSJ9LHsicGx1Z2luIjoiYWJuIiwicGFyYW1ldGVycyI6IntcImlzQ3NzVXJsSW5qZWN0ZWRcIjpmYWxzZX0ifSx7InBsdWdpbiI6ImFibl9zaGFkb3ciLCJwYXJhbWV0ZXJzIjoie1wiaXNDc3NVcmxJbmplY3RlZFwiOmZhbHNlfSJ9XX0sImlzVG9wTGV2ZWwiOnRydWUsInBhZ2VTdGFydFRpbWUiOjE3ODUxMDYyNzYyNjEsIm5hdmlnYXRpb25TdGFydFRpbWUiOjE3ODUxMDYyNzU1MzB9&nocache=101ae&tm=2026-07-26T23%3A12%3A16.155Z:0
[ 1260659ms] [ERROR] Failed to load resource: net::ERR_FAILED @ https://gc.kis.v2.scr.kaspersky-labs.com/7D8B79A2-8974-4D7B-A76A-F4F29624C06BOSxDTLheSV66Hsf0i1yRUXAy8NkjYorxIG_uaN1dmJ5Wvd2xA3apQXvET0QVAF1JEaoPV6BKADfMsM6k4U-tLg/init?data=eyJ1cmwiOiJodHRwczovL2FwcHN0b3JlY29ubmVjdC5hcHBsZS5jb20vYXBwcy82Nzg5OTEzMTg2L2Rpc3RyaWJ1dGlvbi9pb3MvdmVyc2lvbi9pbmZsaWdodCIsInBsdWdpbnMiOiJ3c20mY2EmdnMmd250JnVhJmFibiZhYm5fc2hhZG93JmNiIiwiZGF0YSI6eyJkYXRhIjpbeyJwbHVnaW4iOiJ3c20iLCJwYXJhbWV0ZXJzIjoie1wicmVmZXJyZXJcIjpcIlwiLFwic3R1YklkXCI6XCJcIn0ifSx7InBsdWdpbiI6IndudCIsInBhcmFtZXRlcnMiOiJ7XCJyZWZlcnJlclwiOlwiXCJ9In0seyJwbHVnaW4iOiJ1YSIsInBhcmFtZXRlcnMiOiJ7fSJ9LHsicGx1Z2luIjoiYWJuIiwicGFyYW1ldGVycyI6IntcImlzQ3NzVXJsSW5qZWN0ZWRcIjpmYWxzZX0ifSx7InBsdWdpbiI6ImFibl9zaGFkb3ciLCJwYXJhbWV0ZXJzIjoie1wiaXNDc3NVcmxJbmplY3RlZFwiOmZhbHNlfSJ9XX0sImlzVG9wTGV2ZWwiOnRydWUsInBhZ2VTdGFydFRpbWUiOjE3ODUxMDYyNzYyNjEsIm5hdmlnYXRpb25TdGFydFRpbWUiOjE3ODUxMDYyNzU1MzB9&nocache=14b37&tm=2026-07-26T23%3A12%3A16.167Z&second=true:0
[ 1290629ms] [ERROR] Failed to load resource: net::ERR_FAILED @ https://gc.kis.v2.scr.kaspersky-labs.com/7D8B79A2-8974-4D7B-A76A-F4F29624C06BOSxDTLheSV66Hsf0i1yRUXAy8NkjYorxIG_uaN1dmJ5Wvd2xA3apQXvET0QVAF1JEaoPV6BKADfMsM6k4U-tLg/init?data=eyJ1cmwiOiJodHRwczovL2FwcHN0b3JlY29ubmVjdC5hcHBsZS5jb20vYXBwcy82Nzg5OTEzMTg2L2Rpc3RyaWJ1dGlvbi9pb3MvdmVyc2lvbi9pbmZsaWdodCIsInBsdWdpbnMiOiJ3c20mY2EmdnMmd250JnVhJmFibiZhYm5fc2hhZG93JmNiIiwiZGF0YSI6eyJkYXRhIjpbeyJwbHVnaW4iOiJ3c20iLCJwYXJhbWV0ZXJzIjoie1wicmVmZXJyZXJcIjpcIlwiLFwic3R1YklkXCI6XCJcIn0ifSx7InBsdWdpbiI6IndudCIsInBhcmFtZXRlcnMiOiJ7XCJyZWZlcnJlclwiOlwiXCJ9In0seyJwbHVnaW4iOiJ1YSIsInBhcmFtZXRlcnMiOiJ7fSJ9LHsicGx1Z2luIjoiYWJuIiwicGFyYW1ldGVycyI6IntcImlzQ3NzVXJsSW5qZWN0ZWRcIjpmYWxzZX0ifSx7InBsdWdpbiI6ImFibl9zaGFkb3ciLCJwYXJhbWV0ZXJzIjoie1wiaXNDc3NVcmxJbmplY3RlZFwiOmZhbHNlfSJ9XX0sImlzVG9wTGV2ZWwiOnRydWUsInBhZ2VTdGFydFRpbWUiOjE3ODUxMDYyNzYyNjEsIm5hdmlnYXRpb25TdGFydFRpbWUiOjE3ODUxMDYyNzU1MzB9&nocache=193e9&tm=2026-07-26T23%3A12%3A46.143Z:0
[ 1290640ms] [ERROR] Failed to load resource: net::ERR_FAILED @ https://gc.kis.v2.scr.kaspersky-labs.com/7D8B79A2-8974-4D7B-A76A-F4F29624C06BOSxDTLheSV66Hsf0i1yRUXAy8NkjYorxIG_uaN1dmJ5Wvd2xA3apQXvET0QVAF1JEaoPV6BKADfMsM6k4U-tLg/init?data=eyJ1cmwiOiJodHRwczovL2FwcHN0b3JlY29ubmVjdC5hcHBsZS5jb20vYXBwcy82Nzg5OTEzMTg2L2Rpc3RyaWJ1dGlvbi9pb3MvdmVyc2lvbi9pbmZsaWdodCIsInBsdWdpbnMiOiJ3c20mY2EmdnMmd250JnVhJmFibiZhYm5fc2hhZG93JmNiIiwiZGF0YSI6eyJkYXRhIjpbeyJwbHVnaW4iOiJ3c20iLCJwYXJhbWV0ZXJzIjoie1wicmVmZXJyZXJcIjpcIlwiLFwic3R1YklkXCI6XCJcIn0ifSx7InBsdWdpbiI6IndudCIsInBhcmFtZXRlcnMiOiJ7XCJyZWZlcnJlclwiOlwiXCJ9In0seyJwbHVnaW4iOiJ1YSIsInBhcmFtZXRlcnMiOiJ7fSJ9LHsicGx1Z2luIjoiYWJuIiwicGFyYW1ldGVycyI6IntcImlzQ3NzVXJsSW5qZWN0ZWRcIjpmYWxzZX0ifSx7InBsdWdpbiI6ImFibl9zaGFkb3ciLCJwYXJhbWV0ZXJzIjoie1wiaXNDc3NVcmxJbmplY3RlZFwiOmZhbHNlfSJ9XX0sImlzVG9wTGV2ZWwiOnRydWUsInBhZ2VTdGFydFRpbWUiOjE3ODUxMDYyNzYyNjEsIm5hdmlnYXRpb25TdGFydFRpbWUiOjE3ODUxMDYyNzU1MzB9&nocache=1dd64&tm=2026-07-26T23%3A12%3A46.152Z&second=true:0
[ 1320643ms] [ERROR] Failed to load resource: net::ERR_FAILED @ https://gc.kis.v2.scr.kaspersky-labs.com/7D8B79A2-8974-4D7B-A76A-F4F29624C06BOSxDTLheSV66Hsf0i1yRUXAy8NkjYorxIG_uaN1dmJ5Wvd2xA3apQXvET0QVAF1JEaoPV6BKADfMsM6k4U-tLg/init?data=eyJ1cmwiOiJodHRwczovL2FwcHN0b3JlY29ubmVjdC5hcHBsZS5jb20vYXBwcy82Nzg5OTEzMTg2L2Rpc3RyaWJ1dGlvbi9pb3MvdmVyc2lvbi9pbmZsaWdodCIsInBsdWdpbnMiOiJ3c20mY2EmdnMmd250JnVhJmFibiZhYm5fc2hhZG93JmNiIiwiZGF0YSI6eyJkYXRhIjpbeyJwbHVnaW4iOiJ3c20iLCJwYXJhbWV0ZXJzIjoie1wicmVmZXJyZXJcIjpcIlwiLFwic3R1YklkXCI6XCJcIn0ifSx7InBsdWdpbiI6IndudCIsInBhcmFtZXRlcnMiOiJ7XCJyZWZlcnJlclwiOlwiXCJ9In0seyJwbHVnaW4iOiJ1YSIsInBhcmFtZXRlcnMiOiJ7fSJ9LHsicGx1Z2luIjoiYWJuIiwicGFyYW1ldGVycyI6IntcImlzQ3NzVXJsSW5qZWN0ZWRcIjpmYWxzZX0ifSx7InBsdWdpbiI6ImFibl9zaGFkb3ciLCJwYXJhbWV0ZXJzIjoie1wiaXNDc3NVcmxJbmplY3RlZFwiOmZhbHNlfSJ9XX0sImlzVG9wTGV2ZWwiOnRydWUsInBhZ2VTdGFydFRpbWUiOjE3ODUxMDYyNzYyNjEsIm5hdmlnYXRpb25TdGFydFRpbWUiOjE3ODUxMDYyNzU1MzB9&nocache=12237&tm=2026-07-26T23%3A13%3A16.155Z:0
[ 1320656ms] [ERROR] Failed to load resource: net::ERR_FAILED @ https://gc.kis.v2.scr.kaspersky-labs.com/7D8B79A2-8974-4D7B-A76A-F4F29624C06BOSxDTLheSV66Hsf0i1yRUXAy8NkjYorxIG_uaN1dmJ5Wvd2xA3apQXvET0QVAF1JEaoPV6BKADfMsM6k4U-tLg/init?data=eyJ1cmwiOiJodHRwczovL2FwcHN0b3JlY29ubmVjdC5hcHBsZS5jb20vYXBwcy82Nzg5OTEzMTg2L2Rpc3RyaWJ1dGlvbi9pb3MvdmVyc2lvbi9pbmZsaWdodCIsInBsdWdpbnMiOiJ3c20mY2EmdnMmd250JnVhJmFibiZhYm5fc2hhZG93JmNiIiwiZGF0YSI6eyJkYXRhIjpbeyJwbHVnaW4iOiJ3c20iLCJwYXJhbWV0ZXJzIjoie1wicmVmZXJyZXJcIjpcIlwiLFwic3R1YklkXCI6XCJcIn0ifSx7InBsdWdpbiI6IndudCIsInBhcmFtZXRlcnMiOiJ7XCJyZWZlcnJlclwiOlwiXCJ9In0seyJwbHVnaW4iOiJ1YSIsInBhcmFtZXRlcnMiOiJ7fSJ9LHsicGx1Z2luIjoiYWJuIiwicGFyYW1ldGVycyI6IntcImlzQ3NzVXJsSW5qZWN0ZWRcIjpmYWxzZX0ifSx7InBsdWdpbiI6ImFibl9zaGFkb3ciLCJwYXJhbWV0ZXJzIjoie1wiaXNDc3NVcmxJbmplY3RlZFwiOmZhbHNlfSJ9XX0sImlzVG9wTGV2ZWwiOnRydWUsInBhZ2VTdGFydFRpbWUiOjE3ODUxMDYyNzYyNjEsIm5hdmlnYXRpb25TdGFydFRpbWUiOjE3ODUxMDYyNzU1MzB9&nocache=1df24&tm=2026-07-26T23%3A13%3A16.165Z&second=true:0
[ 1350650ms] [ERROR] Failed to load resource: net::ERR_FAILED @ https://gc.kis.v2.scr.kaspersky-labs.com/7D8B79A2-8974-4D7B-A76A-F4F29624C06BOSxDTLheSV66Hsf0i1yRUXAy8NkjYorxIG_uaN1dmJ5Wvd2xA3apQXvET0QVAF1JEaoPV6BKADfMsM6k4U-tLg/init?data=eyJ1cmwiOiJodHRwczovL2FwcHN0b3JlY29ubmVjdC5hcHBsZS5jb20vYXBwcy82Nzg5OTEzMTg2L2Rpc3RyaWJ1dGlvbi9pb3MvdmVyc2lvbi9pbmZsaWdodCIsInBsdWdpbnMiOiJ3c20mY2EmdnMmd250JnVhJmFibiZhYm5fc2hhZG93JmNiIiwiZGF0YSI6eyJkYXRhIjpbeyJwbHVnaW4iOiJ3c20iLCJwYXJhbWV0ZXJzIjoie1wicmVmZXJyZXJcIjpcIlwiLFwic3R1YklkXCI6XCJcIn0ifSx7InBsdWdpbiI6IndudCIsInBhcmFtZXRlcnMiOiJ7XCJyZWZlcnJlclwiOlwiXCJ9In0seyJwbHVnaW4iOiJ1YSIsInBhcmFtZXRlcnMiOiJ7fSJ9LHsicGx1Z2luIjoiYWJuIiwicGFyYW1ldGVycyI6IntcImlzQ3NzVXJsSW5qZWN0ZWRcIjpmYWxzZX0ifSx7InBsdWdpbiI6ImFibl9zaGFkb3ciLCJwYXJhbWV0ZXJzIjoie1wiaXNDc3NVcmxJbmplY3RlZFwiOmZhbHNlfSJ9XX0sImlzVG9wTGV2ZWwiOnRydWUsInBhZ2VTdGFydFRpbWUiOjE3ODUxMDYyNzYyNjEsIm5hdmlnYXRpb25TdGFydFRpbWUiOjE3ODUxMDYyNzU1MzB9&nocache=142de&tm=2026-07-26T23%3A13%3A46.153Z:0
[ 1350665ms] [ERROR] Failed to load resource: net::ERR_FAILED @ https://gc.kis.v2.scr.kaspersky-labs.com/7D8B79A2-8974-4D7B-A76A-F4F29624C06BOSxDTLheSV66Hsf0i1yRUXAy8NkjYorxIG_uaN1dmJ5Wvd2xA3apQXvET0QVAF1JEaoPV6BKADfMsM6k4U-tLg/init?data=eyJ1cmwiOiJodHRwczovL2FwcHN0b3JlY29ubmVjdC5hcHBsZS5jb20vYXBwcy82Nzg5OTEzMTg2L2Rpc3RyaWJ1dGlvbi9pb3MvdmVyc2lvbi9pbmZsaWdodCIsInBsdWdpbnMiOiJ3c20mY2EmdnMmd250JnVhJmFibiZhYm5fc2hhZG93JmNiIiwiZGF0YSI6eyJkYXRhIjpbeyJwbHVnaW4iOiJ3c20iLCJwYXJhbWV0ZXJzIjoie1wicmVmZXJyZXJcIjpcIlwiLFwic3R1YklkXCI6XCJcIn0ifSx7InBsdWdpbiI6IndudCIsInBhcmFtZXRlcnMiOiJ7XCJyZWZlcnJlclwiOlwiXCJ9In0seyJwbHVnaW4iOiJ1YSIsInBhcmFtZXRlcnMiOiJ7fSJ9LHsicGx1Z2luIjoiYWJuIiwicGFyYW1ldGVycyI6IntcImlzQ3NzVXJsSW5qZWN0ZWRcIjpmYWxzZX0ifSx7InBsdWdpbiI6ImFibl9zaGFkb3ciLCJwYXJhbWV0ZXJzIjoie1wiaXNDc3NVcmxJbmplY3RlZFwiOmZhbHNlfSJ9XX0sImlzVG9wTGV2ZWwiOnRydWUsInBhZ2VTdGFydFRpbWUiOjE3ODUxMDYyNzYyNjEsIm5hdmlnYXRpb25TdGFydFRpbWUiOjE3ODUxMDYyNzU1MzB9&nocache=1a923&tm=2026-07-26T23%3A13%3A46.172Z&second=true:0
[ 1380640ms] [ERROR] Failed to load resource: net::ERR_FAILED @ https://gc.kis.v2.scr.kaspersky-labs.com/7D8B79A2-8974-4D7B-A76A-F4F29624C06BOSxDTLheSV66Hsf0i1yRUXAy8NkjYorxIG_uaN1dmJ5Wvd2xA3apQXvET0QVAF1JEaoPV6BKADfMsM6k4U-tLg/init?data=eyJ1cmwiOiJodHRwczovL2FwcHN0b3JlY29ubmVjdC5hcHBsZS5jb20vYXBwcy82Nzg5OTEzMTg2L2Rpc3RyaWJ1dGlvbi9pb3MvdmVyc2lvbi9pbmZsaWdodCIsInBsdWdpbnMiOiJ3c20mY2EmdnMmd250JnVhJmFibiZhYm5fc2hhZG93JmNiIiwiZGF0YSI6eyJkYXRhIjpbeyJwbHVnaW4iOiJ3c20iLCJwYXJhbWV0ZXJzIjoie1wicmVmZXJyZXJcIjpcIlwiLFwic3R1YklkXCI6XCJcIn0ifSx7InBsdWdpbiI6IndudCIsInBhcmFtZXRlcnMiOiJ7XCJyZWZlcnJlclwiOlwiXCJ9In0seyJwbHVnaW4iOiJ1YSIsInBhcmFtZXRlcnMiOiJ7fSJ9LHsicGx1Z2luIjoiYWJuIiwicGFyYW1ldGVycyI6IntcImlzQ3NzVXJsSW5qZWN0ZWRcIjpmYWxzZX0ifSx7InBsdWdpbiI6ImFibl9zaGFkb3ciLCJwYXJhbWV0ZXJzIjoie1wiaXNDc3NVcmxJbmplY3RlZFwiOmZhbHNlfSJ9XX0sImlzVG9wTGV2ZWwiOnRydWUsInBhZ2VTdGFydFRpbWUiOjE3ODUxMDYyNzYyNjEsIm5hdmlnYXRpb25TdGFydFRpbWUiOjE3ODUxMDYyNzU1MzB9&nocache=1c1f1&tm=2026-07-26T23%3A14%3A16.150Z:0
[ 1380651ms] [ERROR] Failed to load resource: net::ERR_FAILED @ https://gc.kis.v2.scr.kaspersky-labs.com/7D8B79A2-8974-4D7B-A76A-F4F29624C06BOSxDTLheSV66Hsf0i1yRUXAy8NkjYorxIG_uaN1dmJ5Wvd2xA3apQXvET0QVAF1JEaoPV6BKADfMsM6k4U-tLg/init?data=eyJ1cmwiOiJodHRwczovL2FwcHN0b3JlY29ubmVjdC5hcHBsZS5jb20vYXBwcy82Nzg5OTEzMTg2L2Rpc3RyaWJ1dGlvbi9pb3MvdmVyc2lvbi9pbmZsaWdodCIsInBsdWdpbnMiOiJ3c20mY2EmdnMmd250JnVhJmFibiZhYm5fc2hhZG93JmNiIiwiZGF0YSI6eyJkYXRhIjpbeyJwbHVnaW4iOiJ3c20iLCJwYXJhbWV0ZXJzIjoie1wicmVmZXJyZXJcIjpcIlwiLFwic3R1YklkXCI6XCJcIn0ifSx7InBsdWdpbiI6IndudCIsInBhcmFtZXRlcnMiOiJ7XCJyZWZlcnJlclwiOlwiXCJ9In0seyJwbHVnaW4iOiJ1YSIsInBhcmFtZXRlcnMiOiJ7fSJ9LHsicGx1Z2luIjoiYWJuIiwicGFyYW1ldGVycyI6IntcImlzQ3NzVXJsSW5qZWN0ZWRcIjpmYWxzZX0ifSx7InBsdWdpbiI6ImFibl9zaGFkb3ciLCJwYXJhbWV0ZXJzIjoie1wiaXNDc3NVcmxJbmplY3RlZFwiOmZhbHNlfSJ9XX0sImlzVG9wTGV2ZWwiOnRydWUsInBhZ2VTdGFydFRpbWUiOjE3ODUxMDYyNzYyNjEsIm5hdmlnYXRpb25TdGFydFRpbWUiOjE3ODUxMDYyNzU1MzB9&nocache=18915&tm=2026-07-26T23%3A14%3A16.162Z&second=true:0
[ 1410645ms] [ERROR] Failed to load resource: net::ERR_FAILED @ https://gc.kis.v2.scr.kaspersky-labs.com/7D8B79A2-8974-4D7B-A76A-F4F29624C06BOSxDTLheSV66Hsf0i1yRUXAy8NkjYorxIG_uaN1dmJ5Wvd2xA3apQXvET0QVAF1JEaoPV6BKADfMsM6k4U-tLg/init?data=eyJ1cmwiOiJodHRwczovL2FwcHN0b3JlY29ubmVjdC5hcHBsZS5jb20vYXBwcy82Nzg5OTEzMTg2L2Rpc3RyaWJ1dGlvbi9pb3MvdmVyc2lvbi9pbmZsaWdodCIsInBsdWdpbnMiOiJ3c20mY2EmdnMmd250JnVhJmFibiZhYm5fc2hhZG93JmNiIiwiZGF0YSI6eyJkYXRhIjpbeyJwbHVnaW4iOiJ3c20iLCJwYXJhbWV0ZXJzIjoie1wicmVmZXJyZXJcIjpcIlwiLFwic3R1YklkXCI6XCJcIn0ifSx7InBsdWdpbiI6IndudCIsInBhcmFtZXRlcnMiOiJ7XCJyZWZlcnJlclwiOlwiXCJ9In0seyJwbHVnaW4iOiJ1YSIsInBhcmFtZXRlcnMiOiJ7fSJ9LHsicGx1Z2luIjoiYWJuIiwicGFyYW1ldGVycyI6IntcImlzQ3NzVXJsSW5qZWN0ZWRcIjpmYWxzZX0ifSx7InBsdWdpbiI6ImFibl9zaGFkb3ciLCJwYXJhbWV0ZXJzIjoie1wiaXNDc3NVcmxJbmplY3RlZFwiOmZhbHNlfSJ9XX0sImlzVG9wTGV2ZWwiOnRydWUsInBhZ2VTdGFydFRpbWUiOjE3ODUxMDYyNzYyNjEsIm5hdmlnYXRpb25TdGFydFRpbWUiOjE3ODUxMDYyNzU1MzB9&nocache=12421&tm=2026-07-26T23%3A14%3A46.151Z:0
[ 1410653ms] [ERROR] Failed to load resource: net::ERR_FAILED @ https://gc.kis.v2.scr.kaspersky-labs.com/7D8B79A2-8974-4D7B-A76A-F4F29624C06BOSxDTLheSV66Hsf0i1yRUXAy8NkjYorxIG_uaN1dmJ5Wvd2xA3apQXvET0QVAF1JEaoPV6BKADfMsM6k4U-tLg/init?data=eyJ1cmwiOiJodHRwczovL2FwcHN0b3JlY29ubmVjdC5hcHBsZS5jb20vYXBwcy82Nzg5OTEzMTg2L2Rpc3RyaWJ1dGlvbi9pb3MvdmVyc2lvbi9pbmZsaWdodCIsInBsdWdpbnMiOiJ3c20mY2EmdnMmd250JnVhJmFibiZhYm5fc2hhZG93JmNiIiwiZGF0YSI6eyJkYXRhIjpbeyJwbHVnaW4iOiJ3c20iLCJwYXJhbWV0ZXJzIjoie1wicmVmZXJyZXJcIjpcIlwiLFwic3R1YklkXCI6XCJcIn0ifSx7InBsdWdpbiI6IndudCIsInBhcmFtZXRlcnMiOiJ7XCJyZWZlcnJlclwiOlwiXCJ9In0seyJwbHVnaW4iOiJ1YSIsInBhcmFtZXRlcnMiOiJ7fSJ9LHsicGx1Z2luIjoiYWJuIiwicGFyYW1ldGVycyI6IntcImlzQ3NzVXJsSW5qZWN0ZWRcIjpmYWxzZX0ifSx7InBsdWdpbiI6ImFibl9zaGFkb3ciLCJwYXJhbWV0ZXJzIjoie1wiaXNDc3NVcmxJbmplY3RlZFwiOmZhbHNlfSJ9XX0sImlzVG9wTGV2ZWwiOnRydWUsInBhZ2VTdGFydFRpbWUiOjE3ODUxMDYyNzYyNjEsIm5hdmlnYXRpb25TdGFydFRpbWUiOjE3ODUxMDYyNzU1MzB9&nocache=1147b&tm=2026-07-26T23%3A14%3A46.167Z&second=true:0
[ 1440643ms] [ERROR] Failed to load resource: net::ERR_FAILED @ https://gc.kis.v2.scr.kaspersky-labs.com/7D8B79A2-8974-4D7B-A76A-F4F29624C06BOSxDTLheSV66Hsf0i1yRUXAy8NkjYorxIG_uaN1dmJ5Wvd2xA3apQXvET0QVAF1JEaoPV6BKADfMsM6k4U-tLg/init?data=eyJ1cmwiOiJodHRwczovL2FwcHN0b3JlY29ubmVjdC5hcHBsZS5jb20vYXBwcy82Nzg5OTEzMTg2L2Rpc3RyaWJ1dGlvbi9pb3MvdmVyc2lvbi9pbmZsaWdodCIsInBsdWdpbnMiOiJ3c20mY2EmdnMmd250JnVhJmFibiZhYm5fc2hhZG93JmNiIiwiZGF0YSI6eyJkYXRhIjpbeyJwbHVnaW4iOiJ3c20iLCJwYXJhbWV0ZXJzIjoie1wicmVmZXJyZXJcIjpcIlwiLFwic3R1YklkXCI6XCJcIn0ifSx7InBsdWdpbiI6IndudCIsInBhcmFtZXRlcnMiOiJ7XCJyZWZlcnJlclwiOlwiXCJ9In0seyJwbHVnaW4iOiJ1YSIsInBhcmFtZXRlcnMiOiJ7fSJ9LHsicGx1Z2luIjoiYWJuIiwicGFyYW1ldGVycyI6IntcImlzQ3NzVXJsSW5qZWN0ZWRcIjpmYWxzZX0ifSx7InBsdWdpbiI6ImFibl9zaGFkb3ciLCJwYXJhbWV0ZXJzIjoie1wiaXNDc3NVcmxJbmplY3RlZFwiOmZhbHNlfSJ9XX0sImlzVG9wTGV2ZWwiOnRydWUsInBhZ2VTdGFydFRpbWUiOjE3ODUxMDYyNzYyNjEsIm5hdmlnYXRpb25TdGFydFRpbWUiOjE3ODUxMDYyNzU1MzB9&nocache=14afa&tm=2026-07-26T23%3A15%3A16.149Z:0
[ 1440651ms] [ERROR] Failed to load resource: net::ERR_FAILED @ https://gc.kis.v2.scr.kaspersky-labs.com/7D8B79A2-8974-4D7B-A76A-F4F29624C06BOSxDTLheSV66Hsf0i1yRUXAy8NkjYorxIG_uaN1dmJ5Wvd2xA3apQXvET0QVAF1JEaoPV6BKADfMsM6k4U-tLg/init?data=eyJ1cmwiOiJodHRwczovL2FwcHN0b3JlY29ubmVjdC5hcHBsZS5jb20vYXBwcy82Nzg5OTEzMTg2L2Rpc3RyaWJ1dGlvbi9pb3MvdmVyc2lvbi9pbmZsaWdodCIsInBsdWdpbnMiOiJ3c20mY2EmdnMmd250JnVhJmFibiZhYm5fc2hhZG93JmNiIiwiZGF0YSI6eyJkYXRhIjpbeyJwbHVnaW4iOiJ3c20iLCJwYXJhbWV0ZXJzIjoie1wicmVmZXJyZXJcIjpcIlwiLFwic3R1YklkXCI6XCJcIn0ifSx7InBsdWdpbiI6IndudCIsInBhcmFtZXRlcnMiOiJ7XCJyZWZlcnJlclwiOlwiXCJ9In0seyJwbHVnaW4iOiJ1YSIsInBhcmFtZXRlcnMiOiJ7fSJ9LHsicGx1Z2luIjoiYWJuIiwicGFyYW1ldGVycyI6IntcImlzQ3NzVXJsSW5qZWN0ZWRcIjpmYWxzZX0ifSx7InBsdWdpbiI6ImFibl9zaGFkb3ciLCJwYXJhbWV0ZXJzIjoie1wiaXNDc3NVcmxJbmplY3RlZFwiOmZhbHNlfSJ9XX0sImlzVG9wTGV2ZWwiOnRydWUsInBhZ2VTdGFydFRpbWUiOjE3ODUxMDYyNzYyNjEsIm5hdmlnYXRpb25TdGFydFRpbWUiOjE3ODUxMDYyNzU1MzB9&nocache=1aa34&tm=2026-07-26T23%3A15%3A16.164Z&second=true:0
[ 1470691ms] [ERROR] Failed to load resource: net::ERR_FAILED @ https://gc.kis.v2.scr.kaspersky-labs.com/7D8B79A2-8974-4D7B-A76A-F4F29624C06BOSxDTLheSV66Hsf0i1yRUXAy8NkjYorxIG_uaN1dmJ5Wvd2xA3apQXvET0QVAF1JEaoPV6BKADfMsM6k4U-tLg/init?data=eyJ1cmwiOiJodHRwczovL2FwcHN0b3JlY29ubmVjdC5hcHBsZS5jb20vYXBwcy82Nzg5OTEzMTg2L2Rpc3RyaWJ1dGlvbi9pb3MvdmVyc2lvbi9pbmZsaWdodCIsInBsdWdpbnMiOiJ3c20mY2EmdnMmd250JnVhJmFibiZhYm5fc2hhZG93JmNiIiwiZGF0YSI6eyJkYXRhIjpbeyJwbHVnaW4iOiJ3c20iLCJwYXJhbWV0ZXJzIjoie1wicmVmZXJyZXJcIjpcIlwiLFwic3R1YklkXCI6XCJcIn0ifSx7InBsdWdpbiI6IndudCIsInBhcmFtZXRlcnMiOiJ7XCJyZWZlcnJlclwiOlwiXCJ9In0seyJwbHVnaW4iOiJ1YSIsInBhcmFtZXRlcnMiOiJ7fSJ9LHsicGx1Z2luIjoiYWJuIiwicGFyYW1ldGVycyI6IntcImlzQ3NzVXJsSW5qZWN0ZWRcIjpmYWxzZX0ifSx7InBsdWdpbiI6ImFibl9zaGFkb3ciLCJwYXJhbWV0ZXJzIjoie1wiaXNDc3NVcmxJbmplY3RlZFwiOmZhbHNlfSJ9XX0sImlzVG9wTGV2ZWwiOnRydWUsInBhZ2VTdGFydFRpbWUiOjE3ODUxMDYyNzYyNjEsIm5hdmlnYXRpb25TdGFydFRpbWUiOjE3ODUxMDYyNzU1MzB9&nocache=106f5&tm=2026-07-26T23%3A15%3A46.175Z:0
[ 1470701ms] [ERROR] Failed to load resource: net::ERR_FAILED @ https://gc.kis.v2.scr.kaspersky-labs.com/7D8B79A2-8974-4D7B-A76A-F4F29624C06BOSxDTLheSV66Hsf0i1yRUXAy8NkjYorxIG_uaN1dmJ5Wvd2xA3apQXvET0QVAF1JEaoPV6BKADfMsM6k4U-tLg/init?data=eyJ1cmwiOiJodHRwczovL2FwcHN0b3JlY29ubmVjdC5hcHBsZS5jb20vYXBwcy82Nzg5OTEzMTg2L2Rpc3RyaWJ1dGlvbi9pb3MvdmVyc2lvbi9pbmZsaWdodCIsInBsdWdpbnMiOiJ3c20mY2EmdnMmd250JnVhJmFibiZhYm5fc2hhZG93JmNiIiwiZGF0YSI6eyJkYXRhIjpbeyJwbHVnaW4iOiJ3c20iLCJwYXJhbWV0ZXJzIjoie1wicmVmZXJyZXJcIjpcIlwiLFwic3R1YklkXCI6XCJcIn0ifSx7InBsdWdpbiI6IndudCIsInBhcmFtZXRlcnMiOiJ7XCJyZWZlcnJlclwiOlwiXCJ9In0seyJwbHVnaW4iOiJ1YSIsInBhcmFtZXRlcnMiOiJ7fSJ9LHsicGx1Z2luIjoiYWJuIiwicGFyYW1ldGVycyI6IntcImlzQ3NzVXJsSW5qZWN0ZWRcIjpmYWxzZX0ifSx7InBsdWdpbiI6ImFibl9zaGFkb3ciLCJwYXJhbWV0ZXJzIjoie1wiaXNDc3NVcmxJbmplY3RlZFwiOmZhbHNlfSJ9XX0sImlzVG9wTGV2ZWwiOnRydWUsInBhZ2VTdGFydFRpbWUiOjE3ODUxMDYyNzYyNjEsIm5hdmlnYXRpb25TdGFydFRpbWUiOjE3ODUxMDYyNzU1MzB9&nocache=15db7&tm=2026-07-26T23%3A15%3A46.213Z&second=true:0
[ 1500633ms] [ERROR] Failed to load resource: net::ERR_FAILED @ https://gc.kis.v2.scr.kaspersky-labs.com/7D8B79A2-8974-4D7B-A76A-F4F29624C06BOSxDTLheSV66Hsf0i1yRUXAy8NkjYorxIG_uaN1dmJ5Wvd2xA3apQXvET0QVAF1JEaoPV6BKADfMsM6k4U-tLg/init?data=eyJ1cmwiOiJodHRwczovL2FwcHN0b3JlY29ubmVjdC5hcHBsZS5jb20vYXBwcy82Nzg5OTEzMTg2L2Rpc3RyaWJ1dGlvbi9pb3MvdmVyc2lvbi9pbmZsaWdodCIsInBsdWdpbnMiOiJ3c20mY2EmdnMmd250JnVhJmFibiZhYm5fc2hhZG93JmNiIiwiZGF0YSI6eyJkYXRhIjpbeyJwbHVnaW4iOiJ3c20iLCJwYXJhbWV0ZXJzIjoie1wicmVmZXJyZXJcIjpcIlwiLFwic3R1YklkXCI6XCJcIn0ifSx7InBsdWdpbiI6IndudCIsInBhcmFtZXRlcnMiOiJ7XCJyZWZlcnJlclwiOlwiXCJ9In0seyJwbHVnaW4iOiJ1YSIsInBhcmFtZXRlcnMiOiJ7fSJ9LHsicGx1Z2luIjoiYWJuIiwicGFyYW1ldGVycyI6IntcImlzQ3NzVXJsSW5qZWN0ZWRcIjpmYWxzZX0ifSx7InBsdWdpbiI6ImFibl9zaGFkb3ciLCJwYXJhbWV0ZXJzIjoie1wiaXNDc3NVcmxJbmplY3RlZFwiOmZhbHNlfSJ9XX0sImlzVG9wTGV2ZWwiOnRydWUsInBhZ2VTdGFydFRpbWUiOjE3ODUxMDYyNzYyNjEsIm5hdmlnYXRpb25TdGFydFRpbWUiOjE3ODUxMDYyNzU1MzB9&nocache=1980a&tm=2026-07-26T23%3A16%3A16.147Z:0
[ 1500643ms] [ERROR] Failed to load resource: net::ERR_FAILED @ https://gc.kis.v2.scr.kaspersky-labs.com/7D8B79A2-8974-4D7B-A76A-F4F29624C06BOSxDTLheSV66Hsf0i1yRUXAy8NkjYorxIG_uaN1dmJ5Wvd2xA3apQXvET0QVAF1JEaoPV6BKADfMsM6k4U-tLg/init?data=eyJ1cmwiOiJodHRwczovL2FwcHN0b3JlY29ubmVjdC5hcHBsZS5jb20vYXBwcy82Nzg5OTEzMTg2L2Rpc3RyaWJ1dGlvbi9pb3MvdmVyc2lvbi9pbmZsaWdodCIsInBsdWdpbnMiOiJ3c20mY2EmdnMmd250JnVhJmFibiZhYm5fc2hhZG93JmNiIiwiZGF0YSI6eyJkYXRhIjpbeyJwbHVnaW4iOiJ3c20iLCJwYXJhbWV0ZXJzIjoie1wicmVmZXJyZXJcIjpcIlwiLFwic3R1YklkXCI6XCJcIn0ifSx7InBsdWdpbiI6IndudCIsInBhcmFtZXRlcnMiOiJ7XCJyZWZlcnJlclwiOlwiXCJ9In0seyJwbHVnaW4iOiJ1YSIsInBhcmFtZXRlcnMiOiJ7fSJ9LHsicGx1Z2luIjoiYWJuIiwicGFyYW1ldGVycyI6IntcImlzQ3NzVXJsSW5qZWN0ZWRcIjpmYWxzZX0ifSx7InBsdWdpbiI6ImFibl9zaGFkb3ciLCJwYXJhbWV0ZXJzIjoie1wiaXNDc3NVcmxJbmplY3RlZFwiOmZhbHNlfSJ9XX0sImlzVG9wTGV2ZWwiOnRydWUsInBhZ2VTdGFydFRpbWUiOjE3ODUxMDYyNzYyNjEsIm5hdmlnYXRpb25TdGFydFRpbWUiOjE3ODUxMDYyNzU1MzB9&nocache=10ebe&tm=2026-07-26T23%3A16%3A16.155Z&second=true:0
[ 1530639ms] [ERROR] Failed to load resource: net::ERR_FAILED @ https://gc.kis.v2.scr.kaspersky-labs.com/7D8B79A2-8974-4D7B-A76A-F4F29624C06BOSxDTLheSV66Hsf0i1yRUXAy8NkjYorxIG_uaN1dmJ5Wvd2xA3apQXvET0QVAF1JEaoPV6BKADfMsM6k4U-tLg/init?data=eyJ1cmwiOiJodHRwczovL2FwcHN0b3JlY29ubmVjdC5hcHBsZS5jb20vYXBwcy82Nzg5OTEzMTg2L2Rpc3RyaWJ1dGlvbi9pb3MvdmVyc2lvbi9pbmZsaWdodCIsInBsdWdpbnMiOiJ3c20mY2EmdnMmd250JnVhJmFibiZhYm5fc2hhZG93JmNiIiwiZGF0YSI6eyJkYXRhIjpbeyJwbHVnaW4iOiJ3c20iLCJwYXJhbWV0ZXJzIjoie1wicmVmZXJyZXJcIjpcIlwiLFwic3R1YklkXCI6XCJcIn0ifSx7InBsdWdpbiI6IndudCIsInBhcmFtZXRlcnMiOiJ7XCJyZWZlcnJlclwiOlwiXCJ9In0seyJwbHVnaW4iOiJ1YSIsInBhcmFtZXRlcnMiOiJ7fSJ9LHsicGx1Z2luIjoiYWJuIiwicGFyYW1ldGVycyI6IntcImlzQ3NzVXJsSW5qZWN0ZWRcIjpmYWxzZX0ifSx7InBsdWdpbiI6ImFibl9zaGFkb3ciLCJwYXJhbWV0ZXJzIjoie1wiaXNDc3NVcmxJbmplY3RlZFwiOmZhbHNlfSJ9XX0sImlzVG9wTGV2ZWwiOnRydWUsInBhZ2VTdGFydFRpbWUiOjE3ODUxMDYyNzYyNjEsIm5hdmlnYXRpb25TdGFydFRpbWUiOjE3ODUxMDYyNzU1MzB9&nocache=1b25c&tm=2026-07-26T23%3A16%3A46.149Z:0
[ 1530652ms] [ERROR] Failed to load resource: net::ERR_FAILED @ https://gc.kis.v2.scr.kaspersky-labs.com/7D8B79A2-8974-4D7B-A76A-F4F29624C06BOSxDTLheSV66Hsf0i1yRUXAy8NkjYorxIG_uaN1dmJ5Wvd2xA3apQXvET0QVAF1JEaoPV6BKADfMsM6k4U-tLg/init?data=eyJ1cmwiOiJodHRwczovL2FwcHN0b3JlY29ubmVjdC5hcHBsZS5jb20vYXBwcy82Nzg5OTEzMTg2L2Rpc3RyaWJ1dGlvbi9pb3MvdmVyc2lvbi9pbmZsaWdodCIsInBsdWdpbnMiOiJ3c20mY2EmdnMmd250JnVhJmFibiZhYm5fc2hhZG93JmNiIiwiZGF0YSI6eyJkYXRhIjpbeyJwbHVnaW4iOiJ3c20iLCJwYXJhbWV0ZXJzIjoie1wicmVmZXJyZXJcIjpcIlwiLFwic3R1YklkXCI6XCJcIn0ifSx7InBsdWdpbiI6IndudCIsInBhcmFtZXRlcnMiOiJ7XCJyZWZlcnJlclwiOlwiXCJ9In0seyJwbHVnaW4iOiJ1YSIsInBhcmFtZXRlcnMiOiJ7fSJ9LHsicGx1Z2luIjoiYWJuIiwicGFyYW1ldGVycyI6IntcImlzQ3NzVXJsSW5qZWN0ZWRcIjpmYWxzZX0ifSx7InBsdWdpbiI6ImFibl9zaGFkb3ciLCJwYXJhbWV0ZXJzIjoie1wiaXNDc3NVcmxJbmplY3RlZFwiOmZhbHNlfSJ9XX0sImlzVG9wTGV2ZWwiOnRydWUsInBhZ2VTdGFydFRpbWUiOjE3ODUxMDYyNzYyNjEsIm5hdmlnYXRpb25TdGFydFRpbWUiOjE3ODUxMDYyNzU1MzB9&nocache=19ddd&tm=2026-07-26T23%3A16%3A46.161Z&second=true:0
[ 1560753ms] [ERROR] Failed to load resource: net::ERR_FAILED @ https://gc.kis.v2.scr.kaspersky-labs.com/7D8B79A2-8974-4D7B-A76A-F4F29624C06BOSxDTLheSV66Hsf0i1yRUXAy8NkjYorxIG_uaN1dmJ5Wvd2xA3apQXvET0QVAF1JEaoPV6BKADfMsM6k4U-tLg/init?data=eyJ1cmwiOiJodHRwczovL2FwcHN0b3JlY29ubmVjdC5hcHBsZS5jb20vYXBwcy82Nzg5OTEzMTg2L2Rpc3RyaWJ1dGlvbi9pb3MvdmVyc2lvbi9pbmZsaWdodCIsInBsdWdpbnMiOiJ3c20mY2EmdnMmd250JnVhJmFibiZhYm5fc2hhZG93JmNiIiwiZGF0YSI6eyJkYXRhIjpbeyJwbHVnaW4iOiJ3c20iLCJwYXJhbWV0ZXJzIjoie1wicmVmZXJyZXJcIjpcIlwiLFwic3R1YklkXCI6XCJcIn0ifSx7InBsdWdpbiI6IndudCIsInBhcmFtZXRlcnMiOiJ7XCJyZWZlcnJlclwiOlwiXCJ9In0seyJwbHVnaW4iOiJ1YSIsInBhcmFtZXRlcnMiOiJ7fSJ9LHsicGx1Z2luIjoiYWJuIiwicGFyYW1ldGVycyI6IntcImlzQ3NzVXJsSW5qZWN0ZWRcIjpmYWxzZX0ifSx7InBsdWdpbiI6ImFibl9zaGFkb3ciLCJwYXJhbWV0ZXJzIjoie1wiaXNDc3NVcmxJbmplY3RlZFwiOmZhbHNlfSJ9XX0sImlzVG9wTGV2ZWwiOnRydWUsInBhZ2VTdGFydFRpbWUiOjE3ODUxMDYyNzYyNjEsIm5hdmlnYXRpb25TdGFydFRpbWUiOjE3ODUxMDYyNzU1MzB9&nocache=13de4&tm=2026-07-26T23%3A17%3A16.260Z:0
[ 1560766ms] [ERROR] Failed to load resource: net::ERR_FAILED @ https://gc.kis.v2.scr.kaspersky-labs.com/7D8B79A2-8974-4D7B-A76A-F4F29624C06BOSxDTLheSV66Hsf0i1yRUXAy8NkjYorxIG_uaN1dmJ5Wvd2xA3apQXvET0QVAF1JEaoPV6BKADfMsM6k4U-tLg/init?data=eyJ1cmwiOiJodHRwczovL2FwcHN0b3JlY29ubmVjdC5hcHBsZS5jb20vYXBwcy82Nzg5OTEzMTg2L2Rpc3RyaWJ1dGlvbi9pb3MvdmVyc2lvbi9pbmZsaWdodCIsInBsdWdpbnMiOiJ3c20mY2EmdnMmd250JnVhJmFibiZhYm5fc2hhZG93JmNiIiwiZGF0YSI6eyJkYXRhIjpbeyJwbHVnaW4iOiJ3c20iLCJwYXJhbWV0ZXJzIjoie1wicmVmZXJyZXJcIjpcIlwiLFwic3R1YklkXCI6XCJcIn0ifSx7InBsdWdpbiI6IndudCIsInBhcmFtZXRlcnMiOiJ7XCJyZWZlcnJlclwiOlwiXCJ9In0seyJwbHVnaW4iOiJ1YSIsInBhcmFtZXRlcnMiOiJ7fSJ9LHsicGx1Z2luIjoiYWJuIiwicGFyYW1ldGVycyI6IntcImlzQ3NzVXJsSW5qZWN0ZWRcIjpmYWxzZX0ifSx7InBsdWdpbiI6ImFibl9zaGFkb3ciLCJwYXJhbWV0ZXJzIjoie1wiaXNDc3NVcmxJbmplY3RlZFwiOmZhbHNlfSJ9XX0sImlzVG9wTGV2ZWwiOnRydWUsInBhZ2VTdGFydFRpbWUiOjE3ODUxMDYyNzYyNjEsIm5hdmlnYXRpb25TdGFydFRpbWUiOjE3ODUxMDYyNzU1MzB9&nocache=168b8&tm=2026-07-26T23%3A17%3A16.276Z&second=true:0
[ 1590644ms] [ERROR] Failed to load resource: net::ERR_FAILED @ https://gc.kis.v2.scr.kaspersky-labs.com/7D8B79A2-8974-4D7B-A76A-F4F29624C06BOSxDTLheSV66Hsf0i1yRUXAy8NkjYorxIG_uaN1dmJ5Wvd2xA3apQXvET0QVAF1JEaoPV6BKADfMsM6k4U-tLg/init?data=eyJ1cmwiOiJodHRwczovL2FwcHN0b3JlY29ubmVjdC5hcHBsZS5jb20vYXBwcy82Nzg5OTEzMTg2L2Rpc3RyaWJ1dGlvbi9pb3MvdmVyc2lvbi9pbmZsaWdodCIsInBsdWdpbnMiOiJ3c20mY2EmdnMmd250JnVhJmFibiZhYm5fc2hhZG93JmNiIiwiZGF0YSI6eyJkYXRhIjpbeyJwbHVnaW4iOiJ3c20iLCJwYXJhbWV0ZXJzIjoie1wicmVmZXJyZXJcIjpcIlwiLFwic3R1YklkXCI6XCJcIn0ifSx7InBsdWdpbiI6IndudCIsInBhcmFtZXRlcnMiOiJ7XCJyZWZlcnJlclwiOlwiXCJ9In0seyJwbHVnaW4iOiJ1YSIsInBhcmFtZXRlcnMiOiJ7fSJ9LHsicGx1Z2luIjoiYWJuIiwicGFyYW1ldGVycyI6IntcImlzQ3NzVXJsSW5qZWN0ZWRcIjpmYWxzZX0ifSx7InBsdWdpbiI6ImFibl9zaGFkb3ciLCJwYXJhbWV0ZXJzIjoie1wiaXNDc3NVcmxJbmplY3RlZFwiOmZhbHNlfSJ9XX0sImlzVG9wTGV2ZWwiOnRydWUsInBhZ2VTdGFydFRpbWUiOjE3ODUxMDYyNzYyNjEsIm5hdmlnYXRpb25TdGFydFRpbWUiOjE3ODUxMDYyNzU1MzB9&nocache=19ef3&tm=2026-07-26T23%3A17%3A46.153Z:0
[ 1590660ms] [ERROR] Failed to load resource: net::ERR_FAILED @ https://gc.kis.v2.scr.kaspersky-labs.com/7D8B79A2-8974-4D7B-A76A-F4F29624C06BOSxDTLheSV66Hsf0i1yRUXAy8NkjYorxIG_uaN1dmJ5Wvd2xA3apQXvET0QVAF1JEaoPV6BKADfMsM6k4U-tLg/init?data=eyJ1cmwiOiJodHRwczovL2FwcHN0b3JlY29ubmVjdC5hcHBsZS5jb20vYXBwcy82Nzg5OTEzMTg2L2Rpc3RyaWJ1dGlvbi9pb3MvdmVyc2lvbi9pbmZsaWdodCIsInBsdWdpbnMiOiJ3c20mY2EmdnMmd250JnVhJmFibiZhYm5fc2hhZG93JmNiIiwiZGF0YSI6eyJkYXRhIjpbeyJwbHVnaW4iOiJ3c20iLCJwYXJhbWV0ZXJzIjoie1wicmVmZXJyZXJcIjpcIlwiLFwic3R1YklkXCI6XCJcIn0ifSx7InBsdWdpbiI6IndudCIsInBhcmFtZXRlcnMiOiJ7XCJyZWZlcnJlclwiOlwiXCJ9In0seyJwbHVnaW4iOiJ1YSIsInBhcmFtZXRlcnMiOiJ7fSJ9LHsicGx1Z2luIjoiYWJuIiwicGFyYW1ldGVycyI6IntcImlzQ3NzVXJsSW5qZWN0ZWRcIjpmYWxzZX0ifSx7InBsdWdpbiI6ImFibl9zaGFkb3ciLCJwYXJhbWV0ZXJzIjoie1wiaXNDc3NVcmxJbmplY3RlZFwiOmZhbHNlfSJ9XX0sImlzVG9wTGV2ZWwiOnRydWUsInBhZ2VTdGFydFRpbWUiOjE3ODUxMDYyNzYyNjEsIm5hdmlnYXRpb25TdGFydFRpbWUiOjE3ODUxMDYyNzU1MzB9&nocache=1f012&tm=2026-07-26T23%3A17%3A46.167Z&second=true:0
[ 1620634ms] [ERROR] Failed to load resource: net::ERR_FAILED @ https://gc.kis.v2.scr.kaspersky-labs.com/7D8B79A2-8974-4D7B-A76A-F4F29624C06BOSxDTLheSV66Hsf0i1yRUXAy8NkjYorxIG_uaN1dmJ5Wvd2xA3apQXvET0QVAF1JEaoPV6BKADfMsM6k4U-tLg/init?data=eyJ1cmwiOiJodHRwczovL2FwcHN0b3JlY29ubmVjdC5hcHBsZS5jb20vYXBwcy82Nzg5OTEzMTg2L2Rpc3RyaWJ1dGlvbi9pb3MvdmVyc2lvbi9pbmZsaWdodCIsInBsdWdpbnMiOiJ3c20mY2EmdnMmd250JnVhJmFibiZhYm5fc2hhZG93JmNiIiwiZGF0YSI6eyJkYXRhIjpbeyJwbHVnaW4iOiJ3c20iLCJwYXJhbWV0ZXJzIjoie1wicmVmZXJyZXJcIjpcIlwiLFwic3R1YklkXCI6XCJcIn0ifSx7InBsdWdpbiI6IndudCIsInBhcmFtZXRlcnMiOiJ7XCJyZWZlcnJlclwiOlwiXCJ9In0seyJwbHVnaW4iOiJ1YSIsInBhcmFtZXRlcnMiOiJ7fSJ9LHsicGx1Z2luIjoiYWJuIiwicGFyYW1ldGVycyI6IntcImlzQ3NzVXJsSW5qZWN0ZWRcIjpmYWxzZX0ifSx7InBsdWdpbiI6ImFibl9zaGFkb3ciLCJwYXJhbWV0ZXJzIjoie1wiaXNDc3NVcmxJbmplY3RlZFwiOmZhbHNlfSJ9XX0sImlzVG9wTGV2ZWwiOnRydWUsInBhZ2VTdGFydFRpbWUiOjE3ODUxMDYyNzYyNjEsIm5hdmlnYXRpb25TdGFydFRpbWUiOjE3ODUxMDYyNzU1MzB9&nocache=12bb8&tm=2026-07-26T23%3A18%3A16.139Z:0
[ 1620646ms] [ERROR] Failed to load resource: net::ERR_FAILED @ https://gc.kis.v2.scr.kaspersky-labs.com/7D8B79A2-8974-4D7B-A76A-F4F29624C06BOSxDTLheSV66Hsf0i1yRUXAy8NkjYorxIG_uaN1dmJ5Wvd2xA3apQXvET0QVAF1JEaoPV6BKADfMsM6k4U-tLg/init?data=eyJ1cmwiOiJodHRwczovL2FwcHN0b3JlY29ubmVjdC5hcHBsZS5jb20vYXBwcy82Nzg5OTEzMTg2L2Rpc3RyaWJ1dGlvbi9pb3MvdmVyc2lvbi9pbmZsaWdodCIsInBsdWdpbnMiOiJ3c20mY2EmdnMmd250JnVhJmFibiZhYm5fc2hhZG93JmNiIiwiZGF0YSI6eyJkYXRhIjpbeyJwbHVnaW4iOiJ3c20iLCJwYXJhbWV0ZXJzIjoie1wicmVmZXJyZXJcIjpcIlwiLFwic3R1YklkXCI6XCJcIn0ifSx7InBsdWdpbiI6IndudCIsInBhcmFtZXRlcnMiOiJ7XCJyZWZlcnJlclwiOlwiXCJ9In0seyJwbHVnaW4iOiJ1YSIsInBhcmFtZXRlcnMiOiJ7fSJ9LHsicGx1Z2luIjoiYWJuIiwicGFyYW1ldGVycyI6IntcImlzQ3NzVXJsSW5qZWN0ZWRcIjpmYWxzZX0ifSx7InBsdWdpbiI6ImFibl9zaGFkb3ciLCJwYXJhbWV0ZXJzIjoie1wiaXNDc3NVcmxJbmplY3RlZFwiOmZhbHNlfSJ9XX0sImlzVG9wTGV2ZWwiOnRydWUsInBhZ2VTdGFydFRpbWUiOjE3ODUxMDYyNzYyNjEsIm5hdmlnYXRpb25TdGFydFRpbWUiOjE3ODUxMDYyNzU1MzB9&nocache=1f2b7&tm=2026-07-26T23%3A18%3A16.156Z&second=true:0
[ 1650647ms] [ERROR] Failed to load resource: net::ERR_FAILED @ https://gc.kis.v2.scr.kaspersky-labs.com/7D8B79A2-8974-4D7B-A76A-F4F29624C06BOSxDTLheSV66Hsf0i1yRUXAy8NkjYorxIG_uaN1dmJ5Wvd2xA3apQXvET0QVAF1JEaoPV6BKADfMsM6k4U-tLg/init?data=eyJ1cmwiOiJodHRwczovL2FwcHN0b3JlY29ubmVjdC5hcHBsZS5jb20vYXBwcy82Nzg5OTEzMTg2L2Rpc3RyaWJ1dGlvbi9pb3MvdmVyc2lvbi9pbmZsaWdodCIsInBsdWdpbnMiOiJ3c20mY2EmdnMmd250JnVhJmFibiZhYm5fc2hhZG93JmNiIiwiZGF0YSI6eyJkYXRhIjpbeyJwbHVnaW4iOiJ3c20iLCJwYXJhbWV0ZXJzIjoie1wicmVmZXJyZXJcIjpcIlwiLFwic3R1YklkXCI6XCJcIn0ifSx7InBsdWdpbiI6IndudCIsInBhcmFtZXRlcnMiOiJ7XCJyZWZlcnJlclwiOlwiXCJ9In0seyJwbHVnaW4iOiJ1YSIsInBhcmFtZXRlcnMiOiJ7fSJ9LHsicGx1Z2luIjoiYWJuIiwicGFyYW1ldGVycyI6IntcImlzQ3NzVXJsSW5qZWN0ZWRcIjpmYWxzZX0ifSx7InBsdWdpbiI6ImFibl9zaGFkb3ciLCJwYXJhbWV0ZXJzIjoie1wiaXNDc3NVcmxJbmplY3RlZFwiOmZhbHNlfSJ9XX0sImlzVG9wTGV2ZWwiOnRydWUsInBhZ2VTdGFydFRpbWUiOjE3ODUxMDYyNzYyNjEsIm5hdmlnYXRpb25TdGFydFRpbWUiOjE3ODUxMDYyNzU1MzB9&nocache=11e5e&tm=2026-07-26T23%3A18%3A46.155Z:0
[ 1650661ms] [ERROR] Failed to load resource: net::ERR_FAILED @ https://gc.kis.v2.scr.kaspersky-labs.com/7D8B79A2-8974-4D7B-A76A-F4F29624C06BOSxDTLheSV66Hsf0i1yRUXAy8NkjYorxIG_uaN1dmJ5Wvd2xA3apQXvET0QVAF1JEaoPV6BKADfMsM6k4U-tLg/init?data=eyJ1cmwiOiJodHRwczovL2FwcHN0b3JlY29ubmVjdC5hcHBsZS5jb20vYXBwcy82Nzg5OTEzMTg2L2Rpc3RyaWJ1dGlvbi9pb3MvdmVyc2lvbi9pbmZsaWdodCIsInBsdWdpbnMiOiJ3c20mY2EmdnMmd250JnVhJmFibiZhYm5fc2hhZG93JmNiIiwiZGF0YSI6eyJkYXRhIjpbeyJwbHVnaW4iOiJ3c20iLCJwYXJhbWV0ZXJzIjoie1wicmVmZXJyZXJcIjpcIlwiLFwic3R1YklkXCI6XCJcIn0ifSx7InBsdWdpbiI6IndudCIsInBhcmFtZXRlcnMiOiJ7XCJyZWZlcnJlclwiOlwiXCJ9In0seyJwbHVnaW4iOiJ1YSIsInBhcmFtZXRlcnMiOiJ7fSJ9LHsicGx1Z2luIjoiYWJuIiwicGFyYW1ldGVycyI6IntcImlzQ3NzVXJsSW5qZWN0ZWRcIjpmYWxzZX0ifSx7InBsdWdpbiI6ImFibl9zaGFkb3ciLCJwYXJhbWV0ZXJzIjoie1wiaXNDc3NVcmxJbmplY3RlZFwiOmZhbHNlfSJ9XX0sImlzVG9wTGV2ZWwiOnRydWUsInBhZ2VTdGFydFRpbWUiOjE3ODUxMDYyNzYyNjEsIm5hdmlnYXRpb25TdGFydFRpbWUiOjE3ODUxMDYyNzU1MzB9&nocache=16173&tm=2026-07-26T23%3A18%3A46.169Z&second=true:0
[ 1680638ms] [ERROR] Failed to load resource: net::ERR_FAILED @ https://gc.kis.v2.scr.kaspersky-labs.com/7D8B79A2-8974-4D7B-A76A-F4F29624C06BOSxDTLheSV66Hsf0i1yRUXAy8NkjYorxIG_uaN1dmJ5Wvd2xA3apQXvET0QVAF1JEaoPV6BKADfMsM6k4U-tLg/init?data=eyJ1cmwiOiJodHRwczovL2FwcHN0b3JlY29ubmVjdC5hcHBsZS5jb20vYXBwcy82Nzg5OTEzMTg2L2Rpc3RyaWJ1dGlvbi9pb3MvdmVyc2lvbi9pbmZsaWdodCIsInBsdWdpbnMiOiJ3c20mY2EmdnMmd250JnVhJmFibiZhYm5fc2hhZG93JmNiIiwiZGF0YSI6eyJkYXRhIjpbeyJwbHVnaW4iOiJ3c20iLCJwYXJhbWV0ZXJzIjoie1wicmVmZXJyZXJcIjpcIlwiLFwic3R1YklkXCI6XCJcIn0ifSx7InBsdWdpbiI6IndudCIsInBhcmFtZXRlcnMiOiJ7XCJyZWZlcnJlclwiOlwiXCJ9In0seyJwbHVnaW4iOiJ1YSIsInBhcmFtZXRlcnMiOiJ7fSJ9LHsicGx1Z2luIjoiYWJuIiwicGFyYW1ldGVycyI6IntcImlzQ3NzVXJsSW5qZWN0ZWRcIjpmYWxzZX0ifSx7InBsdWdpbiI6ImFibl9zaGFkb3ciLCJwYXJhbWV0ZXJzIjoie1wiaXNDc3NVcmxJbmplY3RlZFwiOmZhbHNlfSJ9XX0sImlzVG9wTGV2ZWwiOnRydWUsInBhZ2VTdGFydFRpbWUiOjE3ODUxMDYyNzYyNjEsIm5hdmlnYXRpb25TdGFydFRpbWUiOjE3ODUxMDYyNzU1MzB9&nocache=1da93&tm=2026-07-26T23%3A19%3A16.151Z:0
[ 1680659ms] [ERROR] Failed to load resource: net::ERR_FAILED @ https://gc.kis.v2.scr.kaspersky-labs.com/7D8B79A2-8974-4D7B-A76A-F4F29624C06BOSxDTLheSV66Hsf0i1yRUXAy8NkjYorxIG_uaN1dmJ5Wvd2xA3apQXvET0QVAF1JEaoPV6BKADfMsM6k4U-tLg/init?data=eyJ1cmwiOiJodHRwczovL2FwcHN0b3JlY29ubmVjdC5hcHBsZS5jb20vYXBwcy82Nzg5OTEzMTg2L2Rpc3RyaWJ1dGlvbi9pb3MvdmVyc2lvbi9pbmZsaWdodCIsInBsdWdpbnMiOiJ3c20mY2EmdnMmd250JnVhJmFibiZhYm5fc2hhZG93JmNiIiwiZGF0YSI6eyJkYXRhIjpbeyJwbHVnaW4iOiJ3c20iLCJwYXJhbWV0ZXJzIjoie1wicmVmZXJyZXJcIjpcIlwiLFwic3R1YklkXCI6XCJcIn0ifSx7InBsdWdpbiI6IndudCIsInBhcmFtZXRlcnMiOiJ7XCJyZWZlcnJlclwiOlwiXCJ9In0seyJwbHVnaW4iOiJ1YSIsInBhcmFtZXRlcnMiOiJ7fSJ9LHsicGx1Z2luIjoiYWJuIiwicGFyYW1ldGVycyI6IntcImlzQ3NzVXJsSW5qZWN0ZWRcIjpmYWxzZX0ifSx7InBsdWdpbiI6ImFibl9zaGFkb3ciLCJwYXJhbWV0ZXJzIjoie1wiaXNDc3NVcmxJbmplY3RlZFwiOmZhbHNlfSJ9XX0sImlzVG9wTGV2ZWwiOnRydWUsInBhZ2VTdGFydFRpbWUiOjE3ODUxMDYyNzYyNjEsIm5hdmlnYXRpb25TdGFydFRpbWUiOjE3ODUxMDYyNzU1MzB9&nocache=11f09&tm=2026-07-26T23%3A19%3A16.160Z&second=true:0
[ 1710641ms] [ERROR] Failed to load resource: net::ERR_FAILED @ https://gc.kis.v2.scr.kaspersky-labs.com/7D8B79A2-8974-4D7B-A76A-F4F29624C06BOSxDTLheSV66Hsf0i1yRUXAy8NkjYorxIG_uaN1dmJ5Wvd2xA3apQXvET0QVAF1JEaoPV6BKADfMsM6k4U-tLg/init?data=eyJ1cmwiOiJodHRwczovL2FwcHN0b3JlY29ubmVjdC5hcHBsZS5jb20vYXBwcy82Nzg5OTEzMTg2L2Rpc3RyaWJ1dGlvbi9pb3MvdmVyc2lvbi9pbmZsaWdodCIsInBsdWdpbnMiOiJ3c20mY2EmdnMmd250JnVhJmFibiZhYm5fc2hhZG93JmNiIiwiZGF0YSI6eyJkYXRhIjpbeyJwbHVnaW4iOiJ3c20iLCJwYXJhbWV0ZXJzIjoie1wicmVmZXJyZXJcIjpcIlwiLFwic3R1YklkXCI6XCJcIn0ifSx7InBsdWdpbiI6IndudCIsInBhcmFtZXRlcnMiOiJ7XCJyZWZlcnJlclwiOlwiXCJ9In0seyJwbHVnaW4iOiJ1YSIsInBhcmFtZXRlcnMiOiJ7fSJ9LHsicGx1Z2luIjoiYWJuIiwicGFyYW1ldGVycyI6IntcImlzQ3NzVXJsSW5qZWN0ZWRcIjpmYWxzZX0ifSx7InBsdWdpbiI6ImFibl9zaGFkb3ciLCJwYXJhbWV0ZXJzIjoie1wiaXNDc3NVcmxJbmplY3RlZFwiOmZhbHNlfSJ9XX0sImlzVG9wTGV2ZWwiOnRydWUsInBhZ2VTdGFydFRpbWUiOjE3ODUxMDYyNzYyNjEsIm5hdmlnYXRpb25TdGFydFRpbWUiOjE3ODUxMDYyNzU1MzB9&nocache=1608a&tm=2026-07-26T23%3A19%3A46.149Z:0
[ 1710658ms] [ERROR] Failed to load resource: net::ERR_FAILED @ https://gc.kis.v2.scr.kaspersky-labs.com/7D8B79A2-8974-4D7B-A76A-F4F29624C06BOSxDTLheSV66Hsf0i1yRUXAy8NkjYorxIG_uaN1dmJ5Wvd2xA3apQXvET0QVAF1JEaoPV6BKADfMsM6k4U-tLg/init?data=eyJ1cmwiOiJodHRwczovL2FwcHN0b3JlY29ubmVjdC5hcHBsZS5jb20vYXBwcy82Nzg5OTEzMTg2L2Rpc3RyaWJ1dGlvbi9pb3MvdmVyc2lvbi9pbmZsaWdodCIsInBsdWdpbnMiOiJ3c20mY2EmdnMmd250JnVhJmFibiZhYm5fc2hhZG93JmNiIiwiZGF0YSI6eyJkYXRhIjpbeyJwbHVnaW4iOiJ3c20iLCJwYXJhbWV0ZXJzIjoie1wicmVmZXJyZXJcIjpcIlwiLFwic3R1YklkXCI6XCJcIn0ifSx7InBsdWdpbiI6IndudCIsInBhcmFtZXRlcnMiOiJ7XCJyZWZlcnJlclwiOlwiXCJ9In0seyJwbHVnaW4iOiJ1YSIsInBhcmFtZXRlcnMiOiJ7fSJ9LHsicGx1Z2luIjoiYWJuIiwicGFyYW1ldGVycyI6IntcImlzQ3NzVXJsSW5qZWN0ZWRcIjpmYWxzZX0ifSx7InBsdWdpbiI6ImFibl9zaGFkb3ciLCJwYXJhbWV0ZXJzIjoie1wiaXNDc3NVcmxJbmplY3RlZFwiOmZhbHNlfSJ9XX0sImlzVG9wTGV2ZWwiOnRydWUsInBhZ2VTdGFydFRpbWUiOjE3ODUxMDYyNzYyNjEsIm5hdmlnYXRpb25TdGFydFRpbWUiOjE3ODUxMDYyNzU1MzB9&nocache=152f1&tm=2026-07-26T23%3A19%3A46.164Z&second=true:0
[ 1740650ms] [ERROR] Failed to load resource: net::ERR_FAILED @ https://gc.kis.v2.scr.kaspersky-labs.com/7D8B79A2-8974-4D7B-A76A-F4F29624C06BOSxDTLheSV66Hsf0i1yRUXAy8NkjYorxIG_uaN1dmJ5Wvd2xA3apQXvET0QVAF1JEaoPV6BKADfMsM6k4U-tLg/init?data=eyJ1cmwiOiJodHRwczovL2FwcHN0b3JlY29ubmVjdC5hcHBsZS5jb20vYXBwcy82Nzg5OTEzMTg2L2Rpc3RyaWJ1dGlvbi9pb3MvdmVyc2lvbi9pbmZsaWdodCIsInBsdWdpbnMiOiJ3c20mY2EmdnMmd250JnVhJmFibiZhYm5fc2hhZG93JmNiIiwiZGF0YSI6eyJkYXRhIjpbeyJwbHVnaW4iOiJ3c20iLCJwYXJhbWV0ZXJzIjoie1wicmVmZXJyZXJcIjpcIlwiLFwic3R1YklkXCI6XCJcIn0ifSx7InBsdWdpbiI6IndudCIsInBhcmFtZXRlcnMiOiJ7XCJyZWZlcnJlclwiOlwiXCJ9In0seyJwbHVnaW4iOiJ1YSIsInBhcmFtZXRlcnMiOiJ7fSJ9LHsicGx1Z2luIjoiYWJuIiwicGFyYW1ldGVycyI6IntcImlzQ3NzVXJsSW5qZWN0ZWRcIjpmYWxzZX0ifSx7InBsdWdpbiI6ImFibl9zaGFkb3ciLCJwYXJhbWV0ZXJzIjoie1wiaXNDc3NVcmxJbmplY3RlZFwiOmZhbHNlfSJ9XX0sImlzVG9wTGV2ZWwiOnRydWUsInBhZ2VTdGFydFRpbWUiOjE3ODUxMDYyNzYyNjEsIm5hdmlnYXRpb25TdGFydFRpbWUiOjE3ODUxMDYyNzU1MzB9&nocache=1bbd4&tm=2026-07-26T23%3A20%3A16.148Z:0
[ 1740656ms] [ERROR] Failed to load resource: net::ERR_FAILED @ https://gc.kis.v2.scr.kaspersky-labs.com/7D8B79A2-8974-4D7B-A76A-F4F29624C06BOSxDTLheSV66Hsf0i1yRUXAy8NkjYorxIG_uaN1dmJ5Wvd2xA3apQXvET0QVAF1JEaoPV6BKADfMsM6k4U-tLg/init?data=eyJ1cmwiOiJodHRwczovL2FwcHN0b3JlY29ubmVjdC5hcHBsZS5jb20vYXBwcy82Nzg5OTEzMTg2L2Rpc3RyaWJ1dGlvbi9pb3MvdmVyc2lvbi9pbmZsaWdodCIsInBsdWdpbnMiOiJ3c20mY2EmdnMmd250JnVhJmFibiZhYm5fc2hhZG93JmNiIiwiZGF0YSI6eyJkYXRhIjpbeyJwbHVnaW4iOiJ3c20iLCJwYXJhbWV0ZXJzIjoie1wicmVmZXJyZXJcIjpcIlwiLFwic3R1YklkXCI6XCJcIn0ifSx7InBsdWdpbiI6IndudCIsInBhcmFtZXRlcnMiOiJ7XCJyZWZlcnJlclwiOlwiXCJ9In0seyJwbHVnaW4iOiJ1YSIsInBhcmFtZXRlcnMiOiJ7fSJ9LHsicGx1Z2luIjoiYWJuIiwicGFyYW1ldGVycyI6IntcImlzQ3NzVXJsSW5qZWN0ZWRcIjpmYWxzZX0ifSx7InBsdWdpbiI6ImFibl9zaGFkb3ciLCJwYXJhbWV0ZXJzIjoie1wiaXNDc3NVcmxJbmplY3RlZFwiOmZhbHNlfSJ9XX0sImlzVG9wTGV2ZWwiOnRydWUsInBhZ2VTdGFydFRpbWUiOjE3ODUxMDYyNzYyNjEsIm5hdmlnYXRpb25TdGFydFRpbWUiOjE3ODUxMDYyNzU1MzB9&nocache=10274&tm=2026-07-26T23%3A20%3A16.173Z&second=true:0
[ 1770631ms] [ERROR] Failed to load resource: net::ERR_FAILED @ https://gc.kis.v2.scr.kaspersky-labs.com/7D8B79A2-8974-4D7B-A76A-F4F29624C06BOSxDTLheSV66Hsf0i1yRUXAy8NkjYorxIG_uaN1dmJ5Wvd2xA3apQXvET0QVAF1JEaoPV6BKADfMsM6k4U-tLg/init?data=eyJ1cmwiOiJodHRwczovL2FwcHN0b3JlY29ubmVjdC5hcHBsZS5jb20vYXBwcy82Nzg5OTEzMTg2L2Rpc3RyaWJ1dGlvbi9pb3MvdmVyc2lvbi9pbmZsaWdodCIsInBsdWdpbnMiOiJ3c20mY2EmdnMmd250JnVhJmFibiZhYm5fc2hhZG93JmNiIiwiZGF0YSI6eyJkYXRhIjpbeyJwbHVnaW4iOiJ3c20iLCJwYXJhbWV0ZXJzIjoie1wicmVmZXJyZXJcIjpcIlwiLFwic3R1YklkXCI6XCJcIn0ifSx7InBsdWdpbiI6IndudCIsInBhcmFtZXRlcnMiOiJ7XCJyZWZlcnJlclwiOlwiXCJ9In0seyJwbHVnaW4iOiJ1YSIsInBhcmFtZXRlcnMiOiJ7fSJ9LHsicGx1Z2luIjoiYWJuIiwicGFyYW1ldGVycyI6IntcImlzQ3NzVXJsSW5qZWN0ZWRcIjpmYWxzZX0ifSx7InBsdWdpbiI6ImFibl9zaGFkb3ciLCJwYXJhbWV0ZXJzIjoie1wiaXNDc3NVcmxJbmplY3RlZFwiOmZhbHNlfSJ9XX0sImlzVG9wTGV2ZWwiOnRydWUsInBhZ2VTdGFydFRpbWUiOjE3ODUxMDYyNzYyNjEsIm5hdmlnYXRpb25TdGFydFRpbWUiOjE3ODUxMDYyNzU1MzB9&nocache=11e3c&tm=2026-07-26T23%3A20%3A46.142Z:0
[ 1770645ms] [ERROR] Failed to load resource: net::ERR_FAILED @ https://gc.kis.v2.scr.kaspersky-labs.com/7D8B79A2-8974-4D7B-A76A-F4F29624C06BOSxDTLheSV66Hsf0i1yRUXAy8NkjYorxIG_uaN1dmJ5Wvd2xA3apQXvET0QVAF1JEaoPV6BKADfMsM6k4U-tLg/init?data=eyJ1cmwiOiJodHRwczovL2FwcHN0b3JlY29ubmVjdC5hcHBsZS5jb20vYXBwcy82Nzg5OTEzMTg2L2Rpc3RyaWJ1dGlvbi9pb3MvdmVyc2lvbi9pbmZsaWdodCIsInBsdWdpbnMiOiJ3c20mY2EmdnMmd250JnVhJmFibiZhYm5fc2hhZG93JmNiIiwiZGF0YSI6eyJkYXRhIjpbeyJwbHVnaW4iOiJ3c20iLCJwYXJhbWV0ZXJzIjoie1wicmVmZXJyZXJcIjpcIlwiLFwic3R1YklkXCI6XCJcIn0ifSx7InBsdWdpbiI6IndudCIsInBhcmFtZXRlcnMiOiJ7XCJyZWZlcnJlclwiOlwiXCJ9In0seyJwbHVnaW4iOiJ1YSIsInBhcmFtZXRlcnMiOiJ7fSJ9LHsicGx1Z2luIjoiYWJuIiwicGFyYW1ldGVycyI6IntcImlzQ3NzVXJsSW5qZWN0ZWRcIjpmYWxzZX0ifSx7InBsdWdpbiI6ImFibl9zaGFkb3ciLCJwYXJhbWV0ZXJzIjoie1wiaXNDc3NVcmxJbmplY3RlZFwiOmZhbHNlfSJ9XX0sImlzVG9wTGV2ZWwiOnRydWUsInBhZ2VTdGFydFRpbWUiOjE3ODUxMDYyNzYyNjEsIm5hdmlnYXRpb25TdGFydFRpbWUiOjE3ODUxMDYyNzU1MzB9&nocache=18768&tm=2026-07-26T23%3A20%3A46.153Z&second=true:0
[ 1800634ms] [ERROR] Failed to load resource: net::ERR_FAILED @ https://gc.kis.v2.scr.kaspersky-labs.com/7D8B79A2-8974-4D7B-A76A-F4F29624C06BOSxDTLheSV66Hsf0i1yRUXAy8NkjYorxIG_uaN1dmJ5Wvd2xA3apQXvET0QVAF1JEaoPV6BKADfMsM6k4U-tLg/init?data=eyJ1cmwiOiJodHRwczovL2FwcHN0b3JlY29ubmVjdC5hcHBsZS5jb20vYXBwcy82Nzg5OTEzMTg2L2Rpc3RyaWJ1dGlvbi9pb3MvdmVyc2lvbi9pbmZsaWdodCIsInBsdWdpbnMiOiJ3c20mY2EmdnMmd250JnVhJmFibiZhYm5fc2hhZG93JmNiIiwiZGF0YSI6eyJkYXRhIjpbeyJwbHVnaW4iOiJ3c20iLCJwYXJhbWV0ZXJzIjoie1wicmVmZXJyZXJcIjpcIlwiLFwic3R1YklkXCI6XCJcIn0ifSx7InBsdWdpbiI6IndudCIsInBhcmFtZXRlcnMiOiJ7XCJyZWZlcnJlclwiOlwiXCJ9In0seyJwbHVnaW4iOiJ1YSIsInBhcmFtZXRlcnMiOiJ7fSJ9LHsicGx1Z2luIjoiYWJuIiwicGFyYW1ldGVycyI6IntcImlzQ3NzVXJsSW5qZWN0ZWRcIjpmYWxzZX0ifSx7InBsdWdpbiI6ImFibl9zaGFkb3ciLCJwYXJhbWV0ZXJzIjoie1wiaXNDc3NVcmxJbmplY3RlZFwiOmZhbHNlfSJ9XX0sImlzVG9wTGV2ZWwiOnRydWUsInBhZ2VTdGFydFRpbWUiOjE3ODUxMDYyNzYyNjEsIm5hdmlnYXRpb25TdGFydFRpbWUiOjE3ODUxMDYyNzU1MzB9&nocache=1d9f9&tm=2026-07-26T23%3A21%3A16.145Z:0
[ 1800654ms] [ERROR] Failed to load resource: net::ERR_FAILED @ https://gc.kis.v2.scr.kaspersky-labs.com/7D8B79A2-8974-4D7B-A76A-F4F29624C06BOSxDTLheSV66Hsf0i1yRUXAy8NkjYorxIG_uaN1dmJ5Wvd2xA3apQXvET0QVAF1JEaoPV6BKADfMsM6k4U-tLg/init?data=eyJ1cmwiOiJodHRwczovL2FwcHN0b3JlY29ubmVjdC5hcHBsZS5jb20vYXBwcy82Nzg5OTEzMTg2L2Rpc3RyaWJ1dGlvbi9pb3MvdmVyc2lvbi9pbmZsaWdodCIsInBsdWdpbnMiOiJ3c20mY2EmdnMmd250JnVhJmFibiZhYm5fc2hhZG93JmNiIiwiZGF0YSI6eyJkYXRhIjpbeyJwbHVnaW4iOiJ3c20iLCJwYXJhbWV0ZXJzIjoie1wicmVmZXJyZXJcIjpcIlwiLFwic3R1YklkXCI6XCJcIn0ifSx7InBsdWdpbiI6IndudCIsInBhcmFtZXRlcnMiOiJ7XCJyZWZlcnJlclwiOlwiXCJ9In0seyJwbHVnaW4iOiJ1YSIsInBhcmFtZXRlcnMiOiJ7fSJ9LHsicGx1Z2luIjoiYWJuIiwicGFyYW1ldGVycyI6IntcImlzQ3NzVXJsSW5qZWN0ZWRcIjpmYWxzZX0ifSx7InBsdWdpbiI6ImFibl9zaGFkb3ciLCJwYXJhbWV0ZXJzIjoie1wiaXNDc3NVcmxJbmplY3RlZFwiOmZhbHNlfSJ9XX0sImlzVG9wTGV2ZWwiOnRydWUsInBhZ2VTdGFydFRpbWUiOjE3ODUxMDYyNzYyNjEsIm5hdmlnYXRpb25TdGFydFRpbWUiOjE3ODUxMDYyNzU1MzB9&nocache=134aa&tm=2026-07-26T23%3A21%3A16.156Z&second=true:0
[ 1830639ms] [ERROR] Failed to load resource: net::ERR_FAILED @ https://gc.kis.v2.scr.kaspersky-labs.com/7D8B79A2-8974-4D7B-A76A-F4F29624C06BOSxDTLheSV66Hsf0i1yRUXAy8NkjYorxIG_uaN1dmJ5Wvd2xA3apQXvET0QVAF1JEaoPV6BKADfMsM6k4U-tLg/init?data=eyJ1cmwiOiJodHRwczovL2FwcHN0b3JlY29ubmVjdC5hcHBsZS5jb20vYXBwcy82Nzg5OTEzMTg2L2Rpc3RyaWJ1dGlvbi9pb3MvdmVyc2lvbi9pbmZsaWdodCIsInBsdWdpbnMiOiJ3c20mY2EmdnMmd250JnVhJmFibiZhYm5fc2hhZG93JmNiIiwiZGF0YSI6eyJkYXRhIjpbeyJwbHVnaW4iOiJ3c20iLCJwYXJhbWV0ZXJzIjoie1wicmVmZXJyZXJcIjpcIlwiLFwic3R1YklkXCI6XCJcIn0ifSx7InBsdWdpbiI6IndudCIsInBhcmFtZXRlcnMiOiJ7XCJyZWZlcnJlclwiOlwiXCJ9In0seyJwbHVnaW4iOiJ1YSIsInBhcmFtZXRlcnMiOiJ7fSJ9LHsicGx1Z2luIjoiYWJuIiwicGFyYW1ldGVycyI6IntcImlzQ3NzVXJsSW5qZWN0ZWRcIjpmYWxzZX0ifSx7InBsdWdpbiI6ImFibl9zaGFkb3ciLCJwYXJhbWV0ZXJzIjoie1wiaXNDc3NVcmxJbmplY3RlZFwiOmZhbHNlfSJ9XX0sImlzVG9wTGV2ZWwiOnRydWUsInBhZ2VTdGFydFRpbWUiOjE3ODUxMDYyNzYyNjEsIm5hdmlnYXRpb25TdGFydFRpbWUiOjE3ODUxMDYyNzU1MzB9&nocache=1754f&tm=2026-07-26T23%3A21%3A46.150Z:0
[ 1830654ms] [ERROR] Failed to load resource: net::ERR_FAILED @ https://gc.kis.v2.scr.kaspersky-labs.com/7D8B79A2-8974-4D7B-A76A-F4F29624C06BOSxDTLheSV66Hsf0i1yRUXAy8NkjYorxIG_uaN1dmJ5Wvd2xA3apQXvET0QVAF1JEaoPV6BKADfMsM6k4U-tLg/init?data=eyJ1cmwiOiJodHRwczovL2FwcHN0b3JlY29ubmVjdC5hcHBsZS5jb20vYXBwcy82Nzg5OTEzMTg2L2Rpc3RyaWJ1dGlvbi9pb3MvdmVyc2lvbi9pbmZsaWdodCIsInBsdWdpbnMiOiJ3c20mY2EmdnMmd250JnVhJmFibiZhYm5fc2hhZG93JmNiIiwiZGF0YSI6eyJkYXRhIjpbeyJwbHVnaW4iOiJ3c20iLCJwYXJhbWV0ZXJzIjoie1wicmVmZXJyZXJcIjpcIlwiLFwic3R1YklkXCI6XCJcIn0ifSx7InBsdWdpbiI6IndudCIsInBhcmFtZXRlcnMiOiJ7XCJyZWZlcnJlclwiOlwiXCJ9In0seyJwbHVnaW4iOiJ1YSIsInBhcmFtZXRlcnMiOiJ7fSJ9LHsicGx1Z2luIjoiYWJuIiwicGFyYW1ldGVycyI6IntcImlzQ3NzVXJsSW5qZWN0ZWRcIjpmYWxzZX0ifSx7InBsdWdpbiI6ImFibl9zaGFkb3ciLCJwYXJhbWV0ZXJzIjoie1wiaXNDc3NVcmxJbmplY3RlZFwiOmZhbHNlfSJ9XX0sImlzVG9wTGV2ZWwiOnRydWUsInBhZ2VTdGFydFRpbWUiOjE3ODUxMDYyNzYyNjEsIm5hdmlnYXRpb25TdGFydFRpbWUiOjE3ODUxMDYyNzU1MzB9&nocache=17064&tm=2026-07-26T23%3A21%3A46.161Z&second=true:0
[ 1860637ms] [ERROR] Failed to load resource: net::ERR_FAILED @ https://gc.kis.v2.scr.kaspersky-labs.com/7D8B79A2-8974-4D7B-A76A-F4F29624C06BOSxDTLheSV66Hsf0i1yRUXAy8NkjYorxIG_uaN1dmJ5Wvd2xA3apQXvET0QVAF1JEaoPV6BKADfMsM6k4U-tLg/init?data=eyJ1cmwiOiJodHRwczovL2FwcHN0b3JlY29ubmVjdC5hcHBsZS5jb20vYXBwcy82Nzg5OTEzMTg2L2Rpc3RyaWJ1dGlvbi9pb3MvdmVyc2lvbi9pbmZsaWdodCIsInBsdWdpbnMiOiJ3c20mY2EmdnMmd250JnVhJmFibiZhYm5fc2hhZG93JmNiIiwiZGF0YSI6eyJkYXRhIjpbeyJwbHVnaW4iOiJ3c20iLCJwYXJhbWV0ZXJzIjoie1wicmVmZXJyZXJcIjpcIlwiLFwic3R1YklkXCI6XCJcIn0ifSx7InBsdWdpbiI6IndudCIsInBhcmFtZXRlcnMiOiJ7XCJyZWZlcnJlclwiOlwiXCJ9In0seyJwbHVnaW4iOiJ1YSIsInBhcmFtZXRlcnMiOiJ7fSJ9LHsicGx1Z2luIjoiYWJuIiwicGFyYW1ldGVycyI6IntcImlzQ3NzVXJsSW5qZWN0ZWRcIjpmYWxzZX0ifSx7InBsdWdpbiI6ImFibl9zaGFkb3ciLCJwYXJhbWV0ZXJzIjoie1wiaXNDc3NVcmxJbmplY3RlZFwiOmZhbHNlfSJ9XX0sImlzVG9wTGV2ZWwiOnRydWUsInBhZ2VTdGFydFRpbWUiOjE3ODUxMDYyNzYyNjEsIm5hdmlnYXRpb25TdGFydFRpbWUiOjE3ODUxMDYyNzU1MzB9&nocache=1d651&tm=2026-07-26T23%3A22%3A16.147Z:0
[ 1860652ms] [ERROR] Failed to load resource: net::ERR_FAILED @ https://gc.kis.v2.scr.kaspersky-labs.com/7D8B79A2-8974-4D7B-A76A-F4F29624C06BOSxDTLheSV66Hsf0i1yRUXAy8NkjYorxIG_uaN1dmJ5Wvd2xA3apQXvET0QVAF1JEaoPV6BKADfMsM6k4U-tLg/init?data=eyJ1cmwiOiJodHRwczovL2FwcHN0b3JlY29ubmVjdC5hcHBsZS5jb20vYXBwcy82Nzg5OTEzMTg2L2Rpc3RyaWJ1dGlvbi9pb3MvdmVyc2lvbi9pbmZsaWdodCIsInBsdWdpbnMiOiJ3c20mY2EmdnMmd250JnVhJmFibiZhYm5fc2hhZG93JmNiIiwiZGF0YSI6eyJkYXRhIjpbeyJwbHVnaW4iOiJ3c20iLCJwYXJhbWV0ZXJzIjoie1wicmVmZXJyZXJcIjpcIlwiLFwic3R1YklkXCI6XCJcIn0ifSx7InBsdWdpbiI6IndudCIsInBhcmFtZXRlcnMiOiJ7XCJyZWZlcnJlclwiOlwiXCJ9In0seyJwbHVnaW4iOiJ1YSIsInBhcmFtZXRlcnMiOiJ7fSJ9LHsicGx1Z2luIjoiYWJuIiwicGFyYW1ldGVycyI6IntcImlzQ3NzVXJsSW5qZWN0ZWRcIjpmYWxzZX0ifSx7InBsdWdpbiI6ImFibl9zaGFkb3ciLCJwYXJhbWV0ZXJzIjoie1wiaXNDc3NVcmxJbmplY3RlZFwiOmZhbHNlfSJ9XX0sImlzVG9wTGV2ZWwiOnRydWUsInBhZ2VTdGFydFRpbWUiOjE3ODUxMDYyNzYyNjEsIm5hdmlnYXRpb25TdGFydFRpbWUiOjE3ODUxMDYyNzU1MzB9&nocache=11488&tm=2026-07-26T23%3A22%3A16.159Z&second=true:0
[ 1890641ms] [ERROR] Failed to load resource: net::ERR_FAILED @ https://gc.kis.v2.scr.kaspersky-labs.com/7D8B79A2-8974-4D7B-A76A-F4F29624C06BOSxDTLheSV66Hsf0i1yRUXAy8NkjYorxIG_uaN1dmJ5Wvd2xA3apQXvET0QVAF1JEaoPV6BKADfMsM6k4U-tLg/init?data=eyJ1cmwiOiJodHRwczovL2FwcHN0b3JlY29ubmVjdC5hcHBsZS5jb20vYXBwcy82Nzg5OTEzMTg2L2Rpc3RyaWJ1dGlvbi9pb3MvdmVyc2lvbi9pbmZsaWdodCIsInBsdWdpbnMiOiJ3c20mY2EmdnMmd250JnVhJmFibiZhYm5fc2hhZG93JmNiIiwiZGF0YSI6eyJkYXRhIjpbeyJwbHVnaW4iOiJ3c20iLCJwYXJhbWV0ZXJzIjoie1wicmVmZXJyZXJcIjpcIlwiLFwic3R1YklkXCI6XCJcIn0ifSx7InBsdWdpbiI6IndudCIsInBhcmFtZXRlcnMiOiJ7XCJyZWZlcnJlclwiOlwiXCJ9In0seyJwbHVnaW4iOiJ1YSIsInBhcmFtZXRlcnMiOiJ7fSJ9LHsicGx1Z2luIjoiYWJuIiwicGFyYW1ldGVycyI6IntcImlzQ3NzVXJsSW5qZWN0ZWRcIjpmYWxzZX0ifSx7InBsdWdpbiI6ImFibl9zaGFkb3ciLCJwYXJhbWV0ZXJzIjoie1wiaXNDc3NVcmxJbmplY3RlZFwiOmZhbHNlfSJ9XX0sImlzVG9wTGV2ZWwiOnRydWUsInBhZ2VTdGFydFRpbWUiOjE3ODUxMDYyNzYyNjEsIm5hdmlnYXRpb25TdGFydFRpbWUiOjE3ODUxMDYyNzU1MzB9&nocache=1eb17&tm=2026-07-26T23%3A22%3A46.155Z:0
[ 1890649ms] [ERROR] Failed to load resource: net::ERR_FAILED @ https://gc.kis.v2.scr.kaspersky-labs.com/7D8B79A2-8974-4D7B-A76A-F4F29624C06BOSxDTLheSV66Hsf0i1yRUXAy8NkjYorxIG_uaN1dmJ5Wvd2xA3apQXvET0QVAF1JEaoPV6BKADfMsM6k4U-tLg/init?data=eyJ1cmwiOiJodHRwczovL2FwcHN0b3JlY29ubmVjdC5hcHBsZS5jb20vYXBwcy82Nzg5OTEzMTg2L2Rpc3RyaWJ1dGlvbi9pb3MvdmVyc2lvbi9pbmZsaWdodCIsInBsdWdpbnMiOiJ3c20mY2EmdnMmd250JnVhJmFibiZhYm5fc2hhZG93JmNiIiwiZGF0YSI6eyJkYXRhIjpbeyJwbHVnaW4iOiJ3c20iLCJwYXJhbWV0ZXJzIjoie1wicmVmZXJyZXJcIjpcIlwiLFwic3R1YklkXCI6XCJcIn0ifSx7InBsdWdpbiI6IndudCIsInBhcmFtZXRlcnMiOiJ7XCJyZWZlcnJlclwiOlwiXCJ9In0seyJwbHVnaW4iOiJ1YSIsInBhcmFtZXRlcnMiOiJ7fSJ9LHsicGx1Z2luIjoiYWJuIiwicGFyYW1ldGVycyI6IntcImlzQ3NzVXJsSW5qZWN0ZWRcIjpmYWxzZX0ifSx7InBsdWdpbiI6ImFibl9zaGFkb3ciLCJwYXJhbWV0ZXJzIjoie1wiaXNDc3NVcmxJbmplY3RlZFwiOmZhbHNlfSJ9XX0sImlzVG9wTGV2ZWwiOnRydWUsInBhZ2VTdGFydFRpbWUiOjE3ODUxMDYyNzYyNjEsIm5hdmlnYXRpb25TdGFydFRpbWUiOjE3ODUxMDYyNzU1MzB9&nocache=15683&tm=2026-07-26T23%3A22%3A46.163Z&second=true:0
[ 1920629ms] [ERROR] Failed to load resource: net::ERR_FAILED @ https://gc.kis.v2.scr.kaspersky-labs.com/7D8B79A2-8974-4D7B-A76A-F4F29624C06BOSxDTLheSV66Hsf0i1yRUXAy8NkjYorxIG_uaN1dmJ5Wvd2xA3apQXvET0QVAF1JEaoPV6BKADfMsM6k4U-tLg/init?data=eyJ1cmwiOiJodHRwczovL2FwcHN0b3JlY29ubmVjdC5hcHBsZS5jb20vYXBwcy82Nzg5OTEzMTg2L2Rpc3RyaWJ1dGlvbi9pb3MvdmVyc2lvbi9pbmZsaWdodCIsInBsdWdpbnMiOiJ3c20mY2EmdnMmd250JnVhJmFibiZhYm5fc2hhZG93JmNiIiwiZGF0YSI6eyJkYXRhIjpbeyJwbHVnaW4iOiJ3c20iLCJwYXJhbWV0ZXJzIjoie1wicmVmZXJyZXJcIjpcIlwiLFwic3R1YklkXCI6XCJcIn0ifSx7InBsdWdpbiI6IndudCIsInBhcmFtZXRlcnMiOiJ7XCJyZWZlcnJlclwiOlwiXCJ9In0seyJwbHVnaW4iOiJ1YSIsInBhcmFtZXRlcnMiOiJ7fSJ9LHsicGx1Z2luIjoiYWJuIiwicGFyYW1ldGVycyI6IntcImlzQ3NzVXJsSW5qZWN0ZWRcIjpmYWxzZX0ifSx7InBsdWdpbiI6ImFibl9zaGFkb3ciLCJwYXJhbWV0ZXJzIjoie1wiaXNDc3NVcmxJbmplY3RlZFwiOmZhbHNlfSJ9XX0sImlzVG9wTGV2ZWwiOnRydWUsInBhZ2VTdGFydFRpbWUiOjE3ODUxMDYyNzYyNjEsIm5hdmlnYXRpb25TdGFydFRpbWUiOjE3ODUxMDYyNzU1MzB9&nocache=18b5d&tm=2026-07-26T23%3A23%3A16.145Z:0
[ 1920634ms] [ERROR] Failed to load resource: net::ERR_FAILED @ https://gc.kis.v2.scr.kaspersky-labs.com/7D8B79A2-8974-4D7B-A76A-F4F29624C06BOSxDTLheSV66Hsf0i1yRUXAy8NkjYorxIG_uaN1dmJ5Wvd2xA3apQXvET0QVAF1JEaoPV6BKADfMsM6k4U-tLg/init?data=eyJ1cmwiOiJodHRwczovL2FwcHN0b3JlY29ubmVjdC5hcHBsZS5jb20vYXBwcy82Nzg5OTEzMTg2L2Rpc3RyaWJ1dGlvbi9pb3MvdmVyc2lvbi9pbmZsaWdodCIsInBsdWdpbnMiOiJ3c20mY2EmdnMmd250JnVhJmFibiZhYm5fc2hhZG93JmNiIiwiZGF0YSI6eyJkYXRhIjpbeyJwbHVnaW4iOiJ3c20iLCJwYXJhbWV0ZXJzIjoie1wicmVmZXJyZXJcIjpcIlwiLFwic3R1YklkXCI6XCJcIn0ifSx7InBsdWdpbiI6IndudCIsInBhcmFtZXRlcnMiOiJ7XCJyZWZlcnJlclwiOlwiXCJ9In0seyJwbHVnaW4iOiJ1YSIsInBhcmFtZXRlcnMiOiJ7fSJ9LHsicGx1Z2luIjoiYWJuIiwicGFyYW1ldGVycyI6IntcImlzQ3NzVXJsSW5qZWN0ZWRcIjpmYWxzZX0ifSx7InBsdWdpbiI6ImFibl9zaGFkb3ciLCJwYXJhbWV0ZXJzIjoie1wiaXNDc3NVcmxJbmplY3RlZFwiOmZhbHNlfSJ9XX0sImlzVG9wTGV2ZWwiOnRydWUsInBhZ2VTdGFydFRpbWUiOjE3ODUxMDYyNzYyNjEsIm5hdmlnYXRpb25TdGFydFRpbWUiOjE3ODUxMDYyNzU1MzB9&nocache=14634&tm=2026-07-26T23%3A23%3A16.151Z&second=true:0
[ 1950624ms] [ERROR] Failed to load resource: net::ERR_FAILED @ https://gc.kis.v2.scr.kaspersky-labs.com/7D8B79A2-8974-4D7B-A76A-F4F29624C06BOSxDTLheSV66Hsf0i1yRUXAy8NkjYorxIG_uaN1dmJ5Wvd2xA3apQXvET0QVAF1JEaoPV6BKADfMsM6k4U-tLg/init?data=eyJ1cmwiOiJodHRwczovL2FwcHN0b3JlY29ubmVjdC5hcHBsZS5jb20vYXBwcy82Nzg5OTEzMTg2L2Rpc3RyaWJ1dGlvbi9pb3MvdmVyc2lvbi9pbmZsaWdodCIsInBsdWdpbnMiOiJ3c20mY2EmdnMmd250JnVhJmFibiZhYm5fc2hhZG93JmNiIiwiZGF0YSI6eyJkYXRhIjpbeyJwbHVnaW4iOiJ3c20iLCJwYXJhbWV0ZXJzIjoie1wicmVmZXJyZXJcIjpcIlwiLFwic3R1YklkXCI6XCJcIn0ifSx7InBsdWdpbiI6IndudCIsInBhcmFtZXRlcnMiOiJ7XCJyZWZlcnJlclwiOlwiXCJ9In0seyJwbHVnaW4iOiJ1YSIsInBhcmFtZXRlcnMiOiJ7fSJ9LHsicGx1Z2luIjoiYWJuIiwicGFyYW1ldGVycyI6IntcImlzQ3NzVXJsSW5qZWN0ZWRcIjpmYWxzZX0ifSx7InBsdWdpbiI6ImFibl9zaGFkb3ciLCJwYXJhbWV0ZXJzIjoie1wiaXNDc3NVcmxJbmplY3RlZFwiOmZhbHNlfSJ9XX0sImlzVG9wTGV2ZWwiOnRydWUsInBhZ2VTdGFydFRpbWUiOjE3ODUxMDYyNzYyNjEsIm5hdmlnYXRpb25TdGFydFRpbWUiOjE3ODUxMDYyNzU1MzB9&nocache=1c545&tm=2026-07-26T23%3A23%3A46.139Z:0
[ 1950631ms] [ERROR] Failed to load resource: net::ERR_FAILED @ https://gc.kis.v2.scr.kaspersky-labs.com/7D8B79A2-8974-4D7B-A76A-F4F29624C06BOSxDTLheSV66Hsf0i1yRUXAy8NkjYorxIG_uaN1dmJ5Wvd2xA3apQXvET0QVAF1JEaoPV6BKADfMsM6k4U-tLg/init?data=eyJ1cmwiOiJodHRwczovL2FwcHN0b3JlY29ubmVjdC5hcHBsZS5jb20vYXBwcy82Nzg5OTEzMTg2L2Rpc3RyaWJ1dGlvbi9pb3MvdmVyc2lvbi9pbmZsaWdodCIsInBsdWdpbnMiOiJ3c20mY2EmdnMmd250JnVhJmFibiZhYm5fc2hhZG93JmNiIiwiZGF0YSI6eyJkYXRhIjpbeyJwbHVnaW4iOiJ3c20iLCJwYXJhbWV0ZXJzIjoie1wicmVmZXJyZXJcIjpcIlwiLFwic3R1YklkXCI6XCJcIn0ifSx7InBsdWdpbiI6IndudCIsInBhcmFtZXRlcnMiOiJ7XCJyZWZlcnJlclwiOlwiXCJ9In0seyJwbHVnaW4iOiJ1YSIsInBhcmFtZXRlcnMiOiJ7fSJ9LHsicGx1Z2luIjoiYWJuIiwicGFyYW1ldGVycyI6IntcImlzQ3NzVXJsSW5qZWN0ZWRcIjpmYWxzZX0ifSx7InBsdWdpbiI6ImFibl9zaGFkb3ciLCJwYXJhbWV0ZXJzIjoie1wiaXNDc3NVcmxJbmplY3RlZFwiOmZhbHNlfSJ9XX0sImlzVG9wTGV2ZWwiOnRydWUsInBhZ2VTdGFydFRpbWUiOjE3ODUxMDYyNzYyNjEsIm5hdmlnYXRpb25TdGFydFRpbWUiOjE3ODUxMDYyNzU1MzB9&nocache=15dab&tm=2026-07-26T23%3A23%3A46.146Z&second=true:0
[ 1980646ms] [ERROR] Failed to load resource: net::ERR_FAILED @ https://gc.kis.v2.scr.kaspersky-labs.com/7D8B79A2-8974-4D7B-A76A-F4F29624C06BOSxDTLheSV66Hsf0i1yRUXAy8NkjYorxIG_uaN1dmJ5Wvd2xA3apQXvET0QVAF1JEaoPV6BKADfMsM6k4U-tLg/init?data=eyJ1cmwiOiJodHRwczovL2FwcHN0b3JlY29ubmVjdC5hcHBsZS5jb20vYXBwcy82Nzg5OTEzMTg2L2Rpc3RyaWJ1dGlvbi9pb3MvdmVyc2lvbi9pbmZsaWdodCIsInBsdWdpbnMiOiJ3c20mY2EmdnMmd250JnVhJmFibiZhYm5fc2hhZG93JmNiIiwiZGF0YSI6eyJkYXRhIjpbeyJwbHVnaW4iOiJ3c20iLCJwYXJhbWV0ZXJzIjoie1wicmVmZXJyZXJcIjpcIlwiLFwic3R1YklkXCI6XCJcIn0ifSx7InBsdWdpbiI6IndudCIsInBhcmFtZXRlcnMiOiJ7XCJyZWZlcnJlclwiOlwiXCJ9In0seyJwbHVnaW4iOiJ1YSIsInBhcmFtZXRlcnMiOiJ7fSJ9LHsicGx1Z2luIjoiYWJuIiwicGFyYW1ldGVycyI6IntcImlzQ3NzVXJsSW5qZWN0ZWRcIjpmYWxzZX0ifSx7InBsdWdpbiI6ImFibl9zaGFkb3ciLCJwYXJhbWV0ZXJzIjoie1wiaXNDc3NVcmxJbmplY3RlZFwiOmZhbHNlfSJ9XX0sImlzVG9wTGV2ZWwiOnRydWUsInBhZ2VTdGFydFRpbWUiOjE3ODUxMDYyNzYyNjEsIm5hdmlnYXRpb25TdGFydFRpbWUiOjE3ODUxMDYyNzU1MzB9&nocache=1e62e&tm=2026-07-26T23%3A24%3A16.156Z:0
[ 1980661ms] [ERROR] Failed to load resource: net::ERR_FAILED @ https://gc.kis.v2.scr.kaspersky-labs.com/7D8B79A2-8974-4D7B-A76A-F4F29624C06BOSxDTLheSV66Hsf0i1yRUXAy8NkjYorxIG_uaN1dmJ5Wvd2xA3apQXvET0QVAF1JEaoPV6BKADfMsM6k4U-tLg/init?data=eyJ1cmwiOiJodHRwczovL2FwcHN0b3JlY29ubmVjdC5hcHBsZS5jb20vYXBwcy82Nzg5OTEzMTg2L2Rpc3RyaWJ1dGlvbi9pb3MvdmVyc2lvbi9pbmZsaWdodCIsInBsdWdpbnMiOiJ3c20mY2EmdnMmd250JnVhJmFibiZhYm5fc2hhZG93JmNiIiwiZGF0YSI6eyJkYXRhIjpbeyJwbHVnaW4iOiJ3c20iLCJwYXJhbWV0ZXJzIjoie1wicmVmZXJyZXJcIjpcIlwiLFwic3R1YklkXCI6XCJcIn0ifSx7InBsdWdpbiI6IndudCIsInBhcmFtZXRlcnMiOiJ7XCJyZWZlcnJlclwiOlwiXCJ9In0seyJwbHVnaW4iOiJ1YSIsInBhcmFtZXRlcnMiOiJ7fSJ9LHsicGx1Z2luIjoiYWJuIiwicGFyYW1ldGVycyI6IntcImlzQ3NzVXJsSW5qZWN0ZWRcIjpmYWxzZX0ifSx7InBsdWdpbiI6ImFibl9zaGFkb3ciLCJwYXJhbWV0ZXJzIjoie1wiaXNDc3NVcmxJbmplY3RlZFwiOmZhbHNlfSJ9XX0sImlzVG9wTGV2ZWwiOnRydWUsInBhZ2VTdGFydFRpbWUiOjE3ODUxMDYyNzYyNjEsIm5hdmlnYXRpb25TdGFydFRpbWUiOjE3ODUxMDYyNzU1MzB9&nocache=16dae&tm=2026-07-26T23%3A24%3A16.169Z&second=true:0
[ 2010785ms] [ERROR] Failed to load resource: net::ERR_FAILED @ https://gc.kis.v2.scr.kaspersky-labs.com/7D8B79A2-8974-4D7B-A76A-F4F29624C06BOSxDTLheSV66Hsf0i1yRUXAy8NkjYorxIG_uaN1dmJ5Wvd2xA3apQXvET0QVAF1JEaoPV6BKADfMsM6k4U-tLg/init?data=eyJ1cmwiOiJodHRwczovL2FwcHN0b3JlY29ubmVjdC5hcHBsZS5jb20vYXBwcy82Nzg5OTEzMTg2L2Rpc3RyaWJ1dGlvbi9pb3MvdmVyc2lvbi9pbmZsaWdodCIsInBsdWdpbnMiOiJ3c20mY2EmdnMmd250JnVhJmFibiZhYm5fc2hhZG93JmNiIiwiZGF0YSI6eyJkYXRhIjpbeyJwbHVnaW4iOiJ3c20iLCJwYXJhbWV0ZXJzIjoie1wicmVmZXJyZXJcIjpcIlwiLFwic3R1YklkXCI6XCJcIn0ifSx7InBsdWdpbiI6IndudCIsInBhcmFtZXRlcnMiOiJ7XCJyZWZlcnJlclwiOlwiXCJ9In0seyJwbHVnaW4iOiJ1YSIsInBhcmFtZXRlcnMiOiJ7fSJ9LHsicGx1Z2luIjoiYWJuIiwicGFyYW1ldGVycyI6IntcImlzQ3NzVXJsSW5qZWN0ZWRcIjpmYWxzZX0ifSx7InBsdWdpbiI6ImFibl9zaGFkb3ciLCJwYXJhbWV0ZXJzIjoie1wiaXNDc3NVcmxJbmplY3RlZFwiOmZhbHNlfSJ9XX0sImlzVG9wTGV2ZWwiOnRydWUsInBhZ2VTdGFydFRpbWUiOjE3ODUxMDYyNzYyNjEsIm5hdmlnYXRpb25TdGFydFRpbWUiOjE3ODUxMDYyNzU1MzB9&nocache=12f6c&tm=2026-07-26T23%3A24%3A46.294Z:0
[ 2010799ms] [ERROR] Failed to load resource: net::ERR_FAILED @ https://gc.kis.v2.scr.kaspersky-labs.com/7D8B79A2-8974-4D7B-A76A-F4F29624C06BOSxDTLheSV66Hsf0i1yRUXAy8NkjYorxIG_uaN1dmJ5Wvd2xA3apQXvET0QVAF1JEaoPV6BKADfMsM6k4U-tLg/init?data=eyJ1cmwiOiJodHRwczovL2FwcHN0b3JlY29ubmVjdC5hcHBsZS5jb20vYXBwcy82Nzg5OTEzMTg2L2Rpc3RyaWJ1dGlvbi9pb3MvdmVyc2lvbi9pbmZsaWdodCIsInBsdWdpbnMiOiJ3c20mY2EmdnMmd250JnVhJmFibiZhYm5fc2hhZG93JmNiIiwiZGF0YSI6eyJkYXRhIjpbeyJwbHVnaW4iOiJ3c20iLCJwYXJhbWV0ZXJzIjoie1wicmVmZXJyZXJcIjpcIlwiLFwic3R1YklkXCI6XCJcIn0ifSx7InBsdWdpbiI6IndudCIsInBhcmFtZXRlcnMiOiJ7XCJyZWZlcnJlclwiOlwiXCJ9In0seyJwbHVnaW4iOiJ1YSIsInBhcmFtZXRlcnMiOiJ7fSJ9LHsicGx1Z2luIjoiYWJuIiwicGFyYW1ldGVycyI6IntcImlzQ3NzVXJsSW5qZWN0ZWRcIjpmYWxzZX0ifSx7InBsdWdpbiI6ImFibl9zaGFkb3ciLCJwYXJhbWV0ZXJzIjoie1wiaXNDc3NVcmxJbmplY3RlZFwiOmZhbHNlfSJ9XX0sImlzVG9wTGV2ZWwiOnRydWUsInBhZ2VTdGFydFRpbWUiOjE3ODUxMDYyNzYyNjEsIm5hdmlnYXRpb25TdGFydFRpbWUiOjE3ODUxMDYyNzU1MzB9&nocache=168c7&tm=2026-07-26T23%3A24%3A46.307Z&second=true:0
[ 2040637ms] [ERROR] Failed to load resource: net::ERR_FAILED @ https://gc.kis.v2.scr.kaspersky-labs.com/7D8B79A2-8974-4D7B-A76A-F4F29624C06BOSxDTLheSV66Hsf0i1yRUXAy8NkjYorxIG_uaN1dmJ5Wvd2xA3apQXvET0QVAF1JEaoPV6BKADfMsM6k4U-tLg/init?data=eyJ1cmwiOiJodHRwczovL2FwcHN0b3JlY29ubmVjdC5hcHBsZS5jb20vYXBwcy82Nzg5OTEzMTg2L2Rpc3RyaWJ1dGlvbi9pb3MvdmVyc2lvbi9pbmZsaWdodCIsInBsdWdpbnMiOiJ3c20mY2EmdnMmd250JnVhJmFibiZhYm5fc2hhZG93JmNiIiwiZGF0YSI6eyJkYXRhIjpbeyJwbHVnaW4iOiJ3c20iLCJwYXJhbWV0ZXJzIjoie1wicmVmZXJyZXJcIjpcIlwiLFwic3R1YklkXCI6XCJcIn0ifSx7InBsdWdpbiI6IndudCIsInBhcmFtZXRlcnMiOiJ7XCJyZWZlcnJlclwiOlwiXCJ9In0seyJwbHVnaW4iOiJ1YSIsInBhcmFtZXRlcnMiOiJ7fSJ9LHsicGx1Z2luIjoiYWJuIiwicGFyYW1ldGVycyI6IntcImlzQ3NzVXJsSW5qZWN0ZWRcIjpmYWxzZX0ifSx7InBsdWdpbiI6ImFibl9zaGFkb3ciLCJwYXJhbWV0ZXJzIjoie1wiaXNDc3NVcmxJbmplY3RlZFwiOmZhbHNlfSJ9XX0sImlzVG9wTGV2ZWwiOnRydWUsInBhZ2VTdGFydFRpbWUiOjE3ODUxMDYyNzYyNjEsIm5hdmlnYXRpb25TdGFydFRpbWUiOjE3ODUxMDYyNzU1MzB9&nocache=13b48&tm=2026-07-26T23%3A25%3A16.148Z:0
[ 2040648ms] [ERROR] Failed to load resource: net::ERR_FAILED @ https://gc.kis.v2.scr.kaspersky-labs.com/7D8B79A2-8974-4D7B-A76A-F4F29624C06BOSxDTLheSV66Hsf0i1yRUXAy8NkjYorxIG_uaN1dmJ5Wvd2xA3apQXvET0QVAF1JEaoPV6BKADfMsM6k4U-tLg/init?data=eyJ1cmwiOiJodHRwczovL2FwcHN0b3JlY29ubmVjdC5hcHBsZS5jb20vYXBwcy82Nzg5OTEzMTg2L2Rpc3RyaWJ1dGlvbi9pb3MvdmVyc2lvbi9pbmZsaWdodCIsInBsdWdpbnMiOiJ3c20mY2EmdnMmd250JnVhJmFibiZhYm5fc2hhZG93JmNiIiwiZGF0YSI6eyJkYXRhIjpbeyJwbHVnaW4iOiJ3c20iLCJwYXJhbWV0ZXJzIjoie1wicmVmZXJyZXJcIjpcIlwiLFwic3R1YklkXCI6XCJcIn0ifSx7InBsdWdpbiI6IndudCIsInBhcmFtZXRlcnMiOiJ7XCJyZWZlcnJlclwiOlwiXCJ9In0seyJwbHVnaW4iOiJ1YSIsInBhcmFtZXRlcnMiOiJ7fSJ9LHsicGx1Z2luIjoiYWJuIiwicGFyYW1ldGVycyI6IntcImlzQ3NzVXJsSW5qZWN0ZWRcIjpmYWxzZX0ifSx7InBsdWdpbiI6ImFibl9zaGFkb3ciLCJwYXJhbWV0ZXJzIjoie1wiaXNDc3NVcmxJbmplY3RlZFwiOmZhbHNlfSJ9XX0sImlzVG9wTGV2ZWwiOnRydWUsInBhZ2VTdGFydFRpbWUiOjE3ODUxMDYyNzYyNjEsIm5hdmlnYXRpb25TdGFydFRpbWUiOjE3ODUxMDYyNzU1MzB9&nocache=16485&tm=2026-07-26T23%3A25%3A16.159Z&second=true:0
[ 2070659ms] [ERROR] Failed to load resource: net::ERR_FAILED @ https://gc.kis.v2.scr.kaspersky-labs.com/7D8B79A2-8974-4D7B-A76A-F4F29624C06BOSxDTLheSV66Hsf0i1yRUXAy8NkjYorxIG_uaN1dmJ5Wvd2xA3apQXvET0QVAF1JEaoPV6BKADfMsM6k4U-tLg/init?data=eyJ1cmwiOiJodHRwczovL2FwcHN0b3JlY29ubmVjdC5hcHBsZS5jb20vYXBwcy82Nzg5OTEzMTg2L2Rpc3RyaWJ1dGlvbi9pb3MvdmVyc2lvbi9pbmZsaWdodCIsInBsdWdpbnMiOiJ3c20mY2EmdnMmd250JnVhJmFibiZhYm5fc2hhZG93JmNiIiwiZGF0YSI6eyJkYXRhIjpbeyJwbHVnaW4iOiJ3c20iLCJwYXJhbWV0ZXJzIjoie1wicmVmZXJyZXJcIjpcIlwiLFwic3R1YklkXCI6XCJcIn0ifSx7InBsdWdpbiI6IndudCIsInBhcmFtZXRlcnMiOiJ7XCJyZWZlcnJlclwiOlwiXCJ9In0seyJwbHVnaW4iOiJ1YSIsInBhcmFtZXRlcnMiOiJ7fSJ9LHsicGx1Z2luIjoiYWJuIiwicGFyYW1ldGVycyI6IntcImlzQ3NzVXJsSW5qZWN0ZWRcIjpmYWxzZX0ifSx7InBsdWdpbiI6ImFibl9zaGFkb3ciLCJwYXJhbWV0ZXJzIjoie1wiaXNDc3NVcmxJbmplY3RlZFwiOmZhbHNlfSJ9XX0sImlzVG9wTGV2ZWwiOnRydWUsInBhZ2VTdGFydFRpbWUiOjE3ODUxMDYyNzYyNjEsIm5hdmlnYXRpb25TdGFydFRpbWUiOjE3ODUxMDYyNzU1MzB9&nocache=10b90&tm=2026-07-26T23%3A25%3A46.167Z:0
[ 2070673ms] [ERROR] Failed to load resource: net::ERR_FAILED @ https://gc.kis.v2.scr.kaspersky-labs.com/7D8B79A2-8974-4D7B-A76A-F4F29624C06BOSxDTLheSV66Hsf0i1yRUXAy8NkjYorxIG_uaN1dmJ5Wvd2xA3apQXvET0QVAF1JEaoPV6BKADfMsM6k4U-tLg/init?data=eyJ1cmwiOiJodHRwczovL2FwcHN0b3JlY29ubmVjdC5hcHBsZS5jb20vYXBwcy82Nzg5OTEzMTg2L2Rpc3RyaWJ1dGlvbi9pb3MvdmVyc2lvbi9pbmZsaWdodCIsInBsdWdpbnMiOiJ3c20mY2EmdnMmd250JnVhJmFibiZhYm5fc2hhZG93JmNiIiwiZGF0YSI6eyJkYXRhIjpbeyJwbHVnaW4iOiJ3c20iLCJwYXJhbWV0ZXJzIjoie1wicmVmZXJyZXJcIjpcIlwiLFwic3R1YklkXCI6XCJcIn0ifSx7InBsdWdpbiI6IndudCIsInBhcmFtZXRlcnMiOiJ7XCJyZWZlcnJlclwiOlwiXCJ9In0seyJwbHVnaW4iOiJ1YSIsInBhcmFtZXRlcnMiOiJ7fSJ9LHsicGx1Z2luIjoiYWJuIiwicGFyYW1ldGVycyI6IntcImlzQ3NzVXJsSW5qZWN0ZWRcIjpmYWxzZX0ifSx7InBsdWdpbiI6ImFibl9zaGFkb3ciLCJwYXJhbWV0ZXJzIjoie1wiaXNDc3NVcmxJbmplY3RlZFwiOmZhbHNlfSJ9XX0sImlzVG9wTGV2ZWwiOnRydWUsInBhZ2VTdGFydFRpbWUiOjE3ODUxMDYyNzYyNjEsIm5hdmlnYXRpb25TdGFydFRpbWUiOjE3ODUxMDYyNzU1MzB9&nocache=1ecbb&tm=2026-07-26T23%3A25%3A46.181Z&second=true:0
[ 2100636ms] [ERROR] Failed to load resource: net::ERR_FAILED @ https://gc.kis.v2.scr.kaspersky-labs.com/7D8B79A2-8974-4D7B-A76A-F4F29624C06BOSxDTLheSV66Hsf0i1yRUXAy8NkjYorxIG_uaN1dmJ5Wvd2xA3apQXvET0QVAF1JEaoPV6BKADfMsM6k4U-tLg/init?data=eyJ1cmwiOiJodHRwczovL2FwcHN0b3JlY29ubmVjdC5hcHBsZS5jb20vYXBwcy82Nzg5OTEzMTg2L2Rpc3RyaWJ1dGlvbi9pb3MvdmVyc2lvbi9pbmZsaWdodCIsInBsdWdpbnMiOiJ3c20mY2EmdnMmd250JnVhJmFibiZhYm5fc2hhZG93JmNiIiwiZGF0YSI6eyJkYXRhIjpbeyJwbHVnaW4iOiJ3c20iLCJwYXJhbWV0ZXJzIjoie1wicmVmZXJyZXJcIjpcIlwiLFwic3R1YklkXCI6XCJcIn0ifSx7InBsdWdpbiI6IndudCIsInBhcmFtZXRlcnMiOiJ7XCJyZWZlcnJlclwiOlwiXCJ9In0seyJwbHVnaW4iOiJ1YSIsInBhcmFtZXRlcnMiOiJ7fSJ9LHsicGx1Z2luIjoiYWJuIiwicGFyYW1ldGVycyI6IntcImlzQ3NzVXJsSW5qZWN0ZWRcIjpmYWxzZX0ifSx7InBsdWdpbiI6ImFibl9zaGFkb3ciLCJwYXJhbWV0ZXJzIjoie1wiaXNDc3NVcmxJbmplY3RlZFwiOmZhbHNlfSJ9XX0sImlzVG9wTGV2ZWwiOnRydWUsInBhZ2VTdGFydFRpbWUiOjE3ODUxMDYyNzYyNjEsIm5hdmlnYXRpb25TdGFydFRpbWUiOjE3ODUxMDYyNzU1MzB9&nocache=13fdf&tm=2026-07-26T23%3A26%3A16.144Z:0
[ 2100650ms] [ERROR] Failed to load resource: net::ERR_FAILED @ https://gc.kis.v2.scr.kaspersky-labs.com/7D8B79A2-8974-4D7B-A76A-F4F29624C06BOSxDTLheSV66Hsf0i1yRUXAy8NkjYorxIG_uaN1dmJ5Wvd2xA3apQXvET0QVAF1JEaoPV6BKADfMsM6k4U-tLg/init?data=eyJ1cmwiOiJodHRwczovL2FwcHN0b3JlY29ubmVjdC5hcHBsZS5jb20vYXBwcy82Nzg5OTEzMTg2L2Rpc3RyaWJ1dGlvbi9pb3MvdmVyc2lvbi9pbmZsaWdodCIsInBsdWdpbnMiOiJ3c20mY2EmdnMmd250JnVhJmFibiZhYm5fc2hhZG93JmNiIiwiZGF0YSI6eyJkYXRhIjpbeyJwbHVnaW4iOiJ3c20iLCJwYXJhbWV0ZXJzIjoie1wicmVmZXJyZXJcIjpcIlwiLFwic3R1YklkXCI6XCJcIn0ifSx7InBsdWdpbiI6IndudCIsInBhcmFtZXRlcnMiOiJ7XCJyZWZlcnJlclwiOlwiXCJ9In0seyJwbHVnaW4iOiJ1YSIsInBhcmFtZXRlcnMiOiJ7fSJ9LHsicGx1Z2luIjoiYWJuIiwicGFyYW1ldGVycyI6IntcImlzQ3NzVXJsSW5qZWN0ZWRcIjpmYWxzZX0ifSx7InBsdWdpbiI6ImFibl9zaGFkb3ciLCJwYXJhbWV0ZXJzIjoie1wiaXNDc3NVcmxJbmplY3RlZFwiOmZhbHNlfSJ9XX0sImlzVG9wTGV2ZWwiOnRydWUsInBhZ2VTdGFydFRpbWUiOjE3ODUxMDYyNzYyNjEsIm5hdmlnYXRpb25TdGFydFRpbWUiOjE3ODUxMDYyNzU1MzB9&nocache=14ac9&tm=2026-07-26T23%3A26%3A16.159Z&second=true:0
[ 2130643ms] [ERROR] Failed to load resource: net::ERR_FAILED @ https://gc.kis.v2.scr.kaspersky-labs.com/7D8B79A2-8974-4D7B-A76A-F4F29624C06BOSxDTLheSV66Hsf0i1yRUXAy8NkjYorxIG_uaN1dmJ5Wvd2xA3apQXvET0QVAF1JEaoPV6BKADfMsM6k4U-tLg/init?data=eyJ1cmwiOiJodHRwczovL2FwcHN0b3JlY29ubmVjdC5hcHBsZS5jb20vYXBwcy82Nzg5OTEzMTg2L2Rpc3RyaWJ1dGlvbi9pb3MvdmVyc2lvbi9pbmZsaWdodCIsInBsdWdpbnMiOiJ3c20mY2EmdnMmd250JnVhJmFibiZhYm5fc2hhZG93JmNiIiwiZGF0YSI6eyJkYXRhIjpbeyJwbHVnaW4iOiJ3c20iLCJwYXJhbWV0ZXJzIjoie1wicmVmZXJyZXJcIjpcIlwiLFwic3R1YklkXCI6XCJcIn0ifSx7InBsdWdpbiI6IndudCIsInBhcmFtZXRlcnMiOiJ7XCJyZWZlcnJlclwiOlwiXCJ9In0seyJwbHVnaW4iOiJ1YSIsInBhcmFtZXRlcnMiOiJ7fSJ9LHsicGx1Z2luIjoiYWJuIiwicGFyYW1ldGVycyI6IntcImlzQ3NzVXJsSW5qZWN0ZWRcIjpmYWxzZX0ifSx7InBsdWdpbiI6ImFibl9zaGFkb3ciLCJwYXJhbWV0ZXJzIjoie1wiaXNDc3NVcmxJbmplY3RlZFwiOmZhbHNlfSJ9XX0sImlzVG9wTGV2ZWwiOnRydWUsInBhZ2VTdGFydFRpbWUiOjE3ODUxMDYyNzYyNjEsIm5hdmlnYXRpb25TdGFydFRpbWUiOjE3ODUxMDYyNzU1MzB9&nocache=16f61&tm=2026-07-26T23%3A26%3A46.154Z:0
[ 2130661ms] [ERROR] Failed to load resource: net::ERR_FAILED @ https://gc.kis.v2.scr.kaspersky-labs.com/7D8B79A2-8974-4D7B-A76A-F4F29624C06BOSxDTLheSV66Hsf0i1yRUXAy8NkjYorxIG_uaN1dmJ5Wvd2xA3apQXvET0QVAF1JEaoPV6BKADfMsM6k4U-tLg/init?data=eyJ1cmwiOiJodHRwczovL2FwcHN0b3JlY29ubmVjdC5hcHBsZS5jb20vYXBwcy82Nzg5OTEzMTg2L2Rpc3RyaWJ1dGlvbi9pb3MvdmVyc2lvbi9pbmZsaWdodCIsInBsdWdpbnMiOiJ3c20mY2EmdnMmd250JnVhJmFibiZhYm5fc2hhZG93JmNiIiwiZGF0YSI6eyJkYXRhIjpbeyJwbHVnaW4iOiJ3c20iLCJwYXJhbWV0ZXJzIjoie1wicmVmZXJyZXJcIjpcIlwiLFwic3R1YklkXCI6XCJcIn0ifSx7InBsdWdpbiI6IndudCIsInBhcmFtZXRlcnMiOiJ7XCJyZWZlcnJlclwiOlwiXCJ9In0seyJwbHVnaW4iOiJ1YSIsInBhcmFtZXRlcnMiOiJ7fSJ9LHsicGx1Z2luIjoiYWJuIiwicGFyYW1ldGVycyI6IntcImlzQ3NzVXJsSW5qZWN0ZWRcIjpmYWxzZX0ifSx7InBsdWdpbiI6ImFibl9zaGFkb3ciLCJwYXJhbWV0ZXJzIjoie1wiaXNDc3NVcmxJbmplY3RlZFwiOmZhbHNlfSJ9XX0sImlzVG9wTGV2ZWwiOnRydWUsInBhZ2VTdGFydFRpbWUiOjE3ODUxMDYyNzYyNjEsIm5hdmlnYXRpb25TdGFydFRpbWUiOjE3ODUxMDYyNzU1MzB9&nocache=178a8&tm=2026-07-26T23%3A26%3A46.165Z&second=true:0
[ 2160638ms] [ERROR] Failed to load resource: net::ERR_FAILED @ https://gc.kis.v2.scr.kaspersky-labs.com/7D8B79A2-8974-4D7B-A76A-F4F29624C06BOSxDTLheSV66Hsf0i1yRUXAy8NkjYorxIG_uaN1dmJ5Wvd2xA3apQXvET0QVAF1JEaoPV6BKADfMsM6k4U-tLg/init?data=eyJ1cmwiOiJodHRwczovL2FwcHN0b3JlY29ubmVjdC5hcHBsZS5jb20vYXBwcy82Nzg5OTEzMTg2L2Rpc3RyaWJ1dGlvbi9pb3MvdmVyc2lvbi9pbmZsaWdodCIsInBsdWdpbnMiOiJ3c20mY2EmdnMmd250JnVhJmFibiZhYm5fc2hhZG93JmNiIiwiZGF0YSI6eyJkYXRhIjpbeyJwbHVnaW4iOiJ3c20iLCJwYXJhbWV0ZXJzIjoie1wicmVmZXJyZXJcIjpcIlwiLFwic3R1YklkXCI6XCJcIn0ifSx7InBsdWdpbiI6IndudCIsInBhcmFtZXRlcnMiOiJ7XCJyZWZlcnJlclwiOlwiXCJ9In0seyJwbHVnaW4iOiJ1YSIsInBhcmFtZXRlcnMiOiJ7fSJ9LHsicGx1Z2luIjoiYWJuIiwicGFyYW1ldGVycyI6IntcImlzQ3NzVXJsSW5qZWN0ZWRcIjpmYWxzZX0ifSx7InBsdWdpbiI6ImFibl9zaGFkb3ciLCJwYXJhbWV0ZXJzIjoie1wiaXNDc3NVcmxJbmplY3RlZFwiOmZhbHNlfSJ9XX0sImlzVG9wTGV2ZWwiOnRydWUsInBhZ2VTdGFydFRpbWUiOjE3ODUxMDYyNzYyNjEsIm5hdmlnYXRpb25TdGFydFRpbWUiOjE3ODUxMDYyNzU1MzB9&nocache=14a63&tm=2026-07-26T23%3A27%3A16.149Z:0
[ 2160646ms] [ERROR] Failed to load resource: net::ERR_FAILED @ https://gc.kis.v2.scr.kaspersky-labs.com/7D8B79A2-8974-4D7B-A76A-F4F29624C06BOSxDTLheSV66Hsf0i1yRUXAy8NkjYorxIG_uaN1dmJ5Wvd2xA3apQXvET0QVAF1JEaoPV6BKADfMsM6k4U-tLg/init?data=eyJ1cmwiOiJodHRwczovL2FwcHN0b3JlY29ubmVjdC5hcHBsZS5jb20vYXBwcy82Nzg5OTEzMTg2L2Rpc3RyaWJ1dGlvbi9pb3MvdmVyc2lvbi9pbmZsaWdodCIsInBsdWdpbnMiOiJ3c20mY2EmdnMmd250JnVhJmFibiZhYm5fc2hhZG93JmNiIiwiZGF0YSI6eyJkYXRhIjpbeyJwbHVnaW4iOiJ3c20iLCJwYXJhbWV0ZXJzIjoie1wicmVmZXJyZXJcIjpcIlwiLFwic3R1YklkXCI6XCJcIn0ifSx7InBsdWdpbiI6IndudCIsInBhcmFtZXRlcnMiOiJ7XCJyZWZlcnJlclwiOlwiXCJ9In0seyJwbHVnaW4iOiJ1YSIsInBhcmFtZXRlcnMiOiJ7fSJ9LHsicGx1Z2luIjoiYWJuIiwicGFyYW1ldGVycyI6IntcImlzQ3NzVXJsSW5qZWN0ZWRcIjpmYWxzZX0ifSx7InBsdWdpbiI6ImFibl9zaGFkb3ciLCJwYXJhbWV0ZXJzIjoie1wiaXNDc3NVcmxJbmplY3RlZFwiOmZhbHNlfSJ9XX0sImlzVG9wTGV2ZWwiOnRydWUsInBhZ2VTdGFydFRpbWUiOjE3ODUxMDYyNzYyNjEsIm5hdmlnYXRpb25TdGFydFRpbWUiOjE3ODUxMDYyNzU1MzB9&nocache=18f64&tm=2026-07-26T23%3A27%3A16.160Z&second=true:0
[ 2190631ms] [ERROR] Failed to load resource: net::ERR_FAILED @ https://gc.kis.v2.scr.kaspersky-labs.com/7D8B79A2-8974-4D7B-A76A-F4F29624C06BOSxDTLheSV66Hsf0i1yRUXAy8NkjYorxIG_uaN1dmJ5Wvd2xA3apQXvET0QVAF1JEaoPV6BKADfMsM6k4U-tLg/init?data=eyJ1cmwiOiJodHRwczovL2FwcHN0b3JlY29ubmVjdC5hcHBsZS5jb20vYXBwcy82Nzg5OTEzMTg2L2Rpc3RyaWJ1dGlvbi9pb3MvdmVyc2lvbi9pbmZsaWdodCIsInBsdWdpbnMiOiJ3c20mY2EmdnMmd250JnVhJmFibiZhYm5fc2hhZG93JmNiIiwiZGF0YSI6eyJkYXRhIjpbeyJwbHVnaW4iOiJ3c20iLCJwYXJhbWV0ZXJzIjoie1wicmVmZXJyZXJcIjpcIlwiLFwic3R1YklkXCI6XCJcIn0ifSx7InBsdWdpbiI6IndudCIsInBhcmFtZXRlcnMiOiJ7XCJyZWZlcnJlclwiOlwiXCJ9In0seyJwbHVnaW4iOiJ1YSIsInBhcmFtZXRlcnMiOiJ7fSJ9LHsicGx1Z2luIjoiYWJuIiwicGFyYW1ldGVycyI6IntcImlzQ3NzVXJsSW5qZWN0ZWRcIjpmYWxzZX0ifSx7InBsdWdpbiI6ImFibl9zaGFkb3ciLCJwYXJhbWV0ZXJzIjoie1wiaXNDc3NVcmxJbmplY3RlZFwiOmZhbHNlfSJ9XX0sImlzVG9wTGV2ZWwiOnRydWUsInBhZ2VTdGFydFRpbWUiOjE3ODUxMDYyNzYyNjEsIm5hdmlnYXRpb25TdGFydFRpbWUiOjE3ODUxMDYyNzU1MzB9&nocache=1ed49&tm=2026-07-26T23%3A27%3A46.144Z:0
[ 2190639ms] [ERROR] Failed to load resource: net::ERR_FAILED @ https://gc.kis.v2.scr.kaspersky-labs.com/7D8B79A2-8974-4D7B-A76A-F4F29624C06BOSxDTLheSV66Hsf0i1yRUXAy8NkjYorxIG_uaN1dmJ5Wvd2xA3apQXvET0QVAF1JEaoPV6BKADfMsM6k4U-tLg/init?data=eyJ1cmwiOiJodHRwczovL2FwcHN0b3JlY29ubmVjdC5hcHBsZS5jb20vYXBwcy82Nzg5OTEzMTg2L2Rpc3RyaWJ1dGlvbi9pb3MvdmVyc2lvbi9pbmZsaWdodCIsInBsdWdpbnMiOiJ3c20mY2EmdnMmd250JnVhJmFibiZhYm5fc2hhZG93JmNiIiwiZGF0YSI6eyJkYXRhIjpbeyJwbHVnaW4iOiJ3c20iLCJwYXJhbWV0ZXJzIjoie1wicmVmZXJyZXJcIjpcIlwiLFwic3R1YklkXCI6XCJcIn0ifSx7InBsdWdpbiI6IndudCIsInBhcmFtZXRlcnMiOiJ7XCJyZWZlcnJlclwiOlwiXCJ9In0seyJwbHVnaW4iOiJ1YSIsInBhcmFtZXRlcnMiOiJ7fSJ9LHsicGx1Z2luIjoiYWJuIiwicGFyYW1ldGVycyI6IntcImlzQ3NzVXJsSW5qZWN0ZWRcIjpmYWxzZX0ifSx7InBsdWdpbiI6ImFibl9zaGFkb3ciLCJwYXJhbWV0ZXJzIjoie1wiaXNDc3NVcmxJbmplY3RlZFwiOmZhbHNlfSJ9XX0sImlzVG9wTGV2ZWwiOnRydWUsInBhZ2VTdGFydFRpbWUiOjE3ODUxMDYyNzYyNjEsIm5hdmlnYXRpb25TdGFydFRpbWUiOjE3ODUxMDYyNzU1MzB9&nocache=11128&tm=2026-07-26T23%3A27%3A46.153Z&second=true:0
[ 2220625ms] [ERROR] Failed to load resource: net::ERR_FAILED @ https://gc.kis.v2.scr.kaspersky-labs.com/7D8B79A2-8974-4D7B-A76A-F4F29624C06BOSxDTLheSV66Hsf0i1yRUXAy8NkjYorxIG_uaN1dmJ5Wvd2xA3apQXvET0QVAF1JEaoPV6BKADfMsM6k4U-tLg/init?data=eyJ1cmwiOiJodHRwczovL2FwcHN0b3JlY29ubmVjdC5hcHBsZS5jb20vYXBwcy82Nzg5OTEzMTg2L2Rpc3RyaWJ1dGlvbi9pb3MvdmVyc2lvbi9pbmZsaWdodCIsInBsdWdpbnMiOiJ3c20mY2EmdnMmd250JnVhJmFibiZhYm5fc2hhZG93JmNiIiwiZGF0YSI6eyJkYXRhIjpbeyJwbHVnaW4iOiJ3c20iLCJwYXJhbWV0ZXJzIjoie1wicmVmZXJyZXJcIjpcIlwiLFwic3R1YklkXCI6XCJcIn0ifSx7InBsdWdpbiI6IndudCIsInBhcmFtZXRlcnMiOiJ7XCJyZWZlcnJlclwiOlwiXCJ9In0seyJwbHVnaW4iOiJ1YSIsInBhcmFtZXRlcnMiOiJ7fSJ9LHsicGx1Z2luIjoiYWJuIiwicGFyYW1ldGVycyI6IntcImlzQ3NzVXJsSW5qZWN0ZWRcIjpmYWxzZX0ifSx7InBsdWdpbiI6ImFibl9zaGFkb3ciLCJwYXJhbWV0ZXJzIjoie1wiaXNDc3NVcmxJbmplY3RlZFwiOmZhbHNlfSJ9XX0sImlzVG9wTGV2ZWwiOnRydWUsInBhZ2VTdGFydFRpbWUiOjE3ODUxMDYyNzYyNjEsIm5hdmlnYXRpb25TdGFydFRpbWUiOjE3ODUxMDYyNzU1MzB9&nocache=14a3f&tm=2026-07-26T23%3A28%3A16.139Z:0
[ 2220634ms] [ERROR] Failed to load resource: net::ERR_FAILED @ https://gc.kis.v2.scr.kaspersky-labs.com/7D8B79A2-8974-4D7B-A76A-F4F29624C06BOSxDTLheSV66Hsf0i1yRUXAy8NkjYorxIG_uaN1dmJ5Wvd2xA3apQXvET0QVAF1JEaoPV6BKADfMsM6k4U-tLg/init?data=eyJ1cmwiOiJodHRwczovL2FwcHN0b3JlY29ubmVjdC5hcHBsZS5jb20vYXBwcy82Nzg5OTEzMTg2L2Rpc3RyaWJ1dGlvbi9pb3MvdmVyc2lvbi9pbmZsaWdodCIsInBsdWdpbnMiOiJ3c20mY2EmdnMmd250JnVhJmFibiZhYm5fc2hhZG93JmNiIiwiZGF0YSI6eyJkYXRhIjpbeyJwbHVnaW4iOiJ3c20iLCJwYXJhbWV0ZXJzIjoie1wicmVmZXJyZXJcIjpcIlwiLFwic3R1YklkXCI6XCJcIn0ifSx7InBsdWdpbiI6IndudCIsInBhcmFtZXRlcnMiOiJ7XCJyZWZlcnJlclwiOlwiXCJ9In0seyJwbHVnaW4iOiJ1YSIsInBhcmFtZXRlcnMiOiJ7fSJ9LHsicGx1Z2luIjoiYWJuIiwicGFyYW1ldGVycyI6IntcImlzQ3NzVXJsSW5qZWN0ZWRcIjpmYWxzZX0ifSx7InBsdWdpbiI6ImFibl9zaGFkb3ciLCJwYXJhbWV0ZXJzIjoie1wiaXNDc3NVcmxJbmplY3RlZFwiOmZhbHNlfSJ9XX0sImlzVG9wTGV2ZWwiOnRydWUsInBhZ2VTdGFydFRpbWUiOjE3ODUxMDYyNzYyNjEsIm5hdmlnYXRpb25TdGFydFRpbWUiOjE3ODUxMDYyNzU1MzB9&nocache=161cd&tm=2026-07-26T23%3A28%3A16.147Z&second=true:0
[ 2250690ms] [ERROR] Failed to load resource: net::ERR_FAILED @ https://gc.kis.v2.scr.kaspersky-labs.com/7D8B79A2-8974-4D7B-A76A-F4F29624C06BOSxDTLheSV66Hsf0i1yRUXAy8NkjYorxIG_uaN1dmJ5Wvd2xA3apQXvET0QVAF1JEaoPV6BKADfMsM6k4U-tLg/init?data=eyJ1cmwiOiJodHRwczovL2FwcHN0b3JlY29ubmVjdC5hcHBsZS5jb20vYXBwcy82Nzg5OTEzMTg2L2Rpc3RyaWJ1dGlvbi9pb3MvdmVyc2lvbi9pbmZsaWdodCIsInBsdWdpbnMiOiJ3c20mY2EmdnMmd250JnVhJmFibiZhYm5fc2hhZG93JmNiIiwiZGF0YSI6eyJkYXRhIjpbeyJwbHVnaW4iOiJ3c20iLCJwYXJhbWV0ZXJzIjoie1wicmVmZXJyZXJcIjpcIlwiLFwic3R1YklkXCI6XCJcIn0ifSx7InBsdWdpbiI6IndudCIsInBhcmFtZXRlcnMiOiJ7XCJyZWZlcnJlclwiOlwiXCJ9In0seyJwbHVnaW4iOiJ1YSIsInBhcmFtZXRlcnMiOiJ7fSJ9LHsicGx1Z2luIjoiYWJuIiwicGFyYW1ldGVycyI6IntcImlzQ3NzVXJsSW5qZWN0ZWRcIjpmYWxzZX0ifSx7InBsdWdpbiI6ImFibl9zaGFkb3ciLCJwYXJhbWV0ZXJzIjoie1wiaXNDc3NVcmxJbmplY3RlZFwiOmZhbHNlfSJ9XX0sImlzVG9wTGV2ZWwiOnRydWUsInBhZ2VTdGFydFRpbWUiOjE3ODUxMDYyNzYyNjEsIm5hdmlnYXRpb25TdGFydFRpbWUiOjE3ODUxMDYyNzU1MzB9&nocache=1a596&tm=2026-07-26T23%3A28%3A46.204Z:0
[ 2250696ms] [ERROR] Failed to load resource: net::ERR_FAILED @ https://gc.kis.v2.scr.kaspersky-labs.com/7D8B79A2-8974-4D7B-A76A-F4F29624C06BOSxDTLheSV66Hsf0i1yRUXAy8NkjYorxIG_uaN1dmJ5Wvd2xA3apQXvET0QVAF1JEaoPV6BKADfMsM6k4U-tLg/init?data=eyJ1cmwiOiJodHRwczovL2FwcHN0b3JlY29ubmVjdC5hcHBsZS5jb20vYXBwcy82Nzg5OTEzMTg2L2Rpc3RyaWJ1dGlvbi9pb3MvdmVyc2lvbi9pbmZsaWdodCIsInBsdWdpbnMiOiJ3c20mY2EmdnMmd250JnVhJmFibiZhYm5fc2hhZG93JmNiIiwiZGF0YSI6eyJkYXRhIjpbeyJwbHVnaW4iOiJ3c20iLCJwYXJhbWV0ZXJzIjoie1wicmVmZXJyZXJcIjpcIlwiLFwic3R1YklkXCI6XCJcIn0ifSx7InBsdWdpbiI6IndudCIsInBhcmFtZXRlcnMiOiJ7XCJyZWZlcnJlclwiOlwiXCJ9In0seyJwbHVnaW4iOiJ1YSIsInBhcmFtZXRlcnMiOiJ7fSJ9LHsicGx1Z2luIjoiYWJuIiwicGFyYW1ldGVycyI6IntcImlzQ3NzVXJsSW5qZWN0ZWRcIjpmYWxzZX0ifSx7InBsdWdpbiI6ImFibl9zaGFkb3ciLCJwYXJhbWV0ZXJzIjoie1wiaXNDc3NVcmxJbmplY3RlZFwiOmZhbHNlfSJ9XX0sImlzVG9wTGV2ZWwiOnRydWUsInBhZ2VTdGFydFRpbWUiOjE3ODUxMDYyNzYyNjEsIm5hdmlnYXRpb25TdGFydFRpbWUiOjE3ODUxMDYyNzU1MzB9&nocache=16e15&tm=2026-07-26T23%3A28%3A46.212Z&second=true:0
[ 2280630ms] [ERROR] Failed to load resource: net::ERR_FAILED @ https://gc.kis.v2.scr.kaspersky-labs.com/7D8B79A2-8974-4D7B-A76A-F4F29624C06BOSxDTLheSV66Hsf0i1yRUXAy8NkjYorxIG_uaN1dmJ5Wvd2xA3apQXvET0QVAF1JEaoPV6BKADfMsM6k4U-tLg/init?data=eyJ1cmwiOiJodHRwczovL2FwcHN0b3JlY29ubmVjdC5hcHBsZS5jb20vYXBwcy82Nzg5OTEzMTg2L2Rpc3RyaWJ1dGlvbi9pb3MvdmVyc2lvbi9pbmZsaWdodCIsInBsdWdpbnMiOiJ3c20mY2EmdnMmd250JnVhJmFibiZhYm5fc2hhZG93JmNiIiwiZGF0YSI6eyJkYXRhIjpbeyJwbHVnaW4iOiJ3c20iLCJwYXJhbWV0ZXJzIjoie1wicmVmZXJyZXJcIjpcIlwiLFwic3R1YklkXCI6XCJcIn0ifSx7InBsdWdpbiI6IndudCIsInBhcmFtZXRlcnMiOiJ7XCJyZWZlcnJlclwiOlwiXCJ9In0seyJwbHVnaW4iOiJ1YSIsInBhcmFtZXRlcnMiOiJ7fSJ9LHsicGx1Z2luIjoiYWJuIiwicGFyYW1ldGVycyI6IntcImlzQ3NzVXJsSW5qZWN0ZWRcIjpmYWxzZX0ifSx7InBsdWdpbiI6ImFibl9zaGFkb3ciLCJwYXJhbWV0ZXJzIjoie1wiaXNDc3NVcmxJbmplY3RlZFwiOmZhbHNlfSJ9XX0sImlzVG9wTGV2ZWwiOnRydWUsInBhZ2VTdGFydFRpbWUiOjE3ODUxMDYyNzYyNjEsIm5hdmlnYXRpb25TdGFydFRpbWUiOjE3ODUxMDYyNzU1MzB9&nocache=1d6eb&tm=2026-07-26T23%3A29%3A16.144Z:0
[ 2280642ms] [ERROR] Failed to load resource: net::ERR_FAILED @ https://gc.kis.v2.scr.kaspersky-labs.com/7D8B79A2-8974-4D7B-A76A-F4F29624C06BOSxDTLheSV66Hsf0i1yRUXAy8NkjYorxIG_uaN1dmJ5Wvd2xA3apQXvET0QVAF1JEaoPV6BKADfMsM6k4U-tLg/init?data=eyJ1cmwiOiJodHRwczovL2FwcHN0b3JlY29ubmVjdC5hcHBsZS5jb20vYXBwcy82Nzg5OTEzMTg2L2Rpc3RyaWJ1dGlvbi9pb3MvdmVyc2lvbi9pbmZsaWdodCIsInBsdWdpbnMiOiJ3c20mY2EmdnMmd250JnVhJmFibiZhYm5fc2hhZG93JmNiIiwiZGF0YSI6eyJkYXRhIjpbeyJwbHVnaW4iOiJ3c20iLCJwYXJhbWV0ZXJzIjoie1wicmVmZXJyZXJcIjpcIlwiLFwic3R1YklkXCI6XCJcIn0ifSx7InBsdWdpbiI6IndudCIsInBhcmFtZXRlcnMiOiJ7XCJyZWZlcnJlclwiOlwiXCJ9In0seyJwbHVnaW4iOiJ1YSIsInBhcmFtZXRlcnMiOiJ7fSJ9LHsicGx1Z2luIjoiYWJuIiwicGFyYW1ldGVycyI6IntcImlzQ3NzVXJsSW5qZWN0ZWRcIjpmYWxzZX0ifSx7InBsdWdpbiI6ImFibl9zaGFkb3ciLCJwYXJhbWV0ZXJzIjoie1wiaXNDc3NVcmxJbmplY3RlZFwiOmZhbHNlfSJ9XX0sImlzVG9wTGV2ZWwiOnRydWUsInBhZ2VTdGFydFRpbWUiOjE3ODUxMDYyNzYyNjEsIm5hdmlnYXRpb25TdGFydFRpbWUiOjE3ODUxMDYyNzU1MzB9&nocache=1a899&tm=2026-07-26T23%3A29%3A16.152Z&second=true:0
[ 2310693ms] [ERROR] Failed to load resource: net::ERR_FAILED @ https://gc.kis.v2.scr.kaspersky-labs.com/7D8B79A2-8974-4D7B-A76A-F4F29624C06BOSxDTLheSV66Hsf0i1yRUXAy8NkjYorxIG_uaN1dmJ5Wvd2xA3apQXvET0QVAF1JEaoPV6BKADfMsM6k4U-tLg/init?data=eyJ1cmwiOiJodHRwczovL2FwcHN0b3JlY29ubmVjdC5hcHBsZS5jb20vYXBwcy82Nzg5OTEzMTg2L2Rpc3RyaWJ1dGlvbi9pb3MvdmVyc2lvbi9pbmZsaWdodCIsInBsdWdpbnMiOiJ3c20mY2EmdnMmd250JnVhJmFibiZhYm5fc2hhZG93JmNiIiwiZGF0YSI6eyJkYXRhIjpbeyJwbHVnaW4iOiJ3c20iLCJwYXJhbWV0ZXJzIjoie1wicmVmZXJyZXJcIjpcIlwiLFwic3R1YklkXCI6XCJcIn0ifSx7InBsdWdpbiI6IndudCIsInBhcmFtZXRlcnMiOiJ7XCJyZWZlcnJlclwiOlwiXCJ9In0seyJwbHVnaW4iOiJ1YSIsInBhcmFtZXRlcnMiOiJ7fSJ9LHsicGx1Z2luIjoiYWJuIiwicGFyYW1ldGVycyI6IntcImlzQ3NzVXJsSW5qZWN0ZWRcIjpmYWxzZX0ifSx7InBsdWdpbiI6ImFibl9zaGFkb3ciLCJwYXJhbWV0ZXJzIjoie1wiaXNDc3NVcmxJbmplY3RlZFwiOmZhbHNlfSJ9XX0sImlzVG9wTGV2ZWwiOnRydWUsInBhZ2VTdGFydFRpbWUiOjE3ODUxMDYyNzYyNjEsIm5hdmlnYXRpb25TdGFydFRpbWUiOjE3ODUxMDYyNzU1MzB9&nocache=1c505&tm=2026-07-26T23%3A29%3A46.160Z:0
[ 2310705ms] [ERROR] Failed to load resource: net::ERR_FAILED @ https://gc.kis.v2.scr.kaspersky-labs.com/7D8B79A2-8974-4D7B-A76A-F4F29624C06BOSxDTLheSV66Hsf0i1yRUXAy8NkjYorxIG_uaN1dmJ5Wvd2xA3apQXvET0QVAF1JEaoPV6BKADfMsM6k4U-tLg/init?data=eyJ1cmwiOiJodHRwczovL2FwcHN0b3JlY29ubmVjdC5hcHBsZS5jb20vYXBwcy82Nzg5OTEzMTg2L2Rpc3RyaWJ1dGlvbi9pb3MvdmVyc2lvbi9pbmZsaWdodCIsInBsdWdpbnMiOiJ3c20mY2EmdnMmd250JnVhJmFibiZhYm5fc2hhZG93JmNiIiwiZGF0YSI6eyJkYXRhIjpbeyJwbHVnaW4iOiJ3c20iLCJwYXJhbWV0ZXJzIjoie1wicmVmZXJyZXJcIjpcIlwiLFwic3R1YklkXCI6XCJcIn0ifSx7InBsdWdpbiI6IndudCIsInBhcmFtZXRlcnMiOiJ7XCJyZWZlcnJlclwiOlwiXCJ9In0seyJwbHVnaW4iOiJ1YSIsInBhcmFtZXRlcnMiOiJ7fSJ9LHsicGx1Z2luIjoiYWJuIiwicGFyYW1ldGVycyI6IntcImlzQ3NzVXJsSW5qZWN0ZWRcIjpmYWxzZX0ifSx7InBsdWdpbiI6ImFibl9zaGFkb3ciLCJwYXJhbWV0ZXJzIjoie1wiaXNDc3NVcmxJbmplY3RlZFwiOmZhbHNlfSJ9XX0sImlzVG9wTGV2ZWwiOnRydWUsInBhZ2VTdGFydFRpbWUiOjE3ODUxMDYyNzYyNjEsIm5hdmlnYXRpb25TdGFydFRpbWUiOjE3ODUxMDYyNzU1MzB9&nocache=14d90&tm=2026-07-26T23%3A29%3A46.215Z&second=true:0
[ 2340645ms] [ERROR] Failed to load resource: net::ERR_FAILED @ https://gc.kis.v2.scr.kaspersky-labs.com/7D8B79A2-8974-4D7B-A76A-F4F29624C06BOSxDTLheSV66Hsf0i1yRUXAy8NkjYorxIG_uaN1dmJ5Wvd2xA3apQXvET0QVAF1JEaoPV6BKADfMsM6k4U-tLg/init?data=eyJ1cmwiOiJodHRwczovL2FwcHN0b3JlY29ubmVjdC5hcHBsZS5jb20vYXBwcy82Nzg5OTEzMTg2L2Rpc3RyaWJ1dGlvbi9pb3MvdmVyc2lvbi9pbmZsaWdodCIsInBsdWdpbnMiOiJ3c20mY2EmdnMmd250JnVhJmFibiZhYm5fc2hhZG93JmNiIiwiZGF0YSI6eyJkYXRhIjpbeyJwbHVnaW4iOiJ3c20iLCJwYXJhbWV0ZXJzIjoie1wicmVmZXJyZXJcIjpcIlwiLFwic3R1YklkXCI6XCJcIn0ifSx7InBsdWdpbiI6IndudCIsInBhcmFtZXRlcnMiOiJ7XCJyZWZlcnJlclwiOlwiXCJ9In0seyJwbHVnaW4iOiJ1YSIsInBhcmFtZXRlcnMiOiJ7fSJ9LHsicGx1Z2luIjoiYWJuIiwicGFyYW1ldGVycyI6IntcImlzQ3NzVXJsSW5qZWN0ZWRcIjpmYWxzZX0ifSx7InBsdWdpbiI6ImFibl9zaGFkb3ciLCJwYXJhbWV0ZXJzIjoie1wiaXNDc3NVcmxJbmplY3RlZFwiOmZhbHNlfSJ9XX0sImlzVG9wTGV2ZWwiOnRydWUsInBhZ2VTdGFydFRpbWUiOjE3ODUxMDYyNzYyNjEsIm5hdmlnYXRpb25TdGFydFRpbWUiOjE3ODUxMDYyNzU1MzB9&nocache=1d147&tm=2026-07-26T23%3A30%3A16.154Z:0
[ 2340657ms] [ERROR] Failed to load resource: net::ERR_FAILED @ https://gc.kis.v2.scr.kaspersky-labs.com/7D8B79A2-8974-4D7B-A76A-F4F29624C06BOSxDTLheSV66Hsf0i1yRUXAy8NkjYorxIG_uaN1dmJ5Wvd2xA3apQXvET0QVAF1JEaoPV6BKADfMsM6k4U-tLg/init?data=eyJ1cmwiOiJodHRwczovL2FwcHN0b3JlY29ubmVjdC5hcHBsZS5jb20vYXBwcy82Nzg5OTEzMTg2L2Rpc3RyaWJ1dGlvbi9pb3MvdmVyc2lvbi9pbmZsaWdodCIsInBsdWdpbnMiOiJ3c20mY2EmdnMmd250JnVhJmFibiZhYm5fc2hhZG93JmNiIiwiZGF0YSI6eyJkYXRhIjpbeyJwbHVnaW4iOiJ3c20iLCJwYXJhbWV0ZXJzIjoie1wicmVmZXJyZXJcIjpcIlwiLFwic3R1YklkXCI6XCJcIn0ifSx7InBsdWdpbiI6IndudCIsInBhcmFtZXRlcnMiOiJ7XCJyZWZlcnJlclwiOlwiXCJ9In0seyJwbHVnaW4iOiJ1YSIsInBhcmFtZXRlcnMiOiJ7fSJ9LHsicGx1Z2luIjoiYWJuIiwicGFyYW1ldGVycyI6IntcImlzQ3NzVXJsSW5qZWN0ZWRcIjpmYWxzZX0ifSx7InBsdWdpbiI6ImFibl9zaGFkb3ciLCJwYXJhbWV0ZXJzIjoie1wiaXNDc3NVcmxJbmplY3RlZFwiOmZhbHNlfSJ9XX0sImlzVG9wTGV2ZWwiOnRydWUsInBhZ2VTdGFydFRpbWUiOjE3ODUxMDYyNzYyNjEsIm5hdmlnYXRpb25TdGFydFRpbWUiOjE3ODUxMDYyNzU1MzB9&nocache=1d785&tm=2026-07-26T23%3A30%3A16.167Z&second=true:0
[ 2370645ms] [ERROR] Failed to load resource: net::ERR_FAILED @ https://gc.kis.v2.scr.kaspersky-labs.com/7D8B79A2-8974-4D7B-A76A-F4F29624C06BOSxDTLheSV66Hsf0i1yRUXAy8NkjYorxIG_uaN1dmJ5Wvd2xA3apQXvET0QVAF1JEaoPV6BKADfMsM6k4U-tLg/init?data=eyJ1cmwiOiJodHRwczovL2FwcHN0b3JlY29ubmVjdC5hcHBsZS5jb20vYXBwcy82Nzg5OTEzMTg2L2Rpc3RyaWJ1dGlvbi9pb3MvdmVyc2lvbi9pbmZsaWdodCIsInBsdWdpbnMiOiJ3c20mY2EmdnMmd250JnVhJmFibiZhYm5fc2hhZG93JmNiIiwiZGF0YSI6eyJkYXRhIjpbeyJwbHVnaW4iOiJ3c20iLCJwYXJhbWV0ZXJzIjoie1wicmVmZXJyZXJcIjpcIlwiLFwic3R1YklkXCI6XCJcIn0ifSx7InBsdWdpbiI6IndudCIsInBhcmFtZXRlcnMiOiJ7XCJyZWZlcnJlclwiOlwiXCJ9In0seyJwbHVnaW4iOiJ1YSIsInBhcmFtZXRlcnMiOiJ7fSJ9LHsicGx1Z2luIjoiYWJuIiwicGFyYW1ldGVycyI6IntcImlzQ3NzVXJsSW5qZWN0ZWRcIjpmYWxzZX0ifSx7InBsdWdpbiI6ImFibl9zaGFkb3ciLCJwYXJhbWV0ZXJzIjoie1wiaXNDc3NVcmxJbmplY3RlZFwiOmZhbHNlfSJ9XX0sImlzVG9wTGV2ZWwiOnRydWUsInBhZ2VTdGFydFRpbWUiOjE3ODUxMDYyNzYyNjEsIm5hdmlnYXRpb25TdGFydFRpbWUiOjE3ODUxMDYyNzU1MzB9&nocache=19f73&tm=2026-07-26T23%3A30%3A46.154Z:0
[ 2370658ms] [ERROR] Failed to load resource: net::ERR_FAILED @ https://gc.kis.v2.scr.kaspersky-labs.com/7D8B79A2-8974-4D7B-A76A-F4F29624C06BOSxDTLheSV66Hsf0i1yRUXAy8NkjYorxIG_uaN1dmJ5Wvd2xA3apQXvET0QVAF1JEaoPV6BKADfMsM6k4U-tLg/init?data=eyJ1cmwiOiJodHRwczovL2FwcHN0b3JlY29ubmVjdC5hcHBsZS5jb20vYXBwcy82Nzg5OTEzMTg2L2Rpc3RyaWJ1dGlvbi9pb3MvdmVyc2lvbi9pbmZsaWdodCIsInBsdWdpbnMiOiJ3c20mY2EmdnMmd250JnVhJmFibiZhYm5fc2hhZG93JmNiIiwiZGF0YSI6eyJkYXRhIjpbeyJwbHVnaW4iOiJ3c20iLCJwYXJhbWV0ZXJzIjoie1wicmVmZXJyZXJcIjpcIlwiLFwic3R1YklkXCI6XCJcIn0ifSx7InBsdWdpbiI6IndudCIsInBhcmFtZXRlcnMiOiJ7XCJyZWZlcnJlclwiOlwiXCJ9In0seyJwbHVnaW4iOiJ1YSIsInBhcmFtZXRlcnMiOiJ7fSJ9LHsicGx1Z2luIjoiYWJuIiwicGFyYW1ldGVycyI6IntcImlzQ3NzVXJsSW5qZWN0ZWRcIjpmYWxzZX0ifSx7InBsdWdpbiI6ImFibl9zaGFkb3ciLCJwYXJhbWV0ZXJzIjoie1wiaXNDc3NVcmxJbmplY3RlZFwiOmZhbHNlfSJ9XX0sImlzVG9wTGV2ZWwiOnRydWUsInBhZ2VTdGFydFRpbWUiOjE3ODUxMDYyNzYyNjEsIm5hdmlnYXRpb25TdGFydFRpbWUiOjE3ODUxMDYyNzU1MzB9&nocache=11d16&tm=2026-07-26T23%3A30%3A46.168Z&second=true:0
[ 2400652ms] [ERROR] Failed to load resource: net::ERR_FAILED @ https://gc.kis.v2.scr.kaspersky-labs.com/7D8B79A2-8974-4D7B-A76A-F4F29624C06BOSxDTLheSV66Hsf0i1yRUXAy8NkjYorxIG_uaN1dmJ5Wvd2xA3apQXvET0QVAF1JEaoPV6BKADfMsM6k4U-tLg/init?data=eyJ1cmwiOiJodHRwczovL2FwcHN0b3JlY29ubmVjdC5hcHBsZS5jb20vYXBwcy82Nzg5OTEzMTg2L2Rpc3RyaWJ1dGlvbi9pb3MvdmVyc2lvbi9pbmZsaWdodCIsInBsdWdpbnMiOiJ3c20mY2EmdnMmd250JnVhJmFibiZhYm5fc2hhZG93JmNiIiwiZGF0YSI6eyJkYXRhIjpbeyJwbHVnaW4iOiJ3c20iLCJwYXJhbWV0ZXJzIjoie1wicmVmZXJyZXJcIjpcIlwiLFwic3R1YklkXCI6XCJcIn0ifSx7InBsdWdpbiI6IndudCIsInBhcmFtZXRlcnMiOiJ7XCJyZWZlcnJlclwiOlwiXCJ9In0seyJwbHVnaW4iOiJ1YSIsInBhcmFtZXRlcnMiOiJ7fSJ9LHsicGx1Z2luIjoiYWJuIiwicGFyYW1ldGVycyI6IntcImlzQ3NzVXJsSW5qZWN0ZWRcIjpmYWxzZX0ifSx7InBsdWdpbiI6ImFibl9zaGFkb3ciLCJwYXJhbWV0ZXJzIjoie1wiaXNDc3NVcmxJbmplY3RlZFwiOmZhbHNlfSJ9XX0sImlzVG9wTGV2ZWwiOnRydWUsInBhZ2VTdGFydFRpbWUiOjE3ODUxMDYyNzYyNjEsIm5hdmlnYXRpb25TdGFydFRpbWUiOjE3ODUxMDYyNzU1MzB9&nocache=195f0&tm=2026-07-26T23%3A31%3A16.163Z:0
[ 2400661ms] [ERROR] Failed to load resource: net::ERR_FAILED @ https://gc.kis.v2.scr.kaspersky-labs.com/7D8B79A2-8974-4D7B-A76A-F4F29624C06BOSxDTLheSV66Hsf0i1yRUXAy8NkjYorxIG_uaN1dmJ5Wvd2xA3apQXvET0QVAF1JEaoPV6BKADfMsM6k4U-tLg/init?data=eyJ1cmwiOiJodHRwczovL2FwcHN0b3JlY29ubmVjdC5hcHBsZS5jb20vYXBwcy82Nzg5OTEzMTg2L2Rpc3RyaWJ1dGlvbi9pb3MvdmVyc2lvbi9pbmZsaWdodCIsInBsdWdpbnMiOiJ3c20mY2EmdnMmd250JnVhJmFibiZhYm5fc2hhZG93JmNiIiwiZGF0YSI6eyJkYXRhIjpbeyJwbHVnaW4iOiJ3c20iLCJwYXJhbWV0ZXJzIjoie1wicmVmZXJyZXJcIjpcIlwiLFwic3R1YklkXCI6XCJcIn0ifSx7InBsdWdpbiI6IndudCIsInBhcmFtZXRlcnMiOiJ7XCJyZWZlcnJlclwiOlwiXCJ9In0seyJwbHVnaW4iOiJ1YSIsInBhcmFtZXRlcnMiOiJ7fSJ9LHsicGx1Z2luIjoiYWJuIiwicGFyYW1ldGVycyI6IntcImlzQ3NzVXJsSW5qZWN0ZWRcIjpmYWxzZX0ifSx7InBsdWdpbiI6ImFibl9zaGFkb3ciLCJwYXJhbWV0ZXJzIjoie1wiaXNDc3NVcmxJbmplY3RlZFwiOmZhbHNlfSJ9XX0sImlzVG9wTGV2ZWwiOnRydWUsInBhZ2VTdGFydFRpbWUiOjE3ODUxMDYyNzYyNjEsIm5hdmlnYXRpb25TdGFydFRpbWUiOjE3ODUxMDYyNzU1MzB9&nocache=16ba5&tm=2026-07-26T23%3A31%3A16.174Z&second=true:0
[ 2430642ms] [ERROR] Failed to load resource: net::ERR_FAILED @ https://gc.kis.v2.scr.kaspersky-labs.com/7D8B79A2-8974-4D7B-A76A-F4F29624C06BOSxDTLheSV66Hsf0i1yRUXAy8NkjYorxIG_uaN1dmJ5Wvd2xA3apQXvET0QVAF1JEaoPV6BKADfMsM6k4U-tLg/init?data=eyJ1cmwiOiJodHRwczovL2FwcHN0b3JlY29ubmVjdC5hcHBsZS5jb20vYXBwcy82Nzg5OTEzMTg2L2Rpc3RyaWJ1dGlvbi9pb3MvdmVyc2lvbi9pbmZsaWdodCIsInBsdWdpbnMiOiJ3c20mY2EmdnMmd250JnVhJmFibiZhYm5fc2hhZG93JmNiIiwiZGF0YSI6eyJkYXRhIjpbeyJwbHVnaW4iOiJ3c20iLCJwYXJhbWV0ZXJzIjoie1wicmVmZXJyZXJcIjpcIlwiLFwic3R1YklkXCI6XCJcIn0ifSx7InBsdWdpbiI6IndudCIsInBhcmFtZXRlcnMiOiJ7XCJyZWZlcnJlclwiOlwiXCJ9In0seyJwbHVnaW4iOiJ1YSIsInBhcmFtZXRlcnMiOiJ7fSJ9LHsicGx1Z2luIjoiYWJuIiwicGFyYW1ldGVycyI6IntcImlzQ3NzVXJsSW5qZWN0ZWRcIjpmYWxzZX0ifSx7InBsdWdpbiI6ImFibl9zaGFkb3ciLCJwYXJhbWV0ZXJzIjoie1wiaXNDc3NVcmxJbmplY3RlZFwiOmZhbHNlfSJ9XX0sImlzVG9wTGV2ZWwiOnRydWUsInBhZ2VTdGFydFRpbWUiOjE3ODUxMDYyNzYyNjEsIm5hdmlnYXRpb25TdGFydFRpbWUiOjE3ODUxMDYyNzU1MzB9&nocache=11c48&tm=2026-07-26T23%3A31%3A46.150Z:0
[ 2430656ms] [ERROR] Failed to load resource: net::ERR_FAILED @ https://gc.kis.v2.scr.kaspersky-labs.com/7D8B79A2-8974-4D7B-A76A-F4F29624C06BOSxDTLheSV66Hsf0i1yRUXAy8NkjYorxIG_uaN1dmJ5Wvd2xA3apQXvET0QVAF1JEaoPV6BKADfMsM6k4U-tLg/init?data=eyJ1cmwiOiJodHRwczovL2FwcHN0b3JlY29ubmVjdC5hcHBsZS5jb20vYXBwcy82Nzg5OTEzMTg2L2Rpc3RyaWJ1dGlvbi9pb3MvdmVyc2lvbi9pbmZsaWdodCIsInBsdWdpbnMiOiJ3c20mY2EmdnMmd250JnVhJmFibiZhYm5fc2hhZG93JmNiIiwiZGF0YSI6eyJkYXRhIjpbeyJwbHVnaW4iOiJ3c20iLCJwYXJhbWV0ZXJzIjoie1wicmVmZXJyZXJcIjpcIlwiLFwic3R1YklkXCI6XCJcIn0ifSx7InBsdWdpbiI6IndudCIsInBhcmFtZXRlcnMiOiJ7XCJyZWZlcnJlclwiOlwiXCJ9In0seyJwbHVnaW4iOiJ1YSIsInBhcmFtZXRlcnMiOiJ7fSJ9LHsicGx1Z2luIjoiYWJuIiwicGFyYW1ldGVycyI6IntcImlzQ3NzVXJsSW5qZWN0ZWRcIjpmYWxzZX0ifSx7InBsdWdpbiI6ImFibl9zaGFkb3ciLCJwYXJhbWV0ZXJzIjoie1wiaXNDc3NVcmxJbmplY3RlZFwiOmZhbHNlfSJ9XX0sImlzVG9wTGV2ZWwiOnRydWUsInBhZ2VTdGFydFRpbWUiOjE3ODUxMDYyNzYyNjEsIm5hdmlnYXRpb25TdGFydFRpbWUiOjE3ODUxMDYyNzU1MzB9&nocache=10d87&tm=2026-07-26T23%3A31%3A46.164Z&second=true:0
[ 2460628ms] [ERROR] Failed to load resource: net::ERR_FAILED @ https://gc.kis.v2.scr.kaspersky-labs.com/7D8B79A2-8974-4D7B-A76A-F4F29624C06BOSxDTLheSV66Hsf0i1yRUXAy8NkjYorxIG_uaN1dmJ5Wvd2xA3apQXvET0QVAF1JEaoPV6BKADfMsM6k4U-tLg/init?data=eyJ1cmwiOiJodHRwczovL2FwcHN0b3JlY29ubmVjdC5hcHBsZS5jb20vYXBwcy82Nzg5OTEzMTg2L2Rpc3RyaWJ1dGlvbi9pb3MvdmVyc2lvbi9pbmZsaWdodCIsInBsdWdpbnMiOiJ3c20mY2EmdnMmd250JnVhJmFibiZhYm5fc2hhZG93JmNiIiwiZGF0YSI6eyJkYXRhIjpbeyJwbHVnaW4iOiJ3c20iLCJwYXJhbWV0ZXJzIjoie1wicmVmZXJyZXJcIjpcIlwiLFwic3R1YklkXCI6XCJcIn0ifSx7InBsdWdpbiI6IndudCIsInBhcmFtZXRlcnMiOiJ7XCJyZWZlcnJlclwiOlwiXCJ9In0seyJwbHVnaW4iOiJ1YSIsInBhcmFtZXRlcnMiOiJ7fSJ9LHsicGx1Z2luIjoiYWJuIiwicGFyYW1ldGVycyI6IntcImlzQ3NzVXJsSW5qZWN0ZWRcIjpmYWxzZX0ifSx7InBsdWdpbiI6ImFibl9zaGFkb3ciLCJwYXJhbWV0ZXJzIjoie1wiaXNDc3NVcmxJbmplY3RlZFwiOmZhbHNlfSJ9XX0sImlzVG9wTGV2ZWwiOnRydWUsInBhZ2VTdGFydFRpbWUiOjE3ODUxMDYyNzYyNjEsIm5hdmlnYXRpb25TdGFydFRpbWUiOjE3ODUxMDYyNzU1MzB9&nocache=1bd7f&tm=2026-07-26T23%3A32%3A16.143Z:0
[ 2460636ms] [ERROR] Failed to load resource: net::ERR_FAILED @ https://gc.kis.v2.scr.kaspersky-labs.com/7D8B79A2-8974-4D7B-A76A-F4F29624C06BOSxDTLheSV66Hsf0i1yRUXAy8NkjYorxIG_uaN1dmJ5Wvd2xA3apQXvET0QVAF1JEaoPV6BKADfMsM6k4U-tLg/init?data=eyJ1cmwiOiJodHRwczovL2FwcHN0b3JlY29ubmVjdC5hcHBsZS5jb20vYXBwcy82Nzg5OTEzMTg2L2Rpc3RyaWJ1dGlvbi9pb3MvdmVyc2lvbi9pbmZsaWdodCIsInBsdWdpbnMiOiJ3c20mY2EmdnMmd250JnVhJmFibiZhYm5fc2hhZG93JmNiIiwiZGF0YSI6eyJkYXRhIjpbeyJwbHVnaW4iOiJ3c20iLCJwYXJhbWV0ZXJzIjoie1wicmVmZXJyZXJcIjpcIlwiLFwic3R1YklkXCI6XCJcIn0ifSx7InBsdWdpbiI6IndudCIsInBhcmFtZXRlcnMiOiJ7XCJyZWZlcnJlclwiOlwiXCJ9In0seyJwbHVnaW4iOiJ1YSIsInBhcmFtZXRlcnMiOiJ7fSJ9LHsicGx1Z2luIjoiYWJuIiwicGFyYW1ldGVycyI6IntcImlzQ3NzVXJsSW5qZWN0ZWRcIjpmYWxzZX0ifSx7InBsdWdpbiI6ImFibl9zaGFkb3ciLCJwYXJhbWV0ZXJzIjoie1wiaXNDc3NVcmxJbmplY3RlZFwiOmZhbHNlfSJ9XX0sImlzVG9wTGV2ZWwiOnRydWUsInBhZ2VTdGFydFRpbWUiOjE3ODUxMDYyNzYyNjEsIm5hdmlnYXRpb25TdGFydFRpbWUiOjE3ODUxMDYyNzU1MzB9&nocache=12e50&tm=2026-07-26T23%3A32%3A16.151Z&second=true:0
[ 2490629ms] [ERROR] Failed to load resource: net::ERR_FAILED @ https://gc.kis.v2.scr.kaspersky-labs.com/7D8B79A2-8974-4D7B-A76A-F4F29624C06BOSxDTLheSV66Hsf0i1yRUXAy8NkjYorxIG_uaN1dmJ5Wvd2xA3apQXvET0QVAF1JEaoPV6BKADfMsM6k4U-tLg/init?data=eyJ1cmwiOiJodHRwczovL2FwcHN0b3JlY29ubmVjdC5hcHBsZS5jb20vYXBwcy82Nzg5OTEzMTg2L2Rpc3RyaWJ1dGlvbi9pb3MvdmVyc2lvbi9pbmZsaWdodCIsInBsdWdpbnMiOiJ3c20mY2EmdnMmd250JnVhJmFibiZhYm5fc2hhZG93JmNiIiwiZGF0YSI6eyJkYXRhIjpbeyJwbHVnaW4iOiJ3c20iLCJwYXJhbWV0ZXJzIjoie1wicmVmZXJyZXJcIjpcIlwiLFwic3R1YklkXCI6XCJcIn0ifSx7InBsdWdpbiI6IndudCIsInBhcmFtZXRlcnMiOiJ7XCJyZWZlcnJlclwiOlwiXCJ9In0seyJwbHVnaW4iOiJ1YSIsInBhcmFtZXRlcnMiOiJ7fSJ9LHsicGx1Z2luIjoiYWJuIiwicGFyYW1ldGVycyI6IntcImlzQ3NzVXJsSW5qZWN0ZWRcIjpmYWxzZX0ifSx7InBsdWdpbiI6ImFibl9zaGFkb3ciLCJwYXJhbWV0ZXJzIjoie1wiaXNDc3NVcmxJbmplY3RlZFwiOmZhbHNlfSJ9XX0sImlzVG9wTGV2ZWwiOnRydWUsInBhZ2VTdGFydFRpbWUiOjE3ODUxMDYyNzYyNjEsIm5hdmlnYXRpb25TdGFydFRpbWUiOjE3ODUxMDYyNzU1MzB9&nocache=17dd5&tm=2026-07-26T23%3A32%3A46.144Z:0
[ 2490635ms] [ERROR] Failed to load resource: net::ERR_FAILED @ https://gc.kis.v2.scr.kaspersky-labs.com/7D8B79A2-8974-4D7B-A76A-F4F29624C06BOSxDTLheSV66Hsf0i1yRUXAy8NkjYorxIG_uaN1dmJ5Wvd2xA3apQXvET0QVAF1JEaoPV6BKADfMsM6k4U-tLg/init?data=eyJ1cmwiOiJodHRwczovL2FwcHN0b3JlY29ubmVjdC5hcHBsZS5jb20vYXBwcy82Nzg5OTEzMTg2L2Rpc3RyaWJ1dGlvbi9pb3MvdmVyc2lvbi9pbmZsaWdodCIsInBsdWdpbnMiOiJ3c20mY2EmdnMmd250JnVhJmFibiZhYm5fc2hhZG93JmNiIiwiZGF0YSI6eyJkYXRhIjpbeyJwbHVnaW4iOiJ3c20iLCJwYXJhbWV0ZXJzIjoie1wicmVmZXJyZXJcIjpcIlwiLFwic3R1YklkXCI6XCJcIn0ifSx7InBsdWdpbiI6IndudCIsInBhcmFtZXRlcnMiOiJ7XCJyZWZlcnJlclwiOlwiXCJ9In0seyJwbHVnaW4iOiJ1YSIsInBhcmFtZXRlcnMiOiJ7fSJ9LHsicGx1Z2luIjoiYWJuIiwicGFyYW1ldGVycyI6IntcImlzQ3NzVXJsSW5qZWN0ZWRcIjpmYWxzZX0ifSx7InBsdWdpbiI6ImFibl9zaGFkb3ciLCJwYXJhbWV0ZXJzIjoie1wiaXNDc3NVcmxJbmplY3RlZFwiOmZhbHNlfSJ9XX0sImlzVG9wTGV2ZWwiOnRydWUsInBhZ2VTdGFydFRpbWUiOjE3ODUxMDYyNzYyNjEsIm5hdmlnYXRpb25TdGFydFRpbWUiOjE3ODUxMDYyNzU1MzB9&nocache=1ffb0&tm=2026-07-26T23%3A32%3A46.151Z&second=true:0
[ 2520640ms] [ERROR] Failed to load resource: net::ERR_FAILED @ https://gc.kis.v2.scr.kaspersky-labs.com/7D8B79A2-8974-4D7B-A76A-F4F29624C06BOSxDTLheSV66Hsf0i1yRUXAy8NkjYorxIG_uaN1dmJ5Wvd2xA3apQXvET0QVAF1JEaoPV6BKADfMsM6k4U-tLg/init?data=eyJ1cmwiOiJodHRwczovL2FwcHN0b3JlY29ubmVjdC5hcHBsZS5jb20vYXBwcy82Nzg5OTEzMTg2L2Rpc3RyaWJ1dGlvbi9pb3MvdmVyc2lvbi9pbmZsaWdodCIsInBsdWdpbnMiOiJ3c20mY2EmdnMmd250JnVhJmFibiZhYm5fc2hhZG93JmNiIiwiZGF0YSI6eyJkYXRhIjpbeyJwbHVnaW4iOiJ3c20iLCJwYXJhbWV0ZXJzIjoie1wicmVmZXJyZXJcIjpcIlwiLFwic3R1YklkXCI6XCJcIn0ifSx7InBsdWdpbiI6IndudCIsInBhcmFtZXRlcnMiOiJ7XCJyZWZlcnJlclwiOlwiXCJ9In0seyJwbHVnaW4iOiJ1YSIsInBhcmFtZXRlcnMiOiJ7fSJ9LHsicGx1Z2luIjoiYWJuIiwicGFyYW1ldGVycyI6IntcImlzQ3NzVXJsSW5qZWN0ZWRcIjpmYWxzZX0ifSx7InBsdWdpbiI6ImFibl9zaGFkb3ciLCJwYXJhbWV0ZXJzIjoie1wiaXNDc3NVcmxJbmplY3RlZFwiOmZhbHNlfSJ9XX0sImlzVG9wTGV2ZWwiOnRydWUsInBhZ2VTdGFydFRpbWUiOjE3ODUxMDYyNzYyNjEsIm5hdmlnYXRpb25TdGFydFRpbWUiOjE3ODUxMDYyNzU1MzB9&nocache=146f3&tm=2026-07-26T23%3A33%3A16.155Z:0
[ 2520646ms] [ERROR] Failed to load resource: net::ERR_FAILED @ https://gc.kis.v2.scr.kaspersky-labs.com/7D8B79A2-8974-4D7B-A76A-F4F29624C06BOSxDTLheSV66Hsf0i1yRUXAy8NkjYorxIG_uaN1dmJ5Wvd2xA3apQXvET0QVAF1JEaoPV6BKADfMsM6k4U-tLg/init?data=eyJ1cmwiOiJodHRwczovL2FwcHN0b3JlY29ubmVjdC5hcHBsZS5jb20vYXBwcy82Nzg5OTEzMTg2L2Rpc3RyaWJ1dGlvbi9pb3MvdmVyc2lvbi9pbmZsaWdodCIsInBsdWdpbnMiOiJ3c20mY2EmdnMmd250JnVhJmFibiZhYm5fc2hhZG93JmNiIiwiZGF0YSI6eyJkYXRhIjpbeyJwbHVnaW4iOiJ3c20iLCJwYXJhbWV0ZXJzIjoie1wicmVmZXJyZXJcIjpcIlwiLFwic3R1YklkXCI6XCJcIn0ifSx7InBsdWdpbiI6IndudCIsInBhcmFtZXRlcnMiOiJ7XCJyZWZlcnJlclwiOlwiXCJ9In0seyJwbHVnaW4iOiJ1YSIsInBhcmFtZXRlcnMiOiJ7fSJ9LHsicGx1Z2luIjoiYWJuIiwicGFyYW1ldGVycyI6IntcImlzQ3NzVXJsSW5qZWN0ZWRcIjpmYWxzZX0ifSx7InBsdWdpbiI6ImFibl9zaGFkb3ciLCJwYXJhbWV0ZXJzIjoie1wiaXNDc3NVcmxJbmplY3RlZFwiOmZhbHNlfSJ9XX0sImlzVG9wTGV2ZWwiOnRydWUsInBhZ2VTdGFydFRpbWUiOjE3ODUxMDYyNzYyNjEsIm5hdmlnYXRpb25TdGFydFRpbWUiOjE3ODUxMDYyNzU1MzB9&nocache=14d12&tm=2026-07-26T23%3A33%3A16.162Z&second=true:0
[ 2550644ms] [ERROR] Failed to load resource: net::ERR_FAILED @ https://gc.kis.v2.scr.kaspersky-labs.com/7D8B79A2-8974-4D7B-A76A-F4F29624C06BOSxDTLheSV66Hsf0i1yRUXAy8NkjYorxIG_uaN1dmJ5Wvd2xA3apQXvET0QVAF1JEaoPV6BKADfMsM6k4U-tLg/init?data=eyJ1cmwiOiJodHRwczovL2FwcHN0b3JlY29ubmVjdC5hcHBsZS5jb20vYXBwcy82Nzg5OTEzMTg2L2Rpc3RyaWJ1dGlvbi9pb3MvdmVyc2lvbi9pbmZsaWdodCIsInBsdWdpbnMiOiJ3c20mY2EmdnMmd250JnVhJmFibiZhYm5fc2hhZG93JmNiIiwiZGF0YSI6eyJkYXRhIjpbeyJwbHVnaW4iOiJ3c20iLCJwYXJhbWV0ZXJzIjoie1wicmVmZXJyZXJcIjpcIlwiLFwic3R1YklkXCI6XCJcIn0ifSx7InBsdWdpbiI6IndudCIsInBhcmFtZXRlcnMiOiJ7XCJyZWZlcnJlclwiOlwiXCJ9In0seyJwbHVnaW4iOiJ1YSIsInBhcmFtZXRlcnMiOiJ7fSJ9LHsicGx1Z2luIjoiYWJuIiwicGFyYW1ldGVycyI6IntcImlzQ3NzVXJsSW5qZWN0ZWRcIjpmYWxzZX0ifSx7InBsdWdpbiI6ImFibl9zaGFkb3ciLCJwYXJhbWV0ZXJzIjoie1wiaXNDc3NVcmxJbmplY3RlZFwiOmZhbHNlfSJ9XX0sImlzVG9wTGV2ZWwiOnRydWUsInBhZ2VTdGFydFRpbWUiOjE3ODUxMDYyNzYyNjEsIm5hdmlnYXRpb25TdGFydFRpbWUiOjE3ODUxMDYyNzU1MzB9&nocache=1daee&tm=2026-07-26T23%3A33%3A46.146Z:0
[ 2550662ms] [ERROR] Failed to load resource: net::ERR_FAILED @ https://gc.kis.v2.scr.kaspersky-labs.com/7D8B79A2-8974-4D7B-A76A-F4F29624C06BOSxDTLheSV66Hsf0i1yRUXAy8NkjYorxIG_uaN1dmJ5Wvd2xA3apQXvET0QVAF1JEaoPV6BKADfMsM6k4U-tLg/init?data=eyJ1cmwiOiJodHRwczovL2FwcHN0b3JlY29ubmVjdC5hcHBsZS5jb20vYXBwcy82Nzg5OTEzMTg2L2Rpc3RyaWJ1dGlvbi9pb3MvdmVyc2lvbi9pbmZsaWdodCIsInBsdWdpbnMiOiJ3c20mY2EmdnMmd250JnVhJmFibiZhYm5fc2hhZG93JmNiIiwiZGF0YSI6eyJkYXRhIjpbeyJwbHVnaW4iOiJ3c20iLCJwYXJhbWV0ZXJzIjoie1wicmVmZXJyZXJcIjpcIlwiLFwic3R1YklkXCI6XCJcIn0ifSx7InBsdWdpbiI6IndudCIsInBhcmFtZXRlcnMiOiJ7XCJyZWZlcnJlclwiOlwiXCJ9In0seyJwbHVnaW4iOiJ1YSIsInBhcmFtZXRlcnMiOiJ7fSJ9LHsicGx1Z2luIjoiYWJuIiwicGFyYW1ldGVycyI6IntcImlzQ3NzVXJsSW5qZWN0ZWRcIjpmYWxzZX0ifSx7InBsdWdpbiI6ImFibl9zaGFkb3ciLCJwYXJhbWV0ZXJzIjoie1wiaXNDc3NVcmxJbmplY3RlZFwiOmZhbHNlfSJ9XX0sImlzVG9wTGV2ZWwiOnRydWUsInBhZ2VTdGFydFRpbWUiOjE3ODUxMDYyNzYyNjEsIm5hdmlnYXRpb25TdGFydFRpbWUiOjE3ODUxMDYyNzU1MzB9&nocache=17c8b&tm=2026-07-26T23%3A33%3A46.167Z&second=true:0
[ 2580665ms] [ERROR] Failed to load resource: net::ERR_FAILED @ https://gc.kis.v2.scr.kaspersky-labs.com/7D8B79A2-8974-4D7B-A76A-F4F29624C06BOSxDTLheSV66Hsf0i1yRUXAy8NkjYorxIG_uaN1dmJ5Wvd2xA3apQXvET0QVAF1JEaoPV6BKADfMsM6k4U-tLg/init?data=eyJ1cmwiOiJodHRwczovL2FwcHN0b3JlY29ubmVjdC5hcHBsZS5jb20vYXBwcy82Nzg5OTEzMTg2L2Rpc3RyaWJ1dGlvbi9pb3MvdmVyc2lvbi9pbmZsaWdodCIsInBsdWdpbnMiOiJ3c20mY2EmdnMmd250JnVhJmFibiZhYm5fc2hhZG93JmNiIiwiZGF0YSI6eyJkYXRhIjpbeyJwbHVnaW4iOiJ3c20iLCJwYXJhbWV0ZXJzIjoie1wicmVmZXJyZXJcIjpcIlwiLFwic3R1YklkXCI6XCJcIn0ifSx7InBsdWdpbiI6IndudCIsInBhcmFtZXRlcnMiOiJ7XCJyZWZlcnJlclwiOlwiXCJ9In0seyJwbHVnaW4iOiJ1YSIsInBhcmFtZXRlcnMiOiJ7fSJ9LHsicGx1Z2luIjoiYWJuIiwicGFyYW1ldGVycyI6IntcImlzQ3NzVXJsSW5qZWN0ZWRcIjpmYWxzZX0ifSx7InBsdWdpbiI6ImFibl9zaGFkb3ciLCJwYXJhbWV0ZXJzIjoie1wiaXNDc3NVcmxJbmplY3RlZFwiOmZhbHNlfSJ9XX0sImlzVG9wTGV2ZWwiOnRydWUsInBhZ2VTdGFydFRpbWUiOjE3ODUxMDYyNzYyNjEsIm5hdmlnYXRpb25TdGFydFRpbWUiOjE3ODUxMDYyNzU1MzB9&nocache=1ca58&tm=2026-07-26T23%3A34%3A16.169Z:0
[ 2580680ms] [ERROR] Failed to load resource: net::ERR_FAILED @ https://gc.kis.v2.scr.kaspersky-labs.com/7D8B79A2-8974-4D7B-A76A-F4F29624C06BOSxDTLheSV66Hsf0i1yRUXAy8NkjYorxIG_uaN1dmJ5Wvd2xA3apQXvET0QVAF1JEaoPV6BKADfMsM6k4U-tLg/init?data=eyJ1cmwiOiJodHRwczovL2FwcHN0b3JlY29ubmVjdC5hcHBsZS5jb20vYXBwcy82Nzg5OTEzMTg2L2Rpc3RyaWJ1dGlvbi9pb3MvdmVyc2lvbi9pbmZsaWdodCIsInBsdWdpbnMiOiJ3c20mY2EmdnMmd250JnVhJmFibiZhYm5fc2hhZG93JmNiIiwiZGF0YSI6eyJkYXRhIjpbeyJwbHVnaW4iOiJ3c20iLCJwYXJhbWV0ZXJzIjoie1wicmVmZXJyZXJcIjpcIlwiLFwic3R1YklkXCI6XCJcIn0ifSx7InBsdWdpbiI6IndudCIsInBhcmFtZXRlcnMiOiJ7XCJyZWZlcnJlclwiOlwiXCJ9In0seyJwbHVnaW4iOiJ1YSIsInBhcmFtZXRlcnMiOiJ7fSJ9LHsicGx1Z2luIjoiYWJuIiwicGFyYW1ldGVycyI6IntcImlzQ3NzVXJsSW5qZWN0ZWRcIjpmYWxzZX0ifSx7InBsdWdpbiI6ImFibl9zaGFkb3ciLCJwYXJhbWV0ZXJzIjoie1wiaXNDc3NVcmxJbmplY3RlZFwiOmZhbHNlfSJ9XX0sImlzVG9wTGV2ZWwiOnRydWUsInBhZ2VTdGFydFRpbWUiOjE3ODUxMDYyNzYyNjEsIm5hdmlnYXRpb25TdGFydFRpbWUiOjE3ODUxMDYyNzU1MzB9&nocache=14aa7&tm=2026-07-26T23%3A34%3A16.187Z&second=true:0
[ 2610645ms] [ERROR] Failed to load resource: net::ERR_FAILED @ https://gc.kis.v2.scr.kaspersky-labs.com/7D8B79A2-8974-4D7B-A76A-F4F29624C06BOSxDTLheSV66Hsf0i1yRUXAy8NkjYorxIG_uaN1dmJ5Wvd2xA3apQXvET0QVAF1JEaoPV6BKADfMsM6k4U-tLg/init?data=eyJ1cmwiOiJodHRwczovL2FwcHN0b3JlY29ubmVjdC5hcHBsZS5jb20vYXBwcy82Nzg5OTEzMTg2L2Rpc3RyaWJ1dGlvbi9pb3MvdmVyc2lvbi9pbmZsaWdodCIsInBsdWdpbnMiOiJ3c20mY2EmdnMmd250JnVhJmFibiZhYm5fc2hhZG93JmNiIiwiZGF0YSI6eyJkYXRhIjpbeyJwbHVnaW4iOiJ3c20iLCJwYXJhbWV0ZXJzIjoie1wicmVmZXJyZXJcIjpcIlwiLFwic3R1YklkXCI6XCJcIn0ifSx7InBsdWdpbiI6IndudCIsInBhcmFtZXRlcnMiOiJ7XCJyZWZlcnJlclwiOlwiXCJ9In0seyJwbHVnaW4iOiJ1YSIsInBhcmFtZXRlcnMiOiJ7fSJ9LHsicGx1Z2luIjoiYWJuIiwicGFyYW1ldGVycyI6IntcImlzQ3NzVXJsSW5qZWN0ZWRcIjpmYWxzZX0ifSx7InBsdWdpbiI6ImFibl9zaGFkb3ciLCJwYXJhbWV0ZXJzIjoie1wiaXNDc3NVcmxJbmplY3RlZFwiOmZhbHNlfSJ9XX0sImlzVG9wTGV2ZWwiOnRydWUsInBhZ2VTdGFydFRpbWUiOjE3ODUxMDYyNzYyNjEsIm5hdmlnYXRpb25TdGFydFRpbWUiOjE3ODUxMDYyNzU1MzB9&nocache=15d02&tm=2026-07-26T23%3A34%3A46.151Z:0
[ 2610659ms] [ERROR] Failed to load resource: net::ERR_FAILED @ https://gc.kis.v2.scr.kaspersky-labs.com/7D8B79A2-8974-4D7B-A76A-F4F29624C06BOSxDTLheSV66Hsf0i1yRUXAy8NkjYorxIG_uaN1dmJ5Wvd2xA3apQXvET0QVAF1JEaoPV6BKADfMsM6k4U-tLg/init?data=eyJ1cmwiOiJodHRwczovL2FwcHN0b3JlY29ubmVjdC5hcHBsZS5jb20vYXBwcy82Nzg5OTEzMTg2L2Rpc3RyaWJ1dGlvbi9pb3MvdmVyc2lvbi9pbmZsaWdodCIsInBsdWdpbnMiOiJ3c20mY2EmdnMmd250JnVhJmFibiZhYm5fc2hhZG93JmNiIiwiZGF0YSI6eyJkYXRhIjpbeyJwbHVnaW4iOiJ3c20iLCJwYXJhbWV0ZXJzIjoie1wicmVmZXJyZXJcIjpcIlwiLFwic3R1YklkXCI6XCJcIn0ifSx7InBsdWdpbiI6IndudCIsInBhcmFtZXRlcnMiOiJ7XCJyZWZlcnJlclwiOlwiXCJ9In0seyJwbHVnaW4iOiJ1YSIsInBhcmFtZXRlcnMiOiJ7fSJ9LHsicGx1Z2luIjoiYWJuIiwicGFyYW1ldGVycyI6IntcImlzQ3NzVXJsSW5qZWN0ZWRcIjpmYWxzZX0ifSx7InBsdWdpbiI6ImFibl9zaGFkb3ciLCJwYXJhbWV0ZXJzIjoie1wiaXNDc3NVcmxJbmplY3RlZFwiOmZhbHNlfSJ9XX0sImlzVG9wTGV2ZWwiOnRydWUsInBhZ2VTdGFydFRpbWUiOjE3ODUxMDYyNzYyNjEsIm5hdmlnYXRpb25TdGFydFRpbWUiOjE3ODUxMDYyNzU1MzB9&nocache=11c61&tm=2026-07-26T23%3A34%3A46.167Z&second=true:0
[ 2640736ms] [ERROR] Failed to load resource: net::ERR_FAILED @ https://gc.kis.v2.scr.kaspersky-labs.com/7D8B79A2-8974-4D7B-A76A-F4F29624C06BOSxDTLheSV66Hsf0i1yRUXAy8NkjYorxIG_uaN1dmJ5Wvd2xA3apQXvET0QVAF1JEaoPV6BKADfMsM6k4U-tLg/init?data=eyJ1cmwiOiJodHRwczovL2FwcHN0b3JlY29ubmVjdC5hcHBsZS5jb20vYXBwcy82Nzg5OTEzMTg2L2Rpc3RyaWJ1dGlvbi9pb3MvdmVyc2lvbi9pbmZsaWdodCIsInBsdWdpbnMiOiJ3c20mY2EmdnMmd250JnVhJmFibiZhYm5fc2hhZG93JmNiIiwiZGF0YSI6eyJkYXRhIjpbeyJwbHVnaW4iOiJ3c20iLCJwYXJhbWV0ZXJzIjoie1wicmVmZXJyZXJcIjpcIlwiLFwic3R1YklkXCI6XCJcIn0ifSx7InBsdWdpbiI6IndudCIsInBhcmFtZXRlcnMiOiJ7XCJyZWZlcnJlclwiOlwiXCJ9In0seyJwbHVnaW4iOiJ1YSIsInBhcmFtZXRlcnMiOiJ7fSJ9LHsicGx1Z2luIjoiYWJuIiwicGFyYW1ldGVycyI6IntcImlzQ3NzVXJsSW5qZWN0ZWRcIjpmYWxzZX0ifSx7InBsdWdpbiI6ImFibl9zaGFkb3ciLCJwYXJhbWV0ZXJzIjoie1wiaXNDc3NVcmxJbmplY3RlZFwiOmZhbHNlfSJ9XX0sImlzVG9wTGV2ZWwiOnRydWUsInBhZ2VTdGFydFRpbWUiOjE3ODUxMDYyNzYyNjEsIm5hdmlnYXRpb25TdGFydFRpbWUiOjE3ODUxMDYyNzU1MzB9&nocache=1727c&tm=2026-07-26T23%3A35%3A16.247Z:0
[ 2640751ms] [ERROR] Failed to load resource: net::ERR_FAILED @ https://gc.kis.v2.scr.kaspersky-labs.com/7D8B79A2-8974-4D7B-A76A-F4F29624C06BOSxDTLheSV66Hsf0i1yRUXAy8NkjYorxIG_uaN1dmJ5Wvd2xA3apQXvET0QVAF1JEaoPV6BKADfMsM6k4U-tLg/init?data=eyJ1cmwiOiJodHRwczovL2FwcHN0b3JlY29ubmVjdC5hcHBsZS5jb20vYXBwcy82Nzg5OTEzMTg2L2Rpc3RyaWJ1dGlvbi9pb3MvdmVyc2lvbi9pbmZsaWdodCIsInBsdWdpbnMiOiJ3c20mY2EmdnMmd250JnVhJmFibiZhYm5fc2hhZG93JmNiIiwiZGF0YSI6eyJkYXRhIjpbeyJwbHVnaW4iOiJ3c20iLCJwYXJhbWV0ZXJzIjoie1wicmVmZXJyZXJcIjpcIlwiLFwic3R1YklkXCI6XCJcIn0ifSx7InBsdWdpbiI6IndudCIsInBhcmFtZXRlcnMiOiJ7XCJyZWZlcnJlclwiOlwiXCJ9In0seyJwbHVnaW4iOiJ1YSIsInBhcmFtZXRlcnMiOiJ7fSJ9LHsicGx1Z2luIjoiYWJuIiwicGFyYW1ldGVycyI6IntcImlzQ3NzVXJsSW5qZWN0ZWRcIjpmYWxzZX0ifSx7InBsdWdpbiI6ImFibl9zaGFkb3ciLCJwYXJhbWV0ZXJzIjoie1wiaXNDc3NVcmxJbmplY3RlZFwiOmZhbHNlfSJ9XX0sImlzVG9wTGV2ZWwiOnRydWUsInBhZ2VTdGFydFRpbWUiOjE3ODUxMDYyNzYyNjEsIm5hdmlnYXRpb25TdGFydFRpbWUiOjE3ODUxMDYyNzU1MzB9&nocache=1492d&tm=2026-07-26T23%3A35%3A16.259Z&second=true:0
[ 2670646ms] [ERROR] Failed to load resource: net::ERR_FAILED @ https://gc.kis.v2.scr.kaspersky-labs.com/7D8B79A2-8974-4D7B-A76A-F4F29624C06BOSxDTLheSV66Hsf0i1yRUXAy8NkjYorxIG_uaN1dmJ5Wvd2xA3apQXvET0QVAF1JEaoPV6BKADfMsM6k4U-tLg/init?data=eyJ1cmwiOiJodHRwczovL2FwcHN0b3JlY29ubmVjdC5hcHBsZS5jb20vYXBwcy82Nzg5OTEzMTg2L2Rpc3RyaWJ1dGlvbi9pb3MvdmVyc2lvbi9pbmZsaWdodCIsInBsdWdpbnMiOiJ3c20mY2EmdnMmd250JnVhJmFibiZhYm5fc2hhZG93JmNiIiwiZGF0YSI6eyJkYXRhIjpbeyJwbHVnaW4iOiJ3c20iLCJwYXJhbWV0ZXJzIjoie1wicmVmZXJyZXJcIjpcIlwiLFwic3R1YklkXCI6XCJcIn0ifSx7InBsdWdpbiI6IndudCIsInBhcmFtZXRlcnMiOiJ7XCJyZWZlcnJlclwiOlwiXCJ9In0seyJwbHVnaW4iOiJ1YSIsInBhcmFtZXRlcnMiOiJ7fSJ9LHsicGx1Z2luIjoiYWJuIiwicGFyYW1ldGVycyI6IntcImlzQ3NzVXJsSW5qZWN0ZWRcIjpmYWxzZX0ifSx7InBsdWdpbiI6ImFibl9zaGFkb3ciLCJwYXJhbWV0ZXJzIjoie1wiaXNDc3NVcmxJbmplY3RlZFwiOmZhbHNlfSJ9XX0sImlzVG9wTGV2ZWwiOnRydWUsInBhZ2VTdGFydFRpbWUiOjE3ODUxMDYyNzYyNjEsIm5hdmlnYXRpb25TdGFydFRpbWUiOjE3ODUxMDYyNzU1MzB9&nocache=1fab5&tm=2026-07-26T23%3A35%3A46.155Z:0
[ 2670657ms] [ERROR] Failed to load resource: net::ERR_FAILED @ https://gc.kis.v2.scr.kaspersky-labs.com/7D8B79A2-8974-4D7B-A76A-F4F29624C06BOSxDTLheSV66Hsf0i1yRUXAy8NkjYorxIG_uaN1dmJ5Wvd2xA3apQXvET0QVAF1JEaoPV6BKADfMsM6k4U-tLg/init?data=eyJ1cmwiOiJodHRwczovL2FwcHN0b3JlY29ubmVjdC5hcHBsZS5jb20vYXBwcy82Nzg5OTEzMTg2L2Rpc3RyaWJ1dGlvbi9pb3MvdmVyc2lvbi9pbmZsaWdodCIsInBsdWdpbnMiOiJ3c20mY2EmdnMmd250JnVhJmFibiZhYm5fc2hhZG93JmNiIiwiZGF0YSI6eyJkYXRhIjpbeyJwbHVnaW4iOiJ3c20iLCJwYXJhbWV0ZXJzIjoie1wicmVmZXJyZXJcIjpcIlwiLFwic3R1YklkXCI6XCJcIn0ifSx7InBsdWdpbiI6IndudCIsInBhcmFtZXRlcnMiOiJ7XCJyZWZlcnJlclwiOlwiXCJ9In0seyJwbHVnaW4iOiJ1YSIsInBhcmFtZXRlcnMiOiJ7fSJ9LHsicGx1Z2luIjoiYWJuIiwicGFyYW1ldGVycyI6IntcImlzQ3NzVXJsSW5qZWN0ZWRcIjpmYWxzZX0ifSx7InBsdWdpbiI6ImFibl9zaGFkb3ciLCJwYXJhbWV0ZXJzIjoie1wiaXNDc3NVcmxJbmplY3RlZFwiOmZhbHNlfSJ9XX0sImlzVG9wTGV2ZWwiOnRydWUsInBhZ2VTdGFydFRpbWUiOjE3ODUxMDYyNzYyNjEsIm5hdmlnYXRpb25TdGFydFRpbWUiOjE3ODUxMDYyNzU1MzB9&nocache=1cf80&tm=2026-07-26T23%3A35%3A46.168Z&second=true:0
[ 2700756ms] [ERROR] Failed to load resource: net::ERR_FAILED @ https://gc.kis.v2.scr.kaspersky-labs.com/7D8B79A2-8974-4D7B-A76A-F4F29624C06BOSxDTLheSV66Hsf0i1yRUXAy8NkjYorxIG_uaN1dmJ5Wvd2xA3apQXvET0QVAF1JEaoPV6BKADfMsM6k4U-tLg/init?data=eyJ1cmwiOiJodHRwczovL2FwcHN0b3JlY29ubmVjdC5hcHBsZS5jb20vYXBwcy82Nzg5OTEzMTg2L2Rpc3RyaWJ1dGlvbi9pb3MvdmVyc2lvbi9pbmZsaWdodCIsInBsdWdpbnMiOiJ3c20mY2EmdnMmd250JnVhJmFibiZhYm5fc2hhZG93JmNiIiwiZGF0YSI6eyJkYXRhIjpbeyJwbHVnaW4iOiJ3c20iLCJwYXJhbWV0ZXJzIjoie1wicmVmZXJyZXJcIjpcIlwiLFwic3R1YklkXCI6XCJcIn0ifSx7InBsdWdpbiI6IndudCIsInBhcmFtZXRlcnMiOiJ7XCJyZWZlcnJlclwiOlwiXCJ9In0seyJwbHVnaW4iOiJ1YSIsInBhcmFtZXRlcnMiOiJ7fSJ9LHsicGx1Z2luIjoiYWJuIiwicGFyYW1ldGVycyI6IntcImlzQ3NzVXJsSW5qZWN0ZWRcIjpmYWxzZX0ifSx7InBsdWdpbiI6ImFibl9zaGFkb3ciLCJwYXJhbWV0ZXJzIjoie1wiaXNDc3NVcmxJbmplY3RlZFwiOmZhbHNlfSJ9XX0sImlzVG9wTGV2ZWwiOnRydWUsInBhZ2VTdGFydFRpbWUiOjE3ODUxMDYyNzYyNjEsIm5hdmlnYXRpb25TdGFydFRpbWUiOjE3ODUxMDYyNzU1MzB9&nocache=1d527&tm=2026-07-26T23%3A36%3A16.147Z:0
[ 2700770ms] [ERROR] Failed to load resource: net::ERR_FAILED @ https://gc.kis.v2.scr.kaspersky-labs.com/7D8B79A2-8974-4D7B-A76A-F4F29624C06BOSxDTLheSV66Hsf0i1yRUXAy8NkjYorxIG_uaN1dmJ5Wvd2xA3apQXvET0QVAF1JEaoPV6BKADfMsM6k4U-tLg/init?data=eyJ1cmwiOiJodHRwczovL2FwcHN0b3JlY29ubmVjdC5hcHBsZS5jb20vYXBwcy82Nzg5OTEzMTg2L2Rpc3RyaWJ1dGlvbi9pb3MvdmVyc2lvbi9pbmZsaWdodCIsInBsdWdpbnMiOiJ3c20mY2EmdnMmd250JnVhJmFibiZhYm5fc2hhZG93JmNiIiwiZGF0YSI6eyJkYXRhIjpbeyJwbHVnaW4iOiJ3c20iLCJwYXJhbWV0ZXJzIjoie1wicmVmZXJyZXJcIjpcIlwiLFwic3R1YklkXCI6XCJcIn0ifSx7InBsdWdpbiI6IndudCIsInBhcmFtZXRlcnMiOiJ7XCJyZWZlcnJlclwiOlwiXCJ9In0seyJwbHVnaW4iOiJ1YSIsInBhcmFtZXRlcnMiOiJ7fSJ9LHsicGx1Z2luIjoiYWJuIiwicGFyYW1ldGVycyI6IntcImlzQ3NzVXJsSW5qZWN0ZWRcIjpmYWxzZX0ifSx7InBsdWdpbiI6ImFibl9zaGFkb3ciLCJwYXJhbWV0ZXJzIjoie1wiaXNDc3NVcmxJbmplY3RlZFwiOmZhbHNlfSJ9XX0sImlzVG9wTGV2ZWwiOnRydWUsInBhZ2VTdGFydFRpbWUiOjE3ODUxMDYyNzYyNjEsIm5hdmlnYXRpb25TdGFydFRpbWUiOjE3ODUxMDYyNzU1MzB9&nocache=124b6&tm=2026-07-26T23%3A36%3A16.278Z&second=true:0
[ 2730637ms] [ERROR] Failed to load resource: net::ERR_FAILED @ https://gc.kis.v2.scr.kaspersky-labs.com/7D8B79A2-8974-4D7B-A76A-F4F29624C06BOSxDTLheSV66Hsf0i1yRUXAy8NkjYorxIG_uaN1dmJ5Wvd2xA3apQXvET0QVAF1JEaoPV6BKADfMsM6k4U-tLg/init?data=eyJ1cmwiOiJodHRwczovL2FwcHN0b3JlY29ubmVjdC5hcHBsZS5jb20vYXBwcy82Nzg5OTEzMTg2L2Rpc3RyaWJ1dGlvbi9pb3MvdmVyc2lvbi9pbmZsaWdodCIsInBsdWdpbnMiOiJ3c20mY2EmdnMmd250JnVhJmFibiZhYm5fc2hhZG93JmNiIiwiZGF0YSI6eyJkYXRhIjpbeyJwbHVnaW4iOiJ3c20iLCJwYXJhbWV0ZXJzIjoie1wicmVmZXJyZXJcIjpcIlwiLFwic3R1YklkXCI6XCJcIn0ifSx7InBsdWdpbiI6IndudCIsInBhcmFtZXRlcnMiOiJ7XCJyZWZlcnJlclwiOlwiXCJ9In0seyJwbHVnaW4iOiJ1YSIsInBhcmFtZXRlcnMiOiJ7fSJ9LHsicGx1Z2luIjoiYWJuIiwicGFyYW1ldGVycyI6IntcImlzQ3NzVXJsSW5qZWN0ZWRcIjpmYWxzZX0ifSx7InBsdWdpbiI6ImFibl9zaGFkb3ciLCJwYXJhbWV0ZXJzIjoie1wiaXNDc3NVcmxJbmplY3RlZFwiOmZhbHNlfSJ9XX0sImlzVG9wTGV2ZWwiOnRydWUsInBhZ2VTdGFydFRpbWUiOjE3ODUxMDYyNzYyNjEsIm5hdmlnYXRpb25TdGFydFRpbWUiOjE3ODUxMDYyNzU1MzB9&nocache=19f2c&tm=2026-07-26T23%3A36%3A46.146Z:0
[ 2730649ms] [ERROR] Failed to load resource: net::ERR_FAILED @ https://gc.kis.v2.scr.kaspersky-labs.com/7D8B79A2-8974-4D7B-A76A-F4F29624C06BOSxDTLheSV66Hsf0i1yRUXAy8NkjYorxIG_uaN1dmJ5Wvd2xA3apQXvET0QVAF1JEaoPV6BKADfMsM6k4U-tLg/init?data=eyJ1cmwiOiJodHRwczovL2FwcHN0b3JlY29ubmVjdC5hcHBsZS5jb20vYXBwcy82Nzg5OTEzMTg2L2Rpc3RyaWJ1dGlvbi9pb3MvdmVyc2lvbi9pbmZsaWdodCIsInBsdWdpbnMiOiJ3c20mY2EmdnMmd250JnVhJmFibiZhYm5fc2hhZG93JmNiIiwiZGF0YSI6eyJkYXRhIjpbeyJwbHVnaW4iOiJ3c20iLCJwYXJhbWV0ZXJzIjoie1wicmVmZXJyZXJcIjpcIlwiLFwic3R1YklkXCI6XCJcIn0ifSx7InBsdWdpbiI6IndudCIsInBhcmFtZXRlcnMiOiJ7XCJyZWZlcnJlclwiOlwiXCJ9In0seyJwbHVnaW4iOiJ1YSIsInBhcmFtZXRlcnMiOiJ7fSJ9LHsicGx1Z2luIjoiYWJuIiwicGFyYW1ldGVycyI6IntcImlzQ3NzVXJsSW5qZWN0ZWRcIjpmYWxzZX0ifSx7InBsdWdpbiI6ImFibl9zaGFkb3ciLCJwYXJhbWV0ZXJzIjoie1wiaXNDc3NVcmxJbmplY3RlZFwiOmZhbHNlfSJ9XX0sImlzVG9wTGV2ZWwiOnRydWUsInBhZ2VTdGFydFRpbWUiOjE3ODUxMDYyNzYyNjEsIm5hdmlnYXRpb25TdGFydFRpbWUiOjE3ODUxMDYyNzU1MzB9&nocache=1be49&tm=2026-07-26T23%3A36%3A46.159Z&second=true:0
[ 2760635ms] [ERROR] Failed to load resource: net::ERR_FAILED @ https://gc.kis.v2.scr.kaspersky-labs.com/7D8B79A2-8974-4D7B-A76A-F4F29624C06BOSxDTLheSV66Hsf0i1yRUXAy8NkjYorxIG_uaN1dmJ5Wvd2xA3apQXvET0QVAF1JEaoPV6BKADfMsM6k4U-tLg/init?data=eyJ1cmwiOiJodHRwczovL2FwcHN0b3JlY29ubmVjdC5hcHBsZS5jb20vYXBwcy82Nzg5OTEzMTg2L2Rpc3RyaWJ1dGlvbi9pb3MvdmVyc2lvbi9pbmZsaWdodCIsInBsdWdpbnMiOiJ3c20mY2EmdnMmd250JnVhJmFibiZhYm5fc2hhZG93JmNiIiwiZGF0YSI6eyJkYXRhIjpbeyJwbHVnaW4iOiJ3c20iLCJwYXJhbWV0ZXJzIjoie1wicmVmZXJyZXJcIjpcIlwiLFwic3R1YklkXCI6XCJcIn0ifSx7InBsdWdpbiI6IndudCIsInBhcmFtZXRlcnMiOiJ7XCJyZWZlcnJlclwiOlwiXCJ9In0seyJwbHVnaW4iOiJ1YSIsInBhcmFtZXRlcnMiOiJ7fSJ9LHsicGx1Z2luIjoiYWJuIiwicGFyYW1ldGVycyI6IntcImlzQ3NzVXJsSW5qZWN0ZWRcIjpmYWxzZX0ifSx7InBsdWdpbiI6ImFibl9zaGFkb3ciLCJwYXJhbWV0ZXJzIjoie1wiaXNDc3NVcmxJbmplY3RlZFwiOmZhbHNlfSJ9XX0sImlzVG9wTGV2ZWwiOnRydWUsInBhZ2VTdGFydFRpbWUiOjE3ODUxMDYyNzYyNjEsIm5hdmlnYXRpb25TdGFydFRpbWUiOjE3ODUxMDYyNzU1MzB9&nocache=139fe&tm=2026-07-26T23%3A37%3A16.146Z:0
[ 2760647ms] [ERROR] Failed to load resource: net::ERR_FAILED @ https://gc.kis.v2.scr.kaspersky-labs.com/7D8B79A2-8974-4D7B-A76A-F4F29624C06BOSxDTLheSV66Hsf0i1yRUXAy8NkjYorxIG_uaN1dmJ5Wvd2xA3apQXvET0QVAF1JEaoPV6BKADfMsM6k4U-tLg/init?data=eyJ1cmwiOiJodHRwczovL2FwcHN0b3JlY29ubmVjdC5hcHBsZS5jb20vYXBwcy82Nzg5OTEzMTg2L2Rpc3RyaWJ1dGlvbi9pb3MvdmVyc2lvbi9pbmZsaWdodCIsInBsdWdpbnMiOiJ3c20mY2EmdnMmd250JnVhJmFibiZhYm5fc2hhZG93JmNiIiwiZGF0YSI6eyJkYXRhIjpbeyJwbHVnaW4iOiJ3c20iLCJwYXJhbWV0ZXJzIjoie1wicmVmZXJyZXJcIjpcIlwiLFwic3R1YklkXCI6XCJcIn0ifSx7InBsdWdpbiI6IndudCIsInBhcmFtZXRlcnMiOiJ7XCJyZWZlcnJlclwiOlwiXCJ9In0seyJwbHVnaW4iOiJ1YSIsInBhcmFtZXRlcnMiOiJ7fSJ9LHsicGx1Z2luIjoiYWJuIiwicGFyYW1ldGVycyI6IntcImlzQ3NzVXJsSW5qZWN0ZWRcIjpmYWxzZX0ifSx7InBsdWdpbiI6ImFibl9zaGFkb3ciLCJwYXJhbWV0ZXJzIjoie1wiaXNDc3NVcmxJbmplY3RlZFwiOmZhbHNlfSJ9XX0sImlzVG9wTGV2ZWwiOnRydWUsInBhZ2VTdGFydFRpbWUiOjE3ODUxMDYyNzYyNjEsIm5hdmlnYXRpb25TdGFydFRpbWUiOjE3ODUxMDYyNzU1MzB9&nocache=1b72c&tm=2026-07-26T23%3A37%3A16.157Z&second=true:0
[ 2790662ms] [ERROR] Failed to load resource: net::ERR_FAILED @ https://gc.kis.v2.scr.kaspersky-labs.com/7D8B79A2-8974-4D7B-A76A-F4F29624C06BOSxDTLheSV66Hsf0i1yRUXAy8NkjYorxIG_uaN1dmJ5Wvd2xA3apQXvET0QVAF1JEaoPV6BKADfMsM6k4U-tLg/init?data=eyJ1cmwiOiJodHRwczovL2FwcHN0b3JlY29ubmVjdC5hcHBsZS5jb20vYXBwcy82Nzg5OTEzMTg2L2Rpc3RyaWJ1dGlvbi9pb3MvdmVyc2lvbi9pbmZsaWdodCIsInBsdWdpbnMiOiJ3c20mY2EmdnMmd250JnVhJmFibiZhYm5fc2hhZG93JmNiIiwiZGF0YSI6eyJkYXRhIjpbeyJwbHVnaW4iOiJ3c20iLCJwYXJhbWV0ZXJzIjoie1wicmVmZXJyZXJcIjpcIlwiLFwic3R1YklkXCI6XCJcIn0ifSx7InBsdWdpbiI6IndudCIsInBhcmFtZXRlcnMiOiJ7XCJyZWZlcnJlclwiOlwiXCJ9In0seyJwbHVnaW4iOiJ1YSIsInBhcmFtZXRlcnMiOiJ7fSJ9LHsicGx1Z2luIjoiYWJuIiwicGFyYW1ldGVycyI6IntcImlzQ3NzVXJsSW5qZWN0ZWRcIjpmYWxzZX0ifSx7InBsdWdpbiI6ImFibl9zaGFkb3ciLCJwYXJhbWV0ZXJzIjoie1wiaXNDc3NVcmxJbmplY3RlZFwiOmZhbHNlfSJ9XX0sImlzVG9wTGV2ZWwiOnRydWUsInBhZ2VTdGFydFRpbWUiOjE3ODUxMDYyNzYyNjEsIm5hdmlnYXRpb25TdGFydFRpbWUiOjE3ODUxMDYyNzU1MzB9&nocache=167a3&tm=2026-07-26T23%3A37%3A46.143Z:0
[ 2790668ms] [ERROR] Failed to load resource: net::ERR_FAILED @ https://gc.kis.v2.scr.kaspersky-labs.com/7D8B79A2-8974-4D7B-A76A-F4F29624C06BOSxDTLheSV66Hsf0i1yRUXAy8NkjYorxIG_uaN1dmJ5Wvd2xA3apQXvET0QVAF1JEaoPV6BKADfMsM6k4U-tLg/init?data=eyJ1cmwiOiJodHRwczovL2FwcHN0b3JlY29ubmVjdC5hcHBsZS5jb20vYXBwcy82Nzg5OTEzMTg2L2Rpc3RyaWJ1dGlvbi9pb3MvdmVyc2lvbi9pbmZsaWdodCIsInBsdWdpbnMiOiJ3c20mY2EmdnMmd250JnVhJmFibiZhYm5fc2hhZG93JmNiIiwiZGF0YSI6eyJkYXRhIjpbeyJwbHVnaW4iOiJ3c20iLCJwYXJhbWV0ZXJzIjoie1wicmVmZXJyZXJcIjpcIlwiLFwic3R1YklkXCI6XCJcIn0ifSx7InBsdWdpbiI6IndudCIsInBhcmFtZXRlcnMiOiJ7XCJyZWZlcnJlclwiOlwiXCJ9In0seyJwbHVnaW4iOiJ1YSIsInBhcmFtZXRlcnMiOiJ7fSJ9LHsicGx1Z2luIjoiYWJuIiwicGFyYW1ldGVycyI6IntcImlzQ3NzVXJsSW5qZWN0ZWRcIjpmYWxzZX0ifSx7InBsdWdpbiI6ImFibl9zaGFkb3ciLCJwYXJhbWV0ZXJzIjoie1wiaXNDc3NVcmxJbmplY3RlZFwiOmZhbHNlfSJ9XX0sImlzVG9wTGV2ZWwiOnRydWUsInBhZ2VTdGFydFRpbWUiOjE3ODUxMDYyNzYyNjEsIm5hdmlnYXRpb25TdGFydFRpbWUiOjE3ODUxMDYyNzU1MzB9&nocache=1e5ba&tm=2026-07-26T23%3A37%3A46.184Z&second=true:0
[ 2820640ms] [ERROR] Failed to load resource: net::ERR_FAILED @ https://gc.kis.v2.scr.kaspersky-labs.com/7D8B79A2-8974-4D7B-A76A-F4F29624C06BOSxDTLheSV66Hsf0i1yRUXAy8NkjYorxIG_uaN1dmJ5Wvd2xA3apQXvET0QVAF1JEaoPV6BKADfMsM6k4U-tLg/init?data=eyJ1cmwiOiJodHRwczovL2FwcHN0b3JlY29ubmVjdC5hcHBsZS5jb20vYXBwcy82Nzg5OTEzMTg2L2Rpc3RyaWJ1dGlvbi9pb3MvdmVyc2lvbi9pbmZsaWdodCIsInBsdWdpbnMiOiJ3c20mY2EmdnMmd250JnVhJmFibiZhYm5fc2hhZG93JmNiIiwiZGF0YSI6eyJkYXRhIjpbeyJwbHVnaW4iOiJ3c20iLCJwYXJhbWV0ZXJzIjoie1wicmVmZXJyZXJcIjpcIlwiLFwic3R1YklkXCI6XCJcIn0ifSx7InBsdWdpbiI6IndudCIsInBhcmFtZXRlcnMiOiJ7XCJyZWZlcnJlclwiOlwiXCJ9In0seyJwbHVnaW4iOiJ1YSIsInBhcmFtZXRlcnMiOiJ7fSJ9LHsicGx1Z2luIjoiYWJuIiwicGFyYW1ldGVycyI6IntcImlzQ3NzVXJsSW5qZWN0ZWRcIjpmYWxzZX0ifSx7InBsdWdpbiI6ImFibl9zaGFkb3ciLCJwYXJhbWV0ZXJzIjoie1wiaXNDc3NVcmxJbmplY3RlZFwiOmZhbHNlfSJ9XX0sImlzVG9wTGV2ZWwiOnRydWUsInBhZ2VTdGFydFRpbWUiOjE3ODUxMDYyNzYyNjEsIm5hdmlnYXRpb25TdGFydFRpbWUiOjE3ODUxMDYyNzU1MzB9&nocache=12992&tm=2026-07-26T23%3A38%3A16.149Z:0
[ 2820653ms] [ERROR] Failed to load resource: net::ERR_FAILED @ https://gc.kis.v2.scr.kaspersky-labs.com/7D8B79A2-8974-4D7B-A76A-F4F29624C06BOSxDTLheSV66Hsf0i1yRUXAy8NkjYorxIG_uaN1dmJ5Wvd2xA3apQXvET0QVAF1JEaoPV6BKADfMsM6k4U-tLg/init?data=eyJ1cmwiOiJodHRwczovL2FwcHN0b3JlY29ubmVjdC5hcHBsZS5jb20vYXBwcy82Nzg5OTEzMTg2L2Rpc3RyaWJ1dGlvbi9pb3MvdmVyc2lvbi9pbmZsaWdodCIsInBsdWdpbnMiOiJ3c20mY2EmdnMmd250JnVhJmFibiZhYm5fc2hhZG93JmNiIiwiZGF0YSI6eyJkYXRhIjpbeyJwbHVnaW4iOiJ3c20iLCJwYXJhbWV0ZXJzIjoie1wicmVmZXJyZXJcIjpcIlwiLFwic3R1YklkXCI6XCJcIn0ifSx7InBsdWdpbiI6IndudCIsInBhcmFtZXRlcnMiOiJ7XCJyZWZlcnJlclwiOlwiXCJ9In0seyJwbHVnaW4iOiJ1YSIsInBhcmFtZXRlcnMiOiJ7fSJ9LHsicGx1Z2luIjoiYWJuIiwicGFyYW1ldGVycyI6IntcImlzQ3NzVXJsSW5qZWN0ZWRcIjpmYWxzZX0ifSx7InBsdWdpbiI6ImFibl9zaGFkb3ciLCJwYXJhbWV0ZXJzIjoie1wiaXNDc3NVcmxJbmplY3RlZFwiOmZhbHNlfSJ9XX0sImlzVG9wTGV2ZWwiOnRydWUsInBhZ2VTdGFydFRpbWUiOjE3ODUxMDYyNzYyNjEsIm5hdmlnYXRpb25TdGFydFRpbWUiOjE3ODUxMDYyNzU1MzB9&nocache=19b90&tm=2026-07-26T23%3A38%3A16.162Z&second=true:0
[ 2850737ms] [ERROR] Failed to load resource: net::ERR_FAILED @ https://gc.kis.v2.scr.kaspersky-labs.com/7D8B79A2-8974-4D7B-A76A-F4F29624C06BOSxDTLheSV66Hsf0i1yRUXAy8NkjYorxIG_uaN1dmJ5Wvd2xA3apQXvET0QVAF1JEaoPV6BKADfMsM6k4U-tLg/init?data=eyJ1cmwiOiJodHRwczovL2FwcHN0b3JlY29ubmVjdC5hcHBsZS5jb20vYXBwcy82Nzg5OTEzMTg2L2Rpc3RyaWJ1dGlvbi9pb3MvdmVyc2lvbi9pbmZsaWdodCIsInBsdWdpbnMiOiJ3c20mY2EmdnMmd250JnVhJmFibiZhYm5fc2hhZG93JmNiIiwiZGF0YSI6eyJkYXRhIjpbeyJwbHVnaW4iOiJ3c20iLCJwYXJhbWV0ZXJzIjoie1wicmVmZXJyZXJcIjpcIlwiLFwic3R1YklkXCI6XCJcIn0ifSx7InBsdWdpbiI6IndudCIsInBhcmFtZXRlcnMiOiJ7XCJyZWZlcnJlclwiOlwiXCJ9In0seyJwbHVnaW4iOiJ1YSIsInBhcmFtZXRlcnMiOiJ7fSJ9LHsicGx1Z2luIjoiYWJuIiwicGFyYW1ldGVycyI6IntcImlzQ3NzVXJsSW5qZWN0ZWRcIjpmYWxzZX0ifSx7InBsdWdpbiI6ImFibl9zaGFkb3ciLCJwYXJhbWV0ZXJzIjoie1wiaXNDc3NVcmxJbmplY3RlZFwiOmZhbHNlfSJ9XX0sImlzVG9wTGV2ZWwiOnRydWUsInBhZ2VTdGFydFRpbWUiOjE3ODUxMDYyNzYyNjEsIm5hdmlnYXRpb25TdGFydFRpbWUiOjE3ODUxMDYyNzU1MzB9&nocache=1dc59&tm=2026-07-26T23%3A38%3A46.243Z:0
[ 2850752ms] [ERROR] Failed to load resource: net::ERR_FAILED @ https://gc.kis.v2.scr.kaspersky-labs.com/7D8B79A2-8974-4D7B-A76A-F4F29624C06BOSxDTLheSV66Hsf0i1yRUXAy8NkjYorxIG_uaN1dmJ5Wvd2xA3apQXvET0QVAF1JEaoPV6BKADfMsM6k4U-tLg/init?data=eyJ1cmwiOiJodHRwczovL2FwcHN0b3JlY29ubmVjdC5hcHBsZS5jb20vYXBwcy82Nzg5OTEzMTg2L2Rpc3RyaWJ1dGlvbi9pb3MvdmVyc2lvbi9pbmZsaWdodCIsInBsdWdpbnMiOiJ3c20mY2EmdnMmd250JnVhJmFibiZhYm5fc2hhZG93JmNiIiwiZGF0YSI6eyJkYXRhIjpbeyJwbHVnaW4iOiJ3c20iLCJwYXJhbWV0ZXJzIjoie1wicmVmZXJyZXJcIjpcIlwiLFwic3R1YklkXCI6XCJcIn0ifSx7InBsdWdpbiI6IndudCIsInBhcmFtZXRlcnMiOiJ7XCJyZWZlcnJlclwiOlwiXCJ9In0seyJwbHVnaW4iOiJ1YSIsInBhcmFtZXRlcnMiOiJ7fSJ9LHsicGx1Z2luIjoiYWJuIiwicGFyYW1ldGVycyI6IntcImlzQ3NzVXJsSW5qZWN0ZWRcIjpmYWxzZX0ifSx7InBsdWdpbiI6ImFibl9zaGFkb3ciLCJwYXJhbWV0ZXJzIjoie1wiaXNDc3NVcmxJbmplY3RlZFwiOmZhbHNlfSJ9XX0sImlzVG9wTGV2ZWwiOnRydWUsInBhZ2VTdGFydFRpbWUiOjE3ODUxMDYyNzYyNjEsIm5hdmlnYXRpb25TdGFydFRpbWUiOjE3ODUxMDYyNzU1MzB9&nocache=1c0c5&tm=2026-07-26T23%3A38%3A46.260Z&second=true:0
[ 2880646ms] [ERROR] Failed to load resource: net::ERR_FAILED @ https://gc.kis.v2.scr.kaspersky-labs.com/7D8B79A2-8974-4D7B-A76A-F4F29624C06BOSxDTLheSV66Hsf0i1yRUXAy8NkjYorxIG_uaN1dmJ5Wvd2xA3apQXvET0QVAF1JEaoPV6BKADfMsM6k4U-tLg/init?data=eyJ1cmwiOiJodHRwczovL2FwcHN0b3JlY29ubmVjdC5hcHBsZS5jb20vYXBwcy82Nzg5OTEzMTg2L2Rpc3RyaWJ1dGlvbi9pb3MvdmVyc2lvbi9pbmZsaWdodCIsInBsdWdpbnMiOiJ3c20mY2EmdnMmd250JnVhJmFibiZhYm5fc2hhZG93JmNiIiwiZGF0YSI6eyJkYXRhIjpbeyJwbHVnaW4iOiJ3c20iLCJwYXJhbWV0ZXJzIjoie1wicmVmZXJyZXJcIjpcIlwiLFwic3R1YklkXCI6XCJcIn0ifSx7InBsdWdpbiI6IndudCIsInBhcmFtZXRlcnMiOiJ7XCJyZWZlcnJlclwiOlwiXCJ9In0seyJwbHVnaW4iOiJ1YSIsInBhcmFtZXRlcnMiOiJ7fSJ9LHsicGx1Z2luIjoiYWJuIiwicGFyYW1ldGVycyI6IntcImlzQ3NzVXJsSW5qZWN0ZWRcIjpmYWxzZX0ifSx7InBsdWdpbiI6ImFibl9zaGFkb3ciLCJwYXJhbWV0ZXJzIjoie1wiaXNDc3NVcmxJbmplY3RlZFwiOmZhbHNlfSJ9XX0sImlzVG9wTGV2ZWwiOnRydWUsInBhZ2VTdGFydFRpbWUiOjE3ODUxMDYyNzYyNjEsIm5hdmlnYXRpb25TdGFydFRpbWUiOjE3ODUxMDYyNzU1MzB9&nocache=12328&tm=2026-07-26T23%3A39%3A16.153Z:0
[ 2880657ms] [ERROR] Failed to load resource: net::ERR_FAILED @ https://gc.kis.v2.scr.kaspersky-labs.com/7D8B79A2-8974-4D7B-A76A-F4F29624C06BOSxDTLheSV66Hsf0i1yRUXAy8NkjYorxIG_uaN1dmJ5Wvd2xA3apQXvET0QVAF1JEaoPV6BKADfMsM6k4U-tLg/init?data=eyJ1cmwiOiJodHRwczovL2FwcHN0b3JlY29ubmVjdC5hcHBsZS5jb20vYXBwcy82Nzg5OTEzMTg2L2Rpc3RyaWJ1dGlvbi9pb3MvdmVyc2lvbi9pbmZsaWdodCIsInBsdWdpbnMiOiJ3c20mY2EmdnMmd250JnVhJmFibiZhYm5fc2hhZG93JmNiIiwiZGF0YSI6eyJkYXRhIjpbeyJwbHVnaW4iOiJ3c20iLCJwYXJhbWV0ZXJzIjoie1wicmVmZXJyZXJcIjpcIlwiLFwic3R1YklkXCI6XCJcIn0ifSx7InBsdWdpbiI6IndudCIsInBhcmFtZXRlcnMiOiJ7XCJyZWZlcnJlclwiOlwiXCJ9In0seyJwbHVnaW4iOiJ1YSIsInBhcmFtZXRlcnMiOiJ7fSJ9LHsicGx1Z2luIjoiYWJuIiwicGFyYW1ldGVycyI6IntcImlzQ3NzVXJsSW5qZWN0ZWRcIjpmYWxzZX0ifSx7InBsdWdpbiI6ImFibl9zaGFkb3ciLCJwYXJhbWV0ZXJzIjoie1wiaXNDc3NVcmxJbmplY3RlZFwiOmZhbHNlfSJ9XX0sImlzVG9wTGV2ZWwiOnRydWUsInBhZ2VTdGFydFRpbWUiOjE3ODUxMDYyNzYyNjEsIm5hdmlnYXRpb25TdGFydFRpbWUiOjE3ODUxMDYyNzU1MzB9&nocache=18a5d&tm=2026-07-26T23%3A39%3A16.168Z&second=true:0
[ 2910638ms] [ERROR] Failed to load resource: net::ERR_FAILED @ https://gc.kis.v2.scr.kaspersky-labs.com/7D8B79A2-8974-4D7B-A76A-F4F29624C06BOSxDTLheSV66Hsf0i1yRUXAy8NkjYorxIG_uaN1dmJ5Wvd2xA3apQXvET0QVAF1JEaoPV6BKADfMsM6k4U-tLg/init?data=eyJ1cmwiOiJodHRwczovL2FwcHN0b3JlY29ubmVjdC5hcHBsZS5jb20vYXBwcy82Nzg5OTEzMTg2L2Rpc3RyaWJ1dGlvbi9pb3MvdmVyc2lvbi9pbmZsaWdodCIsInBsdWdpbnMiOiJ3c20mY2EmdnMmd250JnVhJmFibiZhYm5fc2hhZG93JmNiIiwiZGF0YSI6eyJkYXRhIjpbeyJwbHVnaW4iOiJ3c20iLCJwYXJhbWV0ZXJzIjoie1wicmVmZXJyZXJcIjpcIlwiLFwic3R1YklkXCI6XCJcIn0ifSx7InBsdWdpbiI6IndudCIsInBhcmFtZXRlcnMiOiJ7XCJyZWZlcnJlclwiOlwiXCJ9In0seyJwbHVnaW4iOiJ1YSIsInBhcmFtZXRlcnMiOiJ7fSJ9LHsicGx1Z2luIjoiYWJuIiwicGFyYW1ldGVycyI6IntcImlzQ3NzVXJsSW5qZWN0ZWRcIjpmYWxzZX0ifSx7InBsdWdpbiI6ImFibl9zaGFkb3ciLCJwYXJhbWV0ZXJzIjoie1wiaXNDc3NVcmxJbmplY3RlZFwiOmZhbHNlfSJ9XX0sImlzVG9wTGV2ZWwiOnRydWUsInBhZ2VTdGFydFRpbWUiOjE3ODUxMDYyNzYyNjEsIm5hdmlnYXRpb25TdGFydFRpbWUiOjE3ODUxMDYyNzU1MzB9&nocache=1107b&tm=2026-07-26T23%3A39%3A46.149Z:0
[ 2910649ms] [ERROR] Failed to load resource: net::ERR_FAILED @ https://gc.kis.v2.scr.kaspersky-labs.com/7D8B79A2-8974-4D7B-A76A-F4F29624C06BOSxDTLheSV66Hsf0i1yRUXAy8NkjYorxIG_uaN1dmJ5Wvd2xA3apQXvET0QVAF1JEaoPV6BKADfMsM6k4U-tLg/init?data=eyJ1cmwiOiJodHRwczovL2FwcHN0b3JlY29ubmVjdC5hcHBsZS5jb20vYXBwcy82Nzg5OTEzMTg2L2Rpc3RyaWJ1dGlvbi9pb3MvdmVyc2lvbi9pbmZsaWdodCIsInBsdWdpbnMiOiJ3c20mY2EmdnMmd250JnVhJmFibiZhYm5fc2hhZG93JmNiIiwiZGF0YSI6eyJkYXRhIjpbeyJwbHVnaW4iOiJ3c20iLCJwYXJhbWV0ZXJzIjoie1wicmVmZXJyZXJcIjpcIlwiLFwic3R1YklkXCI6XCJcIn0ifSx7InBsdWdpbiI6IndudCIsInBhcmFtZXRlcnMiOiJ7XCJyZWZlcnJlclwiOlwiXCJ9In0seyJwbHVnaW4iOiJ1YSIsInBhcmFtZXRlcnMiOiJ7fSJ9LHsicGx1Z2luIjoiYWJuIiwicGFyYW1ldGVycyI6IntcImlzQ3NzVXJsSW5qZWN0ZWRcIjpmYWxzZX0ifSx7InBsdWdpbiI6ImFibl9zaGFkb3ciLCJwYXJhbWV0ZXJzIjoie1wiaXNDc3NVcmxJbmplY3RlZFwiOmZhbHNlfSJ9XX0sImlzVG9wTGV2ZWwiOnRydWUsInBhZ2VTdGFydFRpbWUiOjE3ODUxMDYyNzYyNjEsIm5hdmlnYXRpb25TdGFydFRpbWUiOjE3ODUxMDYyNzU1MzB9&nocache=1391c&tm=2026-07-26T23%3A39%3A46.161Z&second=true:0
[ 2940630ms] [ERROR] Failed to load resource: net::ERR_FAILED @ https://gc.kis.v2.scr.kaspersky-labs.com/7D8B79A2-8974-4D7B-A76A-F4F29624C06BOSxDTLheSV66Hsf0i1yRUXAy8NkjYorxIG_uaN1dmJ5Wvd2xA3apQXvET0QVAF1JEaoPV6BKADfMsM6k4U-tLg/init?data=eyJ1cmwiOiJodHRwczovL2FwcHN0b3JlY29ubmVjdC5hcHBsZS5jb20vYXBwcy82Nzg5OTEzMTg2L2Rpc3RyaWJ1dGlvbi9pb3MvdmVyc2lvbi9pbmZsaWdodCIsInBsdWdpbnMiOiJ3c20mY2EmdnMmd250JnVhJmFibiZhYm5fc2hhZG93JmNiIiwiZGF0YSI6eyJkYXRhIjpbeyJwbHVnaW4iOiJ3c20iLCJwYXJhbWV0ZXJzIjoie1wicmVmZXJyZXJcIjpcIlwiLFwic3R1YklkXCI6XCJcIn0ifSx7InBsdWdpbiI6IndudCIsInBhcmFtZXRlcnMiOiJ7XCJyZWZlcnJlclwiOlwiXCJ9In0seyJwbHVnaW4iOiJ1YSIsInBhcmFtZXRlcnMiOiJ7fSJ9LHsicGx1Z2luIjoiYWJuIiwicGFyYW1ldGVycyI6IntcImlzQ3NzVXJsSW5qZWN0ZWRcIjpmYWxzZX0ifSx7InBsdWdpbiI6ImFibl9zaGFkb3ciLCJwYXJhbWV0ZXJzIjoie1wiaXNDc3NVcmxJbmplY3RlZFwiOmZhbHNlfSJ9XX0sImlzVG9wTGV2ZWwiOnRydWUsInBhZ2VTdGFydFRpbWUiOjE3ODUxMDYyNzYyNjEsIm5hdmlnYXRpb25TdGFydFRpbWUiOjE3ODUxMDYyNzU1MzB9&nocache=11a5e&tm=2026-07-26T23%3A40%3A16.142Z:0
[ 2940638ms] [ERROR] Failed to load resource: net::ERR_FAILED @ https://gc.kis.v2.scr.kaspersky-labs.com/7D8B79A2-8974-4D7B-A76A-F4F29624C06BOSxDTLheSV66Hsf0i1yRUXAy8NkjYorxIG_uaN1dmJ5Wvd2xA3apQXvET0QVAF1JEaoPV6BKADfMsM6k4U-tLg/init?data=eyJ1cmwiOiJodHRwczovL2FwcHN0b3JlY29ubmVjdC5hcHBsZS5jb20vYXBwcy82Nzg5OTEzMTg2L2Rpc3RyaWJ1dGlvbi9pb3MvdmVyc2lvbi9pbmZsaWdodCIsInBsdWdpbnMiOiJ3c20mY2EmdnMmd250JnVhJmFibiZhYm5fc2hhZG93JmNiIiwiZGF0YSI6eyJkYXRhIjpbeyJwbHVnaW4iOiJ3c20iLCJwYXJhbWV0ZXJzIjoie1wicmVmZXJyZXJcIjpcIlwiLFwic3R1YklkXCI6XCJcIn0ifSx7InBsdWdpbiI6IndudCIsInBhcmFtZXRlcnMiOiJ7XCJyZWZlcnJlclwiOlwiXCJ9In0seyJwbHVnaW4iOiJ1YSIsInBhcmFtZXRlcnMiOiJ7fSJ9LHsicGx1Z2luIjoiYWJuIiwicGFyYW1ldGVycyI6IntcImlzQ3NzVXJsSW5qZWN0ZWRcIjpmYWxzZX0ifSx7InBsdWdpbiI6ImFibl9zaGFkb3ciLCJwYXJhbWV0ZXJzIjoie1wiaXNDc3NVcmxJbmplY3RlZFwiOmZhbHNlfSJ9XX0sImlzVG9wTGV2ZWwiOnRydWUsInBhZ2VTdGFydFRpbWUiOjE3ODUxMDYyNzYyNjEsIm5hdmlnYXRpb25TdGFydFRpbWUiOjE3ODUxMDYyNzU1MzB9&nocache=18432&tm=2026-07-26T23%3A40%3A16.152Z&second=true:0
[ 2970629ms] [ERROR] Failed to load resource: net::ERR_FAILED @ https://gc.kis.v2.scr.kaspersky-labs.com/7D8B79A2-8974-4D7B-A76A-F4F29624C06BOSxDTLheSV66Hsf0i1yRUXAy8NkjYorxIG_uaN1dmJ5Wvd2xA3apQXvET0QVAF1JEaoPV6BKADfMsM6k4U-tLg/init?data=eyJ1cmwiOiJodHRwczovL2FwcHN0b3JlY29ubmVjdC5hcHBsZS5jb20vYXBwcy82Nzg5OTEzMTg2L2Rpc3RyaWJ1dGlvbi9pb3MvdmVyc2lvbi9pbmZsaWdodCIsInBsdWdpbnMiOiJ3c20mY2EmdnMmd250JnVhJmFibiZhYm5fc2hhZG93JmNiIiwiZGF0YSI6eyJkYXRhIjpbeyJwbHVnaW4iOiJ3c20iLCJwYXJhbWV0ZXJzIjoie1wicmVmZXJyZXJcIjpcIlwiLFwic3R1YklkXCI6XCJcIn0ifSx7InBsdWdpbiI6IndudCIsInBhcmFtZXRlcnMiOiJ7XCJyZWZlcnJlclwiOlwiXCJ9In0seyJwbHVnaW4iOiJ1YSIsInBhcmFtZXRlcnMiOiJ7fSJ9LHsicGx1Z2luIjoiYWJuIiwicGFyYW1ldGVycyI6IntcImlzQ3NzVXJsSW5qZWN0ZWRcIjpmYWxzZX0ifSx7InBsdWdpbiI6ImFibl9zaGFkb3ciLCJwYXJhbWV0ZXJzIjoie1wiaXNDc3NVcmxJbmplY3RlZFwiOmZhbHNlfSJ9XX0sImlzVG9wTGV2ZWwiOnRydWUsInBhZ2VTdGFydFRpbWUiOjE3ODUxMDYyNzYyNjEsIm5hdmlnYXRpb25TdGFydFRpbWUiOjE3ODUxMDYyNzU1MzB9&nocache=11894&tm=2026-07-26T23%3A40%3A46.145Z:0
[ 2970642ms] [ERROR] Failed to load resource: net::ERR_FAILED @ https://gc.kis.v2.scr.kaspersky-labs.com/7D8B79A2-8974-4D7B-A76A-F4F29624C06BOSxDTLheSV66Hsf0i1yRUXAy8NkjYorxIG_uaN1dmJ5Wvd2xA3apQXvET0QVAF1JEaoPV6BKADfMsM6k4U-tLg/init?data=eyJ1cmwiOiJodHRwczovL2FwcHN0b3JlY29ubmVjdC5hcHBsZS5jb20vYXBwcy82Nzg5OTEzMTg2L2Rpc3RyaWJ1dGlvbi9pb3MvdmVyc2lvbi9pbmZsaWdodCIsInBsdWdpbnMiOiJ3c20mY2EmdnMmd250JnVhJmFibiZhYm5fc2hhZG93JmNiIiwiZGF0YSI6eyJkYXRhIjpbeyJwbHVnaW4iOiJ3c20iLCJwYXJhbWV0ZXJzIjoie1wicmVmZXJyZXJcIjpcIlwiLFwic3R1YklkXCI6XCJcIn0ifSx7InBsdWdpbiI6IndudCIsInBhcmFtZXRlcnMiOiJ7XCJyZWZlcnJlclwiOlwiXCJ9In0seyJwbHVnaW4iOiJ1YSIsInBhcmFtZXRlcnMiOiJ7fSJ9LHsicGx1Z2luIjoiYWJuIiwicGFyYW1ldGVycyI6IntcImlzQ3NzVXJsSW5qZWN0ZWRcIjpmYWxzZX0ifSx7InBsdWdpbiI6ImFibl9zaGFkb3ciLCJwYXJhbWV0ZXJzIjoie1wiaXNDc3NVcmxJbmplY3RlZFwiOmZhbHNlfSJ9XX0sImlzVG9wTGV2ZWwiOnRydWUsInBhZ2VTdGFydFRpbWUiOjE3ODUxMDYyNzYyNjEsIm5hdmlnYXRpb25TdGFydFRpbWUiOjE3ODUxMDYyNzU1MzB9&nocache=105c8&tm=2026-07-26T23%3A40%3A46.152Z&second=true:0
[ 3000632ms] [ERROR] Failed to load resource: net::ERR_FAILED @ https://gc.kis.v2.scr.kaspersky-labs.com/7D8B79A2-8974-4D7B-A76A-F4F29624C06BOSxDTLheSV66Hsf0i1yRUXAy8NkjYorxIG_uaN1dmJ5Wvd2xA3apQXvET0QVAF1JEaoPV6BKADfMsM6k4U-tLg/init?data=eyJ1cmwiOiJodHRwczovL2FwcHN0b3JlY29ubmVjdC5hcHBsZS5jb20vYXBwcy82Nzg5OTEzMTg2L2Rpc3RyaWJ1dGlvbi9pb3MvdmVyc2lvbi9pbmZsaWdodCIsInBsdWdpbnMiOiJ3c20mY2EmdnMmd250JnVhJmFibiZhYm5fc2hhZG93JmNiIiwiZGF0YSI6eyJkYXRhIjpbeyJwbHVnaW4iOiJ3c20iLCJwYXJhbWV0ZXJzIjoie1wicmVmZXJyZXJcIjpcIlwiLFwic3R1YklkXCI6XCJcIn0ifSx7InBsdWdpbiI6IndudCIsInBhcmFtZXRlcnMiOiJ7XCJyZWZlcnJlclwiOlwiXCJ9In0seyJwbHVnaW4iOiJ1YSIsInBhcmFtZXRlcnMiOiJ7fSJ9LHsicGx1Z2luIjoiYWJuIiwicGFyYW1ldGVycyI6IntcImlzQ3NzVXJsSW5qZWN0ZWRcIjpmYWxzZX0ifSx7InBsdWdpbiI6ImFibl9zaGFkb3ciLCJwYXJhbWV0ZXJzIjoie1wiaXNDc3NVcmxJbmplY3RlZFwiOmZhbHNlfSJ9XX0sImlzVG9wTGV2ZWwiOnRydWUsInBhZ2VTdGFydFRpbWUiOjE3ODUxMDYyNzYyNjEsIm5hdmlnYXRpb25TdGFydFRpbWUiOjE3ODUxMDYyNzU1MzB9&nocache=19796&tm=2026-07-26T23%3A41%3A16.143Z:0
[ 3000645ms] [ERROR] Failed to load resource: net::ERR_FAILED @ https://gc.kis.v2.scr.kaspersky-labs.com/7D8B79A2-8974-4D7B-A76A-F4F29624C06BOSxDTLheSV66Hsf0i1yRUXAy8NkjYorxIG_uaN1dmJ5Wvd2xA3apQXvET0QVAF1JEaoPV6BKADfMsM6k4U-tLg/init?data=eyJ1cmwiOiJodHRwczovL2FwcHN0b3JlY29ubmVjdC5hcHBsZS5jb20vYXBwcy82Nzg5OTEzMTg2L2Rpc3RyaWJ1dGlvbi9pb3MvdmVyc2lvbi9pbmZsaWdodCIsInBsdWdpbnMiOiJ3c20mY2EmdnMmd250JnVhJmFibiZhYm5fc2hhZG93JmNiIiwiZGF0YSI6eyJkYXRhIjpbeyJwbHVnaW4iOiJ3c20iLCJwYXJhbWV0ZXJzIjoie1wicmVmZXJyZXJcIjpcIlwiLFwic3R1YklkXCI6XCJcIn0ifSx7InBsdWdpbiI6IndudCIsInBhcmFtZXRlcnMiOiJ7XCJyZWZlcnJlclwiOlwiXCJ9In0seyJwbHVnaW4iOiJ1YSIsInBhcmFtZXRlcnMiOiJ7fSJ9LHsicGx1Z2luIjoiYWJuIiwicGFyYW1ldGVycyI6IntcImlzQ3NzVXJsSW5qZWN0ZWRcIjpmYWxzZX0ifSx7InBsdWdpbiI6ImFibl9zaGFkb3ciLCJwYXJhbWV0ZXJzIjoie1wiaXNDc3NVcmxJbmplY3RlZFwiOmZhbHNlfSJ9XX0sImlzVG9wTGV2ZWwiOnRydWUsInBhZ2VTdGFydFRpbWUiOjE3ODUxMDYyNzYyNjEsIm5hdmlnYXRpb25TdGFydFRpbWUiOjE3ODUxMDYyNzU1MzB9&nocache=11832&tm=2026-07-26T23%3A41%3A16.154Z&second=true:0
[ 3030640ms] [ERROR] Failed to load resource: net::ERR_FAILED @ https://gc.kis.v2.scr.kaspersky-labs.com/7D8B79A2-8974-4D7B-A76A-F4F29624C06BOSxDTLheSV66Hsf0i1yRUXAy8NkjYorxIG_uaN1dmJ5Wvd2xA3apQXvET0QVAF1JEaoPV6BKADfMsM6k4U-tLg/init?data=eyJ1cmwiOiJodHRwczovL2FwcHN0b3JlY29ubmVjdC5hcHBsZS5jb20vYXBwcy82Nzg5OTEzMTg2L2Rpc3RyaWJ1dGlvbi9pb3MvdmVyc2lvbi9pbmZsaWdodCIsInBsdWdpbnMiOiJ3c20mY2EmdnMmd250JnVhJmFibiZhYm5fc2hhZG93JmNiIiwiZGF0YSI6eyJkYXRhIjpbeyJwbHVnaW4iOiJ3c20iLCJwYXJhbWV0ZXJzIjoie1wicmVmZXJyZXJcIjpcIlwiLFwic3R1YklkXCI6XCJcIn0ifSx7InBsdWdpbiI6IndudCIsInBhcmFtZXRlcnMiOiJ7XCJyZWZlcnJlclwiOlwiXCJ9In0seyJwbHVnaW4iOiJ1YSIsInBhcmFtZXRlcnMiOiJ7fSJ9LHsicGx1Z2luIjoiYWJuIiwicGFyYW1ldGVycyI6IntcImlzQ3NzVXJsSW5qZWN0ZWRcIjpmYWxzZX0ifSx7InBsdWdpbiI6ImFibl9zaGFkb3ciLCJwYXJhbWV0ZXJzIjoie1wiaXNDc3NVcmxJbmplY3RlZFwiOmZhbHNlfSJ9XX0sImlzVG9wTGV2ZWwiOnRydWUsInBhZ2VTdGFydFRpbWUiOjE3ODUxMDYyNzYyNjEsIm5hdmlnYXRpb25TdGFydFRpbWUiOjE3ODUxMDYyNzU1MzB9&nocache=17b7c&tm=2026-07-26T23%3A41%3A46.155Z:0
[ 3030648ms] [ERROR] Failed to load resource: net::ERR_FAILED @ https://gc.kis.v2.scr.kaspersky-labs.com/7D8B79A2-8974-4D7B-A76A-F4F29624C06BOSxDTLheSV66Hsf0i1yRUXAy8NkjYorxIG_uaN1dmJ5Wvd2xA3apQXvET0QVAF1JEaoPV6BKADfMsM6k4U-tLg/init?data=eyJ1cmwiOiJodHRwczovL2FwcHN0b3JlY29ubmVjdC5hcHBsZS5jb20vYXBwcy82Nzg5OTEzMTg2L2Rpc3RyaWJ1dGlvbi9pb3MvdmVyc2lvbi9pbmZsaWdodCIsInBsdWdpbnMiOiJ3c20mY2EmdnMmd250JnVhJmFibiZhYm5fc2hhZG93JmNiIiwiZGF0YSI6eyJkYXRhIjpbeyJwbHVnaW4iOiJ3c20iLCJwYXJhbWV0ZXJzIjoie1wicmVmZXJyZXJcIjpcIlwiLFwic3R1YklkXCI6XCJcIn0ifSx7InBsdWdpbiI6IndudCIsInBhcmFtZXRlcnMiOiJ7XCJyZWZlcnJlclwiOlwiXCJ9In0seyJwbHVnaW4iOiJ1YSIsInBhcmFtZXRlcnMiOiJ7fSJ9LHsicGx1Z2luIjoiYWJuIiwicGFyYW1ldGVycyI6IntcImlzQ3NzVXJsSW5qZWN0ZWRcIjpmYWxzZX0ifSx7InBsdWdpbiI6ImFibl9zaGFkb3ciLCJwYXJhbWV0ZXJzIjoie1wiaXNDc3NVcmxJbmplY3RlZFwiOmZhbHNlfSJ9XX0sImlzVG9wTGV2ZWwiOnRydWUsInBhZ2VTdGFydFRpbWUiOjE3ODUxMDYyNzYyNjEsIm5hdmlnYXRpb25TdGFydFRpbWUiOjE3ODUxMDYyNzU1MzB9&nocache=1f3a9&tm=2026-07-26T23%3A41%3A46.162Z&second=true:0
[ 3060637ms] [ERROR] Failed to load resource: net::ERR_FAILED @ https://gc.kis.v2.scr.kaspersky-labs.com/7D8B79A2-8974-4D7B-A76A-F4F29624C06BOSxDTLheSV66Hsf0i1yRUXAy8NkjYorxIG_uaN1dmJ5Wvd2xA3apQXvET0QVAF1JEaoPV6BKADfMsM6k4U-tLg/init?data=eyJ1cmwiOiJodHRwczovL2FwcHN0b3JlY29ubmVjdC5hcHBsZS5jb20vYXBwcy82Nzg5OTEzMTg2L2Rpc3RyaWJ1dGlvbi9pb3MvdmVyc2lvbi9pbmZsaWdodCIsInBsdWdpbnMiOiJ3c20mY2EmdnMmd250JnVhJmFibiZhYm5fc2hhZG93JmNiIiwiZGF0YSI6eyJkYXRhIjpbeyJwbHVnaW4iOiJ3c20iLCJwYXJhbWV0ZXJzIjoie1wicmVmZXJyZXJcIjpcIlwiLFwic3R1YklkXCI6XCJcIn0ifSx7InBsdWdpbiI6IndudCIsInBhcmFtZXRlcnMiOiJ7XCJyZWZlcnJlclwiOlwiXCJ9In0seyJwbHVnaW4iOiJ1YSIsInBhcmFtZXRlcnMiOiJ7fSJ9LHsicGx1Z2luIjoiYWJuIiwicGFyYW1ldGVycyI6IntcImlzQ3NzVXJsSW5qZWN0ZWRcIjpmYWxzZX0ifSx7InBsdWdpbiI6ImFibl9zaGFkb3ciLCJwYXJhbWV0ZXJzIjoie1wiaXNDc3NVcmxJbmplY3RlZFwiOmZhbHNlfSJ9XX0sImlzVG9wTGV2ZWwiOnRydWUsInBhZ2VTdGFydFRpbWUiOjE3ODUxMDYyNzYyNjEsIm5hdmlnYXRpb25TdGFydFRpbWUiOjE3ODUxMDYyNzU1MzB9&nocache=11d08&tm=2026-07-26T23%3A42%3A16.148Z:0
[ 3060649ms] [ERROR] Failed to load resource: net::ERR_FAILED @ https://gc.kis.v2.scr.kaspersky-labs.com/7D8B79A2-8974-4D7B-A76A-F4F29624C06BOSxDTLheSV66Hsf0i1yRUXAy8NkjYorxIG_uaN1dmJ5Wvd2xA3apQXvET0QVAF1JEaoPV6BKADfMsM6k4U-tLg/init?data=eyJ1cmwiOiJodHRwczovL2FwcHN0b3JlY29ubmVjdC5hcHBsZS5jb20vYXBwcy82Nzg5OTEzMTg2L2Rpc3RyaWJ1dGlvbi9pb3MvdmVyc2lvbi9pbmZsaWdodCIsInBsdWdpbnMiOiJ3c20mY2EmdnMmd250JnVhJmFibiZhYm5fc2hhZG93JmNiIiwiZGF0YSI6eyJkYXRhIjpbeyJwbHVnaW4iOiJ3c20iLCJwYXJhbWV0ZXJzIjoie1wicmVmZXJyZXJcIjpcIlwiLFwic3R1YklkXCI6XCJcIn0ifSx7InBsdWdpbiI6IndudCIsInBhcmFtZXRlcnMiOiJ7XCJyZWZlcnJlclwiOlwiXCJ9In0seyJwbHVnaW4iOiJ1YSIsInBhcmFtZXRlcnMiOiJ7fSJ9LHsicGx1Z2luIjoiYWJuIiwicGFyYW1ldGVycyI6IntcImlzQ3NzVXJsSW5qZWN0ZWRcIjpmYWxzZX0ifSx7InBsdWdpbiI6ImFibl9zaGFkb3ciLCJwYXJhbWV0ZXJzIjoie1wiaXNDc3NVcmxJbmplY3RlZFwiOmZhbHNlfSJ9XX0sImlzVG9wTGV2ZWwiOnRydWUsInBhZ2VTdGFydFRpbWUiOjE3ODUxMDYyNzYyNjEsIm5hdmlnYXRpb25TdGFydFRpbWUiOjE3ODUxMDYyNzU1MzB9&nocache=18a7d&tm=2026-07-26T23%3A42%3A16.159Z&second=true:0
[ 3090639ms] [ERROR] Failed to load resource: net::ERR_FAILED @ https://gc.kis.v2.scr.kaspersky-labs.com/7D8B79A2-8974-4D7B-A76A-F4F29624C06BOSxDTLheSV66Hsf0i1yRUXAy8NkjYorxIG_uaN1dmJ5Wvd2xA3apQXvET0QVAF1JEaoPV6BKADfMsM6k4U-tLg/init?data=eyJ1cmwiOiJodHRwczovL2FwcHN0b3JlY29ubmVjdC5hcHBsZS5jb20vYXBwcy82Nzg5OTEzMTg2L2Rpc3RyaWJ1dGlvbi9pb3MvdmVyc2lvbi9pbmZsaWdodCIsInBsdWdpbnMiOiJ3c20mY2EmdnMmd250JnVhJmFibiZhYm5fc2hhZG93JmNiIiwiZGF0YSI6eyJkYXRhIjpbeyJwbHVnaW4iOiJ3c20iLCJwYXJhbWV0ZXJzIjoie1wicmVmZXJyZXJcIjpcIlwiLFwic3R1YklkXCI6XCJcIn0ifSx7InBsdWdpbiI6IndudCIsInBhcmFtZXRlcnMiOiJ7XCJyZWZlcnJlclwiOlwiXCJ9In0seyJwbHVnaW4iOiJ1YSIsInBhcmFtZXRlcnMiOiJ7fSJ9LHsicGx1Z2luIjoiYWJuIiwicGFyYW1ldGVycyI6IntcImlzQ3NzVXJsSW5qZWN0ZWRcIjpmYWxzZX0ifSx7InBsdWdpbiI6ImFibl9zaGFkb3ciLCJwYXJhbWV0ZXJzIjoie1wiaXNDc3NVcmxJbmplY3RlZFwiOmZhbHNlfSJ9XX0sImlzVG9wTGV2ZWwiOnRydWUsInBhZ2VTdGFydFRpbWUiOjE3ODUxMDYyNzYyNjEsIm5hdmlnYXRpb25TdGFydFRpbWUiOjE3ODUxMDYyNzU1MzB9&nocache=10f38&tm=2026-07-26T23%3A42%3A46.151Z:0
[ 3090653ms] [ERROR] Failed to load resource: net::ERR_FAILED @ https://gc.kis.v2.scr.kaspersky-labs.com/7D8B79A2-8974-4D7B-A76A-F4F29624C06BOSxDTLheSV66Hsf0i1yRUXAy8NkjYorxIG_uaN1dmJ5Wvd2xA3apQXvET0QVAF1JEaoPV6BKADfMsM6k4U-tLg/init?data=eyJ1cmwiOiJodHRwczovL2FwcHN0b3JlY29ubmVjdC5hcHBsZS5jb20vYXBwcy82Nzg5OTEzMTg2L2Rpc3RyaWJ1dGlvbi9pb3MvdmVyc2lvbi9pbmZsaWdodCIsInBsdWdpbnMiOiJ3c20mY2EmdnMmd250JnVhJmFibiZhYm5fc2hhZG93JmNiIiwiZGF0YSI6eyJkYXRhIjpbeyJwbHVnaW4iOiJ3c20iLCJwYXJhbWV0ZXJzIjoie1wicmVmZXJyZXJcIjpcIlwiLFwic3R1YklkXCI6XCJcIn0ifSx7InBsdWdpbiI6IndudCIsInBhcmFtZXRlcnMiOiJ7XCJyZWZlcnJlclwiOlwiXCJ9In0seyJwbHVnaW4iOiJ1YSIsInBhcmFtZXRlcnMiOiJ7fSJ9LHsicGx1Z2luIjoiYWJuIiwicGFyYW1ldGVycyI6IntcImlzQ3NzVXJsSW5qZWN0ZWRcIjpmYWxzZX0ifSx7InBsdWdpbiI6ImFibl9zaGFkb3ciLCJwYXJhbWV0ZXJzIjoie1wiaXNDc3NVcmxJbmplY3RlZFwiOmZhbHNlfSJ9XX0sImlzVG9wTGV2ZWwiOnRydWUsInBhZ2VTdGFydFRpbWUiOjE3ODUxMDYyNzYyNjEsIm5hdmlnYXRpb25TdGFydFRpbWUiOjE3ODUxMDYyNzU1MzB9&nocache=1da29&tm=2026-07-26T23%3A42%3A46.161Z&second=true:0
[ 3120719ms] [ERROR] Failed to load resource: net::ERR_FAILED @ https://gc.kis.v2.scr.kaspersky-labs.com/7D8B79A2-8974-4D7B-A76A-F4F29624C06BOSxDTLheSV66Hsf0i1yRUXAy8NkjYorxIG_uaN1dmJ5Wvd2xA3apQXvET0QVAF1JEaoPV6BKADfMsM6k4U-tLg/init?data=eyJ1cmwiOiJodHRwczovL2FwcHN0b3JlY29ubmVjdC5hcHBsZS5jb20vYXBwcy82Nzg5OTEzMTg2L2Rpc3RyaWJ1dGlvbi9pb3MvdmVyc2lvbi9pbmZsaWdodCIsInBsdWdpbnMiOiJ3c20mY2EmdnMmd250JnVhJmFibiZhYm5fc2hhZG93JmNiIiwiZGF0YSI6eyJkYXRhIjpbeyJwbHVnaW4iOiJ3c20iLCJwYXJhbWV0ZXJzIjoie1wicmVmZXJyZXJcIjpcIlwiLFwic3R1YklkXCI6XCJcIn0ifSx7InBsdWdpbiI6IndudCIsInBhcmFtZXRlcnMiOiJ7XCJyZWZlcnJlclwiOlwiXCJ9In0seyJwbHVnaW4iOiJ1YSIsInBhcmFtZXRlcnMiOiJ7fSJ9LHsicGx1Z2luIjoiYWJuIiwicGFyYW1ldGVycyI6IntcImlzQ3NzVXJsSW5qZWN0ZWRcIjpmYWxzZX0ifSx7InBsdWdpbiI6ImFibl9zaGFkb3ciLCJwYXJhbWV0ZXJzIjoie1wiaXNDc3NVcmxJbmplY3RlZFwiOmZhbHNlfSJ9XX0sImlzVG9wTGV2ZWwiOnRydWUsInBhZ2VTdGFydFRpbWUiOjE3ODUxMDYyNzYyNjEsIm5hdmlnYXRpb25TdGFydFRpbWUiOjE3ODUxMDYyNzU1MzB9&nocache=1ff71&tm=2026-07-26T23%3A43%3A16.227Z:0
[ 3120728ms] [ERROR] Failed to load resource: net::ERR_FAILED @ https://gc.kis.v2.scr.kaspersky-labs.com/7D8B79A2-8974-4D7B-A76A-F4F29624C06BOSxDTLheSV66Hsf0i1yRUXAy8NkjYorxIG_uaN1dmJ5Wvd2xA3apQXvET0QVAF1JEaoPV6BKADfMsM6k4U-tLg/init?data=eyJ1cmwiOiJodHRwczovL2FwcHN0b3JlY29ubmVjdC5hcHBsZS5jb20vYXBwcy82Nzg5OTEzMTg2L2Rpc3RyaWJ1dGlvbi9pb3MvdmVyc2lvbi9pbmZsaWdodCIsInBsdWdpbnMiOiJ3c20mY2EmdnMmd250JnVhJmFibiZhYm5fc2hhZG93JmNiIiwiZGF0YSI6eyJkYXRhIjpbeyJwbHVnaW4iOiJ3c20iLCJwYXJhbWV0ZXJzIjoie1wicmVmZXJyZXJcIjpcIlwiLFwic3R1YklkXCI6XCJcIn0ifSx7InBsdWdpbiI6IndudCIsInBhcmFtZXRlcnMiOiJ7XCJyZWZlcnJlclwiOlwiXCJ9In0seyJwbHVnaW4iOiJ1YSIsInBhcmFtZXRlcnMiOiJ7fSJ9LHsicGx1Z2luIjoiYWJuIiwicGFyYW1ldGVycyI6IntcImlzQ3NzVXJsSW5qZWN0ZWRcIjpmYWxzZX0ifSx7InBsdWdpbiI6ImFibl9zaGFkb3ciLCJwYXJhbWV0ZXJzIjoie1wiaXNDc3NVcmxJbmplY3RlZFwiOmZhbHNlfSJ9XX0sImlzVG9wTGV2ZWwiOnRydWUsInBhZ2VTdGFydFRpbWUiOjE3ODUxMDYyNzYyNjEsIm5hdmlnYXRpb25TdGFydFRpbWUiOjE3ODUxMDYyNzU1MzB9&nocache=1622a&tm=2026-07-26T23%3A43%3A16.241Z&second=true:0
[ 3150636ms] [ERROR] Failed to load resource: net::ERR_FAILED @ https://gc.kis.v2.scr.kaspersky-labs.com/7D8B79A2-8974-4D7B-A76A-F4F29624C06BOSxDTLheSV66Hsf0i1yRUXAy8NkjYorxIG_uaN1dmJ5Wvd2xA3apQXvET0QVAF1JEaoPV6BKADfMsM6k4U-tLg/init?data=eyJ1cmwiOiJodHRwczovL2FwcHN0b3JlY29ubmVjdC5hcHBsZS5jb20vYXBwcy82Nzg5OTEzMTg2L2Rpc3RyaWJ1dGlvbi9pb3MvdmVyc2lvbi9pbmZsaWdodCIsInBsdWdpbnMiOiJ3c20mY2EmdnMmd250JnVhJmFibiZhYm5fc2hhZG93JmNiIiwiZGF0YSI6eyJkYXRhIjpbeyJwbHVnaW4iOiJ3c20iLCJwYXJhbWV0ZXJzIjoie1wicmVmZXJyZXJcIjpcIlwiLFwic3R1YklkXCI6XCJcIn0ifSx7InBsdWdpbiI6IndudCIsInBhcmFtZXRlcnMiOiJ7XCJyZWZlcnJlclwiOlwiXCJ9In0seyJwbHVnaW4iOiJ1YSIsInBhcmFtZXRlcnMiOiJ7fSJ9LHsicGx1Z2luIjoiYWJuIiwicGFyYW1ldGVycyI6IntcImlzQ3NzVXJsSW5qZWN0ZWRcIjpmYWxzZX0ifSx7InBsdWdpbiI6ImFibl9zaGFkb3ciLCJwYXJhbWV0ZXJzIjoie1wiaXNDc3NVcmxJbmplY3RlZFwiOmZhbHNlfSJ9XX0sImlzVG9wTGV2ZWwiOnRydWUsInBhZ2VTdGFydFRpbWUiOjE3ODUxMDYyNzYyNjEsIm5hdmlnYXRpb25TdGFydFRpbWUiOjE3ODUxMDYyNzU1MzB9&nocache=12304&tm=2026-07-26T23%3A43%3A46.149Z:0
[ 3150650ms] [ERROR] Failed to load resource: net::ERR_FAILED @ https://gc.kis.v2.scr.kaspersky-labs.com/7D8B79A2-8974-4D7B-A76A-F4F29624C06BOSxDTLheSV66Hsf0i1yRUXAy8NkjYorxIG_uaN1dmJ5Wvd2xA3apQXvET0QVAF1JEaoPV6BKADfMsM6k4U-tLg/init?data=eyJ1cmwiOiJodHRwczovL2FwcHN0b3JlY29ubmVjdC5hcHBsZS5jb20vYXBwcy82Nzg5OTEzMTg2L2Rpc3RyaWJ1dGlvbi9pb3MvdmVyc2lvbi9pbmZsaWdodCIsInBsdWdpbnMiOiJ3c20mY2EmdnMmd250JnVhJmFibiZhYm5fc2hhZG93JmNiIiwiZGF0YSI6eyJkYXRhIjpbeyJwbHVnaW4iOiJ3c20iLCJwYXJhbWV0ZXJzIjoie1wicmVmZXJyZXJcIjpcIlwiLFwic3R1YklkXCI6XCJcIn0ifSx7InBsdWdpbiI6IndudCIsInBhcmFtZXRlcnMiOiJ7XCJyZWZlcnJlclwiOlwiXCJ9In0seyJwbHVnaW4iOiJ1YSIsInBhcmFtZXRlcnMiOiJ7fSJ9LHsicGx1Z2luIjoiYWJuIiwicGFyYW1ldGVycyI6IntcImlzQ3NzVXJsSW5qZWN0ZWRcIjpmYWxzZX0ifSx7InBsdWdpbiI6ImFibl9zaGFkb3ciLCJwYXJhbWV0ZXJzIjoie1wiaXNDc3NVcmxJbmplY3RlZFwiOmZhbHNlfSJ9XX0sImlzVG9wTGV2ZWwiOnRydWUsInBhZ2VTdGFydFRpbWUiOjE3ODUxMDYyNzYyNjEsIm5hdmlnYXRpb25TdGFydFRpbWUiOjE3ODUxMDYyNzU1MzB9&nocache=17b7a&tm=2026-07-26T23%3A43%3A46.158Z&second=true:0
[ 3180641ms] [ERROR] Failed to load resource: net::ERR_FAILED @ https://gc.kis.v2.scr.kaspersky-labs.com/7D8B79A2-8974-4D7B-A76A-F4F29624C06BOSxDTLheSV66Hsf0i1yRUXAy8NkjYorxIG_uaN1dmJ5Wvd2xA3apQXvET0QVAF1JEaoPV6BKADfMsM6k4U-tLg/init?data=eyJ1cmwiOiJodHRwczovL2FwcHN0b3JlY29ubmVjdC5hcHBsZS5jb20vYXBwcy82Nzg5OTEzMTg2L2Rpc3RyaWJ1dGlvbi9pb3MvdmVyc2lvbi9pbmZsaWdodCIsInBsdWdpbnMiOiJ3c20mY2EmdnMmd250JnVhJmFibiZhYm5fc2hhZG93JmNiIiwiZGF0YSI6eyJkYXRhIjpbeyJwbHVnaW4iOiJ3c20iLCJwYXJhbWV0ZXJzIjoie1wicmVmZXJyZXJcIjpcIlwiLFwic3R1YklkXCI6XCJcIn0ifSx7InBsdWdpbiI6IndudCIsInBhcmFtZXRlcnMiOiJ7XCJyZWZlcnJlclwiOlwiXCJ9In0seyJwbHVnaW4iOiJ1YSIsInBhcmFtZXRlcnMiOiJ7fSJ9LHsicGx1Z2luIjoiYWJuIiwicGFyYW1ldGVycyI6IntcImlzQ3NzVXJsSW5qZWN0ZWRcIjpmYWxzZX0ifSx7InBsdWdpbiI6ImFibl9zaGFkb3ciLCJwYXJhbWV0ZXJzIjoie1wiaXNDc3NVcmxJbmplY3RlZFwiOmZhbHNlfSJ9XX0sImlzVG9wTGV2ZWwiOnRydWUsInBhZ2VTdGFydFRpbWUiOjE3ODUxMDYyNzYyNjEsIm5hdmlnYXRpb25TdGFydFRpbWUiOjE3ODUxMDYyNzU1MzB9&nocache=1f54c&tm=2026-07-26T23%3A44%3A16.150Z:0
[ 3180653ms] [ERROR] Failed to load resource: net::ERR_FAILED @ https://gc.kis.v2.scr.kaspersky-labs.com/7D8B79A2-8974-4D7B-A76A-F4F29624C06BOSxDTLheSV66Hsf0i1yRUXAy8NkjYorxIG_uaN1dmJ5Wvd2xA3apQXvET0QVAF1JEaoPV6BKADfMsM6k4U-tLg/init?data=eyJ1cmwiOiJodHRwczovL2FwcHN0b3JlY29ubmVjdC5hcHBsZS5jb20vYXBwcy82Nzg5OTEzMTg2L2Rpc3RyaWJ1dGlvbi9pb3MvdmVyc2lvbi9pbmZsaWdodCIsInBsdWdpbnMiOiJ3c20mY2EmdnMmd250JnVhJmFibiZhYm5fc2hhZG93JmNiIiwiZGF0YSI6eyJkYXRhIjpbeyJwbHVnaW4iOiJ3c20iLCJwYXJhbWV0ZXJzIjoie1wicmVmZXJyZXJcIjpcIlwiLFwic3R1YklkXCI6XCJcIn0ifSx7InBsdWdpbiI6IndudCIsInBhcmFtZXRlcnMiOiJ7XCJyZWZlcnJlclwiOlwiXCJ9In0seyJwbHVnaW4iOiJ1YSIsInBhcmFtZXRlcnMiOiJ7fSJ9LHsicGx1Z2luIjoiYWJuIiwicGFyYW1ldGVycyI6IntcImlzQ3NzVXJsSW5qZWN0ZWRcIjpmYWxzZX0ifSx7InBsdWdpbiI6ImFibl9zaGFkb3ciLCJwYXJhbWV0ZXJzIjoie1wiaXNDc3NVcmxJbmplY3RlZFwiOmZhbHNlfSJ9XX0sImlzVG9wTGV2ZWwiOnRydWUsInBhZ2VTdGFydFRpbWUiOjE3ODUxMDYyNzYyNjEsIm5hdmlnYXRpb25TdGFydFRpbWUiOjE3ODUxMDYyNzU1MzB9&nocache=10737&tm=2026-07-26T23%3A44%3A16.163Z&second=true:0
[ 3210630ms] [ERROR] Failed to load resource: net::ERR_FAILED @ https://gc.kis.v2.scr.kaspersky-labs.com/7D8B79A2-8974-4D7B-A76A-F4F29624C06BOSxDTLheSV66Hsf0i1yRUXAy8NkjYorxIG_uaN1dmJ5Wvd2xA3apQXvET0QVAF1JEaoPV6BKADfMsM6k4U-tLg/init?data=eyJ1cmwiOiJodHRwczovL2FwcHN0b3JlY29ubmVjdC5hcHBsZS5jb20vYXBwcy82Nzg5OTEzMTg2L2Rpc3RyaWJ1dGlvbi9pb3MvdmVyc2lvbi9pbmZsaWdodCIsInBsdWdpbnMiOiJ3c20mY2EmdnMmd250JnVhJmFibiZhYm5fc2hhZG93JmNiIiwiZGF0YSI6eyJkYXRhIjpbeyJwbHVnaW4iOiJ3c20iLCJwYXJhbWV0ZXJzIjoie1wicmVmZXJyZXJcIjpcIlwiLFwic3R1YklkXCI6XCJcIn0ifSx7InBsdWdpbiI6IndudCIsInBhcmFtZXRlcnMiOiJ7XCJyZWZlcnJlclwiOlwiXCJ9In0seyJwbHVnaW4iOiJ1YSIsInBhcmFtZXRlcnMiOiJ7fSJ9LHsicGx1Z2luIjoiYWJuIiwicGFyYW1ldGVycyI6IntcImlzQ3NzVXJsSW5qZWN0ZWRcIjpmYWxzZX0ifSx7InBsdWdpbiI6ImFibl9zaGFkb3ciLCJwYXJhbWV0ZXJzIjoie1wiaXNDc3NVcmxJbmplY3RlZFwiOmZhbHNlfSJ9XX0sImlzVG9wTGV2ZWwiOnRydWUsInBhZ2VTdGFydFRpbWUiOjE3ODUxMDYyNzYyNjEsIm5hdmlnYXRpb25TdGFydFRpbWUiOjE3ODUxMDYyNzU1MzB9&nocache=1ce83&tm=2026-07-26T23%3A44%3A46.140Z:0
[ 3210639ms] [ERROR] Failed to load resource: net::ERR_FAILED @ https://gc.kis.v2.scr.kaspersky-labs.com/7D8B79A2-8974-4D7B-A76A-F4F29624C06BOSxDTLheSV66Hsf0i1yRUXAy8NkjYorxIG_uaN1dmJ5Wvd2xA3apQXvET0QVAF1JEaoPV6BKADfMsM6k4U-tLg/init?data=eyJ1cmwiOiJodHRwczovL2FwcHN0b3JlY29ubmVjdC5hcHBsZS5jb20vYXBwcy82Nzg5OTEzMTg2L2Rpc3RyaWJ1dGlvbi9pb3MvdmVyc2lvbi9pbmZsaWdodCIsInBsdWdpbnMiOiJ3c20mY2EmdnMmd250JnVhJmFibiZhYm5fc2hhZG93JmNiIiwiZGF0YSI6eyJkYXRhIjpbeyJwbHVnaW4iOiJ3c20iLCJwYXJhbWV0ZXJzIjoie1wicmVmZXJyZXJcIjpcIlwiLFwic3R1YklkXCI6XCJcIn0ifSx7InBsdWdpbiI6IndudCIsInBhcmFtZXRlcnMiOiJ7XCJyZWZlcnJlclwiOlwiXCJ9In0seyJwbHVnaW4iOiJ1YSIsInBhcmFtZXRlcnMiOiJ7fSJ9LHsicGx1Z2luIjoiYWJuIiwicGFyYW1ldGVycyI6IntcImlzQ3NzVXJsSW5qZWN0ZWRcIjpmYWxzZX0ifSx7InBsdWdpbiI6ImFibl9zaGFkb3ciLCJwYXJhbWV0ZXJzIjoie1wiaXNDc3NVcmxJbmplY3RlZFwiOmZhbHNlfSJ9XX0sImlzVG9wTGV2ZWwiOnRydWUsInBhZ2VTdGFydFRpbWUiOjE3ODUxMDYyNzYyNjEsIm5hdmlnYXRpb25TdGFydFRpbWUiOjE3ODUxMDYyNzU1MzB9&nocache=17169&tm=2026-07-26T23%3A44%3A46.152Z&second=true:0
[ 3240642ms] [ERROR] Failed to load resource: net::ERR_FAILED @ https://gc.kis.v2.scr.kaspersky-labs.com/7D8B79A2-8974-4D7B-A76A-F4F29624C06BOSxDTLheSV66Hsf0i1yRUXAy8NkjYorxIG_uaN1dmJ5Wvd2xA3apQXvET0QVAF1JEaoPV6BKADfMsM6k4U-tLg/init?data=eyJ1cmwiOiJodHRwczovL2FwcHN0b3JlY29ubmVjdC5hcHBsZS5jb20vYXBwcy82Nzg5OTEzMTg2L2Rpc3RyaWJ1dGlvbi9pb3MvdmVyc2lvbi9pbmZsaWdodCIsInBsdWdpbnMiOiJ3c20mY2EmdnMmd250JnVhJmFibiZhYm5fc2hhZG93JmNiIiwiZGF0YSI6eyJkYXRhIjpbeyJwbHVnaW4iOiJ3c20iLCJwYXJhbWV0ZXJzIjoie1wicmVmZXJyZXJcIjpcIlwiLFwic3R1YklkXCI6XCJcIn0ifSx7InBsdWdpbiI6IndudCIsInBhcmFtZXRlcnMiOiJ7XCJyZWZlcnJlclwiOlwiXCJ9In0seyJwbHVnaW4iOiJ1YSIsInBhcmFtZXRlcnMiOiJ7fSJ9LHsicGx1Z2luIjoiYWJuIiwicGFyYW1ldGVycyI6IntcImlzQ3NzVXJsSW5qZWN0ZWRcIjpmYWxzZX0ifSx7InBsdWdpbiI6ImFibl9zaGFkb3ciLCJwYXJhbWV0ZXJzIjoie1wiaXNDc3NVcmxJbmplY3RlZFwiOmZhbHNlfSJ9XX0sImlzVG9wTGV2ZWwiOnRydWUsInBhZ2VTdGFydFRpbWUiOjE3ODUxMDYyNzYyNjEsIm5hdmlnYXRpb25TdGFydFRpbWUiOjE3ODUxMDYyNzU1MzB9&nocache=1e936&tm=2026-07-26T23%3A45%3A16.151Z:0
[ 3240660ms] [ERROR] Failed to load resource: net::ERR_FAILED @ https://gc.kis.v2.scr.kaspersky-labs.com/7D8B79A2-8974-4D7B-A76A-F4F29624C06BOSxDTLheSV66Hsf0i1yRUXAy8NkjYorxIG_uaN1dmJ5Wvd2xA3apQXvET0QVAF1JEaoPV6BKADfMsM6k4U-tLg/init?data=eyJ1cmwiOiJodHRwczovL2FwcHN0b3JlY29ubmVjdC5hcHBsZS5jb20vYXBwcy82Nzg5OTEzMTg2L2Rpc3RyaWJ1dGlvbi9pb3MvdmVyc2lvbi9pbmZsaWdodCIsInBsdWdpbnMiOiJ3c20mY2EmdnMmd250JnVhJmFibiZhYm5fc2hhZG93JmNiIiwiZGF0YSI6eyJkYXRhIjpbeyJwbHVnaW4iOiJ3c20iLCJwYXJhbWV0ZXJzIjoie1wicmVmZXJyZXJcIjpcIlwiLFwic3R1YklkXCI6XCJcIn0ifSx7InBsdWdpbiI6IndudCIsInBhcmFtZXRlcnMiOiJ7XCJyZWZlcnJlclwiOlwiXCJ9In0seyJwbHVnaW4iOiJ1YSIsInBhcmFtZXRlcnMiOiJ7fSJ9LHsicGx1Z2luIjoiYWJuIiwicGFyYW1ldGVycyI6IntcImlzQ3NzVXJsSW5qZWN0ZWRcIjpmYWxzZX0ifSx7InBsdWdpbiI6ImFibl9zaGFkb3ciLCJwYXJhbWV0ZXJzIjoie1wiaXNDc3NVcmxJbmplY3RlZFwiOmZhbHNlfSJ9XX0sImlzVG9wTGV2ZWwiOnRydWUsInBhZ2VTdGFydFRpbWUiOjE3ODUxMDYyNzYyNjEsIm5hdmlnYXRpb25TdGFydFRpbWUiOjE3ODUxMDYyNzU1MzB9&nocache=14c8e&tm=2026-07-26T23%3A45%3A16.164Z&second=true:0
[ 3270632ms] [ERROR] Failed to load resource: net::ERR_FAILED @ https://gc.kis.v2.scr.kaspersky-labs.com/7D8B79A2-8974-4D7B-A76A-F4F29624C06BOSxDTLheSV66Hsf0i1yRUXAy8NkjYorxIG_uaN1dmJ5Wvd2xA3apQXvET0QVAF1JEaoPV6BKADfMsM6k4U-tLg/init?data=eyJ1cmwiOiJodHRwczovL2FwcHN0b3JlY29ubmVjdC5hcHBsZS5jb20vYXBwcy82Nzg5OTEzMTg2L2Rpc3RyaWJ1dGlvbi9pb3MvdmVyc2lvbi9pbmZsaWdodCIsInBsdWdpbnMiOiJ3c20mY2EmdnMmd250JnVhJmFibiZhYm5fc2hhZG93JmNiIiwiZGF0YSI6eyJkYXRhIjpbeyJwbHVnaW4iOiJ3c20iLCJwYXJhbWV0ZXJzIjoie1wicmVmZXJyZXJcIjpcIlwiLFwic3R1YklkXCI6XCJcIn0ifSx7InBsdWdpbiI6IndudCIsInBhcmFtZXRlcnMiOiJ7XCJyZWZlcnJlclwiOlwiXCJ9In0seyJwbHVnaW4iOiJ1YSIsInBhcmFtZXRlcnMiOiJ7fSJ9LHsicGx1Z2luIjoiYWJuIiwicGFyYW1ldGVycyI6IntcImlzQ3NzVXJsSW5qZWN0ZWRcIjpmYWxzZX0ifSx7InBsdWdpbiI6ImFibl9zaGFkb3ciLCJwYXJhbWV0ZXJzIjoie1wiaXNDc3NVcmxJbmplY3RlZFwiOmZhbHNlfSJ9XX0sImlzVG9wTGV2ZWwiOnRydWUsInBhZ2VTdGFydFRpbWUiOjE3ODUxMDYyNzYyNjEsIm5hdmlnYXRpb25TdGFydFRpbWUiOjE3ODUxMDYyNzU1MzB9&nocache=1deed&tm=2026-07-26T23%3A45%3A46.146Z:0
[ 3270639ms] [ERROR] Failed to load resource: net::ERR_FAILED @ https://gc.kis.v2.scr.kaspersky-labs.com/7D8B79A2-8974-4D7B-A76A-F4F29624C06BOSxDTLheSV66Hsf0i1yRUXAy8NkjYorxIG_uaN1dmJ5Wvd2xA3apQXvET0QVAF1JEaoPV6BKADfMsM6k4U-tLg/init?data=eyJ1cmwiOiJodHRwczovL2FwcHN0b3JlY29ubmVjdC5hcHBsZS5jb20vYXBwcy82Nzg5OTEzMTg2L2Rpc3RyaWJ1dGlvbi9pb3MvdmVyc2lvbi9pbmZsaWdodCIsInBsdWdpbnMiOiJ3c20mY2EmdnMmd250JnVhJmFibiZhYm5fc2hhZG93JmNiIiwiZGF0YSI6eyJkYXRhIjpbeyJwbHVnaW4iOiJ3c20iLCJwYXJhbWV0ZXJzIjoie1wicmVmZXJyZXJcIjpcIlwiLFwic3R1YklkXCI6XCJcIn0ifSx7InBsdWdpbiI6IndudCIsInBhcmFtZXRlcnMiOiJ7XCJyZWZlcnJlclwiOlwiXCJ9In0seyJwbHVnaW4iOiJ1YSIsInBhcmFtZXRlcnMiOiJ7fSJ9LHsicGx1Z2luIjoiYWJuIiwicGFyYW1ldGVycyI6IntcImlzQ3NzVXJsSW5qZWN0ZWRcIjpmYWxzZX0ifSx7InBsdWdpbiI6ImFibl9zaGFkb3ciLCJwYXJhbWV0ZXJzIjoie1wiaXNDc3NVcmxJbmplY3RlZFwiOmZhbHNlfSJ9XX0sImlzVG9wTGV2ZWwiOnRydWUsInBhZ2VTdGFydFRpbWUiOjE3ODUxMDYyNzYyNjEsIm5hdmlnYXRpb25TdGFydFRpbWUiOjE3ODUxMDYyNzU1MzB9&nocache=190c6&tm=2026-07-26T23%3A45%3A46.154Z&second=true:0
[ 3300652ms] [ERROR] Failed to load resource: net::ERR_FAILED @ https://gc.kis.v2.scr.kaspersky-labs.com/7D8B79A2-8974-4D7B-A76A-F4F29624C06BOSxDTLheSV66Hsf0i1yRUXAy8NkjYorxIG_uaN1dmJ5Wvd2xA3apQXvET0QVAF1JEaoPV6BKADfMsM6k4U-tLg/init?data=eyJ1cmwiOiJodHRwczovL2FwcHN0b3JlY29ubmVjdC5hcHBsZS5jb20vYXBwcy82Nzg5OTEzMTg2L2Rpc3RyaWJ1dGlvbi9pb3MvdmVyc2lvbi9pbmZsaWdodCIsInBsdWdpbnMiOiJ3c20mY2EmdnMmd250JnVhJmFibiZhYm5fc2hhZG93JmNiIiwiZGF0YSI6eyJkYXRhIjpbeyJwbHVnaW4iOiJ3c20iLCJwYXJhbWV0ZXJzIjoie1wicmVmZXJyZXJcIjpcIlwiLFwic3R1YklkXCI6XCJcIn0ifSx7InBsdWdpbiI6IndudCIsInBhcmFtZXRlcnMiOiJ7XCJyZWZlcnJlclwiOlwiXCJ9In0seyJwbHVnaW4iOiJ1YSIsInBhcmFtZXRlcnMiOiJ7fSJ9LHsicGx1Z2luIjoiYWJuIiwicGFyYW1ldGVycyI6IntcImlzQ3NzVXJsSW5qZWN0ZWRcIjpmYWxzZX0ifSx7InBsdWdpbiI6ImFibl9zaGFkb3ciLCJwYXJhbWV0ZXJzIjoie1wiaXNDc3NVcmxJbmplY3RlZFwiOmZhbHNlfSJ9XX0sImlzVG9wTGV2ZWwiOnRydWUsInBhZ2VTdGFydFRpbWUiOjE3ODUxMDYyNzYyNjEsIm5hdmlnYXRpb25TdGFydFRpbWUiOjE3ODUxMDYyNzU1MzB9&nocache=14111&tm=2026-07-26T23%3A46%3A16.162Z:0
[ 3300664ms] [ERROR] Failed to load resource: net::ERR_FAILED @ https://gc.kis.v2.scr.kaspersky-labs.com/7D8B79A2-8974-4D7B-A76A-F4F29624C06BOSxDTLheSV66Hsf0i1yRUXAy8NkjYorxIG_uaN1dmJ5Wvd2xA3apQXvET0QVAF1JEaoPV6BKADfMsM6k4U-tLg/init?data=eyJ1cmwiOiJodHRwczovL2FwcHN0b3JlY29ubmVjdC5hcHBsZS5jb20vYXBwcy82Nzg5OTEzMTg2L2Rpc3RyaWJ1dGlvbi9pb3MvdmVyc2lvbi9pbmZsaWdodCIsInBsdWdpbnMiOiJ3c20mY2EmdnMmd250JnVhJmFibiZhYm5fc2hhZG93JmNiIiwiZGF0YSI6eyJkYXRhIjpbeyJwbHVnaW4iOiJ3c20iLCJwYXJhbWV0ZXJzIjoie1wicmVmZXJyZXJcIjpcIlwiLFwic3R1YklkXCI6XCJcIn0ifSx7InBsdWdpbiI6IndudCIsInBhcmFtZXRlcnMiOiJ7XCJyZWZlcnJlclwiOlwiXCJ9In0seyJwbHVnaW4iOiJ1YSIsInBhcmFtZXRlcnMiOiJ7fSJ9LHsicGx1Z2luIjoiYWJuIiwicGFyYW1ldGVycyI6IntcImlzQ3NzVXJsSW5qZWN0ZWRcIjpmYWxzZX0ifSx7InBsdWdpbiI6ImFibl9zaGFkb3ciLCJwYXJhbWV0ZXJzIjoie1wiaXNDc3NVcmxJbmplY3RlZFwiOmZhbHNlfSJ9XX0sImlzVG9wTGV2ZWwiOnRydWUsInBhZ2VTdGFydFRpbWUiOjE3ODUxMDYyNzYyNjEsIm5hdmlnYXRpb25TdGFydFRpbWUiOjE3ODUxMDYyNzU1MzB9&nocache=1e17c&tm=2026-07-26T23%3A46%3A16.174Z&second=true:0
[ 3330642ms] [ERROR] Failed to load resource: net::ERR_FAILED @ https://gc.kis.v2.scr.kaspersky-labs.com/7D8B79A2-8974-4D7B-A76A-F4F29624C06BOSxDTLheSV66Hsf0i1yRUXAy8NkjYorxIG_uaN1dmJ5Wvd2xA3apQXvET0QVAF1JEaoPV6BKADfMsM6k4U-tLg/init?data=eyJ1cmwiOiJodHRwczovL2FwcHN0b3JlY29ubmVjdC5hcHBsZS5jb20vYXBwcy82Nzg5OTEzMTg2L2Rpc3RyaWJ1dGlvbi9pb3MvdmVyc2lvbi9pbmZsaWdodCIsInBsdWdpbnMiOiJ3c20mY2EmdnMmd250JnVhJmFibiZhYm5fc2hhZG93JmNiIiwiZGF0YSI6eyJkYXRhIjpbeyJwbHVnaW4iOiJ3c20iLCJwYXJhbWV0ZXJzIjoie1wicmVmZXJyZXJcIjpcIlwiLFwic3R1YklkXCI6XCJcIn0ifSx7InBsdWdpbiI6IndudCIsInBhcmFtZXRlcnMiOiJ7XCJyZWZlcnJlclwiOlwiXCJ9In0seyJwbHVnaW4iOiJ1YSIsInBhcmFtZXRlcnMiOiJ7fSJ9LHsicGx1Z2luIjoiYWJuIiwicGFyYW1ldGVycyI6IntcImlzQ3NzVXJsSW5qZWN0ZWRcIjpmYWxzZX0ifSx7InBsdWdpbiI6ImFibl9zaGFkb3ciLCJwYXJhbWV0ZXJzIjoie1wiaXNDc3NVcmxJbmplY3RlZFwiOmZhbHNlfSJ9XX0sImlzVG9wTGV2ZWwiOnRydWUsInBhZ2VTdGFydFRpbWUiOjE3ODUxMDYyNzYyNjEsIm5hdmlnYXRpb25TdGFydFRpbWUiOjE3ODUxMDYyNzU1MzB9&nocache=1f05f&tm=2026-07-26T23%3A46%3A46.152Z:0
[ 3330654ms] [ERROR] Failed to load resource: net::ERR_FAILED @ https://gc.kis.v2.scr.kaspersky-labs.com/7D8B79A2-8974-4D7B-A76A-F4F29624C06BOSxDTLheSV66Hsf0i1yRUXAy8NkjYorxIG_uaN1dmJ5Wvd2xA3apQXvET0QVAF1JEaoPV6BKADfMsM6k4U-tLg/init?data=eyJ1cmwiOiJodHRwczovL2FwcHN0b3JlY29ubmVjdC5hcHBsZS5jb20vYXBwcy82Nzg5OTEzMTg2L2Rpc3RyaWJ1dGlvbi9pb3MvdmVyc2lvbi9pbmZsaWdodCIsInBsdWdpbnMiOiJ3c20mY2EmdnMmd250JnVhJmFibiZhYm5fc2hhZG93JmNiIiwiZGF0YSI6eyJkYXRhIjpbeyJwbHVnaW4iOiJ3c20iLCJwYXJhbWV0ZXJzIjoie1wicmVmZXJyZXJcIjpcIlwiLFwic3R1YklkXCI6XCJcIn0ifSx7InBsdWdpbiI6IndudCIsInBhcmFtZXRlcnMiOiJ7XCJyZWZlcnJlclwiOlwiXCJ9In0seyJwbHVnaW4iOiJ1YSIsInBhcmFtZXRlcnMiOiJ7fSJ9LHsicGx1Z2luIjoiYWJuIiwicGFyYW1ldGVycyI6IntcImlzQ3NzVXJsSW5qZWN0ZWRcIjpmYWxzZX0ifSx7InBsdWdpbiI6ImFibl9zaGFkb3ciLCJwYXJhbWV0ZXJzIjoie1wiaXNDc3NVcmxJbmplY3RlZFwiOmZhbHNlfSJ9XX0sImlzVG9wTGV2ZWwiOnRydWUsInBhZ2VTdGFydFRpbWUiOjE3ODUxMDYyNzYyNjEsIm5hdmlnYXRpb25TdGFydFRpbWUiOjE3ODUxMDYyNzU1MzB9&nocache=1368a&tm=2026-07-26T23%3A46%3A46.164Z&second=true:0
[ 3360655ms] [ERROR] Failed to load resource: net::ERR_FAILED @ https://gc.kis.v2.scr.kaspersky-labs.com/7D8B79A2-8974-4D7B-A76A-F4F29624C06BOSxDTLheSV66Hsf0i1yRUXAy8NkjYorxIG_uaN1dmJ5Wvd2xA3apQXvET0QVAF1JEaoPV6BKADfMsM6k4U-tLg/init?data=eyJ1cmwiOiJodHRwczovL2FwcHN0b3JlY29ubmVjdC5hcHBsZS5jb20vYXBwcy82Nzg5OTEzMTg2L2Rpc3RyaWJ1dGlvbi9pb3MvdmVyc2lvbi9pbmZsaWdodCIsInBsdWdpbnMiOiJ3c20mY2EmdnMmd250JnVhJmFibiZhYm5fc2hhZG93JmNiIiwiZGF0YSI6eyJkYXRhIjpbeyJwbHVnaW4iOiJ3c20iLCJwYXJhbWV0ZXJzIjoie1wicmVmZXJyZXJcIjpcIlwiLFwic3R1YklkXCI6XCJcIn0ifSx7InBsdWdpbiI6IndudCIsInBhcmFtZXRlcnMiOiJ7XCJyZWZlcnJlclwiOlwiXCJ9In0seyJwbHVnaW4iOiJ1YSIsInBhcmFtZXRlcnMiOiJ7fSJ9LHsicGx1Z2luIjoiYWJuIiwicGFyYW1ldGVycyI6IntcImlzQ3NzVXJsSW5qZWN0ZWRcIjpmYWxzZX0ifSx7InBsdWdpbiI6ImFibl9zaGFkb3ciLCJwYXJhbWV0ZXJzIjoie1wiaXNDc3NVcmxJbmplY3RlZFwiOmZhbHNlfSJ9XX0sImlzVG9wTGV2ZWwiOnRydWUsInBhZ2VTdGFydFRpbWUiOjE3ODUxMDYyNzYyNjEsIm5hdmlnYXRpb25TdGFydFRpbWUiOjE3ODUxMDYyNzU1MzB9&nocache=19abd&tm=2026-07-26T23%3A47%3A16.160Z:0
[ 3360675ms] [ERROR] Failed to load resource: net::ERR_FAILED @ https://gc.kis.v2.scr.kaspersky-labs.com/7D8B79A2-8974-4D7B-A76A-F4F29624C06BOSxDTLheSV66Hsf0i1yRUXAy8NkjYorxIG_uaN1dmJ5Wvd2xA3apQXvET0QVAF1JEaoPV6BKADfMsM6k4U-tLg/init?data=eyJ1cmwiOiJodHRwczovL2FwcHN0b3JlY29ubmVjdC5hcHBsZS5jb20vYXBwcy82Nzg5OTEzMTg2L2Rpc3RyaWJ1dGlvbi9pb3MvdmVyc2lvbi9pbmZsaWdodCIsInBsdWdpbnMiOiJ3c20mY2EmdnMmd250JnVhJmFibiZhYm5fc2hhZG93JmNiIiwiZGF0YSI6eyJkYXRhIjpbeyJwbHVnaW4iOiJ3c20iLCJwYXJhbWV0ZXJzIjoie1wicmVmZXJyZXJcIjpcIlwiLFwic3R1YklkXCI6XCJcIn0ifSx7InBsdWdpbiI6IndudCIsInBhcmFtZXRlcnMiOiJ7XCJyZWZlcnJlclwiOlwiXCJ9In0seyJwbHVnaW4iOiJ1YSIsInBhcmFtZXRlcnMiOiJ7fSJ9LHsicGx1Z2luIjoiYWJuIiwicGFyYW1ldGVycyI6IntcImlzQ3NzVXJsSW5qZWN0ZWRcIjpmYWxzZX0ifSx7InBsdWdpbiI6ImFibl9zaGFkb3ciLCJwYXJhbWV0ZXJzIjoie1wiaXNDc3NVcmxJbmplY3RlZFwiOmZhbHNlfSJ9XX0sImlzVG9wTGV2ZWwiOnRydWUsInBhZ2VTdGFydFRpbWUiOjE3ODUxMDYyNzYyNjEsIm5hdmlnYXRpb25TdGFydFRpbWUiOjE3ODUxMDYyNzU1MzB9&nocache=110a1&tm=2026-07-26T23%3A47%3A16.177Z&second=true:0
[ 3390635ms] [ERROR] Failed to load resource: net::ERR_FAILED @ https://gc.kis.v2.scr.kaspersky-labs.com/7D8B79A2-8974-4D7B-A76A-F4F29624C06BOSxDTLheSV66Hsf0i1yRUXAy8NkjYorxIG_uaN1dmJ5Wvd2xA3apQXvET0QVAF1JEaoPV6BKADfMsM6k4U-tLg/init?data=eyJ1cmwiOiJodHRwczovL2FwcHN0b3JlY29ubmVjdC5hcHBsZS5jb20vYXBwcy82Nzg5OTEzMTg2L2Rpc3RyaWJ1dGlvbi9pb3MvdmVyc2lvbi9pbmZsaWdodCIsInBsdWdpbnMiOiJ3c20mY2EmdnMmd250JnVhJmFibiZhYm5fc2hhZG93JmNiIiwiZGF0YSI6eyJkYXRhIjpbeyJwbHVnaW4iOiJ3c20iLCJwYXJhbWV0ZXJzIjoie1wicmVmZXJyZXJcIjpcIlwiLFwic3R1YklkXCI6XCJcIn0ifSx7InBsdWdpbiI6IndudCIsInBhcmFtZXRlcnMiOiJ7XCJyZWZlcnJlclwiOlwiXCJ9In0seyJwbHVnaW4iOiJ1YSIsInBhcmFtZXRlcnMiOiJ7fSJ9LHsicGx1Z2luIjoiYWJuIiwicGFyYW1ldGVycyI6IntcImlzQ3NzVXJsSW5qZWN0ZWRcIjpmYWxzZX0ifSx7InBsdWdpbiI6ImFibl9zaGFkb3ciLCJwYXJhbWV0ZXJzIjoie1wiaXNDc3NVcmxJbmplY3RlZFwiOmZhbHNlfSJ9XX0sImlzVG9wTGV2ZWwiOnRydWUsInBhZ2VTdGFydFRpbWUiOjE3ODUxMDYyNzYyNjEsIm5hdmlnYXRpb25TdGFydFRpbWUiOjE3ODUxMDYyNzU1MzB9&nocache=10d13&tm=2026-07-26T23%3A47%3A46.142Z:0
[ 3390651ms] [ERROR] Failed to load resource: net::ERR_FAILED @ https://gc.kis.v2.scr.kaspersky-labs.com/7D8B79A2-8974-4D7B-A76A-F4F29624C06BOSxDTLheSV66Hsf0i1yRUXAy8NkjYorxIG_uaN1dmJ5Wvd2xA3apQXvET0QVAF1JEaoPV6BKADfMsM6k4U-tLg/init?data=eyJ1cmwiOiJodHRwczovL2FwcHN0b3JlY29ubmVjdC5hcHBsZS5jb20vYXBwcy82Nzg5OTEzMTg2L2Rpc3RyaWJ1dGlvbi9pb3MvdmVyc2lvbi9pbmZsaWdodCIsInBsdWdpbnMiOiJ3c20mY2EmdnMmd250JnVhJmFibiZhYm5fc2hhZG93JmNiIiwiZGF0YSI6eyJkYXRhIjpbeyJwbHVnaW4iOiJ3c20iLCJwYXJhbWV0ZXJzIjoie1wicmVmZXJyZXJcIjpcIlwiLFwic3R1YklkXCI6XCJcIn0ifSx7InBsdWdpbiI6IndudCIsInBhcmFtZXRlcnMiOiJ7XCJyZWZlcnJlclwiOlwiXCJ9In0seyJwbHVnaW4iOiJ1YSIsInBhcmFtZXRlcnMiOiJ7fSJ9LHsicGx1Z2luIjoiYWJuIiwicGFyYW1ldGVycyI6IntcImlzQ3NzVXJsSW5qZWN0ZWRcIjpmYWxzZX0ifSx7InBsdWdpbiI6ImFibl9zaGFkb3ciLCJwYXJhbWV0ZXJzIjoie1wiaXNDc3NVcmxJbmplY3RlZFwiOmZhbHNlfSJ9XX0sImlzVG9wTGV2ZWwiOnRydWUsInBhZ2VTdGFydFRpbWUiOjE3ODUxMDYyNzYyNjEsIm5hdmlnYXRpb25TdGFydFRpbWUiOjE3ODUxMDYyNzU1MzB9&nocache=19d7a&tm=2026-07-26T23%3A47%3A46.157Z&second=true:0
[ 3420635ms] [ERROR] Failed to load resource: net::ERR_FAILED @ https://gc.kis.v2.scr.kaspersky-labs.com/7D8B79A2-8974-4D7B-A76A-F4F29624C06BOSxDTLheSV66Hsf0i1yRUXAy8NkjYorxIG_uaN1dmJ5Wvd2xA3apQXvET0QVAF1JEaoPV6BKADfMsM6k4U-tLg/init?data=eyJ1cmwiOiJodHRwczovL2FwcHN0b3JlY29ubmVjdC5hcHBsZS5jb20vYXBwcy82Nzg5OTEzMTg2L2Rpc3RyaWJ1dGlvbi9pb3MvdmVyc2lvbi9pbmZsaWdodCIsInBsdWdpbnMiOiJ3c20mY2EmdnMmd250JnVhJmFibiZhYm5fc2hhZG93JmNiIiwiZGF0YSI6eyJkYXRhIjpbeyJwbHVnaW4iOiJ3c20iLCJwYXJhbWV0ZXJzIjoie1wicmVmZXJyZXJcIjpcIlwiLFwic3R1YklkXCI6XCJcIn0ifSx7InBsdWdpbiI6IndudCIsInBhcmFtZXRlcnMiOiJ7XCJyZWZlcnJlclwiOlwiXCJ9In0seyJwbHVnaW4iOiJ1YSIsInBhcmFtZXRlcnMiOiJ7fSJ9LHsicGx1Z2luIjoiYWJuIiwicGFyYW1ldGVycyI6IntcImlzQ3NzVXJsSW5qZWN0ZWRcIjpmYWxzZX0ifSx7InBsdWdpbiI6ImFibl9zaGFkb3ciLCJwYXJhbWV0ZXJzIjoie1wiaXNDc3NVcmxJbmplY3RlZFwiOmZhbHNlfSJ9XX0sImlzVG9wTGV2ZWwiOnRydWUsInBhZ2VTdGFydFRpbWUiOjE3ODUxMDYyNzYyNjEsIm5hdmlnYXRpb25TdGFydFRpbWUiOjE3ODUxMDYyNzU1MzB9&nocache=1b892&tm=2026-07-26T23%3A48%3A16.143Z:0
[ 3420653ms] [ERROR] Failed to load resource: net::ERR_FAILED @ https://gc.kis.v2.scr.kaspersky-labs.com/7D8B79A2-8974-4D7B-A76A-F4F29624C06BOSxDTLheSV66Hsf0i1yRUXAy8NkjYorxIG_uaN1dmJ5Wvd2xA3apQXvET0QVAF1JEaoPV6BKADfMsM6k4U-tLg/init?data=eyJ1cmwiOiJodHRwczovL2FwcHN0b3JlY29ubmVjdC5hcHBsZS5jb20vYXBwcy82Nzg5OTEzMTg2L2Rpc3RyaWJ1dGlvbi9pb3MvdmVyc2lvbi9pbmZsaWdodCIsInBsdWdpbnMiOiJ3c20mY2EmdnMmd250JnVhJmFibiZhYm5fc2hhZG93JmNiIiwiZGF0YSI6eyJkYXRhIjpbeyJwbHVnaW4iOiJ3c20iLCJwYXJhbWV0ZXJzIjoie1wicmVmZXJyZXJcIjpcIlwiLFwic3R1YklkXCI6XCJcIn0ifSx7InBsdWdpbiI6IndudCIsInBhcmFtZXRlcnMiOiJ7XCJyZWZlcnJlclwiOlwiXCJ9In0seyJwbHVnaW4iOiJ1YSIsInBhcmFtZXRlcnMiOiJ7fSJ9LHsicGx1Z2luIjoiYWJuIiwicGFyYW1ldGVycyI6IntcImlzQ3NzVXJsSW5qZWN0ZWRcIjpmYWxzZX0ifSx7InBsdWdpbiI6ImFibl9zaGFkb3ciLCJwYXJhbWV0ZXJzIjoie1wiaXNDc3NVcmxJbmplY3RlZFwiOmZhbHNlfSJ9XX0sImlzVG9wTGV2ZWwiOnRydWUsInBhZ2VTdGFydFRpbWUiOjE3ODUxMDYyNzYyNjEsIm5hdmlnYXRpb25TdGFydFRpbWUiOjE3ODUxMDYyNzU1MzB9&nocache=12449&tm=2026-07-26T23%3A48%3A16.157Z&second=true:0
[ 3450647ms] [ERROR] Failed to load resource: net::ERR_FAILED @ https://gc.kis.v2.scr.kaspersky-labs.com/7D8B79A2-8974-4D7B-A76A-F4F29624C06BOSxDTLheSV66Hsf0i1yRUXAy8NkjYorxIG_uaN1dmJ5Wvd2xA3apQXvET0QVAF1JEaoPV6BKADfMsM6k4U-tLg/init?data=eyJ1cmwiOiJodHRwczovL2FwcHN0b3JlY29ubmVjdC5hcHBsZS5jb20vYXBwcy82Nzg5OTEzMTg2L2Rpc3RyaWJ1dGlvbi9pb3MvdmVyc2lvbi9pbmZsaWdodCIsInBsdWdpbnMiOiJ3c20mY2EmdnMmd250JnVhJmFibiZhYm5fc2hhZG93JmNiIiwiZGF0YSI6eyJkYXRhIjpbeyJwbHVnaW4iOiJ3c20iLCJwYXJhbWV0ZXJzIjoie1wicmVmZXJyZXJcIjpcIlwiLFwic3R1YklkXCI6XCJcIn0ifSx7InBsdWdpbiI6IndudCIsInBhcmFtZXRlcnMiOiJ7XCJyZWZlcnJlclwiOlwiXCJ9In0seyJwbHVnaW4iOiJ1YSIsInBhcmFtZXRlcnMiOiJ7fSJ9LHsicGx1Z2luIjoiYWJuIiwicGFyYW1ldGVycyI6IntcImlzQ3NzVXJsSW5qZWN0ZWRcIjpmYWxzZX0ifSx7InBsdWdpbiI6ImFibl9zaGFkb3ciLCJwYXJhbWV0ZXJzIjoie1wiaXNDc3NVcmxJbmplY3RlZFwiOmZhbHNlfSJ9XX0sImlzVG9wTGV2ZWwiOnRydWUsInBhZ2VTdGFydFRpbWUiOjE3ODUxMDYyNzYyNjEsIm5hdmlnYXRpb25TdGFydFRpbWUiOjE3ODUxMDYyNzU1MzB9&nocache=1ac0f&tm=2026-07-26T23%3A48%3A46.149Z:0
[ 3450656ms] [ERROR] Failed to load resource: net::ERR_FAILED @ https://gc.kis.v2.scr.kaspersky-labs.com/7D8B79A2-8974-4D7B-A76A-F4F29624C06BOSxDTLheSV66Hsf0i1yRUXAy8NkjYorxIG_uaN1dmJ5Wvd2xA3apQXvET0QVAF1JEaoPV6BKADfMsM6k4U-tLg/init?data=eyJ1cmwiOiJodHRwczovL2FwcHN0b3JlY29ubmVjdC5hcHBsZS5jb20vYXBwcy82Nzg5OTEzMTg2L2Rpc3RyaWJ1dGlvbi9pb3MvdmVyc2lvbi9pbmZsaWdodCIsInBsdWdpbnMiOiJ3c20mY2EmdnMmd250JnVhJmFibiZhYm5fc2hhZG93JmNiIiwiZGF0YSI6eyJkYXRhIjpbeyJwbHVnaW4iOiJ3c20iLCJwYXJhbWV0ZXJzIjoie1wicmVmZXJyZXJcIjpcIlwiLFwic3R1YklkXCI6XCJcIn0ifSx7InBsdWdpbiI6IndudCIsInBhcmFtZXRlcnMiOiJ7XCJyZWZlcnJlclwiOlwiXCJ9In0seyJwbHVnaW4iOiJ1YSIsInBhcmFtZXRlcnMiOiJ7fSJ9LHsicGx1Z2luIjoiYWJuIiwicGFyYW1ldGVycyI6IntcImlzQ3NzVXJsSW5qZWN0ZWRcIjpmYWxzZX0ifSx7InBsdWdpbiI6ImFibl9zaGFkb3ciLCJwYXJhbWV0ZXJzIjoie1wiaXNDc3NVcmxJbmplY3RlZFwiOmZhbHNlfSJ9XX0sImlzVG9wTGV2ZWwiOnRydWUsInBhZ2VTdGFydFRpbWUiOjE3ODUxMDYyNzYyNjEsIm5hdmlnYXRpb25TdGFydFRpbWUiOjE3ODUxMDYyNzU1MzB9&nocache=1a0c3&tm=2026-07-26T23%3A48%3A46.169Z&second=true:0
[ 3480642ms] [ERROR] Failed to load resource: net::ERR_FAILED @ https://gc.kis.v2.scr.kaspersky-labs.com/7D8B79A2-8974-4D7B-A76A-F4F29624C06BOSxDTLheSV66Hsf0i1yRUXAy8NkjYorxIG_uaN1dmJ5Wvd2xA3apQXvET0QVAF1JEaoPV6BKADfMsM6k4U-tLg/init?data=eyJ1cmwiOiJodHRwczovL2FwcHN0b3JlY29ubmVjdC5hcHBsZS5jb20vYXBwcy82Nzg5OTEzMTg2L2Rpc3RyaWJ1dGlvbi9pb3MvdmVyc2lvbi9pbmZsaWdodCIsInBsdWdpbnMiOiJ3c20mY2EmdnMmd250JnVhJmFibiZhYm5fc2hhZG93JmNiIiwiZGF0YSI6eyJkYXRhIjpbeyJwbHVnaW4iOiJ3c20iLCJwYXJhbWV0ZXJzIjoie1wicmVmZXJyZXJcIjpcIlwiLFwic3R1YklkXCI6XCJcIn0ifSx7InBsdWdpbiI6IndudCIsInBhcmFtZXRlcnMiOiJ7XCJyZWZlcnJlclwiOlwiXCJ9In0seyJwbHVnaW4iOiJ1YSIsInBhcmFtZXRlcnMiOiJ7fSJ9LHsicGx1Z2luIjoiYWJuIiwicGFyYW1ldGVycyI6IntcImlzQ3NzVXJsSW5qZWN0ZWRcIjpmYWxzZX0ifSx7InBsdWdpbiI6ImFibl9zaGFkb3ciLCJwYXJhbWV0ZXJzIjoie1wiaXNDc3NVcmxJbmplY3RlZFwiOmZhbHNlfSJ9XX0sImlzVG9wTGV2ZWwiOnRydWUsInBhZ2VTdGFydFRpbWUiOjE3ODUxMDYyNzYyNjEsIm5hdmlnYXRpb25TdGFydFRpbWUiOjE3ODUxMDYyNzU1MzB9&nocache=106a3&tm=2026-07-26T23%3A49%3A16.151Z:0
[ 3480658ms] [ERROR] Failed to load resource: net::ERR_FAILED @ https://gc.kis.v2.scr.kaspersky-labs.com/7D8B79A2-8974-4D7B-A76A-F4F29624C06BOSxDTLheSV66Hsf0i1yRUXAy8NkjYorxIG_uaN1dmJ5Wvd2xA3apQXvET0QVAF1JEaoPV6BKADfMsM6k4U-tLg/init?data=eyJ1cmwiOiJodHRwczovL2FwcHN0b3JlY29ubmVjdC5hcHBsZS5jb20vYXBwcy82Nzg5OTEzMTg2L2Rpc3RyaWJ1dGlvbi9pb3MvdmVyc2lvbi9pbmZsaWdodCIsInBsdWdpbnMiOiJ3c20mY2EmdnMmd250JnVhJmFibiZhYm5fc2hhZG93JmNiIiwiZGF0YSI6eyJkYXRhIjpbeyJwbHVnaW4iOiJ3c20iLCJwYXJhbWV0ZXJzIjoie1wicmVmZXJyZXJcIjpcIlwiLFwic3R1YklkXCI6XCJcIn0ifSx7InBsdWdpbiI6IndudCIsInBhcmFtZXRlcnMiOiJ7XCJyZWZlcnJlclwiOlwiXCJ9In0seyJwbHVnaW4iOiJ1YSIsInBhcmFtZXRlcnMiOiJ7fSJ9LHsicGx1Z2luIjoiYWJuIiwicGFyYW1ldGVycyI6IntcImlzQ3NzVXJsSW5qZWN0ZWRcIjpmYWxzZX0ifSx7InBsdWdpbiI6ImFibl9zaGFkb3ciLCJwYXJhbWV0ZXJzIjoie1wiaXNDc3NVcmxJbmplY3RlZFwiOmZhbHNlfSJ9XX0sImlzVG9wTGV2ZWwiOnRydWUsInBhZ2VTdGFydFRpbWUiOjE3ODUxMDYyNzYyNjEsIm5hdmlnYXRpb25TdGFydFRpbWUiOjE3ODUxMDYyNzU1MzB9&nocache=1c7c2&tm=2026-07-26T23%3A49%3A16.164Z&second=true:0
[ 3510634ms] [ERROR] Failed to load resource: net::ERR_FAILED @ https://gc.kis.v2.scr.kaspersky-labs.com/7D8B79A2-8974-4D7B-A76A-F4F29624C06BOSxDTLheSV66Hsf0i1yRUXAy8NkjYorxIG_uaN1dmJ5Wvd2xA3apQXvET0QVAF1JEaoPV6BKADfMsM6k4U-tLg/init?data=eyJ1cmwiOiJodHRwczovL2FwcHN0b3JlY29ubmVjdC5hcHBsZS5jb20vYXBwcy82Nzg5OTEzMTg2L2Rpc3RyaWJ1dGlvbi9pb3MvdmVyc2lvbi9pbmZsaWdodCIsInBsdWdpbnMiOiJ3c20mY2EmdnMmd250JnVhJmFibiZhYm5fc2hhZG93JmNiIiwiZGF0YSI6eyJkYXRhIjpbeyJwbHVnaW4iOiJ3c20iLCJwYXJhbWV0ZXJzIjoie1wicmVmZXJyZXJcIjpcIlwiLFwic3R1YklkXCI6XCJcIn0ifSx7InBsdWdpbiI6IndudCIsInBhcmFtZXRlcnMiOiJ7XCJyZWZlcnJlclwiOlwiXCJ9In0seyJwbHVnaW4iOiJ1YSIsInBhcmFtZXRlcnMiOiJ7fSJ9LHsicGx1Z2luIjoiYWJuIiwicGFyYW1ldGVycyI6IntcImlzQ3NzVXJsSW5qZWN0ZWRcIjpmYWxzZX0ifSx7InBsdWdpbiI6ImFibl9zaGFkb3ciLCJwYXJhbWV0ZXJzIjoie1wiaXNDc3NVcmxJbmplY3RlZFwiOmZhbHNlfSJ9XX0sImlzVG9wTGV2ZWwiOnRydWUsInBhZ2VTdGFydFRpbWUiOjE3ODUxMDYyNzYyNjEsIm5hdmlnYXRpb25TdGFydFRpbWUiOjE3ODUxMDYyNzU1MzB9&nocache=1b2fd&tm=2026-07-26T23%3A49%3A46.143Z:0
[ 3510648ms] [ERROR] Failed to load resource: net::ERR_FAILED @ https://gc.kis.v2.scr.kaspersky-labs.com/7D8B79A2-8974-4D7B-A76A-F4F29624C06BOSxDTLheSV66Hsf0i1yRUXAy8NkjYorxIG_uaN1dmJ5Wvd2xA3apQXvET0QVAF1JEaoPV6BKADfMsM6k4U-tLg/init?data=eyJ1cmwiOiJodHRwczovL2FwcHN0b3JlY29ubmVjdC5hcHBsZS5jb20vYXBwcy82Nzg5OTEzMTg2L2Rpc3RyaWJ1dGlvbi9pb3MvdmVyc2lvbi9pbmZsaWdodCIsInBsdWdpbnMiOiJ3c20mY2EmdnMmd250JnVhJmFibiZhYm5fc2hhZG93JmNiIiwiZGF0YSI6eyJkYXRhIjpbeyJwbHVnaW4iOiJ3c20iLCJwYXJhbWV0ZXJzIjoie1wicmVmZXJyZXJcIjpcIlwiLFwic3R1YklkXCI6XCJcIn0ifSx7InBsdWdpbiI6IndudCIsInBhcmFtZXRlcnMiOiJ7XCJyZWZlcnJlclwiOlwiXCJ9In0seyJwbHVnaW4iOiJ1YSIsInBhcmFtZXRlcnMiOiJ7fSJ9LHsicGx1Z2luIjoiYWJuIiwicGFyYW1ldGVycyI6IntcImlzQ3NzVXJsSW5qZWN0ZWRcIjpmYWxzZX0ifSx7InBsdWdpbiI6ImFibl9zaGFkb3ciLCJwYXJhbWV0ZXJzIjoie1wiaXNDc3NVcmxJbmplY3RlZFwiOmZhbHNlfSJ9XX0sImlzVG9wTGV2ZWwiOnRydWUsInBhZ2VTdGFydFRpbWUiOjE3ODUxMDYyNzYyNjEsIm5hdmlnYXRpb25TdGFydFRpbWUiOjE3ODUxMDYyNzU1MzB9&nocache=143e5&tm=2026-07-26T23%3A49%3A46.156Z&second=true:0
[ 3540642ms] [ERROR] Failed to load resource: net::ERR_FAILED @ https://gc.kis.v2.scr.kaspersky-labs.com/7D8B79A2-8974-4D7B-A76A-F4F29624C06BOSxDTLheSV66Hsf0i1yRUXAy8NkjYorxIG_uaN1dmJ5Wvd2xA3apQXvET0QVAF1JEaoPV6BKADfMsM6k4U-tLg/init?data=eyJ1cmwiOiJodHRwczovL2FwcHN0b3JlY29ubmVjdC5hcHBsZS5jb20vYXBwcy82Nzg5OTEzMTg2L2Rpc3RyaWJ1dGlvbi9pb3MvdmVyc2lvbi9pbmZsaWdodCIsInBsdWdpbnMiOiJ3c20mY2EmdnMmd250JnVhJmFibiZhYm5fc2hhZG93JmNiIiwiZGF0YSI6eyJkYXRhIjpbeyJwbHVnaW4iOiJ3c20iLCJwYXJhbWV0ZXJzIjoie1wicmVmZXJyZXJcIjpcIlwiLFwic3R1YklkXCI6XCJcIn0ifSx7InBsdWdpbiI6IndudCIsInBhcmFtZXRlcnMiOiJ7XCJyZWZlcnJlclwiOlwiXCJ9In0seyJwbHVnaW4iOiJ1YSIsInBhcmFtZXRlcnMiOiJ7fSJ9LHsicGx1Z2luIjoiYWJuIiwicGFyYW1ldGVycyI6IntcImlzQ3NzVXJsSW5qZWN0ZWRcIjpmYWxzZX0ifSx7InBsdWdpbiI6ImFibl9zaGFkb3ciLCJwYXJhbWV0ZXJzIjoie1wiaXNDc3NVcmxJbmplY3RlZFwiOmZhbHNlfSJ9XX0sImlzVG9wTGV2ZWwiOnRydWUsInBhZ2VTdGFydFRpbWUiOjE3ODUxMDYyNzYyNjEsIm5hdmlnYXRpb25TdGFydFRpbWUiOjE3ODUxMDYyNzU1MzB9&nocache=1d934&tm=2026-07-26T23%3A50%3A16.150Z:0
[ 3540654ms] [ERROR] Failed to load resource: net::ERR_FAILED @ https://gc.kis.v2.scr.kaspersky-labs.com/7D8B79A2-8974-4D7B-A76A-F4F29624C06BOSxDTLheSV66Hsf0i1yRUXAy8NkjYorxIG_uaN1dmJ5Wvd2xA3apQXvET0QVAF1JEaoPV6BKADfMsM6k4U-tLg/init?data=eyJ1cmwiOiJodHRwczovL2FwcHN0b3JlY29ubmVjdC5hcHBsZS5jb20vYXBwcy82Nzg5OTEzMTg2L2Rpc3RyaWJ1dGlvbi9pb3MvdmVyc2lvbi9pbmZsaWdodCIsInBsdWdpbnMiOiJ3c20mY2EmdnMmd250JnVhJmFibiZhYm5fc2hhZG93JmNiIiwiZGF0YSI6eyJkYXRhIjpbeyJwbHVnaW4iOiJ3c20iLCJwYXJhbWV0ZXJzIjoie1wicmVmZXJyZXJcIjpcIlwiLFwic3R1YklkXCI6XCJcIn0ifSx7InBsdWdpbiI6IndudCIsInBhcmFtZXRlcnMiOiJ7XCJyZWZlcnJlclwiOlwiXCJ9In0seyJwbHVnaW4iOiJ1YSIsInBhcmFtZXRlcnMiOiJ7fSJ9LHsicGx1Z2luIjoiYWJuIiwicGFyYW1ldGVycyI6IntcImlzQ3NzVXJsSW5qZWN0ZWRcIjpmYWxzZX0ifSx7InBsdWdpbiI6ImFibl9zaGFkb3ciLCJwYXJhbWV0ZXJzIjoie1wiaXNDc3NVcmxJbmplY3RlZFwiOmZhbHNlfSJ9XX0sImlzVG9wTGV2ZWwiOnRydWUsInBhZ2VTdGFydFRpbWUiOjE3ODUxMDYyNzYyNjEsIm5hdmlnYXRpb25TdGFydFRpbWUiOjE3ODUxMDYyNzU1MzB9&nocache=1102f&tm=2026-07-26T23%3A50%3A16.164Z&second=true:0
[ 3570632ms] [ERROR] Failed to load resource: net::ERR_FAILED @ https://gc.kis.v2.scr.kaspersky-labs.com/7D8B79A2-8974-4D7B-A76A-F4F29624C06BOSxDTLheSV66Hsf0i1yRUXAy8NkjYorxIG_uaN1dmJ5Wvd2xA3apQXvET0QVAF1JEaoPV6BKADfMsM6k4U-tLg/init?data=eyJ1cmwiOiJodHRwczovL2FwcHN0b3JlY29ubmVjdC5hcHBsZS5jb20vYXBwcy82Nzg5OTEzMTg2L2Rpc3RyaWJ1dGlvbi9pb3MvdmVyc2lvbi9pbmZsaWdodCIsInBsdWdpbnMiOiJ3c20mY2EmdnMmd250JnVhJmFibiZhYm5fc2hhZG93JmNiIiwiZGF0YSI6eyJkYXRhIjpbeyJwbHVnaW4iOiJ3c20iLCJwYXJhbWV0ZXJzIjoie1wicmVmZXJyZXJcIjpcIlwiLFwic3R1YklkXCI6XCJcIn0ifSx7InBsdWdpbiI6IndudCIsInBhcmFtZXRlcnMiOiJ7XCJyZWZlcnJlclwiOlwiXCJ9In0seyJwbHVnaW4iOiJ1YSIsInBhcmFtZXRlcnMiOiJ7fSJ9LHsicGx1Z2luIjoiYWJuIiwicGFyYW1ldGVycyI6IntcImlzQ3NzVXJsSW5qZWN0ZWRcIjpmYWxzZX0ifSx7InBsdWdpbiI6ImFibl9zaGFkb3ciLCJwYXJhbWV0ZXJzIjoie1wiaXNDc3NVcmxJbmplY3RlZFwiOmZhbHNlfSJ9XX0sImlzVG9wTGV2ZWwiOnRydWUsInBhZ2VTdGFydFRpbWUiOjE3ODUxMDYyNzYyNjEsIm5hdmlnYXRpb25TdGFydFRpbWUiOjE3ODUxMDYyNzU1MzB9&nocache=1d838&tm=2026-07-26T23%3A50%3A46.143Z:0
[ 3570646ms] [ERROR] Failed to load resource: net::ERR_FAILED @ https://gc.kis.v2.scr.kaspersky-labs.com/7D8B79A2-8974-4D7B-A76A-F4F29624C06BOSxDTLheSV66Hsf0i1yRUXAy8NkjYorxIG_uaN1dmJ5Wvd2xA3apQXvET0QVAF1JEaoPV6BKADfMsM6k4U-tLg/init?data=eyJ1cmwiOiJodHRwczovL2FwcHN0b3JlY29ubmVjdC5hcHBsZS5jb20vYXBwcy82Nzg5OTEzMTg2L2Rpc3RyaWJ1dGlvbi9pb3MvdmVyc2lvbi9pbmZsaWdodCIsInBsdWdpbnMiOiJ3c20mY2EmdnMmd250JnVhJmFibiZhYm5fc2hhZG93JmNiIiwiZGF0YSI6eyJkYXRhIjpbeyJwbHVnaW4iOiJ3c20iLCJwYXJhbWV0ZXJzIjoie1wicmVmZXJyZXJcIjpcIlwiLFwic3R1YklkXCI6XCJcIn0ifSx7InBsdWdpbiI6IndudCIsInBhcmFtZXRlcnMiOiJ7XCJyZWZlcnJlclwiOlwiXCJ9In0seyJwbHVnaW4iOiJ1YSIsInBhcmFtZXRlcnMiOiJ7fSJ9LHsicGx1Z2luIjoiYWJuIiwicGFyYW1ldGVycyI6IntcImlzQ3NzVXJsSW5qZWN0ZWRcIjpmYWxzZX0ifSx7InBsdWdpbiI6ImFibl9zaGFkb3ciLCJwYXJhbWV0ZXJzIjoie1wiaXNDc3NVcmxJbmplY3RlZFwiOmZhbHNlfSJ9XX0sImlzVG9wTGV2ZWwiOnRydWUsInBhZ2VTdGFydFRpbWUiOjE3ODUxMDYyNzYyNjEsIm5hdmlnYXRpb25TdGFydFRpbWUiOjE3ODUxMDYyNzU1MzB9&nocache=1534c&tm=2026-07-26T23%3A50%3A46.155Z&second=true:0
[ 3600653ms] [ERROR] Failed to load resource: net::ERR_FAILED @ https://gc.kis.v2.scr.kaspersky-labs.com/7D8B79A2-8974-4D7B-A76A-F4F29624C06BOSxDTLheSV66Hsf0i1yRUXAy8NkjYorxIG_uaN1dmJ5Wvd2xA3apQXvET0QVAF1JEaoPV6BKADfMsM6k4U-tLg/init?data=eyJ1cmwiOiJodHRwczovL2FwcHN0b3JlY29ubmVjdC5hcHBsZS5jb20vYXBwcy82Nzg5OTEzMTg2L2Rpc3RyaWJ1dGlvbi9pb3MvdmVyc2lvbi9pbmZsaWdodCIsInBsdWdpbnMiOiJ3c20mY2EmdnMmd250JnVhJmFibiZhYm5fc2hhZG93JmNiIiwiZGF0YSI6eyJkYXRhIjpbeyJwbHVnaW4iOiJ3c20iLCJwYXJhbWV0ZXJzIjoie1wicmVmZXJyZXJcIjpcIlwiLFwic3R1YklkXCI6XCJcIn0ifSx7InBsdWdpbiI6IndudCIsInBhcmFtZXRlcnMiOiJ7XCJyZWZlcnJlclwiOlwiXCJ9In0seyJwbHVnaW4iOiJ1YSIsInBhcmFtZXRlcnMiOiJ7fSJ9LHsicGx1Z2luIjoiYWJuIiwicGFyYW1ldGVycyI6IntcImlzQ3NzVXJsSW5qZWN0ZWRcIjpmYWxzZX0ifSx7InBsdWdpbiI6ImFibl9zaGFkb3ciLCJwYXJhbWV0ZXJzIjoie1wiaXNDc3NVcmxJbmplY3RlZFwiOmZhbHNlfSJ9XX0sImlzVG9wTGV2ZWwiOnRydWUsInBhZ2VTdGFydFRpbWUiOjE3ODUxMDYyNzYyNjEsIm5hdmlnYXRpb25TdGFydFRpbWUiOjE3ODUxMDYyNzU1MzB9&nocache=13fe1&tm=2026-07-26T23%3A51%3A16.159Z:0
[ 3600669ms] [ERROR] Failed to load resource: net::ERR_FAILED @ https://gc.kis.v2.scr.kaspersky-labs.com/7D8B79A2-8974-4D7B-A76A-F4F29624C06BOSxDTLheSV66Hsf0i1yRUXAy8NkjYorxIG_uaN1dmJ5Wvd2xA3apQXvET0QVAF1JEaoPV6BKADfMsM6k4U-tLg/init?data=eyJ1cmwiOiJodHRwczovL2FwcHN0b3JlY29ubmVjdC5hcHBsZS5jb20vYXBwcy82Nzg5OTEzMTg2L2Rpc3RyaWJ1dGlvbi9pb3MvdmVyc2lvbi9pbmZsaWdodCIsInBsdWdpbnMiOiJ3c20mY2EmdnMmd250JnVhJmFibiZhYm5fc2hhZG93JmNiIiwiZGF0YSI6eyJkYXRhIjpbeyJwbHVnaW4iOiJ3c20iLCJwYXJhbWV0ZXJzIjoie1wicmVmZXJyZXJcIjpcIlwiLFwic3R1YklkXCI6XCJcIn0ifSx7InBsdWdpbiI6IndudCIsInBhcmFtZXRlcnMiOiJ7XCJyZWZlcnJlclwiOlwiXCJ9In0seyJwbHVnaW4iOiJ1YSIsInBhcmFtZXRlcnMiOiJ7fSJ9LHsicGx1Z2luIjoiYWJuIiwicGFyYW1ldGVycyI6IntcImlzQ3NzVXJsSW5qZWN0ZWRcIjpmYWxzZX0ifSx7InBsdWdpbiI6ImFibl9zaGFkb3ciLCJwYXJhbWV0ZXJzIjoie1wiaXNDc3NVcmxJbmplY3RlZFwiOmZhbHNlfSJ9XX0sImlzVG9wTGV2ZWwiOnRydWUsInBhZ2VTdGFydFRpbWUiOjE3ODUxMDYyNzYyNjEsIm5hdmlnYXRpb25TdGFydFRpbWUiOjE3ODUxMDYyNzU1MzB9&nocache=17608&tm=2026-07-26T23%3A51%3A16.175Z&second=true:0
[ 3630643ms] [ERROR] Failed to load resource: net::ERR_FAILED @ https://gc.kis.v2.scr.kaspersky-labs.com/7D8B79A2-8974-4D7B-A76A-F4F29624C06BOSxDTLheSV66Hsf0i1yRUXAy8NkjYorxIG_uaN1dmJ5Wvd2xA3apQXvET0QVAF1JEaoPV6BKADfMsM6k4U-tLg/init?data=eyJ1cmwiOiJodHRwczovL2FwcHN0b3JlY29ubmVjdC5hcHBsZS5jb20vYXBwcy82Nzg5OTEzMTg2L2Rpc3RyaWJ1dGlvbi9pb3MvdmVyc2lvbi9pbmZsaWdodCIsInBsdWdpbnMiOiJ3c20mY2EmdnMmd250JnVhJmFibiZhYm5fc2hhZG93JmNiIiwiZGF0YSI6eyJkYXRhIjpbeyJwbHVnaW4iOiJ3c20iLCJwYXJhbWV0ZXJzIjoie1wicmVmZXJyZXJcIjpcIlwiLFwic3R1YklkXCI6XCJcIn0ifSx7InBsdWdpbiI6IndudCIsInBhcmFtZXRlcnMiOiJ7XCJyZWZlcnJlclwiOlwiXCJ9In0seyJwbHVnaW4iOiJ1YSIsInBhcmFtZXRlcnMiOiJ7fSJ9LHsicGx1Z2luIjoiYWJuIiwicGFyYW1ldGVycyI6IntcImlzQ3NzVXJsSW5qZWN0ZWRcIjpmYWxzZX0ifSx7InBsdWdpbiI6ImFibl9zaGFkb3ciLCJwYXJhbWV0ZXJzIjoie1wiaXNDc3NVcmxJbmplY3RlZFwiOmZhbHNlfSJ9XX0sImlzVG9wTGV2ZWwiOnRydWUsInBhZ2VTdGFydFRpbWUiOjE3ODUxMDYyNzYyNjEsIm5hdmlnYXRpb25TdGFydFRpbWUiOjE3ODUxMDYyNzU1MzB9&nocache=19539&tm=2026-07-26T23%3A51%3A46.154Z:0
[ 3630659ms] [ERROR] Failed to load resource: net::ERR_FAILED @ https://gc.kis.v2.scr.kaspersky-labs.com/7D8B79A2-8974-4D7B-A76A-F4F29624C06BOSxDTLheSV66Hsf0i1yRUXAy8NkjYorxIG_uaN1dmJ5Wvd2xA3apQXvET0QVAF1JEaoPV6BKADfMsM6k4U-tLg/init?data=eyJ1cmwiOiJodHRwczovL2FwcHN0b3JlY29ubmVjdC5hcHBsZS5jb20vYXBwcy82Nzg5OTEzMTg2L2Rpc3RyaWJ1dGlvbi9pb3MvdmVyc2lvbi9pbmZsaWdodCIsInBsdWdpbnMiOiJ3c20mY2EmdnMmd250JnVhJmFibiZhYm5fc2hhZG93JmNiIiwiZGF0YSI6eyJkYXRhIjpbeyJwbHVnaW4iOiJ3c20iLCJwYXJhbWV0ZXJzIjoie1wicmVmZXJyZXJcIjpcIlwiLFwic3R1YklkXCI6XCJcIn0ifSx7InBsdWdpbiI6IndudCIsInBhcmFtZXRlcnMiOiJ7XCJyZWZlcnJlclwiOlwiXCJ9In0seyJwbHVnaW4iOiJ1YSIsInBhcmFtZXRlcnMiOiJ7fSJ9LHsicGx1Z2luIjoiYWJuIiwicGFyYW1ldGVycyI6IntcImlzQ3NzVXJsSW5qZWN0ZWRcIjpmYWxzZX0ifSx7InBsdWdpbiI6ImFibl9zaGFkb3ciLCJwYXJhbWV0ZXJzIjoie1wiaXNDc3NVcmxJbmplY3RlZFwiOmZhbHNlfSJ9XX0sImlzVG9wTGV2ZWwiOnRydWUsInBhZ2VTdGFydFRpbWUiOjE3ODUxMDYyNzYyNjEsIm5hdmlnYXRpb25TdGFydFRpbWUiOjE3ODUxMDYyNzU1MzB9&nocache=104fc&tm=2026-07-26T23%3A51%3A46.165Z&second=true:0
[ 3660632ms] [ERROR] Failed to load resource: net::ERR_FAILED @ https://gc.kis.v2.scr.kaspersky-labs.com/7D8B79A2-8974-4D7B-A76A-F4F29624C06BOSxDTLheSV66Hsf0i1yRUXAy8NkjYorxIG_uaN1dmJ5Wvd2xA3apQXvET0QVAF1JEaoPV6BKADfMsM6k4U-tLg/init?data=eyJ1cmwiOiJodHRwczovL2FwcHN0b3JlY29ubmVjdC5hcHBsZS5jb20vYXBwcy82Nzg5OTEzMTg2L2Rpc3RyaWJ1dGlvbi9pb3MvdmVyc2lvbi9pbmZsaWdodCIsInBsdWdpbnMiOiJ3c20mY2EmdnMmd250JnVhJmFibiZhYm5fc2hhZG93JmNiIiwiZGF0YSI6eyJkYXRhIjpbeyJwbHVnaW4iOiJ3c20iLCJwYXJhbWV0ZXJzIjoie1wicmVmZXJyZXJcIjpcIlwiLFwic3R1YklkXCI6XCJcIn0ifSx7InBsdWdpbiI6IndudCIsInBhcmFtZXRlcnMiOiJ7XCJyZWZlcnJlclwiOlwiXCJ9In0seyJwbHVnaW4iOiJ1YSIsInBhcmFtZXRlcnMiOiJ7fSJ9LHsicGx1Z2luIjoiYWJuIiwicGFyYW1ldGVycyI6IntcImlzQ3NzVXJsSW5qZWN0ZWRcIjpmYWxzZX0ifSx7InBsdWdpbiI6ImFibl9zaGFkb3ciLCJwYXJhbWV0ZXJzIjoie1wiaXNDc3NVcmxJbmplY3RlZFwiOmZhbHNlfSJ9XX0sImlzVG9wTGV2ZWwiOnRydWUsInBhZ2VTdGFydFRpbWUiOjE3ODUxMDYyNzYyNjEsIm5hdmlnYXRpb25TdGFydFRpbWUiOjE3ODUxMDYyNzU1MzB9&nocache=1eab2&tm=2026-07-26T23%3A52%3A16.146Z:0
[ 3660642ms] [ERROR] Failed to load resource: net::ERR_FAILED @ https://gc.kis.v2.scr.kaspersky-labs.com/7D8B79A2-8974-4D7B-A76A-F4F29624C06BOSxDTLheSV66Hsf0i1yRUXAy8NkjYorxIG_uaN1dmJ5Wvd2xA3apQXvET0QVAF1JEaoPV6BKADfMsM6k4U-tLg/init?data=eyJ1cmwiOiJodHRwczovL2FwcHN0b3JlY29ubmVjdC5hcHBsZS5jb20vYXBwcy82Nzg5OTEzMTg2L2Rpc3RyaWJ1dGlvbi9pb3MvdmVyc2lvbi9pbmZsaWdodCIsInBsdWdpbnMiOiJ3c20mY2EmdnMmd250JnVhJmFibiZhYm5fc2hhZG93JmNiIiwiZGF0YSI6eyJkYXRhIjpbeyJwbHVnaW4iOiJ3c20iLCJwYXJhbWV0ZXJzIjoie1wicmVmZXJyZXJcIjpcIlwiLFwic3R1YklkXCI6XCJcIn0ifSx7InBsdWdpbiI6IndudCIsInBhcmFtZXRlcnMiOiJ7XCJyZWZlcnJlclwiOlwiXCJ9In0seyJwbHVnaW4iOiJ1YSIsInBhcmFtZXRlcnMiOiJ7fSJ9LHsicGx1Z2luIjoiYWJuIiwicGFyYW1ldGVycyI6IntcImlzQ3NzVXJsSW5qZWN0ZWRcIjpmYWxzZX0ifSx7InBsdWdpbiI6ImFibl9zaGFkb3ciLCJwYXJhbWV0ZXJzIjoie1wiaXNDc3NVcmxJbmplY3RlZFwiOmZhbHNlfSJ9XX0sImlzVG9wTGV2ZWwiOnRydWUsInBhZ2VTdGFydFRpbWUiOjE3ODUxMDYyNzYyNjEsIm5hdmlnYXRpb25TdGFydFRpbWUiOjE3ODUxMDYyNzU1MzB9&nocache=119fa&tm=2026-07-26T23%3A52%3A16.155Z&second=true:0
[ 3690647ms] [ERROR] Failed to load resource: net::ERR_FAILED @ https://gc.kis.v2.scr.kaspersky-labs.com/7D8B79A2-8974-4D7B-A76A-F4F29624C06BOSxDTLheSV66Hsf0i1yRUXAy8NkjYorxIG_uaN1dmJ5Wvd2xA3apQXvET0QVAF1JEaoPV6BKADfMsM6k4U-tLg/init?data=eyJ1cmwiOiJodHRwczovL2FwcHN0b3JlY29ubmVjdC5hcHBsZS5jb20vYXBwcy82Nzg5OTEzMTg2L2Rpc3RyaWJ1dGlvbi9pb3MvdmVyc2lvbi9pbmZsaWdodCIsInBsdWdpbnMiOiJ3c20mY2EmdnMmd250JnVhJmFibiZhYm5fc2hhZG93JmNiIiwiZGF0YSI6eyJkYXRhIjpbeyJwbHVnaW4iOiJ3c20iLCJwYXJhbWV0ZXJzIjoie1wicmVmZXJyZXJcIjpcIlwiLFwic3R1YklkXCI6XCJcIn0ifSx7InBsdWdpbiI6IndudCIsInBhcmFtZXRlcnMiOiJ7XCJyZWZlcnJlclwiOlwiXCJ9In0seyJwbHVnaW4iOiJ1YSIsInBhcmFtZXRlcnMiOiJ7fSJ9LHsicGx1Z2luIjoiYWJuIiwicGFyYW1ldGVycyI6IntcImlzQ3NzVXJsSW5qZWN0ZWRcIjpmYWxzZX0ifSx7InBsdWdpbiI6ImFibl9zaGFkb3ciLCJwYXJhbWV0ZXJzIjoie1wiaXNDc3NVcmxJbmplY3RlZFwiOmZhbHNlfSJ9XX0sImlzVG9wTGV2ZWwiOnRydWUsInBhZ2VTdGFydFRpbWUiOjE3ODUxMDYyNzYyNjEsIm5hdmlnYXRpb25TdGFydFRpbWUiOjE3ODUxMDYyNzU1MzB9&nocache=10c94&tm=2026-07-26T23%3A52%3A46.155Z:0
[ 3690661ms] [ERROR] Failed to load resource: net::ERR_FAILED @ https://gc.kis.v2.scr.kaspersky-labs.com/7D8B79A2-8974-4D7B-A76A-F4F29624C06BOSxDTLheSV66Hsf0i1yRUXAy8NkjYorxIG_uaN1dmJ5Wvd2xA3apQXvET0QVAF1JEaoPV6BKADfMsM6k4U-tLg/init?data=eyJ1cmwiOiJodHRwczovL2FwcHN0b3JlY29ubmVjdC5hcHBsZS5jb20vYXBwcy82Nzg5OTEzMTg2L2Rpc3RyaWJ1dGlvbi9pb3MvdmVyc2lvbi9pbmZsaWdodCIsInBsdWdpbnMiOiJ3c20mY2EmdnMmd250JnVhJmFibiZhYm5fc2hhZG93JmNiIiwiZGF0YSI6eyJkYXRhIjpbeyJwbHVnaW4iOiJ3c20iLCJwYXJhbWV0ZXJzIjoie1wicmVmZXJyZXJcIjpcIlwiLFwic3R1YklkXCI6XCJcIn0ifSx7InBsdWdpbiI6IndudCIsInBhcmFtZXRlcnMiOiJ7XCJyZWZlcnJlclwiOlwiXCJ9In0seyJwbHVnaW4iOiJ1YSIsInBhcmFtZXRlcnMiOiJ7fSJ9LHsicGx1Z2luIjoiYWJuIiwicGFyYW1ldGVycyI6IntcImlzQ3NzVXJsSW5qZWN0ZWRcIjpmYWxzZX0ifSx7InBsdWdpbiI6ImFibl9zaGFkb3ciLCJwYXJhbWV0ZXJzIjoie1wiaXNDc3NVcmxJbmplY3RlZFwiOmZhbHNlfSJ9XX0sImlzVG9wTGV2ZWwiOnRydWUsInBhZ2VTdGFydFRpbWUiOjE3ODUxMDYyNzYyNjEsIm5hdmlnYXRpb25TdGFydFRpbWUiOjE3ODUxMDYyNzU1MzB9&nocache=15cef&tm=2026-07-26T23%3A52%3A46.169Z&second=true:0
[ 3720626ms] [ERROR] Failed to load resource: net::ERR_FAILED @ https://gc.kis.v2.scr.kaspersky-labs.com/7D8B79A2-8974-4D7B-A76A-F4F29624C06BOSxDTLheSV66Hsf0i1yRUXAy8NkjYorxIG_uaN1dmJ5Wvd2xA3apQXvET0QVAF1JEaoPV6BKADfMsM6k4U-tLg/init?data=eyJ1cmwiOiJodHRwczovL2FwcHN0b3JlY29ubmVjdC5hcHBsZS5jb20vYXBwcy82Nzg5OTEzMTg2L2Rpc3RyaWJ1dGlvbi9pb3MvdmVyc2lvbi9pbmZsaWdodCIsInBsdWdpbnMiOiJ3c20mY2EmdnMmd250JnVhJmFibiZhYm5fc2hhZG93JmNiIiwiZGF0YSI6eyJkYXRhIjpbeyJwbHVnaW4iOiJ3c20iLCJwYXJhbWV0ZXJzIjoie1wicmVmZXJyZXJcIjpcIlwiLFwic3R1YklkXCI6XCJcIn0ifSx7InBsdWdpbiI6IndudCIsInBhcmFtZXRlcnMiOiJ7XCJyZWZlcnJlclwiOlwiXCJ9In0seyJwbHVnaW4iOiJ1YSIsInBhcmFtZXRlcnMiOiJ7fSJ9LHsicGx1Z2luIjoiYWJuIiwicGFyYW1ldGVycyI6IntcImlzQ3NzVXJsSW5qZWN0ZWRcIjpmYWxzZX0ifSx7InBsdWdpbiI6ImFibl9zaGFkb3ciLCJwYXJhbWV0ZXJzIjoie1wiaXNDc3NVcmxJbmplY3RlZFwiOmZhbHNlfSJ9XX0sImlzVG9wTGV2ZWwiOnRydWUsInBhZ2VTdGFydFRpbWUiOjE3ODUxMDYyNzYyNjEsIm5hdmlnYXRpb25TdGFydFRpbWUiOjE3ODUxMDYyNzU1MzB9&nocache=1ba76&tm=2026-07-26T23%3A53%3A16.142Z:0
[ 3720631ms] [ERROR] Failed to load resource: net::ERR_FAILED @ https://gc.kis.v2.scr.kaspersky-labs.com/7D8B79A2-8974-4D7B-A76A-F4F29624C06BOSxDTLheSV66Hsf0i1yRUXAy8NkjYorxIG_uaN1dmJ5Wvd2xA3apQXvET0QVAF1JEaoPV6BKADfMsM6k4U-tLg/init?data=eyJ1cmwiOiJodHRwczovL2FwcHN0b3JlY29ubmVjdC5hcHBsZS5jb20vYXBwcy82Nzg5OTEzMTg2L2Rpc3RyaWJ1dGlvbi9pb3MvdmVyc2lvbi9pbmZsaWdodCIsInBsdWdpbnMiOiJ3c20mY2EmdnMmd250JnVhJmFibiZhYm5fc2hhZG93JmNiIiwiZGF0YSI6eyJkYXRhIjpbeyJwbHVnaW4iOiJ3c20iLCJwYXJhbWV0ZXJzIjoie1wicmVmZXJyZXJcIjpcIlwiLFwic3R1YklkXCI6XCJcIn0ifSx7InBsdWdpbiI6IndudCIsInBhcmFtZXRlcnMiOiJ7XCJyZWZlcnJlclwiOlwiXCJ9In0seyJwbHVnaW4iOiJ1YSIsInBhcmFtZXRlcnMiOiJ7fSJ9LHsicGx1Z2luIjoiYWJuIiwicGFyYW1ldGVycyI6IntcImlzQ3NzVXJsSW5qZWN0ZWRcIjpmYWxzZX0ifSx7InBsdWdpbiI6ImFibl9zaGFkb3ciLCJwYXJhbWV0ZXJzIjoie1wiaXNDc3NVcmxJbmplY3RlZFwiOmZhbHNlfSJ9XX0sImlzVG9wTGV2ZWwiOnRydWUsInBhZ2VTdGFydFRpbWUiOjE3ODUxMDYyNzYyNjEsIm5hdmlnYXRpb25TdGFydFRpbWUiOjE3ODUxMDYyNzU1MzB9&nocache=18a08&tm=2026-07-26T23%3A53%3A16.148Z&second=true:0
[ 3750635ms] [ERROR] Failed to load resource: net::ERR_FAILED @ https://gc.kis.v2.scr.kaspersky-labs.com/7D8B79A2-8974-4D7B-A76A-F4F29624C06BOSxDTLheSV66Hsf0i1yRUXAy8NkjYorxIG_uaN1dmJ5Wvd2xA3apQXvET0QVAF1JEaoPV6BKADfMsM6k4U-tLg/init?data=eyJ1cmwiOiJodHRwczovL2FwcHN0b3JlY29ubmVjdC5hcHBsZS5jb20vYXBwcy82Nzg5OTEzMTg2L2Rpc3RyaWJ1dGlvbi9pb3MvdmVyc2lvbi9pbmZsaWdodCIsInBsdWdpbnMiOiJ3c20mY2EmdnMmd250JnVhJmFibiZhYm5fc2hhZG93JmNiIiwiZGF0YSI6eyJkYXRhIjpbeyJwbHVnaW4iOiJ3c20iLCJwYXJhbWV0ZXJzIjoie1wicmVmZXJyZXJcIjpcIlwiLFwic3R1YklkXCI6XCJcIn0ifSx7InBsdWdpbiI6IndudCIsInBhcmFtZXRlcnMiOiJ7XCJyZWZlcnJlclwiOlwiXCJ9In0seyJwbHVnaW4iOiJ1YSIsInBhcmFtZXRlcnMiOiJ7fSJ9LHsicGx1Z2luIjoiYWJuIiwicGFyYW1ldGVycyI6IntcImlzQ3NzVXJsSW5qZWN0ZWRcIjpmYWxzZX0ifSx7InBsdWdpbiI6ImFibl9zaGFkb3ciLCJwYXJhbWV0ZXJzIjoie1wiaXNDc3NVcmxJbmplY3RlZFwiOmZhbHNlfSJ9XX0sImlzVG9wTGV2ZWwiOnRydWUsInBhZ2VTdGFydFRpbWUiOjE3ODUxMDYyNzYyNjEsIm5hdmlnYXRpb25TdGFydFRpbWUiOjE3ODUxMDYyNzU1MzB9&nocache=12bb9&tm=2026-07-26T23%3A53%3A46.146Z:0
[ 3750648ms] [ERROR] Failed to load resource: net::ERR_FAILED @ https://gc.kis.v2.scr.kaspersky-labs.com/7D8B79A2-8974-4D7B-A76A-F4F29624C06BOSxDTLheSV66Hsf0i1yRUXAy8NkjYorxIG_uaN1dmJ5Wvd2xA3apQXvET0QVAF1JEaoPV6BKADfMsM6k4U-tLg/init?data=eyJ1cmwiOiJodHRwczovL2FwcHN0b3JlY29ubmVjdC5hcHBsZS5jb20vYXBwcy82Nzg5OTEzMTg2L2Rpc3RyaWJ1dGlvbi9pb3MvdmVyc2lvbi9pbmZsaWdodCIsInBsdWdpbnMiOiJ3c20mY2EmdnMmd250JnVhJmFibiZhYm5fc2hhZG93JmNiIiwiZGF0YSI6eyJkYXRhIjpbeyJwbHVnaW4iOiJ3c20iLCJwYXJhbWV0ZXJzIjoie1wicmVmZXJyZXJcIjpcIlwiLFwic3R1YklkXCI6XCJcIn0ifSx7InBsdWdpbiI6IndudCIsInBhcmFtZXRlcnMiOiJ7XCJyZWZlcnJlclwiOlwiXCJ9In0seyJwbHVnaW4iOiJ1YSIsInBhcmFtZXRlcnMiOiJ7fSJ9LHsicGx1Z2luIjoiYWJuIiwicGFyYW1ldGVycyI6IntcImlzQ3NzVXJsSW5qZWN0ZWRcIjpmYWxzZX0ifSx7InBsdWdpbiI6ImFibl9zaGFkb3ciLCJwYXJhbWV0ZXJzIjoie1wiaXNDc3NVcmxJbmplY3RlZFwiOmZhbHNlfSJ9XX0sImlzVG9wTGV2ZWwiOnRydWUsInBhZ2VTdGFydFRpbWUiOjE3ODUxMDYyNzYyNjEsIm5hdmlnYXRpb25TdGFydFRpbWUiOjE3ODUxMDYyNzU1MzB9&nocache=12d64&tm=2026-07-26T23%3A53%3A46.157Z&second=true:0
[ 3780633ms] [ERROR] Failed to load resource: net::ERR_FAILED @ https://gc.kis.v2.scr.kaspersky-labs.com/7D8B79A2-8974-4D7B-A76A-F4F29624C06BOSxDTLheSV66Hsf0i1yRUXAy8NkjYorxIG_uaN1dmJ5Wvd2xA3apQXvET0QVAF1JEaoPV6BKADfMsM6k4U-tLg/init?data=eyJ1cmwiOiJodHRwczovL2FwcHN0b3JlY29ubmVjdC5hcHBsZS5jb20vYXBwcy82Nzg5OTEzMTg2L2Rpc3RyaWJ1dGlvbi9pb3MvdmVyc2lvbi9pbmZsaWdodCIsInBsdWdpbnMiOiJ3c20mY2EmdnMmd250JnVhJmFibiZhYm5fc2hhZG93JmNiIiwiZGF0YSI6eyJkYXRhIjpbeyJwbHVnaW4iOiJ3c20iLCJwYXJhbWV0ZXJzIjoie1wicmVmZXJyZXJcIjpcIlwiLFwic3R1YklkXCI6XCJcIn0ifSx7InBsdWdpbiI6IndudCIsInBhcmFtZXRlcnMiOiJ7XCJyZWZlcnJlclwiOlwiXCJ9In0seyJwbHVnaW4iOiJ1YSIsInBhcmFtZXRlcnMiOiJ7fSJ9LHsicGx1Z2luIjoiYWJuIiwicGFyYW1ldGVycyI6IntcImlzQ3NzVXJsSW5qZWN0ZWRcIjpmYWxzZX0ifSx7InBsdWdpbiI6ImFibl9zaGFkb3ciLCJwYXJhbWV0ZXJzIjoie1wiaXNDc3NVcmxJbmplY3RlZFwiOmZhbHNlfSJ9XX0sImlzVG9wTGV2ZWwiOnRydWUsInBhZ2VTdGFydFRpbWUiOjE3ODUxMDYyNzYyNjEsIm5hdmlnYXRpb25TdGFydFRpbWUiOjE3ODUxMDYyNzU1MzB9&nocache=1a848&tm=2026-07-26T23%3A54%3A16.140Z:0
[ 3780713ms] [ERROR] Failed to load resource: net::ERR_FAILED @ https://gc.kis.v2.scr.kaspersky-labs.com/7D8B79A2-8974-4D7B-A76A-F4F29624C06BOSxDTLheSV66Hsf0i1yRUXAy8NkjYorxIG_uaN1dmJ5Wvd2xA3apQXvET0QVAF1JEaoPV6BKADfMsM6k4U-tLg/init?data=eyJ1cmwiOiJodHRwczovL2FwcHN0b3JlY29ubmVjdC5hcHBsZS5jb20vYXBwcy82Nzg5OTEzMTg2L2Rpc3RyaWJ1dGlvbi9pb3MvdmVyc2lvbi9pbmZsaWdodCIsInBsdWdpbnMiOiJ3c20mY2EmdnMmd250JnVhJmFibiZhYm5fc2hhZG93JmNiIiwiZGF0YSI6eyJkYXRhIjpbeyJwbHVnaW4iOiJ3c20iLCJwYXJhbWV0ZXJzIjoie1wicmVmZXJyZXJcIjpcIlwiLFwic3R1YklkXCI6XCJcIn0ifSx7InBsdWdpbiI6IndudCIsInBhcmFtZXRlcnMiOiJ7XCJyZWZlcnJlclwiOlwiXCJ9In0seyJwbHVnaW4iOiJ1YSIsInBhcmFtZXRlcnMiOiJ7fSJ9LHsicGx1Z2luIjoiYWJuIiwicGFyYW1ldGVycyI6IntcImlzQ3NzVXJsSW5qZWN0ZWRcIjpmYWxzZX0ifSx7InBsdWdpbiI6ImFibl9zaGFkb3ciLCJwYXJhbWV0ZXJzIjoie1wiaXNDc3NVcmxJbmplY3RlZFwiOmZhbHNlfSJ9XX0sImlzVG9wTGV2ZWwiOnRydWUsInBhZ2VTdGFydFRpbWUiOjE3ODUxMDYyNzYyNjEsIm5hdmlnYXRpb25TdGFydFRpbWUiOjE3ODUxMDYyNzU1MzB9&nocache=14139&tm=2026-07-26T23%3A54%3A16.155Z&second=true:0
[ 3810633ms] [ERROR] Failed to load resource: net::ERR_FAILED @ https://gc.kis.v2.scr.kaspersky-labs.com/7D8B79A2-8974-4D7B-A76A-F4F29624C06BOSxDTLheSV66Hsf0i1yRUXAy8NkjYorxIG_uaN1dmJ5Wvd2xA3apQXvET0QVAF1JEaoPV6BKADfMsM6k4U-tLg/init?data=eyJ1cmwiOiJodHRwczovL2FwcHN0b3JlY29ubmVjdC5hcHBsZS5jb20vYXBwcy82Nzg5OTEzMTg2L2Rpc3RyaWJ1dGlvbi9pb3MvdmVyc2lvbi9pbmZsaWdodCIsInBsdWdpbnMiOiJ3c20mY2EmdnMmd250JnVhJmFibiZhYm5fc2hhZG93JmNiIiwiZGF0YSI6eyJkYXRhIjpbeyJwbHVnaW4iOiJ3c20iLCJwYXJhbWV0ZXJzIjoie1wicmVmZXJyZXJcIjpcIlwiLFwic3R1YklkXCI6XCJcIn0ifSx7InBsdWdpbiI6IndudCIsInBhcmFtZXRlcnMiOiJ7XCJyZWZlcnJlclwiOlwiXCJ9In0seyJwbHVnaW4iOiJ1YSIsInBhcmFtZXRlcnMiOiJ7fSJ9LHsicGx1Z2luIjoiYWJuIiwicGFyYW1ldGVycyI6IntcImlzQ3NzVXJsSW5qZWN0ZWRcIjpmYWxzZX0ifSx7InBsdWdpbiI6ImFibl9zaGFkb3ciLCJwYXJhbWV0ZXJzIjoie1wiaXNDc3NVcmxJbmplY3RlZFwiOmZhbHNlfSJ9XX0sImlzVG9wTGV2ZWwiOnRydWUsInBhZ2VTdGFydFRpbWUiOjE3ODUxMDYyNzYyNjEsIm5hdmlnYXRpb25TdGFydFRpbWUiOjE3ODUxMDYyNzU1MzB9&nocache=1e2f6&tm=2026-07-26T23%3A54%3A46.147Z:0
[ 3810639ms] [ERROR] Failed to load resource: net::ERR_FAILED @ https://gc.kis.v2.scr.kaspersky-labs.com/7D8B79A2-8974-4D7B-A76A-F4F29624C06BOSxDTLheSV66Hsf0i1yRUXAy8NkjYorxIG_uaN1dmJ5Wvd2xA3apQXvET0QVAF1JEaoPV6BKADfMsM6k4U-tLg/init?data=eyJ1cmwiOiJodHRwczovL2FwcHN0b3JlY29ubmVjdC5hcHBsZS5jb20vYXBwcy82Nzg5OTEzMTg2L2Rpc3RyaWJ1dGlvbi9pb3MvdmVyc2lvbi9pbmZsaWdodCIsInBsdWdpbnMiOiJ3c20mY2EmdnMmd250JnVhJmFibiZhYm5fc2hhZG93JmNiIiwiZGF0YSI6eyJkYXRhIjpbeyJwbHVnaW4iOiJ3c20iLCJwYXJhbWV0ZXJzIjoie1wicmVmZXJyZXJcIjpcIlwiLFwic3R1YklkXCI6XCJcIn0ifSx7InBsdWdpbiI6IndudCIsInBhcmFtZXRlcnMiOiJ7XCJyZWZlcnJlclwiOlwiXCJ9In0seyJwbHVnaW4iOiJ1YSIsInBhcmFtZXRlcnMiOiJ7fSJ9LHsicGx1Z2luIjoiYWJuIiwicGFyYW1ldGVycyI6IntcImlzQ3NzVXJsSW5qZWN0ZWRcIjpmYWxzZX0ifSx7InBsdWdpbiI6ImFibl9zaGFkb3ciLCJwYXJhbWV0ZXJzIjoie1wiaXNDc3NVcmxJbmplY3RlZFwiOmZhbHNlfSJ9XX0sImlzVG9wTGV2ZWwiOnRydWUsInBhZ2VTdGFydFRpbWUiOjE3ODUxMDYyNzYyNjEsIm5hdmlnYXRpb25TdGFydFRpbWUiOjE3ODUxMDYyNzU1MzB9&nocache=1495f&tm=2026-07-26T23%3A54%3A46.155Z&second=true:0
[ 3840629ms] [ERROR] Failed to load resource: net::ERR_FAILED @ https://gc.kis.v2.scr.kaspersky-labs.com/7D8B79A2-8974-4D7B-A76A-F4F29624C06BOSxDTLheSV66Hsf0i1yRUXAy8NkjYorxIG_uaN1dmJ5Wvd2xA3apQXvET0QVAF1JEaoPV6BKADfMsM6k4U-tLg/init?data=eyJ1cmwiOiJodHRwczovL2FwcHN0b3JlY29ubmVjdC5hcHBsZS5jb20vYXBwcy82Nzg5OTEzMTg2L2Rpc3RyaWJ1dGlvbi9pb3MvdmVyc2lvbi9pbmZsaWdodCIsInBsdWdpbnMiOiJ3c20mY2EmdnMmd250JnVhJmFibiZhYm5fc2hhZG93JmNiIiwiZGF0YSI6eyJkYXRhIjpbeyJwbHVnaW4iOiJ3c20iLCJwYXJhbWV0ZXJzIjoie1wicmVmZXJyZXJcIjpcIlwiLFwic3R1YklkXCI6XCJcIn0ifSx7InBsdWdpbiI6IndudCIsInBhcmFtZXRlcnMiOiJ7XCJyZWZlcnJlclwiOlwiXCJ9In0seyJwbHVnaW4iOiJ1YSIsInBhcmFtZXRlcnMiOiJ7fSJ9LHsicGx1Z2luIjoiYWJuIiwicGFyYW1ldGVycyI6IntcImlzQ3NzVXJsSW5qZWN0ZWRcIjpmYWxzZX0ifSx7InBsdWdpbiI6ImFibl9zaGFkb3ciLCJwYXJhbWV0ZXJzIjoie1wiaXNDc3NVcmxJbmplY3RlZFwiOmZhbHNlfSJ9XX0sImlzVG9wTGV2ZWwiOnRydWUsInBhZ2VTdGFydFRpbWUiOjE3ODUxMDYyNzYyNjEsIm5hdmlnYXRpb25TdGFydFRpbWUiOjE3ODUxMDYyNzU1MzB9&nocache=1192f&tm=2026-07-26T23%3A55%3A16.138Z:0
[ 3840644ms] [ERROR] Failed to load resource: net::ERR_FAILED @ https://gc.kis.v2.scr.kaspersky-labs.com/7D8B79A2-8974-4D7B-A76A-F4F29624C06BOSxDTLheSV66Hsf0i1yRUXAy8NkjYorxIG_uaN1dmJ5Wvd2xA3apQXvET0QVAF1JEaoPV6BKADfMsM6k4U-tLg/init?data=eyJ1cmwiOiJodHRwczovL2FwcHN0b3JlY29ubmVjdC5hcHBsZS5jb20vYXBwcy82Nzg5OTEzMTg2L2Rpc3RyaWJ1dGlvbi9pb3MvdmVyc2lvbi9pbmZsaWdodCIsInBsdWdpbnMiOiJ3c20mY2EmdnMmd250JnVhJmFibiZhYm5fc2hhZG93JmNiIiwiZGF0YSI6eyJkYXRhIjpbeyJwbHVnaW4iOiJ3c20iLCJwYXJhbWV0ZXJzIjoie1wicmVmZXJyZXJcIjpcIlwiLFwic3R1YklkXCI6XCJcIn0ifSx7InBsdWdpbiI6IndudCIsInBhcmFtZXRlcnMiOiJ7XCJyZWZlcnJlclwiOlwiXCJ9In0seyJwbHVnaW4iOiJ1YSIsInBhcmFtZXRlcnMiOiJ7fSJ9LHsicGx1Z2luIjoiYWJuIiwicGFyYW1ldGVycyI6IntcImlzQ3NzVXJsSW5qZWN0ZWRcIjpmYWxzZX0ifSx7InBsdWdpbiI6ImFibl9zaGFkb3ciLCJwYXJhbWV0ZXJzIjoie1wiaXNDc3NVcmxJbmplY3RlZFwiOmZhbHNlfSJ9XX0sImlzVG9wTGV2ZWwiOnRydWUsInBhZ2VTdGFydFRpbWUiOjE3ODUxMDYyNzYyNjEsIm5hdmlnYXRpb25TdGFydFRpbWUiOjE3ODUxMDYyNzU1MzB9&nocache=13056&tm=2026-07-26T23%3A55%3A16.151Z&second=true:0
[ 3870643ms] [ERROR] Failed to load resource: net::ERR_FAILED @ https://gc.kis.v2.scr.kaspersky-labs.com/7D8B79A2-8974-4D7B-A76A-F4F29624C06BOSxDTLheSV66Hsf0i1yRUXAy8NkjYorxIG_uaN1dmJ5Wvd2xA3apQXvET0QVAF1JEaoPV6BKADfMsM6k4U-tLg/init?data=eyJ1cmwiOiJodHRwczovL2FwcHN0b3JlY29ubmVjdC5hcHBsZS5jb20vYXBwcy82Nzg5OTEzMTg2L2Rpc3RyaWJ1dGlvbi9pb3MvdmVyc2lvbi9pbmZsaWdodCIsInBsdWdpbnMiOiJ3c20mY2EmdnMmd250JnVhJmFibiZhYm5fc2hhZG93JmNiIiwiZGF0YSI6eyJkYXRhIjpbeyJwbHVnaW4iOiJ3c20iLCJwYXJhbWV0ZXJzIjoie1wicmVmZXJyZXJcIjpcIlwiLFwic3R1YklkXCI6XCJcIn0ifSx7InBsdWdpbiI6IndudCIsInBhcmFtZXRlcnMiOiJ7XCJyZWZlcnJlclwiOlwiXCJ9In0seyJwbHVnaW4iOiJ1YSIsInBhcmFtZXRlcnMiOiJ7fSJ9LHsicGx1Z2luIjoiYWJuIiwicGFyYW1ldGVycyI6IntcImlzQ3NzVXJsSW5qZWN0ZWRcIjpmYWxzZX0ifSx7InBsdWdpbiI6ImFibl9zaGFkb3ciLCJwYXJhbWV0ZXJzIjoie1wiaXNDc3NVcmxJbmplY3RlZFwiOmZhbHNlfSJ9XX0sImlzVG9wTGV2ZWwiOnRydWUsInBhZ2VTdGFydFRpbWUiOjE3ODUxMDYyNzYyNjEsIm5hdmlnYXRpb25TdGFydFRpbWUiOjE3ODUxMDYyNzU1MzB9&nocache=113e7&tm=2026-07-26T23%3A55%3A46.153Z:0
[ 3870657ms] [ERROR] Failed to load resource: net::ERR_FAILED @ https://gc.kis.v2.scr.kaspersky-labs.com/7D8B79A2-8974-4D7B-A76A-F4F29624C06BOSxDTLheSV66Hsf0i1yRUXAy8NkjYorxIG_uaN1dmJ5Wvd2xA3apQXvET0QVAF1JEaoPV6BKADfMsM6k4U-tLg/init?data=eyJ1cmwiOiJodHRwczovL2FwcHN0b3JlY29ubmVjdC5hcHBsZS5jb20vYXBwcy82Nzg5OTEzMTg2L2Rpc3RyaWJ1dGlvbi9pb3MvdmVyc2lvbi9pbmZsaWdodCIsInBsdWdpbnMiOiJ3c20mY2EmdnMmd250JnVhJmFibiZhYm5fc2hhZG93JmNiIiwiZGF0YSI6eyJkYXRhIjpbeyJwbHVnaW4iOiJ3c20iLCJwYXJhbWV0ZXJzIjoie1wicmVmZXJyZXJcIjpcIlwiLFwic3R1YklkXCI6XCJcIn0ifSx7InBsdWdpbiI6IndudCIsInBhcmFtZXRlcnMiOiJ7XCJyZWZlcnJlclwiOlwiXCJ9In0seyJwbHVnaW4iOiJ1YSIsInBhcmFtZXRlcnMiOiJ7fSJ9LHsicGx1Z2luIjoiYWJuIiwicGFyYW1ldGVycyI6IntcImlzQ3NzVXJsSW5qZWN0ZWRcIjpmYWxzZX0ifSx7InBsdWdpbiI6ImFibl9zaGFkb3ciLCJwYXJhbWV0ZXJzIjoie1wiaXNDc3NVcmxJbmplY3RlZFwiOmZhbHNlfSJ9XX0sImlzVG9wTGV2ZWwiOnRydWUsInBhZ2VTdGFydFRpbWUiOjE3ODUxMDYyNzYyNjEsIm5hdmlnYXRpb25TdGFydFRpbWUiOjE3ODUxMDYyNzU1MzB9&nocache=11449&tm=2026-07-26T23%3A55%3A46.165Z&second=true:0
[ 3900650ms] [ERROR] Failed to load resource: net::ERR_FAILED @ https://gc.kis.v2.scr.kaspersky-labs.com/7D8B79A2-8974-4D7B-A76A-F4F29624C06BOSxDTLheSV66Hsf0i1yRUXAy8NkjYorxIG_uaN1dmJ5Wvd2xA3apQXvET0QVAF1JEaoPV6BKADfMsM6k4U-tLg/init?data=eyJ1cmwiOiJodHRwczovL2FwcHN0b3JlY29ubmVjdC5hcHBsZS5jb20vYXBwcy82Nzg5OTEzMTg2L2Rpc3RyaWJ1dGlvbi9pb3MvdmVyc2lvbi9pbmZsaWdodCIsInBsdWdpbnMiOiJ3c20mY2EmdnMmd250JnVhJmFibiZhYm5fc2hhZG93JmNiIiwiZGF0YSI6eyJkYXRhIjpbeyJwbHVnaW4iOiJ3c20iLCJwYXJhbWV0ZXJzIjoie1wicmVmZXJyZXJcIjpcIlwiLFwic3R1YklkXCI6XCJcIn0ifSx7InBsdWdpbiI6IndudCIsInBhcmFtZXRlcnMiOiJ7XCJyZWZlcnJlclwiOlwiXCJ9In0seyJwbHVnaW4iOiJ1YSIsInBhcmFtZXRlcnMiOiJ7fSJ9LHsicGx1Z2luIjoiYWJuIiwicGFyYW1ldGVycyI6IntcImlzQ3NzVXJsSW5qZWN0ZWRcIjpmYWxzZX0ifSx7InBsdWdpbiI6ImFibl9zaGFkb3ciLCJwYXJhbWV0ZXJzIjoie1wiaXNDc3NVcmxJbmplY3RlZFwiOmZhbHNlfSJ9XX0sImlzVG9wTGV2ZWwiOnRydWUsInBhZ2VTdGFydFRpbWUiOjE3ODUxMDYyNzYyNjEsIm5hdmlnYXRpb25TdGFydFRpbWUiOjE3ODUxMDYyNzU1MzB9&nocache=130b5&tm=2026-07-26T23%3A56%3A16.154Z:0
[ 3900664ms] [ERROR] Failed to load resource: net::ERR_FAILED @ https://gc.kis.v2.scr.kaspersky-labs.com/7D8B79A2-8974-4D7B-A76A-F4F29624C06BOSxDTLheSV66Hsf0i1yRUXAy8NkjYorxIG_uaN1dmJ5Wvd2xA3apQXvET0QVAF1JEaoPV6BKADfMsM6k4U-tLg/init?data=eyJ1cmwiOiJodHRwczovL2FwcHN0b3JlY29ubmVjdC5hcHBsZS5jb20vYXBwcy82Nzg5OTEzMTg2L2Rpc3RyaWJ1dGlvbi9pb3MvdmVyc2lvbi9pbmZsaWdodCIsInBsdWdpbnMiOiJ3c20mY2EmdnMmd250JnVhJmFibiZhYm5fc2hhZG93JmNiIiwiZGF0YSI6eyJkYXRhIjpbeyJwbHVnaW4iOiJ3c20iLCJwYXJhbWV0ZXJzIjoie1wicmVmZXJyZXJcIjpcIlwiLFwic3R1YklkXCI6XCJcIn0ifSx7InBsdWdpbiI6IndudCIsInBhcmFtZXRlcnMiOiJ7XCJyZWZlcnJlclwiOlwiXCJ9In0seyJwbHVnaW4iOiJ1YSIsInBhcmFtZXRlcnMiOiJ7fSJ9LHsicGx1Z2luIjoiYWJuIiwicGFyYW1ldGVycyI6IntcImlzQ3NzVXJsSW5qZWN0ZWRcIjpmYWxzZX0ifSx7InBsdWdpbiI6ImFibl9zaGFkb3ciLCJwYXJhbWV0ZXJzIjoie1wiaXNDc3NVcmxJbmplY3RlZFwiOmZhbHNlfSJ9XX0sImlzVG9wTGV2ZWwiOnRydWUsInBhZ2VTdGFydFRpbWUiOjE3ODUxMDYyNzYyNjEsIm5hdmlnYXRpb25TdGFydFRpbWUiOjE3ODUxMDYyNzU1MzB9&nocache=115e5&tm=2026-07-26T23%3A56%3A16.172Z&second=true:0
[ 3930686ms] [ERROR] Failed to load resource: net::ERR_FAILED @ https://gc.kis.v2.scr.kaspersky-labs.com/7D8B79A2-8974-4D7B-A76A-F4F29624C06BOSxDTLheSV66Hsf0i1yRUXAy8NkjYorxIG_uaN1dmJ5Wvd2xA3apQXvET0QVAF1JEaoPV6BKADfMsM6k4U-tLg/init?data=eyJ1cmwiOiJodHRwczovL2FwcHN0b3JlY29ubmVjdC5hcHBsZS5jb20vYXBwcy82Nzg5OTEzMTg2L2Rpc3RyaWJ1dGlvbi9pb3MvdmVyc2lvbi9pbmZsaWdodCIsInBsdWdpbnMiOiJ3c20mY2EmdnMmd250JnVhJmFibiZhYm5fc2hhZG93JmNiIiwiZGF0YSI6eyJkYXRhIjpbeyJwbHVnaW4iOiJ3c20iLCJwYXJhbWV0ZXJzIjoie1wicmVmZXJyZXJcIjpcIlwiLFwic3R1YklkXCI6XCJcIn0ifSx7InBsdWdpbiI6IndudCIsInBhcmFtZXRlcnMiOiJ7XCJyZWZlcnJlclwiOlwiXCJ9In0seyJwbHVnaW4iOiJ1YSIsInBhcmFtZXRlcnMiOiJ7fSJ9LHsicGx1Z2luIjoiYWJuIiwicGFyYW1ldGVycyI6IntcImlzQ3NzVXJsSW5qZWN0ZWRcIjpmYWxzZX0ifSx7InBsdWdpbiI6ImFibl9zaGFkb3ciLCJwYXJhbWV0ZXJzIjoie1wiaXNDc3NVcmxJbmplY3RlZFwiOmZhbHNlfSJ9XX0sImlzVG9wTGV2ZWwiOnRydWUsInBhZ2VTdGFydFRpbWUiOjE3ODUxMDYyNzYyNjEsIm5hdmlnYXRpb25TdGFydFRpbWUiOjE3ODUxMDYyNzU1MzB9&nocache=1c1f8&tm=2026-07-26T23%3A56%3A46.198Z:0
[ 3930717ms] [ERROR] Failed to load resource: net::ERR_FAILED @ https://gc.kis.v2.scr.kaspersky-labs.com/7D8B79A2-8974-4D7B-A76A-F4F29624C06BOSxDTLheSV66Hsf0i1yRUXAy8NkjYorxIG_uaN1dmJ5Wvd2xA3apQXvET0QVAF1JEaoPV6BKADfMsM6k4U-tLg/init?data=eyJ1cmwiOiJodHRwczovL2FwcHN0b3JlY29ubmVjdC5hcHBsZS5jb20vYXBwcy82Nzg5OTEzMTg2L2Rpc3RyaWJ1dGlvbi9pb3MvdmVyc2lvbi9pbmZsaWdodCIsInBsdWdpbnMiOiJ3c20mY2EmdnMmd250JnVhJmFibiZhYm5fc2hhZG93JmNiIiwiZGF0YSI6eyJkYXRhIjpbeyJwbHVnaW4iOiJ3c20iLCJwYXJhbWV0ZXJzIjoie1wicmVmZXJyZXJcIjpcIlwiLFwic3R1YklkXCI6XCJcIn0ifSx7InBsdWdpbiI6IndudCIsInBhcmFtZXRlcnMiOiJ7XCJyZWZlcnJlclwiOlwiXCJ9In0seyJwbHVnaW4iOiJ1YSIsInBhcmFtZXRlcnMiOiJ7fSJ9LHsicGx1Z2luIjoiYWJuIiwicGFyYW1ldGVycyI6IntcImlzQ3NzVXJsSW5qZWN0ZWRcIjpmYWxzZX0ifSx7InBsdWdpbiI6ImFibl9zaGFkb3ciLCJwYXJhbWV0ZXJzIjoie1wiaXNDc3NVcmxJbmplY3RlZFwiOmZhbHNlfSJ9XX0sImlzVG9wTGV2ZWwiOnRydWUsInBhZ2VTdGFydFRpbWUiOjE3ODUxMDYyNzYyNjEsIm5hdmlnYXRpb25TdGFydFRpbWUiOjE3ODUxMDYyNzU1MzB9&nocache=1d04f&tm=2026-07-26T23%3A56%3A46.209Z&second=true:0
[ 3960635ms] [ERROR] Failed to load resource: net::ERR_FAILED @ https://gc.kis.v2.scr.kaspersky-labs.com/7D8B79A2-8974-4D7B-A76A-F4F29624C06BOSxDTLheSV66Hsf0i1yRUXAy8NkjYorxIG_uaN1dmJ5Wvd2xA3apQXvET0QVAF1JEaoPV6BKADfMsM6k4U-tLg/init?data=eyJ1cmwiOiJodHRwczovL2FwcHN0b3JlY29ubmVjdC5hcHBsZS5jb20vYXBwcy82Nzg5OTEzMTg2L2Rpc3RyaWJ1dGlvbi9pb3MvdmVyc2lvbi9pbmZsaWdodCIsInBsdWdpbnMiOiJ3c20mY2EmdnMmd250JnVhJmFibiZhYm5fc2hhZG93JmNiIiwiZGF0YSI6eyJkYXRhIjpbeyJwbHVnaW4iOiJ3c20iLCJwYXJhbWV0ZXJzIjoie1wicmVmZXJyZXJcIjpcIlwiLFwic3R1YklkXCI6XCJcIn0ifSx7InBsdWdpbiI6IndudCIsInBhcmFtZXRlcnMiOiJ7XCJyZWZlcnJlclwiOlwiXCJ9In0seyJwbHVnaW4iOiJ1YSIsInBhcmFtZXRlcnMiOiJ7fSJ9LHsicGx1Z2luIjoiYWJuIiwicGFyYW1ldGVycyI6IntcImlzQ3NzVXJsSW5qZWN0ZWRcIjpmYWxzZX0ifSx7InBsdWdpbiI6ImFibl9zaGFkb3ciLCJwYXJhbWV0ZXJzIjoie1wiaXNDc3NVcmxJbmplY3RlZFwiOmZhbHNlfSJ9XX0sImlzVG9wTGV2ZWwiOnRydWUsInBhZ2VTdGFydFRpbWUiOjE3ODUxMDYyNzYyNjEsIm5hdmlnYXRpb25TdGFydFRpbWUiOjE3ODUxMDYyNzU1MzB9&nocache=15f87&tm=2026-07-26T23%3A57%3A16.143Z:0
[ 3960650ms] [ERROR] Failed to load resource: net::ERR_FAILED @ https://gc.kis.v2.scr.kaspersky-labs.com/7D8B79A2-8974-4D7B-A76A-F4F29624C06BOSxDTLheSV66Hsf0i1yRUXAy8NkjYorxIG_uaN1dmJ5Wvd2xA3apQXvET0QVAF1JEaoPV6BKADfMsM6k4U-tLg/init?data=eyJ1cmwiOiJodHRwczovL2FwcHN0b3JlY29ubmVjdC5hcHBsZS5jb20vYXBwcy82Nzg5OTEzMTg2L2Rpc3RyaWJ1dGlvbi9pb3MvdmVyc2lvbi9pbmZsaWdodCIsInBsdWdpbnMiOiJ3c20mY2EmdnMmd250JnVhJmFibiZhYm5fc2hhZG93JmNiIiwiZGF0YSI6eyJkYXRhIjpbeyJwbHVnaW4iOiJ3c20iLCJwYXJhbWV0ZXJzIjoie1wicmVmZXJyZXJcIjpcIlwiLFwic3R1YklkXCI6XCJcIn0ifSx7InBsdWdpbiI6IndudCIsInBhcmFtZXRlcnMiOiJ7XCJyZWZlcnJlclwiOlwiXCJ9In0seyJwbHVnaW4iOiJ1YSIsInBhcmFtZXRlcnMiOiJ7fSJ9LHsicGx1Z2luIjoiYWJuIiwicGFyYW1ldGVycyI6IntcImlzQ3NzVXJsSW5qZWN0ZWRcIjpmYWxzZX0ifSx7InBsdWdpbiI6ImFibl9zaGFkb3ciLCJwYXJhbWV0ZXJzIjoie1wiaXNDc3NVcmxJbmplY3RlZFwiOmZhbHNlfSJ9XX0sImlzVG9wTGV2ZWwiOnRydWUsInBhZ2VTdGFydFRpbWUiOjE3ODUxMDYyNzYyNjEsIm5hdmlnYXRpb25TdGFydFRpbWUiOjE3ODUxMDYyNzU1MzB9&nocache=10850&tm=2026-07-26T23%3A57%3A16.157Z&second=true:0
[ 3990633ms] [ERROR] Failed to load resource: net::ERR_FAILED @ https://gc.kis.v2.scr.kaspersky-labs.com/7D8B79A2-8974-4D7B-A76A-F4F29624C06BOSxDTLheSV66Hsf0i1yRUXAy8NkjYorxIG_uaN1dmJ5Wvd2xA3apQXvET0QVAF1JEaoPV6BKADfMsM6k4U-tLg/init?data=eyJ1cmwiOiJodHRwczovL2FwcHN0b3JlY29ubmVjdC5hcHBsZS5jb20vYXBwcy82Nzg5OTEzMTg2L2Rpc3RyaWJ1dGlvbi9pb3MvdmVyc2lvbi9pbmZsaWdodCIsInBsdWdpbnMiOiJ3c20mY2EmdnMmd250JnVhJmFibiZhYm5fc2hhZG93JmNiIiwiZGF0YSI6eyJkYXRhIjpbeyJwbHVnaW4iOiJ3c20iLCJwYXJhbWV0ZXJzIjoie1wicmVmZXJyZXJcIjpcIlwiLFwic3R1YklkXCI6XCJcIn0ifSx7InBsdWdpbiI6IndudCIsInBhcmFtZXRlcnMiOiJ7XCJyZWZlcnJlclwiOlwiXCJ9In0seyJwbHVnaW4iOiJ1YSIsInBhcmFtZXRlcnMiOiJ7fSJ9LHsicGx1Z2luIjoiYWJuIiwicGFyYW1ldGVycyI6IntcImlzQ3NzVXJsSW5qZWN0ZWRcIjpmYWxzZX0ifSx7InBsdWdpbiI6ImFibl9zaGFkb3ciLCJwYXJhbWV0ZXJzIjoie1wiaXNDc3NVcmxJbmplY3RlZFwiOmZhbHNlfSJ9XX0sImlzVG9wTGV2ZWwiOnRydWUsInBhZ2VTdGFydFRpbWUiOjE3ODUxMDYyNzYyNjEsIm5hdmlnYXRpb25TdGFydFRpbWUiOjE3ODUxMDYyNzU1MzB9&nocache=1637d&tm=2026-07-26T23%3A57%3A46.149Z:0
[ 3990639ms] [ERROR] Failed to load resource: net::ERR_FAILED @ https://gc.kis.v2.scr.kaspersky-labs.com/7D8B79A2-8974-4D7B-A76A-F4F29624C06BOSxDTLheSV66Hsf0i1yRUXAy8NkjYorxIG_uaN1dmJ5Wvd2xA3apQXvET0QVAF1JEaoPV6BKADfMsM6k4U-tLg/init?data=eyJ1cmwiOiJodHRwczovL2FwcHN0b3JlY29ubmVjdC5hcHBsZS5jb20vYXBwcy82Nzg5OTEzMTg2L2Rpc3RyaWJ1dGlvbi9pb3MvdmVyc2lvbi9pbmZsaWdodCIsInBsdWdpbnMiOiJ3c20mY2EmdnMmd250JnVhJmFibiZhYm5fc2hhZG93JmNiIiwiZGF0YSI6eyJkYXRhIjpbeyJwbHVnaW4iOiJ3c20iLCJwYXJhbWV0ZXJzIjoie1wicmVmZXJyZXJcIjpcIlwiLFwic3R1YklkXCI6XCJcIn0ifSx7InBsdWdpbiI6IndudCIsInBhcmFtZXRlcnMiOiJ7XCJyZWZlcnJlclwiOlwiXCJ9In0seyJwbHVnaW4iOiJ1YSIsInBhcmFtZXRlcnMiOiJ7fSJ9LHsicGx1Z2luIjoiYWJuIiwicGFyYW1ldGVycyI6IntcImlzQ3NzVXJsSW5qZWN0ZWRcIjpmYWxzZX0ifSx7InBsdWdpbiI6ImFibl9zaGFkb3ciLCJwYXJhbWV0ZXJzIjoie1wiaXNDc3NVcmxJbmplY3RlZFwiOmZhbHNlfSJ9XX0sImlzVG9wTGV2ZWwiOnRydWUsInBhZ2VTdGFydFRpbWUiOjE3ODUxMDYyNzYyNjEsIm5hdmlnYXRpb25TdGFydFRpbWUiOjE3ODUxMDYyNzU1MzB9&nocache=159cf&tm=2026-07-26T23%3A57%3A46.155Z&second=true:0
[ 4020637ms] [ERROR] Failed to load resource: net::ERR_FAILED @ https://gc.kis.v2.scr.kaspersky-labs.com/7D8B79A2-8974-4D7B-A76A-F4F29624C06BOSxDTLheSV66Hsf0i1yRUXAy8NkjYorxIG_uaN1dmJ5Wvd2xA3apQXvET0QVAF1JEaoPV6BKADfMsM6k4U-tLg/init?data=eyJ1cmwiOiJodHRwczovL2FwcHN0b3JlY29ubmVjdC5hcHBsZS5jb20vYXBwcy82Nzg5OTEzMTg2L2Rpc3RyaWJ1dGlvbi9pb3MvdmVyc2lvbi9pbmZsaWdodCIsInBsdWdpbnMiOiJ3c20mY2EmdnMmd250JnVhJmFibiZhYm5fc2hhZG93JmNiIiwiZGF0YSI6eyJkYXRhIjpbeyJwbHVnaW4iOiJ3c20iLCJwYXJhbWV0ZXJzIjoie1wicmVmZXJyZXJcIjpcIlwiLFwic3R1YklkXCI6XCJcIn0ifSx7InBsdWdpbiI6IndudCIsInBhcmFtZXRlcnMiOiJ7XCJyZWZlcnJlclwiOlwiXCJ9In0seyJwbHVnaW4iOiJ1YSIsInBhcmFtZXRlcnMiOiJ7fSJ9LHsicGx1Z2luIjoiYWJuIiwicGFyYW1ldGVycyI6IntcImlzQ3NzVXJsSW5qZWN0ZWRcIjpmYWxzZX0ifSx7InBsdWdpbiI6ImFibl9zaGFkb3ciLCJwYXJhbWV0ZXJzIjoie1wiaXNDc3NVcmxJbmplY3RlZFwiOmZhbHNlfSJ9XX0sImlzVG9wTGV2ZWwiOnRydWUsInBhZ2VTdGFydFRpbWUiOjE3ODUxMDYyNzYyNjEsIm5hdmlnYXRpb25TdGFydFRpbWUiOjE3ODUxMDYyNzU1MzB9&nocache=1a88a&tm=2026-07-26T23%3A58%3A16.150Z:0
[ 4020645ms] [ERROR] Failed to load resource: net::ERR_FAILED @ https://gc.kis.v2.scr.kaspersky-labs.com/7D8B79A2-8974-4D7B-A76A-F4F29624C06BOSxDTLheSV66Hsf0i1yRUXAy8NkjYorxIG_uaN1dmJ5Wvd2xA3apQXvET0QVAF1JEaoPV6BKADfMsM6k4U-tLg/init?data=eyJ1cmwiOiJodHRwczovL2FwcHN0b3JlY29ubmVjdC5hcHBsZS5jb20vYXBwcy82Nzg5OTEzMTg2L2Rpc3RyaWJ1dGlvbi9pb3MvdmVyc2lvbi9pbmZsaWdodCIsInBsdWdpbnMiOiJ3c20mY2EmdnMmd250JnVhJmFibiZhYm5fc2hhZG93JmNiIiwiZGF0YSI6eyJkYXRhIjpbeyJwbHVnaW4iOiJ3c20iLCJwYXJhbWV0ZXJzIjoie1wicmVmZXJyZXJcIjpcIlwiLFwic3R1YklkXCI6XCJcIn0ifSx7InBsdWdpbiI6IndudCIsInBhcmFtZXRlcnMiOiJ7XCJyZWZlcnJlclwiOlwiXCJ9In0seyJwbHVnaW4iOiJ1YSIsInBhcmFtZXRlcnMiOiJ7fSJ9LHsicGx1Z2luIjoiYWJuIiwicGFyYW1ldGVycyI6IntcImlzQ3NzVXJsSW5qZWN0ZWRcIjpmYWxzZX0ifSx7InBsdWdpbiI6ImFibl9zaGFkb3ciLCJwYXJhbWV0ZXJzIjoie1wiaXNDc3NVcmxJbmplY3RlZFwiOmZhbHNlfSJ9XX0sImlzVG9wTGV2ZWwiOnRydWUsInBhZ2VTdGFydFRpbWUiOjE3ODUxMDYyNzYyNjEsIm5hdmlnYXRpb25TdGFydFRpbWUiOjE3ODUxMDYyNzU1MzB9&nocache=1fd65&tm=2026-07-26T23%3A58%3A16.159Z&second=true:0
[ 4050670ms] [ERROR] Failed to load resource: net::ERR_FAILED @ https://gc.kis.v2.scr.kaspersky-labs.com/7D8B79A2-8974-4D7B-A76A-F4F29624C06BOSxDTLheSV66Hsf0i1yRUXAy8NkjYorxIG_uaN1dmJ5Wvd2xA3apQXvET0QVAF1JEaoPV6BKADfMsM6k4U-tLg/init?data=eyJ1cmwiOiJodHRwczovL2FwcHN0b3JlY29ubmVjdC5hcHBsZS5jb20vYXBwcy82Nzg5OTEzMTg2L2Rpc3RyaWJ1dGlvbi9pb3MvdmVyc2lvbi9pbmZsaWdodCIsInBsdWdpbnMiOiJ3c20mY2EmdnMmd250JnVhJmFibiZhYm5fc2hhZG93JmNiIiwiZGF0YSI6eyJkYXRhIjpbeyJwbHVnaW4iOiJ3c20iLCJwYXJhbWV0ZXJzIjoie1wicmVmZXJyZXJcIjpcIlwiLFwic3R1YklkXCI6XCJcIn0ifSx7InBsdWdpbiI6IndudCIsInBhcmFtZXRlcnMiOiJ7XCJyZWZlcnJlclwiOlwiXCJ9In0seyJwbHVnaW4iOiJ1YSIsInBhcmFtZXRlcnMiOiJ7fSJ9LHsicGx1Z2luIjoiYWJuIiwicGFyYW1ldGVycyI6IntcImlzQ3NzVXJsSW5qZWN0ZWRcIjpmYWxzZX0ifSx7InBsdWdpbiI6ImFibl9zaGFkb3ciLCJwYXJhbWV0ZXJzIjoie1wiaXNDc3NVcmxJbmplY3RlZFwiOmZhbHNlfSJ9XX0sImlzVG9wTGV2ZWwiOnRydWUsInBhZ2VTdGFydFRpbWUiOjE3ODUxMDYyNzYyNjEsIm5hdmlnYXRpb25TdGFydFRpbWUiOjE3ODUxMDYyNzU1MzB9&nocache=13f03&tm=2026-07-26T23%3A58%3A46.176Z:0
[ 4050684ms] [ERROR] Failed to load resource: net::ERR_FAILED @ https://gc.kis.v2.scr.kaspersky-labs.com/7D8B79A2-8974-4D7B-A76A-F4F29624C06BOSxDTLheSV66Hsf0i1yRUXAy8NkjYorxIG_uaN1dmJ5Wvd2xA3apQXvET0QVAF1JEaoPV6BKADfMsM6k4U-tLg/init?data=eyJ1cmwiOiJodHRwczovL2FwcHN0b3JlY29ubmVjdC5hcHBsZS5jb20vYXBwcy82Nzg5OTEzMTg2L2Rpc3RyaWJ1dGlvbi9pb3MvdmVyc2lvbi9pbmZsaWdodCIsInBsdWdpbnMiOiJ3c20mY2EmdnMmd250JnVhJmFibiZhYm5fc2hhZG93JmNiIiwiZGF0YSI6eyJkYXRhIjpbeyJwbHVnaW4iOiJ3c20iLCJwYXJhbWV0ZXJzIjoie1wicmVmZXJyZXJcIjpcIlwiLFwic3R1YklkXCI6XCJcIn0ifSx7InBsdWdpbiI6IndudCIsInBhcmFtZXRlcnMiOiJ7XCJyZWZlcnJlclwiOlwiXCJ9In0seyJwbHVnaW4iOiJ1YSIsInBhcmFtZXRlcnMiOiJ7fSJ9LHsicGx1Z2luIjoiYWJuIiwicGFyYW1ldGVycyI6IntcImlzQ3NzVXJsSW5qZWN0ZWRcIjpmYWxzZX0ifSx7InBsdWdpbiI6ImFibl9zaGFkb3ciLCJwYXJhbWV0ZXJzIjoie1wiaXNDc3NVcmxJbmplY3RlZFwiOmZhbHNlfSJ9XX0sImlzVG9wTGV2ZWwiOnRydWUsInBhZ2VTdGFydFRpbWUiOjE3ODUxMDYyNzYyNjEsIm5hdmlnYXRpb25TdGFydFRpbWUiOjE3ODUxMDYyNzU1MzB9&nocache=13689&tm=2026-07-26T23%3A58%3A46.192Z&second=true:0
[ 4080632ms] [ERROR] Failed to load resource: net::ERR_FAILED @ https://gc.kis.v2.scr.kaspersky-labs.com/7D8B79A2-8974-4D7B-A76A-F4F29624C06BOSxDTLheSV66Hsf0i1yRUXAy8NkjYorxIG_uaN1dmJ5Wvd2xA3apQXvET0QVAF1JEaoPV6BKADfMsM6k4U-tLg/init?data=eyJ1cmwiOiJodHRwczovL2FwcHN0b3JlY29ubmVjdC5hcHBsZS5jb20vYXBwcy82Nzg5OTEzMTg2L2Rpc3RyaWJ1dGlvbi9pb3MvdmVyc2lvbi9pbmZsaWdodCIsInBsdWdpbnMiOiJ3c20mY2EmdnMmd250JnVhJmFibiZhYm5fc2hhZG93JmNiIiwiZGF0YSI6eyJkYXRhIjpbeyJwbHVnaW4iOiJ3c20iLCJwYXJhbWV0ZXJzIjoie1wicmVmZXJyZXJcIjpcIlwiLFwic3R1YklkXCI6XCJcIn0ifSx7InBsdWdpbiI6IndudCIsInBhcmFtZXRlcnMiOiJ7XCJyZWZlcnJlclwiOlwiXCJ9In0seyJwbHVnaW4iOiJ1YSIsInBhcmFtZXRlcnMiOiJ7fSJ9LHsicGx1Z2luIjoiYWJuIiwicGFyYW1ldGVycyI6IntcImlzQ3NzVXJsSW5qZWN0ZWRcIjpmYWxzZX0ifSx7InBsdWdpbiI6ImFibl9zaGFkb3ciLCJwYXJhbWV0ZXJzIjoie1wiaXNDc3NVcmxJbmplY3RlZFwiOmZhbHNlfSJ9XX0sImlzVG9wTGV2ZWwiOnRydWUsInBhZ2VTdGFydFRpbWUiOjE3ODUxMDYyNzYyNjEsIm5hdmlnYXRpb25TdGFydFRpbWUiOjE3ODUxMDYyNzU1MzB9&nocache=16029&tm=2026-07-26T23%3A59%3A16.146Z:0
[ 4080639ms] [ERROR] Failed to load resource: net::ERR_FAILED @ https://gc.kis.v2.scr.kaspersky-labs.com/7D8B79A2-8974-4D7B-A76A-F4F29624C06BOSxDTLheSV66Hsf0i1yRUXAy8NkjYorxIG_uaN1dmJ5Wvd2xA3apQXvET0QVAF1JEaoPV6BKADfMsM6k4U-tLg/init?data=eyJ1cmwiOiJodHRwczovL2FwcHN0b3JlY29ubmVjdC5hcHBsZS5jb20vYXBwcy82Nzg5OTEzMTg2L2Rpc3RyaWJ1dGlvbi9pb3MvdmVyc2lvbi9pbmZsaWdodCIsInBsdWdpbnMiOiJ3c20mY2EmdnMmd250JnVhJmFibiZhYm5fc2hhZG93JmNiIiwiZGF0YSI6eyJkYXRhIjpbeyJwbHVnaW4iOiJ3c20iLCJwYXJhbWV0ZXJzIjoie1wicmVmZXJyZXJcIjpcIlwiLFwic3R1YklkXCI6XCJcIn0ifSx7InBsdWdpbiI6IndudCIsInBhcmFtZXRlcnMiOiJ7XCJyZWZlcnJlclwiOlwiXCJ9In0seyJwbHVnaW4iOiJ1YSIsInBhcmFtZXRlcnMiOiJ7fSJ9LHsicGx1Z2luIjoiYWJuIiwicGFyYW1ldGVycyI6IntcImlzQ3NzVXJsSW5qZWN0ZWRcIjpmYWxzZX0ifSx7InBsdWdpbiI6ImFibl9zaGFkb3ciLCJwYXJhbWV0ZXJzIjoie1wiaXNDc3NVcmxJbmplY3RlZFwiOmZhbHNlfSJ9XX0sImlzVG9wTGV2ZWwiOnRydWUsInBhZ2VTdGFydFRpbWUiOjE3ODUxMDYyNzYyNjEsIm5hdmlnYXRpb25TdGFydFRpbWUiOjE3ODUxMDYyNzU1MzB9&nocache=12d6e&tm=2026-07-26T23%3A59%3A16.154Z&second=true:0
[ 4110630ms] [ERROR] Failed to load resource: net::ERR_FAILED @ https://gc.kis.v2.scr.kaspersky-labs.com/7D8B79A2-8974-4D7B-A76A-F4F29624C06BOSxDTLheSV66Hsf0i1yRUXAy8NkjYorxIG_uaN1dmJ5Wvd2xA3apQXvET0QVAF1JEaoPV6BKADfMsM6k4U-tLg/init?data=eyJ1cmwiOiJodHRwczovL2FwcHN0b3JlY29ubmVjdC5hcHBsZS5jb20vYXBwcy82Nzg5OTEzMTg2L2Rpc3RyaWJ1dGlvbi9pb3MvdmVyc2lvbi9pbmZsaWdodCIsInBsdWdpbnMiOiJ3c20mY2EmdnMmd250JnVhJmFibiZhYm5fc2hhZG93JmNiIiwiZGF0YSI6eyJkYXRhIjpbeyJwbHVnaW4iOiJ3c20iLCJwYXJhbWV0ZXJzIjoie1wicmVmZXJyZXJcIjpcIlwiLFwic3R1YklkXCI6XCJcIn0ifSx7InBsdWdpbiI6IndudCIsInBhcmFtZXRlcnMiOiJ7XCJyZWZlcnJlclwiOlwiXCJ9In0seyJwbHVnaW4iOiJ1YSIsInBhcmFtZXRlcnMiOiJ7fSJ9LHsicGx1Z2luIjoiYWJuIiwicGFyYW1ldGVycyI6IntcImlzQ3NzVXJsSW5qZWN0ZWRcIjpmYWxzZX0ifSx7InBsdWdpbiI6ImFibl9zaGFkb3ciLCJwYXJhbWV0ZXJzIjoie1wiaXNDc3NVcmxJbmplY3RlZFwiOmZhbHNlfSJ9XX0sImlzVG9wTGV2ZWwiOnRydWUsInBhZ2VTdGFydFRpbWUiOjE3ODUxMDYyNzYyNjEsIm5hdmlnYXRpb25TdGFydFRpbWUiOjE3ODUxMDYyNzU1MzB9&nocache=10283&tm=2026-07-26T23%3A59%3A46.144Z:0
[ 4110636ms] [ERROR] Failed to load resource: net::ERR_FAILED @ https://gc.kis.v2.scr.kaspersky-labs.com/7D8B79A2-8974-4D7B-A76A-F4F29624C06BOSxDTLheSV66Hsf0i1yRUXAy8NkjYorxIG_uaN1dmJ5Wvd2xA3apQXvET0QVAF1JEaoPV6BKADfMsM6k4U-tLg/init?data=eyJ1cmwiOiJodHRwczovL2FwcHN0b3JlY29ubmVjdC5hcHBsZS5jb20vYXBwcy82Nzg5OTEzMTg2L2Rpc3RyaWJ1dGlvbi9pb3MvdmVyc2lvbi9pbmZsaWdodCIsInBsdWdpbnMiOiJ3c20mY2EmdnMmd250JnVhJmFibiZhYm5fc2hhZG93JmNiIiwiZGF0YSI6eyJkYXRhIjpbeyJwbHVnaW4iOiJ3c20iLCJwYXJhbWV0ZXJzIjoie1wicmVmZXJyZXJcIjpcIlwiLFwic3R1YklkXCI6XCJcIn0ifSx7InBsdWdpbiI6IndudCIsInBhcmFtZXRlcnMiOiJ7XCJyZWZlcnJlclwiOlwiXCJ9In0seyJwbHVnaW4iOiJ1YSIsInBhcmFtZXRlcnMiOiJ7fSJ9LHsicGx1Z2luIjoiYWJuIiwicGFyYW1ldGVycyI6IntcImlzQ3NzVXJsSW5qZWN0ZWRcIjpmYWxzZX0ifSx7InBsdWdpbiI6ImFibl9zaGFkb3ciLCJwYXJhbWV0ZXJzIjoie1wiaXNDc3NVcmxJbmplY3RlZFwiOmZhbHNlfSJ9XX0sImlzVG9wTGV2ZWwiOnRydWUsInBhZ2VTdGFydFRpbWUiOjE3ODUxMDYyNzYyNjEsIm5hdmlnYXRpb25TdGFydFRpbWUiOjE3ODUxMDYyNzU1MzB9&nocache=1ca67&tm=2026-07-26T23%3A59%3A46.152Z&second=true:0
[ 4140640ms] [ERROR] Failed to load resource: net::ERR_FAILED @ https://gc.kis.v2.scr.kaspersky-labs.com/7D8B79A2-8974-4D7B-A76A-F4F29624C06BOSxDTLheSV66Hsf0i1yRUXAy8NkjYorxIG_uaN1dmJ5Wvd2xA3apQXvET0QVAF1JEaoPV6BKADfMsM6k4U-tLg/init?data=eyJ1cmwiOiJodHRwczovL2FwcHN0b3JlY29ubmVjdC5hcHBsZS5jb20vYXBwcy82Nzg5OTEzMTg2L2Rpc3RyaWJ1dGlvbi9pb3MvdmVyc2lvbi9pbmZsaWdodCIsInBsdWdpbnMiOiJ3c20mY2EmdnMmd250JnVhJmFibiZhYm5fc2hhZG93JmNiIiwiZGF0YSI6eyJkYXRhIjpbeyJwbHVnaW4iOiJ3c20iLCJwYXJhbWV0ZXJzIjoie1wicmVmZXJyZXJcIjpcIlwiLFwic3R1YklkXCI6XCJcIn0ifSx7InBsdWdpbiI6IndudCIsInBhcmFtZXRlcnMiOiJ7XCJyZWZlcnJlclwiOlwiXCJ9In0seyJwbHVnaW4iOiJ1YSIsInBhcmFtZXRlcnMiOiJ7fSJ9LHsicGx1Z2luIjoiYWJuIiwicGFyYW1ldGVycyI6IntcImlzQ3NzVXJsSW5qZWN0ZWRcIjpmYWxzZX0ifSx7InBsdWdpbiI6ImFibl9zaGFkb3ciLCJwYXJhbWV0ZXJzIjoie1wiaXNDc3NVcmxJbmplY3RlZFwiOmZhbHNlfSJ9XX0sImlzVG9wTGV2ZWwiOnRydWUsInBhZ2VTdGFydFRpbWUiOjE3ODUxMDYyNzYyNjEsIm5hdmlnYXRpb25TdGFydFRpbWUiOjE3ODUxMDYyNzU1MzB9&nocache=19753&tm=2026-07-27T00%3A00%3A16.154Z:0
[ 4140647ms] [ERROR] Failed to load resource: net::ERR_FAILED @ https://gc.kis.v2.scr.kaspersky-labs.com/7D8B79A2-8974-4D7B-A76A-F4F29624C06BOSxDTLheSV66Hsf0i1yRUXAy8NkjYorxIG_uaN1dmJ5Wvd2xA3apQXvET0QVAF1JEaoPV6BKADfMsM6k4U-tLg/init?data=eyJ1cmwiOiJodHRwczovL2FwcHN0b3JlY29ubmVjdC5hcHBsZS5jb20vYXBwcy82Nzg5OTEzMTg2L2Rpc3RyaWJ1dGlvbi9pb3MvdmVyc2lvbi9pbmZsaWdodCIsInBsdWdpbnMiOiJ3c20mY2EmdnMmd250JnVhJmFibiZhYm5fc2hhZG93JmNiIiwiZGF0YSI6eyJkYXRhIjpbeyJwbHVnaW4iOiJ3c20iLCJwYXJhbWV0ZXJzIjoie1wicmVmZXJyZXJcIjpcIlwiLFwic3R1YklkXCI6XCJcIn0ifSx7InBsdWdpbiI6IndudCIsInBhcmFtZXRlcnMiOiJ7XCJyZWZlcnJlclwiOlwiXCJ9In0seyJwbHVnaW4iOiJ1YSIsInBhcmFtZXRlcnMiOiJ7fSJ9LHsicGx1Z2luIjoiYWJuIiwicGFyYW1ldGVycyI6IntcImlzQ3NzVXJsSW5qZWN0ZWRcIjpmYWxzZX0ifSx7InBsdWdpbiI6ImFibl9zaGFkb3ciLCJwYXJhbWV0ZXJzIjoie1wiaXNDc3NVcmxJbmplY3RlZFwiOmZhbHNlfSJ9XX0sImlzVG9wTGV2ZWwiOnRydWUsInBhZ2VTdGFydFRpbWUiOjE3ODUxMDYyNzYyNjEsIm5hdmlnYXRpb25TdGFydFRpbWUiOjE3ODUxMDYyNzU1MzB9&nocache=11790&tm=2026-07-27T00%3A00%3A16.162Z&second=true:0
[ 4170633ms] [ERROR] Failed to load resource: net::ERR_FAILED @ https://gc.kis.v2.scr.kaspersky-labs.com/7D8B79A2-8974-4D7B-A76A-F4F29624C06BOSxDTLheSV66Hsf0i1yRUXAy8NkjYorxIG_uaN1dmJ5Wvd2xA3apQXvET0QVAF1JEaoPV6BKADfMsM6k4U-tLg/init?data=eyJ1cmwiOiJodHRwczovL2FwcHN0b3JlY29ubmVjdC5hcHBsZS5jb20vYXBwcy82Nzg5OTEzMTg2L2Rpc3RyaWJ1dGlvbi9pb3MvdmVyc2lvbi9pbmZsaWdodCIsInBsdWdpbnMiOiJ3c20mY2EmdnMmd250JnVhJmFibiZhYm5fc2hhZG93JmNiIiwiZGF0YSI6eyJkYXRhIjpbeyJwbHVnaW4iOiJ3c20iLCJwYXJhbWV0ZXJzIjoie1wicmVmZXJyZXJcIjpcIlwiLFwic3R1YklkXCI6XCJcIn0ifSx7InBsdWdpbiI6IndudCIsInBhcmFtZXRlcnMiOiJ7XCJyZWZlcnJlclwiOlwiXCJ9In0seyJwbHVnaW4iOiJ1YSIsInBhcmFtZXRlcnMiOiJ7fSJ9LHsicGx1Z2luIjoiYWJuIiwicGFyYW1ldGVycyI6IntcImlzQ3NzVXJsSW5qZWN0ZWRcIjpmYWxzZX0ifSx7InBsdWdpbiI6ImFibl9zaGFkb3ciLCJwYXJhbWV0ZXJzIjoie1wiaXNDc3NVcmxJbmplY3RlZFwiOmZhbHNlfSJ9XX0sImlzVG9wTGV2ZWwiOnRydWUsInBhZ2VTdGFydFRpbWUiOjE3ODUxMDYyNzYyNjEsIm5hdmlnYXRpb25TdGFydFRpbWUiOjE3ODUxMDYyNzU1MzB9&nocache=127e0&tm=2026-07-27T00%3A00%3A46.146Z:0
[ 4170640ms] [ERROR] Failed to load resource: net::ERR_FAILED @ https://gc.kis.v2.scr.kaspersky-labs.com/7D8B79A2-8974-4D7B-A76A-F4F29624C06BOSxDTLheSV66Hsf0i1yRUXAy8NkjYorxIG_uaN1dmJ5Wvd2xA3apQXvET0QVAF1JEaoPV6BKADfMsM6k4U-tLg/init?data=eyJ1cmwiOiJodHRwczovL2FwcHN0b3JlY29ubmVjdC5hcHBsZS5jb20vYXBwcy82Nzg5OTEzMTg2L2Rpc3RyaWJ1dGlvbi9pb3MvdmVyc2lvbi9pbmZsaWdodCIsInBsdWdpbnMiOiJ3c20mY2EmdnMmd250JnVhJmFibiZhYm5fc2hhZG93JmNiIiwiZGF0YSI6eyJkYXRhIjpbeyJwbHVnaW4iOiJ3c20iLCJwYXJhbWV0ZXJzIjoie1wicmVmZXJyZXJcIjpcIlwiLFwic3R1YklkXCI6XCJcIn0ifSx7InBsdWdpbiI6IndudCIsInBhcmFtZXRlcnMiOiJ7XCJyZWZlcnJlclwiOlwiXCJ9In0seyJwbHVnaW4iOiJ1YSIsInBhcmFtZXRlcnMiOiJ7fSJ9LHsicGx1Z2luIjoiYWJuIiwicGFyYW1ldGVycyI6IntcImlzQ3NzVXJsSW5qZWN0ZWRcIjpmYWxzZX0ifSx7InBsdWdpbiI6ImFibl9zaGFkb3ciLCJwYXJhbWV0ZXJzIjoie1wiaXNDc3NVcmxJbmplY3RlZFwiOmZhbHNlfSJ9XX0sImlzVG9wTGV2ZWwiOnRydWUsInBhZ2VTdGFydFRpbWUiOjE3ODUxMDYyNzYyNjEsIm5hdmlnYXRpb25TdGFydFRpbWUiOjE3ODUxMDYyNzU1MzB9&nocache=1715b&tm=2026-07-27T00%3A00%3A46.155Z&second=true:0
[ 4200629ms] [ERROR] Failed to load resource: net::ERR_FAILED @ https://gc.kis.v2.scr.kaspersky-labs.com/7D8B79A2-8974-4D7B-A76A-F4F29624C06BOSxDTLheSV66Hsf0i1yRUXAy8NkjYorxIG_uaN1dmJ5Wvd2xA3apQXvET0QVAF1JEaoPV6BKADfMsM6k4U-tLg/init?data=eyJ1cmwiOiJodHRwczovL2FwcHN0b3JlY29ubmVjdC5hcHBsZS5jb20vYXBwcy82Nzg5OTEzMTg2L2Rpc3RyaWJ1dGlvbi9pb3MvdmVyc2lvbi9pbmZsaWdodCIsInBsdWdpbnMiOiJ3c20mY2EmdnMmd250JnVhJmFibiZhYm5fc2hhZG93JmNiIiwiZGF0YSI6eyJkYXRhIjpbeyJwbHVnaW4iOiJ3c20iLCJwYXJhbWV0ZXJzIjoie1wicmVmZXJyZXJcIjpcIlwiLFwic3R1YklkXCI6XCJcIn0ifSx7InBsdWdpbiI6IndudCIsInBhcmFtZXRlcnMiOiJ7XCJyZWZlcnJlclwiOlwiXCJ9In0seyJwbHVnaW4iOiJ1YSIsInBhcmFtZXRlcnMiOiJ7fSJ9LHsicGx1Z2luIjoiYWJuIiwicGFyYW1ldGVycyI6IntcImlzQ3NzVXJsSW5qZWN0ZWRcIjpmYWxzZX0ifSx7InBsdWdpbiI6ImFibl9zaGFkb3ciLCJwYXJhbWV0ZXJzIjoie1wiaXNDc3NVcmxJbmplY3RlZFwiOmZhbHNlfSJ9XX0sImlzVG9wTGV2ZWwiOnRydWUsInBhZ2VTdGFydFRpbWUiOjE3ODUxMDYyNzYyNjEsIm5hdmlnYXRpb25TdGFydFRpbWUiOjE3ODUxMDYyNzU1MzB9&nocache=1f777&tm=2026-07-27T00%3A01%3A16.143Z:0
[ 4200636ms] [ERROR] Failed to load resource: net::ERR_FAILED @ https://gc.kis.v2.scr.kaspersky-labs.com/7D8B79A2-8974-4D7B-A76A-F4F29624C06BOSxDTLheSV66Hsf0i1yRUXAy8NkjYorxIG_uaN1dmJ5Wvd2xA3apQXvET0QVAF1JEaoPV6BKADfMsM6k4U-tLg/init?data=eyJ1cmwiOiJodHRwczovL2FwcHN0b3JlY29ubmVjdC5hcHBsZS5jb20vYXBwcy82Nzg5OTEzMTg2L2Rpc3RyaWJ1dGlvbi9pb3MvdmVyc2lvbi9pbmZsaWdodCIsInBsdWdpbnMiOiJ3c20mY2EmdnMmd250JnVhJmFibiZhYm5fc2hhZG93JmNiIiwiZGF0YSI6eyJkYXRhIjpbeyJwbHVnaW4iOiJ3c20iLCJwYXJhbWV0ZXJzIjoie1wicmVmZXJyZXJcIjpcIlwiLFwic3R1YklkXCI6XCJcIn0ifSx7InBsdWdpbiI6IndudCIsInBhcmFtZXRlcnMiOiJ7XCJyZWZlcnJlclwiOlwiXCJ9In0seyJwbHVnaW4iOiJ1YSIsInBhcmFtZXRlcnMiOiJ7fSJ9LHsicGx1Z2luIjoiYWJuIiwicGFyYW1ldGVycyI6IntcImlzQ3NzVXJsSW5qZWN0ZWRcIjpmYWxzZX0ifSx7InBsdWdpbiI6ImFibl9zaGFkb3ciLCJwYXJhbWV0ZXJzIjoie1wiaXNDc3NVcmxJbmplY3RlZFwiOmZhbHNlfSJ9XX0sImlzVG9wTGV2ZWwiOnRydWUsInBhZ2VTdGFydFRpbWUiOjE3ODUxMDYyNzYyNjEsIm5hdmlnYXRpb25TdGFydFRpbWUiOjE3ODUxMDYyNzU1MzB9&nocache=1b017&tm=2026-07-27T00%3A01%3A16.151Z&second=true:0
[ 4230632ms] [ERROR] Failed to load resource: net::ERR_FAILED @ https://gc.kis.v2.scr.kaspersky-labs.com/7D8B79A2-8974-4D7B-A76A-F4F29624C06BOSxDTLheSV66Hsf0i1yRUXAy8NkjYorxIG_uaN1dmJ5Wvd2xA3apQXvET0QVAF1JEaoPV6BKADfMsM6k4U-tLg/init?data=eyJ1cmwiOiJodHRwczovL2FwcHN0b3JlY29ubmVjdC5hcHBsZS5jb20vYXBwcy82Nzg5OTEzMTg2L2Rpc3RyaWJ1dGlvbi9pb3MvdmVyc2lvbi9pbmZsaWdodCIsInBsdWdpbnMiOiJ3c20mY2EmdnMmd250JnVhJmFibiZhYm5fc2hhZG93JmNiIiwiZGF0YSI6eyJkYXRhIjpbeyJwbHVnaW4iOiJ3c20iLCJwYXJhbWV0ZXJzIjoie1wicmVmZXJyZXJcIjpcIlwiLFwic3R1YklkXCI6XCJcIn0ifSx7InBsdWdpbiI6IndudCIsInBhcmFtZXRlcnMiOiJ7XCJyZWZlcnJlclwiOlwiXCJ9In0seyJwbHVnaW4iOiJ1YSIsInBhcmFtZXRlcnMiOiJ7fSJ9LHsicGx1Z2luIjoiYWJuIiwicGFyYW1ldGVycyI6IntcImlzQ3NzVXJsSW5qZWN0ZWRcIjpmYWxzZX0ifSx7InBsdWdpbiI6ImFibl9zaGFkb3ciLCJwYXJhbWV0ZXJzIjoie1wiaXNDc3NVcmxJbmplY3RlZFwiOmZhbHNlfSJ9XX0sImlzVG9wTGV2ZWwiOnRydWUsInBhZ2VTdGFydFRpbWUiOjE3ODUxMDYyNzYyNjEsIm5hdmlnYXRpb25TdGFydFRpbWUiOjE3ODUxMDYyNzU1MzB9&nocache=102f9&tm=2026-07-27T00%3A01%3A46.143Z:0
[ 4230645ms] [ERROR] Failed to load resource: net::ERR_FAILED @ https://gc.kis.v2.scr.kaspersky-labs.com/7D8B79A2-8974-4D7B-A76A-F4F29624C06BOSxDTLheSV66Hsf0i1yRUXAy8NkjYorxIG_uaN1dmJ5Wvd2xA3apQXvET0QVAF1JEaoPV6BKADfMsM6k4U-tLg/init?data=eyJ1cmwiOiJodHRwczovL2FwcHN0b3JlY29ubmVjdC5hcHBsZS5jb20vYXBwcy82Nzg5OTEzMTg2L2Rpc3RyaWJ1dGlvbi9pb3MvdmVyc2lvbi9pbmZsaWdodCIsInBsdWdpbnMiOiJ3c20mY2EmdnMmd250JnVhJmFibiZhYm5fc2hhZG93JmNiIiwiZGF0YSI6eyJkYXRhIjpbeyJwbHVnaW4iOiJ3c20iLCJwYXJhbWV0ZXJzIjoie1wicmVmZXJyZXJcIjpcIlwiLFwic3R1YklkXCI6XCJcIn0ifSx7InBsdWdpbiI6IndudCIsInBhcmFtZXRlcnMiOiJ7XCJyZWZlcnJlclwiOlwiXCJ9In0seyJwbHVnaW4iOiJ1YSIsInBhcmFtZXRlcnMiOiJ7fSJ9LHsicGx1Z2luIjoiYWJuIiwicGFyYW1ldGVycyI6IntcImlzQ3NzVXJsSW5qZWN0ZWRcIjpmYWxzZX0ifSx7InBsdWdpbiI6ImFibl9zaGFkb3ciLCJwYXJhbWV0ZXJzIjoie1wiaXNDc3NVcmxJbmplY3RlZFwiOmZhbHNlfSJ9XX0sImlzVG9wTGV2ZWwiOnRydWUsInBhZ2VTdGFydFRpbWUiOjE3ODUxMDYyNzYyNjEsIm5hdmlnYXRpb25TdGFydFRpbWUiOjE3ODUxMDYyNzU1MzB9&nocache=166b5&tm=2026-07-27T00%3A01%3A46.154Z&second=true:0
[ 4260639ms] [ERROR] Failed to load resource: net::ERR_FAILED @ https://gc.kis.v2.scr.kaspersky-labs.com/7D8B79A2-8974-4D7B-A76A-F4F29624C06BOSxDTLheSV66Hsf0i1yRUXAy8NkjYorxIG_uaN1dmJ5Wvd2xA3apQXvET0QVAF1JEaoPV6BKADfMsM6k4U-tLg/init?data=eyJ1cmwiOiJodHRwczovL2FwcHN0b3JlY29ubmVjdC5hcHBsZS5jb20vYXBwcy82Nzg5OTEzMTg2L2Rpc3RyaWJ1dGlvbi9pb3MvdmVyc2lvbi9pbmZsaWdodCIsInBsdWdpbnMiOiJ3c20mY2EmdnMmd250JnVhJmFibiZhYm5fc2hhZG93JmNiIiwiZGF0YSI6eyJkYXRhIjpbeyJwbHVnaW4iOiJ3c20iLCJwYXJhbWV0ZXJzIjoie1wicmVmZXJyZXJcIjpcIlwiLFwic3R1YklkXCI6XCJcIn0ifSx7InBsdWdpbiI6IndudCIsInBhcmFtZXRlcnMiOiJ7XCJyZWZlcnJlclwiOlwiXCJ9In0seyJwbHVnaW4iOiJ1YSIsInBhcmFtZXRlcnMiOiJ7fSJ9LHsicGx1Z2luIjoiYWJuIiwicGFyYW1ldGVycyI6IntcImlzQ3NzVXJsSW5qZWN0ZWRcIjpmYWxzZX0ifSx7InBsdWdpbiI6ImFibl9zaGFkb3ciLCJwYXJhbWV0ZXJzIjoie1wiaXNDc3NVcmxJbmplY3RlZFwiOmZhbHNlfSJ9XX0sImlzVG9wTGV2ZWwiOnRydWUsInBhZ2VTdGFydFRpbWUiOjE3ODUxMDYyNzYyNjEsIm5hdmlnYXRpb25TdGFydFRpbWUiOjE3ODUxMDYyNzU1MzB9&nocache=1eff4&tm=2026-07-27T00%3A02%3A16.151Z:0
[ 4260651ms] [ERROR] Failed to load resource: net::ERR_FAILED @ https://gc.kis.v2.scr.kaspersky-labs.com/7D8B79A2-8974-4D7B-A76A-F4F29624C06BOSxDTLheSV66Hsf0i1yRUXAy8NkjYorxIG_uaN1dmJ5Wvd2xA3apQXvET0QVAF1JEaoPV6BKADfMsM6k4U-tLg/init?data=eyJ1cmwiOiJodHRwczovL2FwcHN0b3JlY29ubmVjdC5hcHBsZS5jb20vYXBwcy82Nzg5OTEzMTg2L2Rpc3RyaWJ1dGlvbi9pb3MvdmVyc2lvbi9pbmZsaWdodCIsInBsdWdpbnMiOiJ3c20mY2EmdnMmd250JnVhJmFibiZhYm5fc2hhZG93JmNiIiwiZGF0YSI6eyJkYXRhIjpbeyJwbHVnaW4iOiJ3c20iLCJwYXJhbWV0ZXJzIjoie1wicmVmZXJyZXJcIjpcIlwiLFwic3R1YklkXCI6XCJcIn0ifSx7InBsdWdpbiI6IndudCIsInBhcmFtZXRlcnMiOiJ7XCJyZWZlcnJlclwiOlwiXCJ9In0seyJwbHVnaW4iOiJ1YSIsInBhcmFtZXRlcnMiOiJ7fSJ9LHsicGx1Z2luIjoiYWJuIiwicGFyYW1ldGVycyI6IntcImlzQ3NzVXJsSW5qZWN0ZWRcIjpmYWxzZX0ifSx7InBsdWdpbiI6ImFibl9zaGFkb3ciLCJwYXJhbWV0ZXJzIjoie1wiaXNDc3NVcmxJbmplY3RlZFwiOmZhbHNlfSJ9XX0sImlzVG9wTGV2ZWwiOnRydWUsInBhZ2VTdGFydFRpbWUiOjE3ODUxMDYyNzYyNjEsIm5hdmlnYXRpb25TdGFydFRpbWUiOjE3ODUxMDYyNzU1MzB9&nocache=12fe7&tm=2026-07-27T00%3A02%3A16.161Z&second=true:0
[ 4290627ms] [ERROR] Failed to load resource: net::ERR_FAILED @ https://gc.kis.v2.scr.kaspersky-labs.com/7D8B79A2-8974-4D7B-A76A-F4F29624C06BOSxDTLheSV66Hsf0i1yRUXAy8NkjYorxIG_uaN1dmJ5Wvd2xA3apQXvET0QVAF1JEaoPV6BKADfMsM6k4U-tLg/init?data=eyJ1cmwiOiJodHRwczovL2FwcHN0b3JlY29ubmVjdC5hcHBsZS5jb20vYXBwcy82Nzg5OTEzMTg2L2Rpc3RyaWJ1dGlvbi9pb3MvdmVyc2lvbi9pbmZsaWdodCIsInBsdWdpbnMiOiJ3c20mY2EmdnMmd250JnVhJmFibiZhYm5fc2hhZG93JmNiIiwiZGF0YSI6eyJkYXRhIjpbeyJwbHVnaW4iOiJ3c20iLCJwYXJhbWV0ZXJzIjoie1wicmVmZXJyZXJcIjpcIlwiLFwic3R1YklkXCI6XCJcIn0ifSx7InBsdWdpbiI6IndudCIsInBhcmFtZXRlcnMiOiJ7XCJyZWZlcnJlclwiOlwiXCJ9In0seyJwbHVnaW4iOiJ1YSIsInBhcmFtZXRlcnMiOiJ7fSJ9LHsicGx1Z2luIjoiYWJuIiwicGFyYW1ldGVycyI6IntcImlzQ3NzVXJsSW5qZWN0ZWRcIjpmYWxzZX0ifSx7InBsdWdpbiI6ImFibl9zaGFkb3ciLCJwYXJhbWV0ZXJzIjoie1wiaXNDc3NVcmxJbmplY3RlZFwiOmZhbHNlfSJ9XX0sImlzVG9wTGV2ZWwiOnRydWUsInBhZ2VTdGFydFRpbWUiOjE3ODUxMDYyNzYyNjEsIm5hdmlnYXRpb25TdGFydFRpbWUiOjE3ODUxMDYyNzU1MzB9&nocache=1c9b9&tm=2026-07-27T00%3A02%3A46.140Z:0
[ 4290636ms] [ERROR] Failed to load resource: net::ERR_FAILED @ https://gc.kis.v2.scr.kaspersky-labs.com/7D8B79A2-8974-4D7B-A76A-F4F29624C06BOSxDTLheSV66Hsf0i1yRUXAy8NkjYorxIG_uaN1dmJ5Wvd2xA3apQXvET0QVAF1JEaoPV6BKADfMsM6k4U-tLg/init?data=eyJ1cmwiOiJodHRwczovL2FwcHN0b3JlY29ubmVjdC5hcHBsZS5jb20vYXBwcy82Nzg5OTEzMTg2L2Rpc3RyaWJ1dGlvbi9pb3MvdmVyc2lvbi9pbmZsaWdodCIsInBsdWdpbnMiOiJ3c20mY2EmdnMmd250JnVhJmFibiZhYm5fc2hhZG93JmNiIiwiZGF0YSI6eyJkYXRhIjpbeyJwbHVnaW4iOiJ3c20iLCJwYXJhbWV0ZXJzIjoie1wicmVmZXJyZXJcIjpcIlwiLFwic3R1YklkXCI6XCJcIn0ifSx7InBsdWdpbiI6IndudCIsInBhcmFtZXRlcnMiOiJ7XCJyZWZlcnJlclwiOlwiXCJ9In0seyJwbHVnaW4iOiJ1YSIsInBhcmFtZXRlcnMiOiJ7fSJ9LHsicGx1Z2luIjoiYWJuIiwicGFyYW1ldGVycyI6IntcImlzQ3NzVXJsSW5qZWN0ZWRcIjpmYWxzZX0ifSx7InBsdWdpbiI6ImFibl9zaGFkb3ciLCJwYXJhbWV0ZXJzIjoie1wiaXNDc3NVcmxJbmplY3RlZFwiOmZhbHNlfSJ9XX0sImlzVG9wTGV2ZWwiOnRydWUsInBhZ2VTdGFydFRpbWUiOjE3ODUxMDYyNzYyNjEsIm5hdmlnYXRpb25TdGFydFRpbWUiOjE3ODUxMDYyNzU1MzB9&nocache=13559&tm=2026-07-27T00%3A02%3A46.150Z&second=true:0
[ 4320634ms] [ERROR] Failed to load resource: net::ERR_FAILED @ https://gc.kis.v2.scr.kaspersky-labs.com/7D8B79A2-8974-4D7B-A76A-F4F29624C06BOSxDTLheSV66Hsf0i1yRUXAy8NkjYorxIG_uaN1dmJ5Wvd2xA3apQXvET0QVAF1JEaoPV6BKADfMsM6k4U-tLg/init?data=eyJ1cmwiOiJodHRwczovL2FwcHN0b3JlY29ubmVjdC5hcHBsZS5jb20vYXBwcy82Nzg5OTEzMTg2L2Rpc3RyaWJ1dGlvbi9pb3MvdmVyc2lvbi9pbmZsaWdodCIsInBsdWdpbnMiOiJ3c20mY2EmdnMmd250JnVhJmFibiZhYm5fc2hhZG93JmNiIiwiZGF0YSI6eyJkYXRhIjpbeyJwbHVnaW4iOiJ3c20iLCJwYXJhbWV0ZXJzIjoie1wicmVmZXJyZXJcIjpcIlwiLFwic3R1YklkXCI6XCJcIn0ifSx7InBsdWdpbiI6IndudCIsInBhcmFtZXRlcnMiOiJ7XCJyZWZlcnJlclwiOlwiXCJ9In0seyJwbHVnaW4iOiJ1YSIsInBhcmFtZXRlcnMiOiJ7fSJ9LHsicGx1Z2luIjoiYWJuIiwicGFyYW1ldGVycyI6IntcImlzQ3NzVXJsSW5qZWN0ZWRcIjpmYWxzZX0ifSx7InBsdWdpbiI6ImFibl9zaGFkb3ciLCJwYXJhbWV0ZXJzIjoie1wiaXNDc3NVcmxJbmplY3RlZFwiOmZhbHNlfSJ9XX0sImlzVG9wTGV2ZWwiOnRydWUsInBhZ2VTdGFydFRpbWUiOjE3ODUxMDYyNzYyNjEsIm5hdmlnYXRpb25TdGFydFRpbWUiOjE3ODUxMDYyNzU1MzB9&nocache=12fcc&tm=2026-07-27T00%3A03%3A16.149Z:0
[ 4320642ms] [ERROR] Failed to load resource: net::ERR_FAILED @ https://gc.kis.v2.scr.kaspersky-labs.com/7D8B79A2-8974-4D7B-A76A-F4F29624C06BOSxDTLheSV66Hsf0i1yRUXAy8NkjYorxIG_uaN1dmJ5Wvd2xA3apQXvET0QVAF1JEaoPV6BKADfMsM6k4U-tLg/init?data=eyJ1cmwiOiJodHRwczovL2FwcHN0b3JlY29ubmVjdC5hcHBsZS5jb20vYXBwcy82Nzg5OTEzMTg2L2Rpc3RyaWJ1dGlvbi9pb3MvdmVyc2lvbi9pbmZsaWdodCIsInBsdWdpbnMiOiJ3c20mY2EmdnMmd250JnVhJmFibiZhYm5fc2hhZG93JmNiIiwiZGF0YSI6eyJkYXRhIjpbeyJwbHVnaW4iOiJ3c20iLCJwYXJhbWV0ZXJzIjoie1wicmVmZXJyZXJcIjpcIlwiLFwic3R1YklkXCI6XCJcIn0ifSx7InBsdWdpbiI6IndudCIsInBhcmFtZXRlcnMiOiJ7XCJyZWZlcnJlclwiOlwiXCJ9In0seyJwbHVnaW4iOiJ1YSIsInBhcmFtZXRlcnMiOiJ7fSJ9LHsicGx1Z2luIjoiYWJuIiwicGFyYW1ldGVycyI6IntcImlzQ3NzVXJsSW5qZWN0ZWRcIjpmYWxzZX0ifSx7InBsdWdpbiI6ImFibl9zaGFkb3ciLCJwYXJhbWV0ZXJzIjoie1wiaXNDc3NVcmxJbmplY3RlZFwiOmZhbHNlfSJ9XX0sImlzVG9wTGV2ZWwiOnRydWUsInBhZ2VTdGFydFRpbWUiOjE3ODUxMDYyNzYyNjEsIm5hdmlnYXRpb25TdGFydFRpbWUiOjE3ODUxMDYyNzU1MzB9&nocache=1a1ed&tm=2026-07-27T00%3A03%3A16.156Z&second=true:0
[ 4350634ms] [ERROR] Failed to load resource: net::ERR_FAILED @ https://gc.kis.v2.scr.kaspersky-labs.com/7D8B79A2-8974-4D7B-A76A-F4F29624C06BOSxDTLheSV66Hsf0i1yRUXAy8NkjYorxIG_uaN1dmJ5Wvd2xA3apQXvET0QVAF1JEaoPV6BKADfMsM6k4U-tLg/init?data=eyJ1cmwiOiJodHRwczovL2FwcHN0b3JlY29ubmVjdC5hcHBsZS5jb20vYXBwcy82Nzg5OTEzMTg2L2Rpc3RyaWJ1dGlvbi9pb3MvdmVyc2lvbi9pbmZsaWdodCIsInBsdWdpbnMiOiJ3c20mY2EmdnMmd250JnVhJmFibiZhYm5fc2hhZG93JmNiIiwiZGF0YSI6eyJkYXRhIjpbeyJwbHVnaW4iOiJ3c20iLCJwYXJhbWV0ZXJzIjoie1wicmVmZXJyZXJcIjpcIlwiLFwic3R1YklkXCI6XCJcIn0ifSx7InBsdWdpbiI6IndudCIsInBhcmFtZXRlcnMiOiJ7XCJyZWZlcnJlclwiOlwiXCJ9In0seyJwbHVnaW4iOiJ1YSIsInBhcmFtZXRlcnMiOiJ7fSJ9LHsicGx1Z2luIjoiYWJuIiwicGFyYW1ldGVycyI6IntcImlzQ3NzVXJsSW5qZWN0ZWRcIjpmYWxzZX0ifSx7InBsdWdpbiI6ImFibl9zaGFkb3ciLCJwYXJhbWV0ZXJzIjoie1wiaXNDc3NVcmxJbmplY3RlZFwiOmZhbHNlfSJ9XX0sImlzVG9wTGV2ZWwiOnRydWUsInBhZ2VTdGFydFRpbWUiOjE3ODUxMDYyNzYyNjEsIm5hdmlnYXRpb25TdGFydFRpbWUiOjE3ODUxMDYyNzU1MzB9&nocache=1c1f8&tm=2026-07-27T00%3A03%3A46.148Z:0
[ 4350644ms] [ERROR] Failed to load resource: net::ERR_FAILED @ https://gc.kis.v2.scr.kaspersky-labs.com/7D8B79A2-8974-4D7B-A76A-F4F29624C06BOSxDTLheSV66Hsf0i1yRUXAy8NkjYorxIG_uaN1dmJ5Wvd2xA3apQXvET0QVAF1JEaoPV6BKADfMsM6k4U-tLg/init?data=eyJ1cmwiOiJodHRwczovL2FwcHN0b3JlY29ubmVjdC5hcHBsZS5jb20vYXBwcy82Nzg5OTEzMTg2L2Rpc3RyaWJ1dGlvbi9pb3MvdmVyc2lvbi9pbmZsaWdodCIsInBsdWdpbnMiOiJ3c20mY2EmdnMmd250JnVhJmFibiZhYm5fc2hhZG93JmNiIiwiZGF0YSI6eyJkYXRhIjpbeyJwbHVnaW4iOiJ3c20iLCJwYXJhbWV0ZXJzIjoie1wicmVmZXJyZXJcIjpcIlwiLFwic3R1YklkXCI6XCJcIn0ifSx7InBsdWdpbiI6IndudCIsInBhcmFtZXRlcnMiOiJ7XCJyZWZlcnJlclwiOlwiXCJ9In0seyJwbHVnaW4iOiJ1YSIsInBhcmFtZXRlcnMiOiJ7fSJ9LHsicGx1Z2luIjoiYWJuIiwicGFyYW1ldGVycyI6IntcImlzQ3NzVXJsSW5qZWN0ZWRcIjpmYWxzZX0ifSx7InBsdWdpbiI6ImFibl9zaGFkb3ciLCJwYXJhbWV0ZXJzIjoie1wiaXNDc3NVcmxJbmplY3RlZFwiOmZhbHNlfSJ9XX0sImlzVG9wTGV2ZWwiOnRydWUsInBhZ2VTdGFydFRpbWUiOjE3ODUxMDYyNzYyNjEsIm5hdmlnYXRpb25TdGFydFRpbWUiOjE3ODUxMDYyNzU1MzB9&nocache=1135e&tm=2026-07-27T00%3A03%3A46.156Z&second=true:0
[ 4380632ms] [ERROR] Failed to load resource: net::ERR_FAILED @ https://gc.kis.v2.scr.kaspersky-labs.com/7D8B79A2-8974-4D7B-A76A-F4F29624C06BOSxDTLheSV66Hsf0i1yRUXAy8NkjYorxIG_uaN1dmJ5Wvd2xA3apQXvET0QVAF1JEaoPV6BKADfMsM6k4U-tLg/init?data=eyJ1cmwiOiJodHRwczovL2FwcHN0b3JlY29ubmVjdC5hcHBsZS5jb20vYXBwcy82Nzg5OTEzMTg2L2Rpc3RyaWJ1dGlvbi9pb3MvdmVyc2lvbi9pbmZsaWdodCIsInBsdWdpbnMiOiJ3c20mY2EmdnMmd250JnVhJmFibiZhYm5fc2hhZG93JmNiIiwiZGF0YSI6eyJkYXRhIjpbeyJwbHVnaW4iOiJ3c20iLCJwYXJhbWV0ZXJzIjoie1wicmVmZXJyZXJcIjpcIlwiLFwic3R1YklkXCI6XCJcIn0ifSx7InBsdWdpbiI6IndudCIsInBhcmFtZXRlcnMiOiJ7XCJyZWZlcnJlclwiOlwiXCJ9In0seyJwbHVnaW4iOiJ1YSIsInBhcmFtZXRlcnMiOiJ7fSJ9LHsicGx1Z2luIjoiYWJuIiwicGFyYW1ldGVycyI6IntcImlzQ3NzVXJsSW5qZWN0ZWRcIjpmYWxzZX0ifSx7InBsdWdpbiI6ImFibl9zaGFkb3ciLCJwYXJhbWV0ZXJzIjoie1wiaXNDc3NVcmxJbmplY3RlZFwiOmZhbHNlfSJ9XX0sImlzVG9wTGV2ZWwiOnRydWUsInBhZ2VTdGFydFRpbWUiOjE3ODUxMDYyNzYyNjEsIm5hdmlnYXRpb25TdGFydFRpbWUiOjE3ODUxMDYyNzU1MzB9&nocache=1902a&tm=2026-07-27T00%3A04%3A16.146Z:0
[ 4380641ms] [ERROR] Failed to load resource: net::ERR_FAILED @ https://gc.kis.v2.scr.kaspersky-labs.com/7D8B79A2-8974-4D7B-A76A-F4F29624C06BOSxDTLheSV66Hsf0i1yRUXAy8NkjYorxIG_uaN1dmJ5Wvd2xA3apQXvET0QVAF1JEaoPV6BKADfMsM6k4U-tLg/init?data=eyJ1cmwiOiJodHRwczovL2FwcHN0b3JlY29ubmVjdC5hcHBsZS5jb20vYXBwcy82Nzg5OTEzMTg2L2Rpc3RyaWJ1dGlvbi9pb3MvdmVyc2lvbi9pbmZsaWdodCIsInBsdWdpbnMiOiJ3c20mY2EmdnMmd250JnVhJmFibiZhYm5fc2hhZG93JmNiIiwiZGF0YSI6eyJkYXRhIjpbeyJwbHVnaW4iOiJ3c20iLCJwYXJhbWV0ZXJzIjoie1wicmVmZXJyZXJcIjpcIlwiLFwic3R1YklkXCI6XCJcIn0ifSx7InBsdWdpbiI6IndudCIsInBhcmFtZXRlcnMiOiJ7XCJyZWZlcnJlclwiOlwiXCJ9In0seyJwbHVnaW4iOiJ1YSIsInBhcmFtZXRlcnMiOiJ7fSJ9LHsicGx1Z2luIjoiYWJuIiwicGFyYW1ldGVycyI6IntcImlzQ3NzVXJsSW5qZWN0ZWRcIjpmYWxzZX0ifSx7InBsdWdpbiI6ImFibl9zaGFkb3ciLCJwYXJhbWV0ZXJzIjoie1wiaXNDc3NVcmxJbmplY3RlZFwiOmZhbHNlfSJ9XX0sImlzVG9wTGV2ZWwiOnRydWUsInBhZ2VTdGFydFRpbWUiOjE3ODUxMDYyNzYyNjEsIm5hdmlnYXRpb25TdGFydFRpbWUiOjE3ODUxMDYyNzU1MzB9&nocache=12fd0&tm=2026-07-27T00%3A04%3A16.154Z&second=true:0
[ 4410627ms] [ERROR] Failed to load resource: net::ERR_FAILED @ https://gc.kis.v2.scr.kaspersky-labs.com/7D8B79A2-8974-4D7B-A76A-F4F29624C06BOSxDTLheSV66Hsf0i1yRUXAy8NkjYorxIG_uaN1dmJ5Wvd2xA3apQXvET0QVAF1JEaoPV6BKADfMsM6k4U-tLg/init?data=eyJ1cmwiOiJodHRwczovL2FwcHN0b3JlY29ubmVjdC5hcHBsZS5jb20vYXBwcy82Nzg5OTEzMTg2L2Rpc3RyaWJ1dGlvbi9pb3MvdmVyc2lvbi9pbmZsaWdodCIsInBsdWdpbnMiOiJ3c20mY2EmdnMmd250JnVhJmFibiZhYm5fc2hhZG93JmNiIiwiZGF0YSI6eyJkYXRhIjpbeyJwbHVnaW4iOiJ3c20iLCJwYXJhbWV0ZXJzIjoie1wicmVmZXJyZXJcIjpcIlwiLFwic3R1YklkXCI6XCJcIn0ifSx7InBsdWdpbiI6IndudCIsInBhcmFtZXRlcnMiOiJ7XCJyZWZlcnJlclwiOlwiXCJ9In0seyJwbHVnaW4iOiJ1YSIsInBhcmFtZXRlcnMiOiJ7fSJ9LHsicGx1Z2luIjoiYWJuIiwicGFyYW1ldGVycyI6IntcImlzQ3NzVXJsSW5qZWN0ZWRcIjpmYWxzZX0ifSx7InBsdWdpbiI6ImFibl9zaGFkb3ciLCJwYXJhbWV0ZXJzIjoie1wiaXNDc3NVcmxJbmplY3RlZFwiOmZhbHNlfSJ9XX0sImlzVG9wTGV2ZWwiOnRydWUsInBhZ2VTdGFydFRpbWUiOjE3ODUxMDYyNzYyNjEsIm5hdmlnYXRpb25TdGFydFRpbWUiOjE3ODUxMDYyNzU1MzB9&nocache=1c820&tm=2026-07-27T00%3A04%3A46.139Z:0
[ 4410643ms] [ERROR] Failed to load resource: net::ERR_FAILED @ https://gc.kis.v2.scr.kaspersky-labs.com/7D8B79A2-8974-4D7B-A76A-F4F29624C06BOSxDTLheSV66Hsf0i1yRUXAy8NkjYorxIG_uaN1dmJ5Wvd2xA3apQXvET0QVAF1JEaoPV6BKADfMsM6k4U-tLg/init?data=eyJ1cmwiOiJodHRwczovL2FwcHN0b3JlY29ubmVjdC5hcHBsZS5jb20vYXBwcy82Nzg5OTEzMTg2L2Rpc3RyaWJ1dGlvbi9pb3MvdmVyc2lvbi9pbmZsaWdodCIsInBsdWdpbnMiOiJ3c20mY2EmdnMmd250JnVhJmFibiZhYm5fc2hhZG93JmNiIiwiZGF0YSI6eyJkYXRhIjpbeyJwbHVnaW4iOiJ3c20iLCJwYXJhbWV0ZXJzIjoie1wicmVmZXJyZXJcIjpcIlwiLFwic3R1YklkXCI6XCJcIn0ifSx7InBsdWdpbiI6IndudCIsInBhcmFtZXRlcnMiOiJ7XCJyZWZlcnJlclwiOlwiXCJ9In0seyJwbHVnaW4iOiJ1YSIsInBhcmFtZXRlcnMiOiJ7fSJ9LHsicGx1Z2luIjoiYWJuIiwicGFyYW1ldGVycyI6IntcImlzQ3NzVXJsSW5qZWN0ZWRcIjpmYWxzZX0ifSx7InBsdWdpbiI6ImFibl9zaGFkb3ciLCJwYXJhbWV0ZXJzIjoie1wiaXNDc3NVcmxJbmplY3RlZFwiOmZhbHNlfSJ9XX0sImlzVG9wTGV2ZWwiOnRydWUsInBhZ2VTdGFydFRpbWUiOjE3ODUxMDYyNzYyNjEsIm5hdmlnYXRpb25TdGFydFRpbWUiOjE3ODUxMDYyNzU1MzB9&nocache=13d97&tm=2026-07-27T00%3A04%3A46.149Z&second=true:0
[ 4440630ms] [ERROR] Failed to load resource: net::ERR_FAILED @ https://gc.kis.v2.scr.kaspersky-labs.com/7D8B79A2-8974-4D7B-A76A-F4F29624C06BOSxDTLheSV66Hsf0i1yRUXAy8NkjYorxIG_uaN1dmJ5Wvd2xA3apQXvET0QVAF1JEaoPV6BKADfMsM6k4U-tLg/init?data=eyJ1cmwiOiJodHRwczovL2FwcHN0b3JlY29ubmVjdC5hcHBsZS5jb20vYXBwcy82Nzg5OTEzMTg2L2Rpc3RyaWJ1dGlvbi9pb3MvdmVyc2lvbi9pbmZsaWdodCIsInBsdWdpbnMiOiJ3c20mY2EmdnMmd250JnVhJmFibiZhYm5fc2hhZG93JmNiIiwiZGF0YSI6eyJkYXRhIjpbeyJwbHVnaW4iOiJ3c20iLCJwYXJhbWV0ZXJzIjoie1wicmVmZXJyZXJcIjpcIlwiLFwic3R1YklkXCI6XCJcIn0ifSx7InBsdWdpbiI6IndudCIsInBhcmFtZXRlcnMiOiJ7XCJyZWZlcnJlclwiOlwiXCJ9In0seyJwbHVnaW4iOiJ1YSIsInBhcmFtZXRlcnMiOiJ7fSJ9LHsicGx1Z2luIjoiYWJuIiwicGFyYW1ldGVycyI6IntcImlzQ3NzVXJsSW5qZWN0ZWRcIjpmYWxzZX0ifSx7InBsdWdpbiI6ImFibl9zaGFkb3ciLCJwYXJhbWV0ZXJzIjoie1wiaXNDc3NVcmxJbmplY3RlZFwiOmZhbHNlfSJ9XX0sImlzVG9wTGV2ZWwiOnRydWUsInBhZ2VTdGFydFRpbWUiOjE3ODUxMDYyNzYyNjEsIm5hdmlnYXRpb25TdGFydFRpbWUiOjE3ODUxMDYyNzU1MzB9&nocache=14a3d&tm=2026-07-27T00%3A05%3A16.142Z:0
[ 4440644ms] [ERROR] Failed to load resource: net::ERR_FAILED @ https://gc.kis.v2.scr.kaspersky-labs.com/7D8B79A2-8974-4D7B-A76A-F4F29624C06BOSxDTLheSV66Hsf0i1yRUXAy8NkjYorxIG_uaN1dmJ5Wvd2xA3apQXvET0QVAF1JEaoPV6BKADfMsM6k4U-tLg/init?data=eyJ1cmwiOiJodHRwczovL2FwcHN0b3JlY29ubmVjdC5hcHBsZS5jb20vYXBwcy82Nzg5OTEzMTg2L2Rpc3RyaWJ1dGlvbi9pb3MvdmVyc2lvbi9pbmZsaWdodCIsInBsdWdpbnMiOiJ3c20mY2EmdnMmd250JnVhJmFibiZhYm5fc2hhZG93JmNiIiwiZGF0YSI6eyJkYXRhIjpbeyJwbHVnaW4iOiJ3c20iLCJwYXJhbWV0ZXJzIjoie1wicmVmZXJyZXJcIjpcIlwiLFwic3R1YklkXCI6XCJcIn0ifSx7InBsdWdpbiI6IndudCIsInBhcmFtZXRlcnMiOiJ7XCJyZWZlcnJlclwiOlwiXCJ9In0seyJwbHVnaW4iOiJ1YSIsInBhcmFtZXRlcnMiOiJ7fSJ9LHsicGx1Z2luIjoiYWJuIiwicGFyYW1ldGVycyI6IntcImlzQ3NzVXJsSW5qZWN0ZWRcIjpmYWxzZX0ifSx7InBsdWdpbiI6ImFibl9zaGFkb3ciLCJwYXJhbWV0ZXJzIjoie1wiaXNDc3NVcmxJbmplY3RlZFwiOmZhbHNlfSJ9XX0sImlzVG9wTGV2ZWwiOnRydWUsInBhZ2VTdGFydFRpbWUiOjE3ODUxMDYyNzYyNjEsIm5hdmlnYXRpb25TdGFydFRpbWUiOjE3ODUxMDYyNzU1MzB9&nocache=1f765&tm=2026-07-27T00%3A05%3A16.152Z&second=true:0
[ 4470633ms] [ERROR] Failed to load resource: net::ERR_FAILED @ https://gc.kis.v2.scr.kaspersky-labs.com/7D8B79A2-8974-4D7B-A76A-F4F29624C06BOSxDTLheSV66Hsf0i1yRUXAy8NkjYorxIG_uaN1dmJ5Wvd2xA3apQXvET0QVAF1JEaoPV6BKADfMsM6k4U-tLg/init?data=eyJ1cmwiOiJodHRwczovL2FwcHN0b3JlY29ubmVjdC5hcHBsZS5jb20vYXBwcy82Nzg5OTEzMTg2L2Rpc3RyaWJ1dGlvbi9pb3MvdmVyc2lvbi9pbmZsaWdodCIsInBsdWdpbnMiOiJ3c20mY2EmdnMmd250JnVhJmFibiZhYm5fc2hhZG93JmNiIiwiZGF0YSI6eyJkYXRhIjpbeyJwbHVnaW4iOiJ3c20iLCJwYXJhbWV0ZXJzIjoie1wicmVmZXJyZXJcIjpcIlwiLFwic3R1YklkXCI6XCJcIn0ifSx7InBsdWdpbiI6IndudCIsInBhcmFtZXRlcnMiOiJ7XCJyZWZlcnJlclwiOlwiXCJ9In0seyJwbHVnaW4iOiJ1YSIsInBhcmFtZXRlcnMiOiJ7fSJ9LHsicGx1Z2luIjoiYWJuIiwicGFyYW1ldGVycyI6IntcImlzQ3NzVXJsSW5qZWN0ZWRcIjpmYWxzZX0ifSx7InBsdWdpbiI6ImFibl9zaGFkb3ciLCJwYXJhbWV0ZXJzIjoie1wiaXNDc3NVcmxJbmplY3RlZFwiOmZhbHNlfSJ9XX0sImlzVG9wTGV2ZWwiOnRydWUsInBhZ2VTdGFydFRpbWUiOjE3ODUxMDYyNzYyNjEsIm5hdmlnYXRpb25TdGFydFRpbWUiOjE3ODUxMDYyNzU1MzB9&nocache=1332f&tm=2026-07-27T00%3A05%3A46.148Z:0
[ 4470639ms] [ERROR] Failed to load resource: net::ERR_FAILED @ https://gc.kis.v2.scr.kaspersky-labs.com/7D8B79A2-8974-4D7B-A76A-F4F29624C06BOSxDTLheSV66Hsf0i1yRUXAy8NkjYorxIG_uaN1dmJ5Wvd2xA3apQXvET0QVAF1JEaoPV6BKADfMsM6k4U-tLg/init?data=eyJ1cmwiOiJodHRwczovL2FwcHN0b3JlY29ubmVjdC5hcHBsZS5jb20vYXBwcy82Nzg5OTEzMTg2L2Rpc3RyaWJ1dGlvbi9pb3MvdmVyc2lvbi9pbmZsaWdodCIsInBsdWdpbnMiOiJ3c20mY2EmdnMmd250JnVhJmFibiZhYm5fc2hhZG93JmNiIiwiZGF0YSI6eyJkYXRhIjpbeyJwbHVnaW4iOiJ3c20iLCJwYXJhbWV0ZXJzIjoie1wicmVmZXJyZXJcIjpcIlwiLFwic3R1YklkXCI6XCJcIn0ifSx7InBsdWdpbiI6IndudCIsInBhcmFtZXRlcnMiOiJ7XCJyZWZlcnJlclwiOlwiXCJ9In0seyJwbHVnaW4iOiJ1YSIsInBhcmFtZXRlcnMiOiJ7fSJ9LHsicGx1Z2luIjoiYWJuIiwicGFyYW1ldGVycyI6IntcImlzQ3NzVXJsSW5qZWN0ZWRcIjpmYWxzZX0ifSx7InBsdWdpbiI6ImFibl9zaGFkb3ciLCJwYXJhbWV0ZXJzIjoie1wiaXNDc3NVcmxJbmplY3RlZFwiOmZhbHNlfSJ9XX0sImlzVG9wTGV2ZWwiOnRydWUsInBhZ2VTdGFydFRpbWUiOjE3ODUxMDYyNzYyNjEsIm5hdmlnYXRpb25TdGFydFRpbWUiOjE3ODUxMDYyNzU1MzB9&nocache=15955&tm=2026-07-27T00%3A05%3A46.155Z&second=true:0
[ 4500628ms] [ERROR] Failed to load resource: net::ERR_FAILED @ https://gc.kis.v2.scr.kaspersky-labs.com/7D8B79A2-8974-4D7B-A76A-F4F29624C06BOSxDTLheSV66Hsf0i1yRUXAy8NkjYorxIG_uaN1dmJ5Wvd2xA3apQXvET0QVAF1JEaoPV6BKADfMsM6k4U-tLg/init?data=eyJ1cmwiOiJodHRwczovL2FwcHN0b3JlY29ubmVjdC5hcHBsZS5jb20vYXBwcy82Nzg5OTEzMTg2L2Rpc3RyaWJ1dGlvbi9pb3MvdmVyc2lvbi9pbmZsaWdodCIsInBsdWdpbnMiOiJ3c20mY2EmdnMmd250JnVhJmFibiZhYm5fc2hhZG93JmNiIiwiZGF0YSI6eyJkYXRhIjpbeyJwbHVnaW4iOiJ3c20iLCJwYXJhbWV0ZXJzIjoie1wicmVmZXJyZXJcIjpcIlwiLFwic3R1YklkXCI6XCJcIn0ifSx7InBsdWdpbiI6IndudCIsInBhcmFtZXRlcnMiOiJ7XCJyZWZlcnJlclwiOlwiXCJ9In0seyJwbHVnaW4iOiJ1YSIsInBhcmFtZXRlcnMiOiJ7fSJ9LHsicGx1Z2luIjoiYWJuIiwicGFyYW1ldGVycyI6IntcImlzQ3NzVXJsSW5qZWN0ZWRcIjpmYWxzZX0ifSx7InBsdWdpbiI6ImFibl9zaGFkb3ciLCJwYXJhbWV0ZXJzIjoie1wiaXNDc3NVcmxJbmplY3RlZFwiOmZhbHNlfSJ9XX0sImlzVG9wTGV2ZWwiOnRydWUsInBhZ2VTdGFydFRpbWUiOjE3ODUxMDYyNzYyNjEsIm5hdmlnYXRpb25TdGFydFRpbWUiOjE3ODUxMDYyNzU1MzB9&nocache=1c3a5&tm=2026-07-27T00%3A06%3A16.142Z:0
[ 4500637ms] [ERROR] Failed to load resource: net::ERR_FAILED @ https://gc.kis.v2.scr.kaspersky-labs.com/7D8B79A2-8974-4D7B-A76A-F4F29624C06BOSxDTLheSV66Hsf0i1yRUXAy8NkjYorxIG_uaN1dmJ5Wvd2xA3apQXvET0QVAF1JEaoPV6BKADfMsM6k4U-tLg/init?data=eyJ1cmwiOiJodHRwczovL2FwcHN0b3JlY29ubmVjdC5hcHBsZS5jb20vYXBwcy82Nzg5OTEzMTg2L2Rpc3RyaWJ1dGlvbi9pb3MvdmVyc2lvbi9pbmZsaWdodCIsInBsdWdpbnMiOiJ3c20mY2EmdnMmd250JnVhJmFibiZhYm5fc2hhZG93JmNiIiwiZGF0YSI6eyJkYXRhIjpbeyJwbHVnaW4iOiJ3c20iLCJwYXJhbWV0ZXJzIjoie1wicmVmZXJyZXJcIjpcIlwiLFwic3R1YklkXCI6XCJcIn0ifSx7InBsdWdpbiI6IndudCIsInBhcmFtZXRlcnMiOiJ7XCJyZWZlcnJlclwiOlwiXCJ9In0seyJwbHVnaW4iOiJ1YSIsInBhcmFtZXRlcnMiOiJ7fSJ9LHsicGx1Z2luIjoiYWJuIiwicGFyYW1ldGVycyI6IntcImlzQ3NzVXJsSW5qZWN0ZWRcIjpmYWxzZX0ifSx7InBsdWdpbiI6ImFibl9zaGFkb3ciLCJwYXJhbWV0ZXJzIjoie1wiaXNDc3NVcmxJbmplY3RlZFwiOmZhbHNlfSJ9XX0sImlzVG9wTGV2ZWwiOnRydWUsInBhZ2VTdGFydFRpbWUiOjE3ODUxMDYyNzYyNjEsIm5hdmlnYXRpb25TdGFydFRpbWUiOjE3ODUxMDYyNzU1MzB9&nocache=19209&tm=2026-07-27T00%3A06%3A16.150Z&second=true:0
[ 4530625ms] [ERROR] Failed to load resource: net::ERR_FAILED @ https://gc.kis.v2.scr.kaspersky-labs.com/7D8B79A2-8974-4D7B-A76A-F4F29624C06BOSxDTLheSV66Hsf0i1yRUXAy8NkjYorxIG_uaN1dmJ5Wvd2xA3apQXvET0QVAF1JEaoPV6BKADfMsM6k4U-tLg/init?data=eyJ1cmwiOiJodHRwczovL2FwcHN0b3JlY29ubmVjdC5hcHBsZS5jb20vYXBwcy82Nzg5OTEzMTg2L2Rpc3RyaWJ1dGlvbi9pb3MvdmVyc2lvbi9pbmZsaWdodCIsInBsdWdpbnMiOiJ3c20mY2EmdnMmd250JnVhJmFibiZhYm5fc2hhZG93JmNiIiwiZGF0YSI6eyJkYXRhIjpbeyJwbHVnaW4iOiJ3c20iLCJwYXJhbWV0ZXJzIjoie1wicmVmZXJyZXJcIjpcIlwiLFwic3R1YklkXCI6XCJcIn0ifSx7InBsdWdpbiI6IndudCIsInBhcmFtZXRlcnMiOiJ7XCJyZWZlcnJlclwiOlwiXCJ9In0seyJwbHVnaW4iOiJ1YSIsInBhcmFtZXRlcnMiOiJ7fSJ9LHsicGx1Z2luIjoiYWJuIiwicGFyYW1ldGVycyI6IntcImlzQ3NzVXJsSW5qZWN0ZWRcIjpmYWxzZX0ifSx7InBsdWdpbiI6ImFibl9zaGFkb3ciLCJwYXJhbWV0ZXJzIjoie1wiaXNDc3NVcmxJbmplY3RlZFwiOmZhbHNlfSJ9XX0sImlzVG9wTGV2ZWwiOnRydWUsInBhZ2VTdGFydFRpbWUiOjE3ODUxMDYyNzYyNjEsIm5hdmlnYXRpb25TdGFydFRpbWUiOjE3ODUxMDYyNzU1MzB9&nocache=1afb0&tm=2026-07-27T00%3A06%3A46.140Z:0
[ 4530632ms] [ERROR] Failed to load resource: net::ERR_FAILED @ https://gc.kis.v2.scr.kaspersky-labs.com/7D8B79A2-8974-4D7B-A76A-F4F29624C06BOSxDTLheSV66Hsf0i1yRUXAy8NkjYorxIG_uaN1dmJ5Wvd2xA3apQXvET0QVAF1JEaoPV6BKADfMsM6k4U-tLg/init?data=eyJ1cmwiOiJodHRwczovL2FwcHN0b3JlY29ubmVjdC5hcHBsZS5jb20vYXBwcy82Nzg5OTEzMTg2L2Rpc3RyaWJ1dGlvbi9pb3MvdmVyc2lvbi9pbmZsaWdodCIsInBsdWdpbnMiOiJ3c20mY2EmdnMmd250JnVhJmFibiZhYm5fc2hhZG93JmNiIiwiZGF0YSI6eyJkYXRhIjpbeyJwbHVnaW4iOiJ3c20iLCJwYXJhbWV0ZXJzIjoie1wicmVmZXJyZXJcIjpcIlwiLFwic3R1YklkXCI6XCJcIn0ifSx7InBsdWdpbiI6IndudCIsInBhcmFtZXRlcnMiOiJ7XCJyZWZlcnJlclwiOlwiXCJ9In0seyJwbHVnaW4iOiJ1YSIsInBhcmFtZXRlcnMiOiJ7fSJ9LHsicGx1Z2luIjoiYWJuIiwicGFyYW1ldGVycyI6IntcImlzQ3NzVXJsSW5qZWN0ZWRcIjpmYWxzZX0ifSx7InBsdWdpbiI6ImFibl9zaGFkb3ciLCJwYXJhbWV0ZXJzIjoie1wiaXNDc3NVcmxJbmplY3RlZFwiOmZhbHNlfSJ9XX0sImlzVG9wTGV2ZWwiOnRydWUsInBhZ2VTdGFydFRpbWUiOjE3ODUxMDYyNzYyNjEsIm5hdmlnYXRpb25TdGFydFRpbWUiOjE3ODUxMDYyNzU1MzB9&nocache=10c12&tm=2026-07-27T00%3A06%3A46.148Z&second=true:0
[ 4562146ms] [ERROR] Failed to load resource: net::ERR_FAILED @ https://gc.kis.v2.scr.kaspersky-labs.com/7D8B79A2-8974-4D7B-A76A-F4F29624C06BOSxDTLheSV66Hsf0i1yRUXAy8NkjYorxIG_uaN1dmJ5Wvd2xA3apQXvET0QVAF1JEaoPV6BKADfMsM6k4U-tLg/init?data=eyJ1cmwiOiJodHRwczovL2FwcHN0b3JlY29ubmVjdC5hcHBsZS5jb20vYXBwcy82Nzg5OTEzMTg2L2Rpc3RyaWJ1dGlvbi9pb3MvdmVyc2lvbi9pbmZsaWdodCIsInBsdWdpbnMiOiJ3c20mY2EmdnMmd250JnVhJmFibiZhYm5fc2hhZG93JmNiIiwiZGF0YSI6eyJkYXRhIjpbeyJwbHVnaW4iOiJ3c20iLCJwYXJhbWV0ZXJzIjoie1wicmVmZXJyZXJcIjpcIlwiLFwic3R1YklkXCI6XCJcIn0ifSx7InBsdWdpbiI6IndudCIsInBhcmFtZXRlcnMiOiJ7XCJyZWZlcnJlclwiOlwiXCJ9In0seyJwbHVnaW4iOiJ1YSIsInBhcmFtZXRlcnMiOiJ7fSJ9LHsicGx1Z2luIjoiYWJuIiwicGFyYW1ldGVycyI6IntcImlzQ3NzVXJsSW5qZWN0ZWRcIjpmYWxzZX0ifSx7InBsdWdpbiI6ImFibl9zaGFkb3ciLCJwYXJhbWV0ZXJzIjoie1wiaXNDc3NVcmxJbmplY3RlZFwiOmZhbHNlfSJ9XX0sImlzVG9wTGV2ZWwiOnRydWUsInBhZ2VTdGFydFRpbWUiOjE3ODUxMDYyNzYyNjEsIm5hdmlnYXRpb25TdGFydFRpbWUiOjE3ODUxMDYyNzU1MzB9&nocache=19755&tm=2026-07-27T00%3A07%3A17.658Z:0
[ 4562152ms] [ERROR] Failed to load resource: net::ERR_FAILED @ https://gc.kis.v2.scr.kaspersky-labs.com/7D8B79A2-8974-4D7B-A76A-F4F29624C06BOSxDTLheSV66Hsf0i1yRUXAy8NkjYorxIG_uaN1dmJ5Wvd2xA3apQXvET0QVAF1JEaoPV6BKADfMsM6k4U-tLg/init?data=eyJ1cmwiOiJodHRwczovL2FwcHN0b3JlY29ubmVjdC5hcHBsZS5jb20vYXBwcy82Nzg5OTEzMTg2L2Rpc3RyaWJ1dGlvbi9pb3MvdmVyc2lvbi9pbmZsaWdodCIsInBsdWdpbnMiOiJ3c20mY2EmdnMmd250JnVhJmFibiZhYm5fc2hhZG93JmNiIiwiZGF0YSI6eyJkYXRhIjpbeyJwbHVnaW4iOiJ3c20iLCJwYXJhbWV0ZXJzIjoie1wicmVmZXJyZXJcIjpcIlwiLFwic3R1YklkXCI6XCJcIn0ifSx7InBsdWdpbiI6IndudCIsInBhcmFtZXRlcnMiOiJ7XCJyZWZlcnJlclwiOlwiXCJ9In0seyJwbHVnaW4iOiJ1YSIsInBhcmFtZXRlcnMiOiJ7fSJ9LHsicGx1Z2luIjoiYWJuIiwicGFyYW1ldGVycyI6IntcImlzQ3NzVXJsSW5qZWN0ZWRcIjpmYWxzZX0ifSx7InBsdWdpbiI6ImFibl9zaGFkb3ciLCJwYXJhbWV0ZXJzIjoie1wiaXNDc3NVcmxJbmplY3RlZFwiOmZhbHNlfSJ9XX0sImlzVG9wTGV2ZWwiOnRydWUsInBhZ2VTdGFydFRpbWUiOjE3ODUxMDYyNzYyNjEsIm5hdmlnYXRpb25TdGFydFRpbWUiOjE3ODUxMDYyNzU1MzB9&nocache=1e812&tm=2026-07-27T00%3A07%3A17.668Z&second=true:0
[ 4623169ms] [ERROR] Failed to load resource: net::ERR_FAILED @ https://gc.kis.v2.scr.kaspersky-labs.com/7D8B79A2-8974-4D7B-A76A-F4F29624C06BOSxDTLheSV66Hsf0i1yRUXAy8NkjYorxIG_uaN1dmJ5Wvd2xA3apQXvET0QVAF1JEaoPV6BKADfMsM6k4U-tLg/init?data=eyJ1cmwiOiJodHRwczovL2FwcHN0b3JlY29ubmVjdC5hcHBsZS5jb20vYXBwcy82Nzg5OTEzMTg2L2Rpc3RyaWJ1dGlvbi9pb3MvdmVyc2lvbi9pbmZsaWdodCIsInBsdWdpbnMiOiJ3c20mY2EmdnMmd250JnVhJmFibiZhYm5fc2hhZG93JmNiIiwiZGF0YSI6eyJkYXRhIjpbeyJwbHVnaW4iOiJ3c20iLCJwYXJhbWV0ZXJzIjoie1wicmVmZXJyZXJcIjpcIlwiLFwic3R1YklkXCI6XCJcIn0ifSx7InBsdWdpbiI6IndudCIsInBhcmFtZXRlcnMiOiJ7XCJyZWZlcnJlclwiOlwiXCJ9In0seyJwbHVnaW4iOiJ1YSIsInBhcmFtZXRlcnMiOiJ7fSJ9LHsicGx1Z2luIjoiYWJuIiwicGFyYW1ldGVycyI6IntcImlzQ3NzVXJsSW5qZWN0ZWRcIjpmYWxzZX0ifSx7InBsdWdpbiI6ImFibl9zaGFkb3ciLCJwYXJhbWV0ZXJzIjoie1wiaXNDc3NVcmxJbmplY3RlZFwiOmZhbHNlfSJ9XX0sImlzVG9wTGV2ZWwiOnRydWUsInBhZ2VTdGFydFRpbWUiOjE3ODUxMDYyNzYyNjEsIm5hdmlnYXRpb25TdGFydFRpbWUiOjE3ODUxMDYyNzU1MzB9&nocache=1f96f&tm=2026-07-27T00%3A08%3A18.665Z:0
[ 4623178ms] [ERROR] Failed to load resource: net::ERR_FAILED @ https://gc.kis.v2.scr.kaspersky-labs.com/7D8B79A2-8974-4D7B-A76A-F4F29624C06BOSxDTLheSV66Hsf0i1yRUXAy8NkjYorxIG_uaN1dmJ5Wvd2xA3apQXvET0QVAF1JEaoPV6BKADfMsM6k4U-tLg/init?data=eyJ1cmwiOiJodHRwczovL2FwcHN0b3JlY29ubmVjdC5hcHBsZS5jb20vYXBwcy82Nzg5OTEzMTg2L2Rpc3RyaWJ1dGlvbi9pb3MvdmVyc2lvbi9pbmZsaWdodCIsInBsdWdpbnMiOiJ3c20mY2EmdnMmd250JnVhJmFibiZhYm5fc2hhZG93JmNiIiwiZGF0YSI6eyJkYXRhIjpbeyJwbHVnaW4iOiJ3c20iLCJwYXJhbWV0ZXJzIjoie1wicmVmZXJyZXJcIjpcIlwiLFwic3R1YklkXCI6XCJcIn0ifSx7InBsdWdpbiI6IndudCIsInBhcmFtZXRlcnMiOiJ7XCJyZWZlcnJlclwiOlwiXCJ9In0seyJwbHVnaW4iOiJ1YSIsInBhcmFtZXRlcnMiOiJ7fSJ9LHsicGx1Z2luIjoiYWJuIiwicGFyYW1ldGVycyI6IntcImlzQ3NzVXJsSW5qZWN0ZWRcIjpmYWxzZX0ifSx7InBsdWdpbiI6ImFibl9zaGFkb3ciLCJwYXJhbWV0ZXJzIjoie1wiaXNDc3NVcmxJbmplY3RlZFwiOmZhbHNlfSJ9XX0sImlzVG9wTGV2ZWwiOnRydWUsInBhZ2VTdGFydFRpbWUiOjE3ODUxMDYyNzYyNjEsIm5hdmlnYXRpb25TdGFydFRpbWUiOjE3ODUxMDYyNzU1MzB9&nocache=19aca&tm=2026-07-27T00%3A08%3A18.691Z&second=true:0
[ 4624144ms] [ERROR] Failed to load resource: net::ERR_FAILED @ https://gc.kis.v2.scr.kaspersky-labs.com/7D8B79A2-8974-4D7B-A76A-F4F29624C06BOSxDTLheSV66Hsf0i1yRUXAy8NkjYorxIG_uaN1dmJ5Wvd2xA3apQXvET0QVAF1JEaoPV6BKADfMsM6k4U-tLg/init?data=eyJ1cmwiOiJodHRwczovL2FwcHN0b3JlY29ubmVjdC5hcHBsZS5jb20vYXBwcy82Nzg5OTEzMTg2L2Rpc3RyaWJ1dGlvbi9pb3MvdmVyc2lvbi9pbmZsaWdodCIsInBsdWdpbnMiOiJ3c20mY2EmdnMmd250JnVhJmFibiZhYm5fc2hhZG93JmNiIiwiZGF0YSI6eyJkYXRhIjpbeyJwbHVnaW4iOiJ3c20iLCJwYXJhbWV0ZXJzIjoie1wicmVmZXJyZXJcIjpcIlwiLFwic3R1YklkXCI6XCJcIn0ifSx7InBsdWdpbiI6IndudCIsInBhcmFtZXRlcnMiOiJ7XCJyZWZlcnJlclwiOlwiXCJ9In0seyJwbHVnaW4iOiJ1YSIsInBhcmFtZXRlcnMiOiJ7fSJ9LHsicGx1Z2luIjoiYWJuIiwicGFyYW1ldGVycyI6IntcImlzQ3NzVXJsSW5qZWN0ZWRcIjpmYWxzZX0ifSx7InBsdWdpbiI6ImFibl9zaGFkb3ciLCJwYXJhbWV0ZXJzIjoie1wiaXNDc3NVcmxJbmplY3RlZFwiOmZhbHNlfSJ9XX0sImlzVG9wTGV2ZWwiOnRydWUsInBhZ2VTdGFydFRpbWUiOjE3ODUxMDYyNzYyNjEsIm5hdmlnYXRpb25TdGFydFRpbWUiOjE3ODUxMDYyNzU1MzB9&nocache=1a9ba&tm=2026-07-27T00%3A08%3A19.660Z:0
[ 4624151ms] [ERROR] Failed to load resource: net::ERR_FAILED @ https://gc.kis.v2.scr.kaspersky-labs.com/7D8B79A2-8974-4D7B-A76A-F4F29624C06BOSxDTLheSV66Hsf0i1yRUXAy8NkjYorxIG_uaN1dmJ5Wvd2xA3apQXvET0QVAF1JEaoPV6BKADfMsM6k4U-tLg/init?data=eyJ1cmwiOiJodHRwczovL2FwcHN0b3JlY29ubmVjdC5hcHBsZS5jb20vYXBwcy82Nzg5OTEzMTg2L2Rpc3RyaWJ1dGlvbi9pb3MvdmVyc2lvbi9pbmZsaWdodCIsInBsdWdpbnMiOiJ3c20mY2EmdnMmd250JnVhJmFibiZhYm5fc2hhZG93JmNiIiwiZGF0YSI6eyJkYXRhIjpbeyJwbHVnaW4iOiJ3c20iLCJwYXJhbWV0ZXJzIjoie1wicmVmZXJyZXJcIjpcIlwiLFwic3R1YklkXCI6XCJcIn0ifSx7InBsdWdpbiI6IndudCIsInBhcmFtZXRlcnMiOiJ7XCJyZWZlcnJlclwiOlwiXCJ9In0seyJwbHVnaW4iOiJ1YSIsInBhcmFtZXRlcnMiOiJ7fSJ9LHsicGx1Z2luIjoiYWJuIiwicGFyYW1ldGVycyI6IntcImlzQ3NzVXJsSW5qZWN0ZWRcIjpmYWxzZX0ifSx7InBsdWdpbiI6ImFibl9zaGFkb3ciLCJwYXJhbWV0ZXJzIjoie1wiaXNDc3NVcmxJbmplY3RlZFwiOmZhbHNlfSJ9XX0sImlzVG9wTGV2ZWwiOnRydWUsInBhZ2VTdGFydFRpbWUiOjE3ODUxMDYyNzYyNjEsIm5hdmlnYXRpb25TdGFydFRpbWUiOjE3ODUxMDYyNzU1MzB9&nocache=12f44&tm=2026-07-27T00%3A08%3A19.667Z&second=true:0
[ 4699178ms] [ERROR] Failed to load resource: net::ERR_FAILED @ https://gc.kis.v2.scr.kaspersky-labs.com/7D8B79A2-8974-4D7B-A76A-F4F29624C06BOSxDTLheSV66Hsf0i1yRUXAy8NkjYorxIG_uaN1dmJ5Wvd2xA3apQXvET0QVAF1JEaoPV6BKADfMsM6k4U-tLg/init?data=eyJ1cmwiOiJodHRwczovL2FwcHN0b3JlY29ubmVjdC5hcHBsZS5jb20vYXBwcy82Nzg5OTEzMTg2L2Rpc3RyaWJ1dGlvbi9pb3MvdmVyc2lvbi9pbmZsaWdodCIsInBsdWdpbnMiOiJ3c20mY2EmdnMmd250JnVhJmFibiZhYm5fc2hhZG93JmNiIiwiZGF0YSI6eyJkYXRhIjpbeyJwbHVnaW4iOiJ3c20iLCJwYXJhbWV0ZXJzIjoie1wicmVmZXJyZXJcIjpcIlwiLFwic3R1YklkXCI6XCJcIn0ifSx7InBsdWdpbiI6IndudCIsInBhcmFtZXRlcnMiOiJ7XCJyZWZlcnJlclwiOlwiXCJ9In0seyJwbHVnaW4iOiJ1YSIsInBhcmFtZXRlcnMiOiJ7fSJ9LHsicGx1Z2luIjoiYWJuIiwicGFyYW1ldGVycyI6IntcImlzQ3NzVXJsSW5qZWN0ZWRcIjpmYWxzZX0ifSx7InBsdWdpbiI6ImFibl9zaGFkb3ciLCJwYXJhbWV0ZXJzIjoie1wiaXNDc3NVcmxJbmplY3RlZFwiOmZhbHNlfSJ9XX0sImlzVG9wTGV2ZWwiOnRydWUsInBhZ2VTdGFydFRpbWUiOjE3ODUxMDYyNzYyNjEsIm5hdmlnYXRpb25TdGFydFRpbWUiOjE3ODUxMDYyNzU1MzB9&nocache=11e81&tm=2026-07-27T00%3A09%3A34.659Z:0
[ 4699185ms] [ERROR] Failed to load resource: net::ERR_FAILED @ https://gc.kis.v2.scr.kaspersky-labs.com/7D8B79A2-8974-4D7B-A76A-F4F29624C06BOSxDTLheSV66Hsf0i1yRUXAy8NkjYorxIG_uaN1dmJ5Wvd2xA3apQXvET0QVAF1JEaoPV6BKADfMsM6k4U-tLg/init?data=eyJ1cmwiOiJodHRwczovL2FwcHN0b3JlY29ubmVjdC5hcHBsZS5jb20vYXBwcy82Nzg5OTEzMTg2L2Rpc3RyaWJ1dGlvbi9pb3MvdmVyc2lvbi9pbmZsaWdodCIsInBsdWdpbnMiOiJ3c20mY2EmdnMmd250JnVhJmFibiZhYm5fc2hhZG93JmNiIiwiZGF0YSI6eyJkYXRhIjpbeyJwbHVnaW4iOiJ3c20iLCJwYXJhbWV0ZXJzIjoie1wicmVmZXJyZXJcIjpcIlwiLFwic3R1YklkXCI6XCJcIn0ifSx7InBsdWdpbiI6IndudCIsInBhcmFtZXRlcnMiOiJ7XCJyZWZlcnJlclwiOlwiXCJ9In0seyJwbHVnaW4iOiJ1YSIsInBhcmFtZXRlcnMiOiJ7fSJ9LHsicGx1Z2luIjoiYWJuIiwicGFyYW1ldGVycyI6IntcImlzQ3NzVXJsSW5qZWN0ZWRcIjpmYWxzZX0ifSx7InBsdWdpbiI6ImFibl9zaGFkb3ciLCJwYXJhbWV0ZXJzIjoie1wiaXNDc3NVcmxJbmplY3RlZFwiOmZhbHNlfSJ9XX0sImlzVG9wTGV2ZWwiOnRydWUsInBhZ2VTdGFydFRpbWUiOjE3ODUxMDYyNzYyNjEsIm5hdmlnYXRpb25TdGFydFRpbWUiOjE3ODUxMDYyNzU1MzB9&nocache=1bd66&tm=2026-07-27T00%3A09%3A34.700Z&second=true:0
[ 4819156ms] [ERROR] Failed to load resource: net::ERR_FAILED @ https://gc.kis.v2.scr.kaspersky-labs.com/7D8B79A2-8974-4D7B-A76A-F4F29624C06BOSxDTLheSV66Hsf0i1yRUXAy8NkjYorxIG_uaN1dmJ5Wvd2xA3apQXvET0QVAF1JEaoPV6BKADfMsM6k4U-tLg/init?data=eyJ1cmwiOiJodHRwczovL2FwcHN0b3JlY29ubmVjdC5hcHBsZS5jb20vYXBwcy82Nzg5OTEzMTg2L2Rpc3RyaWJ1dGlvbi9pb3MvdmVyc2lvbi9pbmZsaWdodCIsInBsdWdpbnMiOiJ3c20mY2EmdnMmd250JnVhJmFibiZhYm5fc2hhZG93JmNiIiwiZGF0YSI6eyJkYXRhIjpbeyJwbHVnaW4iOiJ3c20iLCJwYXJhbWV0ZXJzIjoie1wicmVmZXJyZXJcIjpcIlwiLFwic3R1YklkXCI6XCJcIn0ifSx7InBsdWdpbiI6IndudCIsInBhcmFtZXRlcnMiOiJ7XCJyZWZlcnJlclwiOlwiXCJ9In0seyJwbHVnaW4iOiJ1YSIsInBhcmFtZXRlcnMiOiJ7fSJ9LHsicGx1Z2luIjoiYWJuIiwicGFyYW1ldGVycyI6IntcImlzQ3NzVXJsSW5qZWN0ZWRcIjpmYWxzZX0ifSx7InBsdWdpbiI6ImFibl9zaGFkb3ciLCJwYXJhbWV0ZXJzIjoie1wiaXNDc3NVcmxJbmplY3RlZFwiOmZhbHNlfSJ9XX0sImlzVG9wTGV2ZWwiOnRydWUsInBhZ2VTdGFydFRpbWUiOjE3ODUxMDYyNzYyNjEsIm5hdmlnYXRpb25TdGFydFRpbWUiOjE3ODUxMDYyNzU1MzB9&nocache=18739&tm=2026-07-27T00%3A11%3A34.665Z:0
[ 4819162ms] [ERROR] Failed to load resource: net::ERR_FAILED @ https://gc.kis.v2.scr.kaspersky-labs.com/7D8B79A2-8974-4D7B-A76A-F4F29624C06BOSxDTLheSV66Hsf0i1yRUXAy8NkjYorxIG_uaN1dmJ5Wvd2xA3apQXvET0QVAF1JEaoPV6BKADfMsM6k4U-tLg/init?data=eyJ1cmwiOiJodHRwczovL2FwcHN0b3JlY29ubmVjdC5hcHBsZS5jb20vYXBwcy82Nzg5OTEzMTg2L2Rpc3RyaWJ1dGlvbi9pb3MvdmVyc2lvbi9pbmZsaWdodCIsInBsdWdpbnMiOiJ3c20mY2EmdnMmd250JnVhJmFibiZhYm5fc2hhZG93JmNiIiwiZGF0YSI6eyJkYXRhIjpbeyJwbHVnaW4iOiJ3c20iLCJwYXJhbWV0ZXJzIjoie1wicmVmZXJyZXJcIjpcIlwiLFwic3R1YklkXCI6XCJcIn0ifSx7InBsdWdpbiI6IndudCIsInBhcmFtZXRlcnMiOiJ7XCJyZWZlcnJlclwiOlwiXCJ9In0seyJwbHVnaW4iOiJ1YSIsInBhcmFtZXRlcnMiOiJ7fSJ9LHsicGx1Z2luIjoiYWJuIiwicGFyYW1ldGVycyI6IntcImlzQ3NzVXJsSW5qZWN0ZWRcIjpmYWxzZX0ifSx7InBsdWdpbiI6ImFibl9zaGFkb3ciLCJwYXJhbWV0ZXJzIjoie1wiaXNDc3NVcmxJbmplY3RlZFwiOmZhbHNlfSJ9XX0sImlzVG9wTGV2ZWwiOnRydWUsInBhZ2VTdGFydFRpbWUiOjE3ODUxMDYyNzYyNjEsIm5hdmlnYXRpb25TdGFydFRpbWUiOjE3ODUxMDYyNzU1MzB9&nocache=15349&tm=2026-07-27T00%3A11%3A34.678Z&second=true:0
[ 4939151ms] [ERROR] Failed to load resource: net::ERR_FAILED @ https://gc.kis.v2.scr.kaspersky-labs.com/7D8B79A2-8974-4D7B-A76A-F4F29624C06BOSxDTLheSV66Hsf0i1yRUXAy8NkjYorxIG_uaN1dmJ5Wvd2xA3apQXvET0QVAF1JEaoPV6BKADfMsM6k4U-tLg/init?data=eyJ1cmwiOiJodHRwczovL2FwcHN0b3JlY29ubmVjdC5hcHBsZS5jb20vYXBwcy82Nzg5OTEzMTg2L2Rpc3RyaWJ1dGlvbi9pb3MvdmVyc2lvbi9pbmZsaWdodCIsInBsdWdpbnMiOiJ3c20mY2EmdnMmd250JnVhJmFibiZhYm5fc2hhZG93JmNiIiwiZGF0YSI6eyJkYXRhIjpbeyJwbHVnaW4iOiJ3c20iLCJwYXJhbWV0ZXJzIjoie1wicmVmZXJyZXJcIjpcIlwiLFwic3R1YklkXCI6XCJcIn0ifSx7InBsdWdpbiI6IndudCIsInBhcmFtZXRlcnMiOiJ7XCJyZWZlcnJlclwiOlwiXCJ9In0seyJwbHVnaW4iOiJ1YSIsInBhcmFtZXRlcnMiOiJ7fSJ9LHsicGx1Z2luIjoiYWJuIiwicGFyYW1ldGVycyI6IntcImlzQ3NzVXJsSW5qZWN0ZWRcIjpmYWxzZX0ifSx7InBsdWdpbiI6ImFibl9zaGFkb3ciLCJwYXJhbWV0ZXJzIjoie1wiaXNDc3NVcmxJbmplY3RlZFwiOmZhbHNlfSJ9XX0sImlzVG9wTGV2ZWwiOnRydWUsInBhZ2VTdGFydFRpbWUiOjE3ODUxMDYyNzYyNjEsIm5hdmlnYXRpb25TdGFydFRpbWUiOjE3ODUxMDYyNzU1MzB9&nocache=138f6&tm=2026-07-27T00%3A13%3A34.659Z:0
[ 4939159ms] [ERROR] Failed to load resource: net::ERR_FAILED @ https://gc.kis.v2.scr.kaspersky-labs.com/7D8B79A2-8974-4D7B-A76A-F4F29624C06BOSxDTLheSV66Hsf0i1yRUXAy8NkjYorxIG_uaN1dmJ5Wvd2xA3apQXvET0QVAF1JEaoPV6BKADfMsM6k4U-tLg/init?data=eyJ1cmwiOiJodHRwczovL2FwcHN0b3JlY29ubmVjdC5hcHBsZS5jb20vYXBwcy82Nzg5OTEzMTg2L2Rpc3RyaWJ1dGlvbi9pb3MvdmVyc2lvbi9pbmZsaWdodCIsInBsdWdpbnMiOiJ3c20mY2EmdnMmd250JnVhJmFibiZhYm5fc2hhZG93JmNiIiwiZGF0YSI6eyJkYXRhIjpbeyJwbHVnaW4iOiJ3c20iLCJwYXJhbWV0ZXJzIjoie1wicmVmZXJyZXJcIjpcIlwiLFwic3R1YklkXCI6XCJcIn0ifSx7InBsdWdpbiI6IndudCIsInBhcmFtZXRlcnMiOiJ7XCJyZWZlcnJlclwiOlwiXCJ9In0seyJwbHVnaW4iOiJ1YSIsInBhcmFtZXRlcnMiOiJ7fSJ9LHsicGx1Z2luIjoiYWJuIiwicGFyYW1ldGVycyI6IntcImlzQ3NzVXJsSW5qZWN0ZWRcIjpmYWxzZX0ifSx7InBsdWdpbiI6ImFibl9zaGFkb3ciLCJwYXJhbWV0ZXJzIjoie1wiaXNDc3NVcmxJbmplY3RlZFwiOmZhbHNlfSJ9XX0sImlzVG9wTGV2ZWwiOnRydWUsInBhZ2VTdGFydFRpbWUiOjE3ODUxMDYyNzYyNjEsIm5hdmlnYXRpb25TdGFydFRpbWUiOjE3ODUxMDYyNzU1MzB9&nocache=1d0ab&tm=2026-07-27T00%3A13%3A34.674Z&second=true:0
[ 5059159ms] [ERROR] Failed to load resource: net::ERR_FAILED @ https://gc.kis.v2.scr.kaspersky-labs.com/7D8B79A2-8974-4D7B-A76A-F4F29624C06BOSxDTLheSV66Hsf0i1yRUXAy8NkjYorxIG_uaN1dmJ5Wvd2xA3apQXvET0QVAF1JEaoPV6BKADfMsM6k4U-tLg/init?data=eyJ1cmwiOiJodHRwczovL2FwcHN0b3JlY29ubmVjdC5hcHBsZS5jb20vYXBwcy82Nzg5OTEzMTg2L2Rpc3RyaWJ1dGlvbi9pb3MvdmVyc2lvbi9pbmZsaWdodCIsInBsdWdpbnMiOiJ3c20mY2EmdnMmd250JnVhJmFibiZhYm5fc2hhZG93JmNiIiwiZGF0YSI6eyJkYXRhIjpbeyJwbHVnaW4iOiJ3c20iLCJwYXJhbWV0ZXJzIjoie1wicmVmZXJyZXJcIjpcIlwiLFwic3R1YklkXCI6XCJcIn0ifSx7InBsdWdpbiI6IndudCIsInBhcmFtZXRlcnMiOiJ7XCJyZWZlcnJlclwiOlwiXCJ9In0seyJwbHVnaW4iOiJ1YSIsInBhcmFtZXRlcnMiOiJ7fSJ9LHsicGx1Z2luIjoiYWJuIiwicGFyYW1ldGVycyI6IntcImlzQ3NzVXJsSW5qZWN0ZWRcIjpmYWxzZX0ifSx7InBsdWdpbiI6ImFibl9zaGFkb3ciLCJwYXJhbWV0ZXJzIjoie1wiaXNDc3NVcmxJbmplY3RlZFwiOmZhbHNlfSJ9XX0sImlzVG9wTGV2ZWwiOnRydWUsInBhZ2VTdGFydFRpbWUiOjE3ODUxMDYyNzYyNjEsIm5hdmlnYXRpb25TdGFydFRpbWUiOjE3ODUxMDYyNzU1MzB9&nocache=111f7&tm=2026-07-27T00%3A15%3A34.665Z:0
[ 5059167ms] [ERROR] Failed to load resource: net::ERR_FAILED @ https://gc.kis.v2.scr.kaspersky-labs.com/7D8B79A2-8974-4D7B-A76A-F4F29624C06BOSxDTLheSV66Hsf0i1yRUXAy8NkjYorxIG_uaN1dmJ5Wvd2xA3apQXvET0QVAF1JEaoPV6BKADfMsM6k4U-tLg/init?data=eyJ1cmwiOiJodHRwczovL2FwcHN0b3JlY29ubmVjdC5hcHBsZS5jb20vYXBwcy82Nzg5OTEzMTg2L2Rpc3RyaWJ1dGlvbi9pb3MvdmVyc2lvbi9pbmZsaWdodCIsInBsdWdpbnMiOiJ3c20mY2EmdnMmd250JnVhJmFibiZhYm5fc2hhZG93JmNiIiwiZGF0YSI6eyJkYXRhIjpbeyJwbHVnaW4iOiJ3c20iLCJwYXJhbWV0ZXJzIjoie1wicmVmZXJyZXJcIjpcIlwiLFwic3R1YklkXCI6XCJcIn0ifSx7InBsdWdpbiI6IndudCIsInBhcmFtZXRlcnMiOiJ7XCJyZWZlcnJlclwiOlwiXCJ9In0seyJwbHVnaW4iOiJ1YSIsInBhcmFtZXRlcnMiOiJ7fSJ9LHsicGx1Z2luIjoiYWJuIiwicGFyYW1ldGVycyI6IntcImlzQ3NzVXJsSW5qZWN0ZWRcIjpmYWxzZX0ifSx7InBsdWdpbiI6ImFibl9zaGFkb3ciLCJwYXJhbWV0ZXJzIjoie1wiaXNDc3NVcmxJbmplY3RlZFwiOmZhbHNlfSJ9XX0sImlzVG9wTGV2ZWwiOnRydWUsInBhZ2VTdGFydFRpbWUiOjE3ODUxMDYyNzYyNjEsIm5hdmlnYXRpb25TdGFydFRpbWUiOjE3ODUxMDYyNzU1MzB9&nocache=13785&tm=2026-07-27T00%3A15%3A34.681Z&second=true:0
[ 5179158ms] [ERROR] Failed to load resource: net::ERR_FAILED @ https://gc.kis.v2.scr.kaspersky-labs.com/7D8B79A2-8974-4D7B-A76A-F4F29624C06BOSxDTLheSV66Hsf0i1yRUXAy8NkjYorxIG_uaN1dmJ5Wvd2xA3apQXvET0QVAF1JEaoPV6BKADfMsM6k4U-tLg/init?data=eyJ1cmwiOiJodHRwczovL2FwcHN0b3JlY29ubmVjdC5hcHBsZS5jb20vYXBwcy82Nzg5OTEzMTg2L2Rpc3RyaWJ1dGlvbi9pb3MvdmVyc2lvbi9pbmZsaWdodCIsInBsdWdpbnMiOiJ3c20mY2EmdnMmd250JnVhJmFibiZhYm5fc2hhZG93JmNiIiwiZGF0YSI6eyJkYXRhIjpbeyJwbHVnaW4iOiJ3c20iLCJwYXJhbWV0ZXJzIjoie1wicmVmZXJyZXJcIjpcIlwiLFwic3R1YklkXCI6XCJcIn0ifSx7InBsdWdpbiI6IndudCIsInBhcmFtZXRlcnMiOiJ7XCJyZWZlcnJlclwiOlwiXCJ9In0seyJwbHVnaW4iOiJ1YSIsInBhcmFtZXRlcnMiOiJ7fSJ9LHsicGx1Z2luIjoiYWJuIiwicGFyYW1ldGVycyI6IntcImlzQ3NzVXJsSW5qZWN0ZWRcIjpmYWxzZX0ifSx7InBsdWdpbiI6ImFibl9zaGFkb3ciLCJwYXJhbWV0ZXJzIjoie1wiaXNDc3NVcmxJbmplY3RlZFwiOmZhbHNlfSJ9XX0sImlzVG9wTGV2ZWwiOnRydWUsInBhZ2VTdGFydFRpbWUiOjE3ODUxMDYyNzYyNjEsIm5hdmlnYXRpb25TdGFydFRpbWUiOjE3ODUxMDYyNzU1MzB9&nocache=18cbc&tm=2026-07-27T00%3A17%3A34.665Z:0
[ 5179164ms] [ERROR] Failed to load resource: net::ERR_FAILED @ https://gc.kis.v2.scr.kaspersky-labs.com/7D8B79A2-8974-4D7B-A76A-F4F29624C06BOSxDTLheSV66Hsf0i1yRUXAy8NkjYorxIG_uaN1dmJ5Wvd2xA3apQXvET0QVAF1JEaoPV6BKADfMsM6k4U-tLg/init?data=eyJ1cmwiOiJodHRwczovL2FwcHN0b3JlY29ubmVjdC5hcHBsZS5jb20vYXBwcy82Nzg5OTEzMTg2L2Rpc3RyaWJ1dGlvbi9pb3MvdmVyc2lvbi9pbmZsaWdodCIsInBsdWdpbnMiOiJ3c20mY2EmdnMmd250JnVhJmFibiZhYm5fc2hhZG93JmNiIiwiZGF0YSI6eyJkYXRhIjpbeyJwbHVnaW4iOiJ3c20iLCJwYXJhbWV0ZXJzIjoie1wicmVmZXJyZXJcIjpcIlwiLFwic3R1YklkXCI6XCJcIn0ifSx7InBsdWdpbiI6IndudCIsInBhcmFtZXRlcnMiOiJ7XCJyZWZlcnJlclwiOlwiXCJ9In0seyJwbHVnaW4iOiJ1YSIsInBhcmFtZXRlcnMiOiJ7fSJ9LHsicGx1Z2luIjoiYWJuIiwicGFyYW1ldGVycyI6IntcImlzQ3NzVXJsSW5qZWN0ZWRcIjpmYWxzZX0ifSx7InBsdWdpbiI6ImFibl9zaGFkb3ciLCJwYXJhbWV0ZXJzIjoie1wiaXNDc3NVcmxJbmplY3RlZFwiOmZhbHNlfSJ9XX0sImlzVG9wTGV2ZWwiOnRydWUsInBhZ2VTdGFydFRpbWUiOjE3ODUxMDYyNzYyNjEsIm5hdmlnYXRpb25TdGFydFRpbWUiOjE3ODUxMDYyNzU1MzB9&nocache=1b03c&tm=2026-07-27T00%3A17%3A34.680Z&second=true:0
[ 5299154ms] [ERROR] Failed to load resource: net::ERR_FAILED @ https://gc.kis.v2.scr.kaspersky-labs.com/7D8B79A2-8974-4D7B-A76A-F4F29624C06BOSxDTLheSV66Hsf0i1yRUXAy8NkjYorxIG_uaN1dmJ5Wvd2xA3apQXvET0QVAF1JEaoPV6BKADfMsM6k4U-tLg/init?data=eyJ1cmwiOiJodHRwczovL2FwcHN0b3JlY29ubmVjdC5hcHBsZS5jb20vYXBwcy82Nzg5OTEzMTg2L2Rpc3RyaWJ1dGlvbi9pb3MvdmVyc2lvbi9pbmZsaWdodCIsInBsdWdpbnMiOiJ3c20mY2EmdnMmd250JnVhJmFibiZhYm5fc2hhZG93JmNiIiwiZGF0YSI6eyJkYXRhIjpbeyJwbHVnaW4iOiJ3c20iLCJwYXJhbWV0ZXJzIjoie1wicmVmZXJyZXJcIjpcIlwiLFwic3R1YklkXCI6XCJcIn0ifSx7InBsdWdpbiI6IndudCIsInBhcmFtZXRlcnMiOiJ7XCJyZWZlcnJlclwiOlwiXCJ9In0seyJwbHVnaW4iOiJ1YSIsInBhcmFtZXRlcnMiOiJ7fSJ9LHsicGx1Z2luIjoiYWJuIiwicGFyYW1ldGVycyI6IntcImlzQ3NzVXJsSW5qZWN0ZWRcIjpmYWxzZX0ifSx7InBsdWdpbiI6ImFibl9zaGFkb3ciLCJwYXJhbWV0ZXJzIjoie1wiaXNDc3NVcmxJbmplY3RlZFwiOmZhbHNlfSJ9XX0sImlzVG9wTGV2ZWwiOnRydWUsInBhZ2VTdGFydFRpbWUiOjE3ODUxMDYyNzYyNjEsIm5hdmlnYXRpb25TdGFydFRpbWUiOjE3ODUxMDYyNzU1MzB9&nocache=17894&tm=2026-07-27T00%3A19%3A34.664Z:0
[ 5299163ms] [ERROR] Failed to load resource: net::ERR_FAILED @ https://gc.kis.v2.scr.kaspersky-labs.com/7D8B79A2-8974-4D7B-A76A-F4F29624C06BOSxDTLheSV66Hsf0i1yRUXAy8NkjYorxIG_uaN1dmJ5Wvd2xA3apQXvET0QVAF1JEaoPV6BKADfMsM6k4U-tLg/init?data=eyJ1cmwiOiJodHRwczovL2FwcHN0b3JlY29ubmVjdC5hcHBsZS5jb20vYXBwcy82Nzg5OTEzMTg2L2Rpc3RyaWJ1dGlvbi9pb3MvdmVyc2lvbi9pbmZsaWdodCIsInBsdWdpbnMiOiJ3c20mY2EmdnMmd250JnVhJmFibiZhYm5fc2hhZG93JmNiIiwiZGF0YSI6eyJkYXRhIjpbeyJwbHVnaW4iOiJ3c20iLCJwYXJhbWV0ZXJzIjoie1wicmVmZXJyZXJcIjpcIlwiLFwic3R1YklkXCI6XCJcIn0ifSx7InBsdWdpbiI6IndudCIsInBhcmFtZXRlcnMiOiJ7XCJyZWZlcnJlclwiOlwiXCJ9In0seyJwbHVnaW4iOiJ1YSIsInBhcmFtZXRlcnMiOiJ7fSJ9LHsicGx1Z2luIjoiYWJuIiwicGFyYW1ldGVycyI6IntcImlzQ3NzVXJsSW5qZWN0ZWRcIjpmYWxzZX0ifSx7InBsdWdpbiI6ImFibl9zaGFkb3ciLCJwYXJhbWV0ZXJzIjoie1wiaXNDc3NVcmxJbmplY3RlZFwiOmZhbHNlfSJ9XX0sImlzVG9wTGV2ZWwiOnRydWUsInBhZ2VTdGFydFRpbWUiOjE3ODUxMDYyNzYyNjEsIm5hdmlnYXRpb25TdGFydFRpbWUiOjE3ODUxMDYyNzU1MzB9&nocache=18286&tm=2026-07-27T00%3A19%3A34.677Z&second=true:0
[ 5419157ms] [ERROR] Failed to load resource: net::ERR_FAILED @ https://gc.kis.v2.scr.kaspersky-labs.com/7D8B79A2-8974-4D7B-A76A-F4F29624C06BOSxDTLheSV66Hsf0i1yRUXAy8NkjYorxIG_uaN1dmJ5Wvd2xA3apQXvET0QVAF1JEaoPV6BKADfMsM6k4U-tLg/init?data=eyJ1cmwiOiJodHRwczovL2FwcHN0b3JlY29ubmVjdC5hcHBsZS5jb20vYXBwcy82Nzg5OTEzMTg2L2Rpc3RyaWJ1dGlvbi9pb3MvdmVyc2lvbi9pbmZsaWdodCIsInBsdWdpbnMiOiJ3c20mY2EmdnMmd250JnVhJmFibiZhYm5fc2hhZG93JmNiIiwiZGF0YSI6eyJkYXRhIjpbeyJwbHVnaW4iOiJ3c20iLCJwYXJhbWV0ZXJzIjoie1wicmVmZXJyZXJcIjpcIlwiLFwic3R1YklkXCI6XCJcIn0ifSx7InBsdWdpbiI6IndudCIsInBhcmFtZXRlcnMiOiJ7XCJyZWZlcnJlclwiOlwiXCJ9In0seyJwbHVnaW4iOiJ1YSIsInBhcmFtZXRlcnMiOiJ7fSJ9LHsicGx1Z2luIjoiYWJuIiwicGFyYW1ldGVycyI6IntcImlzQ3NzVXJsSW5qZWN0ZWRcIjpmYWxzZX0ifSx7InBsdWdpbiI6ImFibl9zaGFkb3ciLCJwYXJhbWV0ZXJzIjoie1wiaXNDc3NVcmxJbmplY3RlZFwiOmZhbHNlfSJ9XX0sImlzVG9wTGV2ZWwiOnRydWUsInBhZ2VTdGFydFRpbWUiOjE3ODUxMDYyNzYyNjEsIm5hdmlnYXRpb25TdGFydFRpbWUiOjE3ODUxMDYyNzU1MzB9&nocache=12278&tm=2026-07-27T00%3A21%3A34.667Z:0
[ 5419164ms] [ERROR] Failed to load resource: net::ERR_FAILED @ https://gc.kis.v2.scr.kaspersky-labs.com/7D8B79A2-8974-4D7B-A76A-F4F29624C06BOSxDTLheSV66Hsf0i1yRUXAy8NkjYorxIG_uaN1dmJ5Wvd2xA3apQXvET0QVAF1JEaoPV6BKADfMsM6k4U-tLg/init?data=eyJ1cmwiOiJodHRwczovL2FwcHN0b3JlY29ubmVjdC5hcHBsZS5jb20vYXBwcy82Nzg5OTEzMTg2L2Rpc3RyaWJ1dGlvbi9pb3MvdmVyc2lvbi9pbmZsaWdodCIsInBsdWdpbnMiOiJ3c20mY2EmdnMmd250JnVhJmFibiZhYm5fc2hhZG93JmNiIiwiZGF0YSI6eyJkYXRhIjpbeyJwbHVnaW4iOiJ3c20iLCJwYXJhbWV0ZXJzIjoie1wicmVmZXJyZXJcIjpcIlwiLFwic3R1YklkXCI6XCJcIn0ifSx7InBsdWdpbiI6IndudCIsInBhcmFtZXRlcnMiOiJ7XCJyZWZlcnJlclwiOlwiXCJ9In0seyJwbHVnaW4iOiJ1YSIsInBhcmFtZXRlcnMiOiJ7fSJ9LHsicGx1Z2luIjoiYWJuIiwicGFyYW1ldGVycyI6IntcImlzQ3NzVXJsSW5qZWN0ZWRcIjpmYWxzZX0ifSx7InBsdWdpbiI6ImFibl9zaGFkb3ciLCJwYXJhbWV0ZXJzIjoie1wiaXNDc3NVcmxJbmplY3RlZFwiOmZhbHNlfSJ9XX0sImlzVG9wTGV2ZWwiOnRydWUsInBhZ2VTdGFydFRpbWUiOjE3ODUxMDYyNzYyNjEsIm5hdmlnYXRpb25TdGFydFRpbWUiOjE3ODUxMDYyNzU1MzB9&nocache=196f3&tm=2026-07-27T00%3A21%3A34.679Z&second=true:0
[ 5539160ms] [ERROR] Failed to load resource: net::ERR_FAILED @ https://gc.kis.v2.scr.kaspersky-labs.com/7D8B79A2-8974-4D7B-A76A-F4F29624C06BOSxDTLheSV66Hsf0i1yRUXAy8NkjYorxIG_uaN1dmJ5Wvd2xA3apQXvET0QVAF1JEaoPV6BKADfMsM6k4U-tLg/init?data=eyJ1cmwiOiJodHRwczovL2FwcHN0b3JlY29ubmVjdC5hcHBsZS5jb20vYXBwcy82Nzg5OTEzMTg2L2Rpc3RyaWJ1dGlvbi9pb3MvdmVyc2lvbi9pbmZsaWdodCIsInBsdWdpbnMiOiJ3c20mY2EmdnMmd250JnVhJmFibiZhYm5fc2hhZG93JmNiIiwiZGF0YSI6eyJkYXRhIjpbeyJwbHVnaW4iOiJ3c20iLCJwYXJhbWV0ZXJzIjoie1wicmVmZXJyZXJcIjpcIlwiLFwic3R1YklkXCI6XCJcIn0ifSx7InBsdWdpbiI6IndudCIsInBhcmFtZXRlcnMiOiJ7XCJyZWZlcnJlclwiOlwiXCJ9In0seyJwbHVnaW4iOiJ1YSIsInBhcmFtZXRlcnMiOiJ7fSJ9LHsicGx1Z2luIjoiYWJuIiwicGFyYW1ldGVycyI6IntcImlzQ3NzVXJsSW5qZWN0ZWRcIjpmYWxzZX0ifSx7InBsdWdpbiI6ImFibl9zaGFkb3ciLCJwYXJhbWV0ZXJzIjoie1wiaXNDc3NVcmxJbmplY3RlZFwiOmZhbHNlfSJ9XX0sImlzVG9wTGV2ZWwiOnRydWUsInBhZ2VTdGFydFRpbWUiOjE3ODUxMDYyNzYyNjEsIm5hdmlnYXRpb25TdGFydFRpbWUiOjE3ODUxMDYyNzU1MzB9&nocache=1fed9&tm=2026-07-27T00%3A23%3A34.670Z:0
[ 5539167ms] [ERROR] Failed to load resource: net::ERR_FAILED @ https://gc.kis.v2.scr.kaspersky-labs.com/7D8B79A2-8974-4D7B-A76A-F4F29624C06BOSxDTLheSV66Hsf0i1yRUXAy8NkjYorxIG_uaN1dmJ5Wvd2xA3apQXvET0QVAF1JEaoPV6BKADfMsM6k4U-tLg/init?data=eyJ1cmwiOiJodHRwczovL2FwcHN0b3JlY29ubmVjdC5hcHBsZS5jb20vYXBwcy82Nzg5OTEzMTg2L2Rpc3RyaWJ1dGlvbi9pb3MvdmVyc2lvbi9pbmZsaWdodCIsInBsdWdpbnMiOiJ3c20mY2EmdnMmd250JnVhJmFibiZhYm5fc2hhZG93JmNiIiwiZGF0YSI6eyJkYXRhIjpbeyJwbHVnaW4iOiJ3c20iLCJwYXJhbWV0ZXJzIjoie1wicmVmZXJyZXJcIjpcIlwiLFwic3R1YklkXCI6XCJcIn0ifSx7InBsdWdpbiI6IndudCIsInBhcmFtZXRlcnMiOiJ7XCJyZWZlcnJlclwiOlwiXCJ9In0seyJwbHVnaW4iOiJ1YSIsInBhcmFtZXRlcnMiOiJ7fSJ9LHsicGx1Z2luIjoiYWJuIiwicGFyYW1ldGVycyI6IntcImlzQ3NzVXJsSW5qZWN0ZWRcIjpmYWxzZX0ifSx7InBsdWdpbiI6ImFibl9zaGFkb3ciLCJwYXJhbWV0ZXJzIjoie1wiaXNDc3NVcmxJbmplY3RlZFwiOmZhbHNlfSJ9XX0sImlzVG9wTGV2ZWwiOnRydWUsInBhZ2VTdGFydFRpbWUiOjE3ODUxMDYyNzYyNjEsIm5hdmlnYXRpb25TdGFydFRpbWUiOjE3ODUxMDYyNzU1MzB9&nocache=1eeea&tm=2026-07-27T00%3A23%3A34.682Z&second=true:0
[ 5659142ms] [ERROR] Failed to load resource: net::ERR_FAILED @ https://gc.kis.v2.scr.kaspersky-labs.com/7D8B79A2-8974-4D7B-A76A-F4F29624C06BOSxDTLheSV66Hsf0i1yRUXAy8NkjYorxIG_uaN1dmJ5Wvd2xA3apQXvET0QVAF1JEaoPV6BKADfMsM6k4U-tLg/init?data=eyJ1cmwiOiJodHRwczovL2FwcHN0b3JlY29ubmVjdC5hcHBsZS5jb20vYXBwcy82Nzg5OTEzMTg2L2Rpc3RyaWJ1dGlvbi9pb3MvdmVyc2lvbi9pbmZsaWdodCIsInBsdWdpbnMiOiJ3c20mY2EmdnMmd250JnVhJmFibiZhYm5fc2hhZG93JmNiIiwiZGF0YSI6eyJkYXRhIjpbeyJwbHVnaW4iOiJ3c20iLCJwYXJhbWV0ZXJzIjoie1wicmVmZXJyZXJcIjpcIlwiLFwic3R1YklkXCI6XCJcIn0ifSx7InBsdWdpbiI6IndudCIsInBhcmFtZXRlcnMiOiJ7XCJyZWZlcnJlclwiOlwiXCJ9In0seyJwbHVnaW4iOiJ1YSIsInBhcmFtZXRlcnMiOiJ7fSJ9LHsicGx1Z2luIjoiYWJuIiwicGFyYW1ldGVycyI6IntcImlzQ3NzVXJsSW5qZWN0ZWRcIjpmYWxzZX0ifSx7InBsdWdpbiI6ImFibl9zaGFkb3ciLCJwYXJhbWV0ZXJzIjoie1wiaXNDc3NVcmxJbmplY3RlZFwiOmZhbHNlfSJ9XX0sImlzVG9wTGV2ZWwiOnRydWUsInBhZ2VTdGFydFRpbWUiOjE3ODUxMDYyNzYyNjEsIm5hdmlnYXRpb25TdGFydFRpbWUiOjE3ODUxMDYyNzU1MzB9&nocache=1de91&tm=2026-07-27T00%3A25%3A34.655Z:0
[ 5659147ms] [ERROR] Failed to load resource: net::ERR_FAILED @ https://gc.kis.v2.scr.kaspersky-labs.com/7D8B79A2-8974-4D7B-A76A-F4F29624C06BOSxDTLheSV66Hsf0i1yRUXAy8NkjYorxIG_uaN1dmJ5Wvd2xA3apQXvET0QVAF1JEaoPV6BKADfMsM6k4U-tLg/init?data=eyJ1cmwiOiJodHRwczovL2FwcHN0b3JlY29ubmVjdC5hcHBsZS5jb20vYXBwcy82Nzg5OTEzMTg2L2Rpc3RyaWJ1dGlvbi9pb3MvdmVyc2lvbi9pbmZsaWdodCIsInBsdWdpbnMiOiJ3c20mY2EmdnMmd250JnVhJmFibiZhYm5fc2hhZG93JmNiIiwiZGF0YSI6eyJkYXRhIjpbeyJwbHVnaW4iOiJ3c20iLCJwYXJhbWV0ZXJzIjoie1wicmVmZXJyZXJcIjpcIlwiLFwic3R1YklkXCI6XCJcIn0ifSx7InBsdWdpbiI6IndudCIsInBhcmFtZXRlcnMiOiJ7XCJyZWZlcnJlclwiOlwiXCJ9In0seyJwbHVnaW4iOiJ1YSIsInBhcmFtZXRlcnMiOiJ7fSJ9LHsicGx1Z2luIjoiYWJuIiwicGFyYW1ldGVycyI6IntcImlzQ3NzVXJsSW5qZWN0ZWRcIjpmYWxzZX0ifSx7InBsdWdpbiI6ImFibl9zaGFkb3ciLCJwYXJhbWV0ZXJzIjoie1wiaXNDc3NVcmxJbmplY3RlZFwiOmZhbHNlfSJ9XX0sImlzVG9wTGV2ZWwiOnRydWUsInBhZ2VTdGFydFRpbWUiOjE3ODUxMDYyNzYyNjEsIm5hdmlnYXRpb25TdGFydFRpbWUiOjE3ODUxMDYyNzU1MzB9&nocache=1d43f&tm=2026-07-27T00%3A25%3A34.664Z&second=true:0
[ 5779142ms] [ERROR] Failed to load resource: net::ERR_FAILED @ https://gc.kis.v2.scr.kaspersky-labs.com/7D8B79A2-8974-4D7B-A76A-F4F29624C06BOSxDTLheSV66Hsf0i1yRUXAy8NkjYorxIG_uaN1dmJ5Wvd2xA3apQXvET0QVAF1JEaoPV6BKADfMsM6k4U-tLg/init?data=eyJ1cmwiOiJodHRwczovL2FwcHN0b3JlY29ubmVjdC5hcHBsZS5jb20vYXBwcy82Nzg5OTEzMTg2L2Rpc3RyaWJ1dGlvbi9pb3MvdmVyc2lvbi9pbmZsaWdodCIsInBsdWdpbnMiOiJ3c20mY2EmdnMmd250JnVhJmFibiZhYm5fc2hhZG93JmNiIiwiZGF0YSI6eyJkYXRhIjpbeyJwbHVnaW4iOiJ3c20iLCJwYXJhbWV0ZXJzIjoie1wicmVmZXJyZXJcIjpcIlwiLFwic3R1YklkXCI6XCJcIn0ifSx7InBsdWdpbiI6IndudCIsInBhcmFtZXRlcnMiOiJ7XCJyZWZlcnJlclwiOlwiXCJ9In0seyJwbHVnaW4iOiJ1YSIsInBhcmFtZXRlcnMiOiJ7fSJ9LHsicGx1Z2luIjoiYWJuIiwicGFyYW1ldGVycyI6IntcImlzQ3NzVXJsSW5qZWN0ZWRcIjpmYWxzZX0ifSx7InBsdWdpbiI6ImFibl9zaGFkb3ciLCJwYXJhbWV0ZXJzIjoie1wiaXNDc3NVcmxJbmplY3RlZFwiOmZhbHNlfSJ9XX0sImlzVG9wTGV2ZWwiOnRydWUsInBhZ2VTdGFydFRpbWUiOjE3ODUxMDYyNzYyNjEsIm5hdmlnYXRpb25TdGFydFRpbWUiOjE3ODUxMDYyNzU1MzB9&nocache=18879&tm=2026-07-27T00%3A27%3A34.656Z:0
[ 5779146ms] [ERROR] Failed to load resource: net::ERR_FAILED @ https://gc.kis.v2.scr.kaspersky-labs.com/7D8B79A2-8974-4D7B-A76A-F4F29624C06BOSxDTLheSV66Hsf0i1yRUXAy8NkjYorxIG_uaN1dmJ5Wvd2xA3apQXvET0QVAF1JEaoPV6BKADfMsM6k4U-tLg/init?data=eyJ1cmwiOiJodHRwczovL2FwcHN0b3JlY29ubmVjdC5hcHBsZS5jb20vYXBwcy82Nzg5OTEzMTg2L2Rpc3RyaWJ1dGlvbi9pb3MvdmVyc2lvbi9pbmZsaWdodCIsInBsdWdpbnMiOiJ3c20mY2EmdnMmd250JnVhJmFibiZhYm5fc2hhZG93JmNiIiwiZGF0YSI6eyJkYXRhIjpbeyJwbHVnaW4iOiJ3c20iLCJwYXJhbWV0ZXJzIjoie1wicmVmZXJyZXJcIjpcIlwiLFwic3R1YklkXCI6XCJcIn0ifSx7InBsdWdpbiI6IndudCIsInBhcmFtZXRlcnMiOiJ7XCJyZWZlcnJlclwiOlwiXCJ9In0seyJwbHVnaW4iOiJ1YSIsInBhcmFtZXRlcnMiOiJ7fSJ9LHsicGx1Z2luIjoiYWJuIiwicGFyYW1ldGVycyI6IntcImlzQ3NzVXJsSW5qZWN0ZWRcIjpmYWxzZX0ifSx7InBsdWdpbiI6ImFibl9zaGFkb3ciLCJwYXJhbWV0ZXJzIjoie1wiaXNDc3NVcmxJbmplY3RlZFwiOmZhbHNlfSJ9XX0sImlzVG9wTGV2ZWwiOnRydWUsInBhZ2VTdGFydFRpbWUiOjE3ODUxMDYyNzYyNjEsIm5hdmlnYXRpb25TdGFydFRpbWUiOjE3ODUxMDYyNzU1MzB9&nocache=1337c&tm=2026-07-27T00%3A27%3A34.664Z&second=true:0
[ 5899157ms] [ERROR] Failed to load resource: net::ERR_FAILED @ https://gc.kis.v2.scr.kaspersky-labs.com/7D8B79A2-8974-4D7B-A76A-F4F29624C06BOSxDTLheSV66Hsf0i1yRUXAy8NkjYorxIG_uaN1dmJ5Wvd2xA3apQXvET0QVAF1JEaoPV6BKADfMsM6k4U-tLg/init?data=eyJ1cmwiOiJodHRwczovL2FwcHN0b3JlY29ubmVjdC5hcHBsZS5jb20vYXBwcy82Nzg5OTEzMTg2L2Rpc3RyaWJ1dGlvbi9pb3MvdmVyc2lvbi9pbmZsaWdodCIsInBsdWdpbnMiOiJ3c20mY2EmdnMmd250JnVhJmFibiZhYm5fc2hhZG93JmNiIiwiZGF0YSI6eyJkYXRhIjpbeyJwbHVnaW4iOiJ3c20iLCJwYXJhbWV0ZXJzIjoie1wicmVmZXJyZXJcIjpcIlwiLFwic3R1YklkXCI6XCJcIn0ifSx7InBsdWdpbiI6IndudCIsInBhcmFtZXRlcnMiOiJ7XCJyZWZlcnJlclwiOlwiXCJ9In0seyJwbHVnaW4iOiJ1YSIsInBhcmFtZXRlcnMiOiJ7fSJ9LHsicGx1Z2luIjoiYWJuIiwicGFyYW1ldGVycyI6IntcImlzQ3NzVXJsSW5qZWN0ZWRcIjpmYWxzZX0ifSx7InBsdWdpbiI6ImFibl9zaGFkb3ciLCJwYXJhbWV0ZXJzIjoie1wiaXNDc3NVcmxJbmplY3RlZFwiOmZhbHNlfSJ9XX0sImlzVG9wTGV2ZWwiOnRydWUsInBhZ2VTdGFydFRpbWUiOjE3ODUxMDYyNzYyNjEsIm5hdmlnYXRpb25TdGFydFRpbWUiOjE3ODUxMDYyNzU1MzB9&nocache=1bfdc&tm=2026-07-27T00%3A29%3A34.670Z:0
[ 5899163ms] [ERROR] Failed to load resource: net::ERR_FAILED @ https://gc.kis.v2.scr.kaspersky-labs.com/7D8B79A2-8974-4D7B-A76A-F4F29624C06BOSxDTLheSV66Hsf0i1yRUXAy8NkjYorxIG_uaN1dmJ5Wvd2xA3apQXvET0QVAF1JEaoPV6BKADfMsM6k4U-tLg/init?data=eyJ1cmwiOiJodHRwczovL2FwcHN0b3JlY29ubmVjdC5hcHBsZS5jb20vYXBwcy82Nzg5OTEzMTg2L2Rpc3RyaWJ1dGlvbi9pb3MvdmVyc2lvbi9pbmZsaWdodCIsInBsdWdpbnMiOiJ3c20mY2EmdnMmd250JnVhJmFibiZhYm5fc2hhZG93JmNiIiwiZGF0YSI6eyJkYXRhIjpbeyJwbHVnaW4iOiJ3c20iLCJwYXJhbWV0ZXJzIjoie1wicmVmZXJyZXJcIjpcIlwiLFwic3R1YklkXCI6XCJcIn0ifSx7InBsdWdpbiI6IndudCIsInBhcmFtZXRlcnMiOiJ7XCJyZWZlcnJlclwiOlwiXCJ9In0seyJwbHVnaW4iOiJ1YSIsInBhcmFtZXRlcnMiOiJ7fSJ9LHsicGx1Z2luIjoiYWJuIiwicGFyYW1ldGVycyI6IntcImlzQ3NzVXJsSW5qZWN0ZWRcIjpmYWxzZX0ifSx7InBsdWdpbiI6ImFibl9zaGFkb3ciLCJwYXJhbWV0ZXJzIjoie1wiaXNDc3NVcmxJbmplY3RlZFwiOmZhbHNlfSJ9XX0sImlzVG9wTGV2ZWwiOnRydWUsInBhZ2VTdGFydFRpbWUiOjE3ODUxMDYyNzYyNjEsIm5hdmlnYXRpb25TdGFydFRpbWUiOjE3ODUxMDYyNzU1MzB9&nocache=18614&tm=2026-07-27T00%3A29%3A34.679Z&second=true:0
[ 6019155ms] [ERROR] Failed to load resource: net::ERR_FAILED @ https://gc.kis.v2.scr.kaspersky-labs.com/7D8B79A2-8974-4D7B-A76A-F4F29624C06BOSxDTLheSV66Hsf0i1yRUXAy8NkjYorxIG_uaN1dmJ5Wvd2xA3apQXvET0QVAF1JEaoPV6BKADfMsM6k4U-tLg/init?data=eyJ1cmwiOiJodHRwczovL2FwcHN0b3JlY29ubmVjdC5hcHBsZS5jb20vYXBwcy82Nzg5OTEzMTg2L2Rpc3RyaWJ1dGlvbi9pb3MvdmVyc2lvbi9pbmZsaWdodCIsInBsdWdpbnMiOiJ3c20mY2EmdnMmd250JnVhJmFibiZhYm5fc2hhZG93JmNiIiwiZGF0YSI6eyJkYXRhIjpbeyJwbHVnaW4iOiJ3c20iLCJwYXJhbWV0ZXJzIjoie1wicmVmZXJyZXJcIjpcIlwiLFwic3R1YklkXCI6XCJcIn0ifSx7InBsdWdpbiI6IndudCIsInBhcmFtZXRlcnMiOiJ7XCJyZWZlcnJlclwiOlwiXCJ9In0seyJwbHVnaW4iOiJ1YSIsInBhcmFtZXRlcnMiOiJ7fSJ9LHsicGx1Z2luIjoiYWJuIiwicGFyYW1ldGVycyI6IntcImlzQ3NzVXJsSW5qZWN0ZWRcIjpmYWxzZX0ifSx7InBsdWdpbiI6ImFibl9zaGFkb3ciLCJwYXJhbWV0ZXJzIjoie1wiaXNDc3NVcmxJbmplY3RlZFwiOmZhbHNlfSJ9XX0sImlzVG9wTGV2ZWwiOnRydWUsInBhZ2VTdGFydFRpbWUiOjE3ODUxMDYyNzYyNjEsIm5hdmlnYXRpb25TdGFydFRpbWUiOjE3ODUxMDYyNzU1MzB9&nocache=17443&tm=2026-07-27T00%3A31%3A34.659Z:0
[ 6019163ms] [ERROR] Failed to load resource: net::ERR_FAILED @ https://gc.kis.v2.scr.kaspersky-labs.com/7D8B79A2-8974-4D7B-A76A-F4F29624C06BOSxDTLheSV66Hsf0i1yRUXAy8NkjYorxIG_uaN1dmJ5Wvd2xA3apQXvET0QVAF1JEaoPV6BKADfMsM6k4U-tLg/init?data=eyJ1cmwiOiJodHRwczovL2FwcHN0b3JlY29ubmVjdC5hcHBsZS5jb20vYXBwcy82Nzg5OTEzMTg2L2Rpc3RyaWJ1dGlvbi9pb3MvdmVyc2lvbi9pbmZsaWdodCIsInBsdWdpbnMiOiJ3c20mY2EmdnMmd250JnVhJmFibiZhYm5fc2hhZG93JmNiIiwiZGF0YSI6eyJkYXRhIjpbeyJwbHVnaW4iOiJ3c20iLCJwYXJhbWV0ZXJzIjoie1wicmVmZXJyZXJcIjpcIlwiLFwic3R1YklkXCI6XCJcIn0ifSx7InBsdWdpbiI6IndudCIsInBhcmFtZXRlcnMiOiJ7XCJyZWZlcnJlclwiOlwiXCJ9In0seyJwbHVnaW4iOiJ1YSIsInBhcmFtZXRlcnMiOiJ7fSJ9LHsicGx1Z2luIjoiYWJuIiwicGFyYW1ldGVycyI6IntcImlzQ3NzVXJsSW5qZWN0ZWRcIjpmYWxzZX0ifSx7InBsdWdpbiI6ImFibl9zaGFkb3ciLCJwYXJhbWV0ZXJzIjoie1wiaXNDc3NVcmxJbmplY3RlZFwiOmZhbHNlfSJ9XX0sImlzVG9wTGV2ZWwiOnRydWUsInBhZ2VTdGFydFRpbWUiOjE3ODUxMDYyNzYyNjEsIm5hdmlnYXRpb25TdGFydFRpbWUiOjE3ODUxMDYyNzU1MzB9&nocache=19540&tm=2026-07-27T00%3A31%3A34.677Z&second=true:0
[ 6139166ms] [ERROR] Failed to load resource: net::ERR_FAILED @ https://gc.kis.v2.scr.kaspersky-labs.com/7D8B79A2-8974-4D7B-A76A-F4F29624C06BOSxDTLheSV66Hsf0i1yRUXAy8NkjYorxIG_uaN1dmJ5Wvd2xA3apQXvET0QVAF1JEaoPV6BKADfMsM6k4U-tLg/init?data=eyJ1cmwiOiJodHRwczovL2FwcHN0b3JlY29ubmVjdC5hcHBsZS5jb20vYXBwcy82Nzg5OTEzMTg2L2Rpc3RyaWJ1dGlvbi9pb3MvdmVyc2lvbi9pbmZsaWdodCIsInBsdWdpbnMiOiJ3c20mY2EmdnMmd250JnVhJmFibiZhYm5fc2hhZG93JmNiIiwiZGF0YSI6eyJkYXRhIjpbeyJwbHVnaW4iOiJ3c20iLCJwYXJhbWV0ZXJzIjoie1wicmVmZXJyZXJcIjpcIlwiLFwic3R1YklkXCI6XCJcIn0ifSx7InBsdWdpbiI6IndudCIsInBhcmFtZXRlcnMiOiJ7XCJyZWZlcnJlclwiOlwiXCJ9In0seyJwbHVnaW4iOiJ1YSIsInBhcmFtZXRlcnMiOiJ7fSJ9LHsicGx1Z2luIjoiYWJuIiwicGFyYW1ldGVycyI6IntcImlzQ3NzVXJsSW5qZWN0ZWRcIjpmYWxzZX0ifSx7InBsdWdpbiI6ImFibl9zaGFkb3ciLCJwYXJhbWV0ZXJzIjoie1wiaXNDc3NVcmxJbmplY3RlZFwiOmZhbHNlfSJ9XX0sImlzVG9wTGV2ZWwiOnRydWUsInBhZ2VTdGFydFRpbWUiOjE3ODUxMDYyNzYyNjEsIm5hdmlnYXRpb25TdGFydFRpbWUiOjE3ODUxMDYyNzU1MzB9&nocache=1fb96&tm=2026-07-27T00%3A33%3A34.663Z:0
[ 6139171ms] [ERROR] Failed to load resource: net::ERR_FAILED @ https://gc.kis.v2.scr.kaspersky-labs.com/7D8B79A2-8974-4D7B-A76A-F4F29624C06BOSxDTLheSV66Hsf0i1yRUXAy8NkjYorxIG_uaN1dmJ5Wvd2xA3apQXvET0QVAF1JEaoPV6BKADfMsM6k4U-tLg/init?data=eyJ1cmwiOiJodHRwczovL2FwcHN0b3JlY29ubmVjdC5hcHBsZS5jb20vYXBwcy82Nzg5OTEzMTg2L2Rpc3RyaWJ1dGlvbi9pb3MvdmVyc2lvbi9pbmZsaWdodCIsInBsdWdpbnMiOiJ3c20mY2EmdnMmd250JnVhJmFibiZhYm5fc2hhZG93JmNiIiwiZGF0YSI6eyJkYXRhIjpbeyJwbHVnaW4iOiJ3c20iLCJwYXJhbWV0ZXJzIjoie1wicmVmZXJyZXJcIjpcIlwiLFwic3R1YklkXCI6XCJcIn0ifSx7InBsdWdpbiI6IndudCIsInBhcmFtZXRlcnMiOiJ7XCJyZWZlcnJlclwiOlwiXCJ9In0seyJwbHVnaW4iOiJ1YSIsInBhcmFtZXRlcnMiOiJ7fSJ9LHsicGx1Z2luIjoiYWJuIiwicGFyYW1ldGVycyI6IntcImlzQ3NzVXJsSW5qZWN0ZWRcIjpmYWxzZX0ifSx7InBsdWdpbiI6ImFibl9zaGFkb3ciLCJwYXJhbWV0ZXJzIjoie1wiaXNDc3NVcmxJbmplY3RlZFwiOmZhbHNlfSJ9XX0sImlzVG9wTGV2ZWwiOnRydWUsInBhZ2VTdGFydFRpbWUiOjE3ODUxMDYyNzYyNjEsIm5hdmlnYXRpb25TdGFydFRpbWUiOjE3ODUxMDYyNzU1MzB9&nocache=1ddf4&tm=2026-07-27T00%3A33%3A34.688Z&second=true:0
[ 6259148ms] [ERROR] Failed to load resource: net::ERR_FAILED @ https://gc.kis.v2.scr.kaspersky-labs.com/7D8B79A2-8974-4D7B-A76A-F4F29624C06BOSxDTLheSV66Hsf0i1yRUXAy8NkjYorxIG_uaN1dmJ5Wvd2xA3apQXvET0QVAF1JEaoPV6BKADfMsM6k4U-tLg/init?data=eyJ1cmwiOiJodHRwczovL2FwcHN0b3JlY29ubmVjdC5hcHBsZS5jb20vYXBwcy82Nzg5OTEzMTg2L2Rpc3RyaWJ1dGlvbi9pb3MvdmVyc2lvbi9pbmZsaWdodCIsInBsdWdpbnMiOiJ3c20mY2EmdnMmd250JnVhJmFibiZhYm5fc2hhZG93JmNiIiwiZGF0YSI6eyJkYXRhIjpbeyJwbHVnaW4iOiJ3c20iLCJwYXJhbWV0ZXJzIjoie1wicmVmZXJyZXJcIjpcIlwiLFwic3R1YklkXCI6XCJcIn0ifSx7InBsdWdpbiI6IndudCIsInBhcmFtZXRlcnMiOiJ7XCJyZWZlcnJlclwiOlwiXCJ9In0seyJwbHVnaW4iOiJ1YSIsInBhcmFtZXRlcnMiOiJ7fSJ9LHsicGx1Z2luIjoiYWJuIiwicGFyYW1ldGVycyI6IntcImlzQ3NzVXJsSW5qZWN0ZWRcIjpmYWxzZX0ifSx7InBsdWdpbiI6ImFibl9zaGFkb3ciLCJwYXJhbWV0ZXJzIjoie1wiaXNDc3NVcmxJbmplY3RlZFwiOmZhbHNlfSJ9XX0sImlzVG9wTGV2ZWwiOnRydWUsInBhZ2VTdGFydFRpbWUiOjE3ODUxMDYyNzYyNjEsIm5hdmlnYXRpb25TdGFydFRpbWUiOjE3ODUxMDYyNzU1MzB9&nocache=1f957&tm=2026-07-27T00%3A35%3A34.654Z:0
[ 6259156ms] [ERROR] Failed to load resource: net::ERR_FAILED @ https://gc.kis.v2.scr.kaspersky-labs.com/7D8B79A2-8974-4D7B-A76A-F4F29624C06BOSxDTLheSV66Hsf0i1yRUXAy8NkjYorxIG_uaN1dmJ5Wvd2xA3apQXvET0QVAF1JEaoPV6BKADfMsM6k4U-tLg/init?data=eyJ1cmwiOiJodHRwczovL2FwcHN0b3JlY29ubmVjdC5hcHBsZS5jb20vYXBwcy82Nzg5OTEzMTg2L2Rpc3RyaWJ1dGlvbi9pb3MvdmVyc2lvbi9pbmZsaWdodCIsInBsdWdpbnMiOiJ3c20mY2EmdnMmd250JnVhJmFibiZhYm5fc2hhZG93JmNiIiwiZGF0YSI6eyJkYXRhIjpbeyJwbHVnaW4iOiJ3c20iLCJwYXJhbWV0ZXJzIjoie1wicmVmZXJyZXJcIjpcIlwiLFwic3R1YklkXCI6XCJcIn0ifSx7InBsdWdpbiI6IndudCIsInBhcmFtZXRlcnMiOiJ7XCJyZWZlcnJlclwiOlwiXCJ9In0seyJwbHVnaW4iOiJ1YSIsInBhcmFtZXRlcnMiOiJ7fSJ9LHsicGx1Z2luIjoiYWJuIiwicGFyYW1ldGVycyI6IntcImlzQ3NzVXJsSW5qZWN0ZWRcIjpmYWxzZX0ifSx7InBsdWdpbiI6ImFibl9zaGFkb3ciLCJwYXJhbWV0ZXJzIjoie1wiaXNDc3NVcmxJbmplY3RlZFwiOmZhbHNlfSJ9XX0sImlzVG9wTGV2ZWwiOnRydWUsInBhZ2VTdGFydFRpbWUiOjE3ODUxMDYyNzYyNjEsIm5hdmlnYXRpb25TdGFydFRpbWUiOjE3ODUxMDYyNzU1MzB9&nocache=1eb65&tm=2026-07-27T00%3A35%3A34.670Z&second=true:0
[ 6379144ms] [ERROR] Failed to load resource: net::ERR_FAILED @ https://gc.kis.v2.scr.kaspersky-labs.com/7D8B79A2-8974-4D7B-A76A-F4F29624C06BOSxDTLheSV66Hsf0i1yRUXAy8NkjYorxIG_uaN1dmJ5Wvd2xA3apQXvET0QVAF1JEaoPV6BKADfMsM6k4U-tLg/init?data=eyJ1cmwiOiJodHRwczovL2FwcHN0b3JlY29ubmVjdC5hcHBsZS5jb20vYXBwcy82Nzg5OTEzMTg2L2Rpc3RyaWJ1dGlvbi9pb3MvdmVyc2lvbi9pbmZsaWdodCIsInBsdWdpbnMiOiJ3c20mY2EmdnMmd250JnVhJmFibiZhYm5fc2hhZG93JmNiIiwiZGF0YSI6eyJkYXRhIjpbeyJwbHVnaW4iOiJ3c20iLCJwYXJhbWV0ZXJzIjoie1wicmVmZXJyZXJcIjpcIlwiLFwic3R1YklkXCI6XCJcIn0ifSx7InBsdWdpbiI6IndudCIsInBhcmFtZXRlcnMiOiJ7XCJyZWZlcnJlclwiOlwiXCJ9In0seyJwbHVnaW4iOiJ1YSIsInBhcmFtZXRlcnMiOiJ7fSJ9LHsicGx1Z2luIjoiYWJuIiwicGFyYW1ldGVycyI6IntcImlzQ3NzVXJsSW5qZWN0ZWRcIjpmYWxzZX0ifSx7InBsdWdpbiI6ImFibl9zaGFkb3ciLCJwYXJhbWV0ZXJzIjoie1wiaXNDc3NVcmxJbmplY3RlZFwiOmZhbHNlfSJ9XX0sImlzVG9wTGV2ZWwiOnRydWUsInBhZ2VTdGFydFRpbWUiOjE3ODUxMDYyNzYyNjEsIm5hdmlnYXRpb25TdGFydFRpbWUiOjE3ODUxMDYyNzU1MzB9&nocache=10f05&tm=2026-07-27T00%3A37%3A34.658Z:0
[ 6379149ms] [ERROR] Failed to load resource: net::ERR_FAILED @ https://gc.kis.v2.scr.kaspersky-labs.com/7D8B79A2-8974-4D7B-A76A-F4F29624C06BOSxDTLheSV66Hsf0i1yRUXAy8NkjYorxIG_uaN1dmJ5Wvd2xA3apQXvET0QVAF1JEaoPV6BKADfMsM6k4U-tLg/init?data=eyJ1cmwiOiJodHRwczovL2FwcHN0b3JlY29ubmVjdC5hcHBsZS5jb20vYXBwcy82Nzg5OTEzMTg2L2Rpc3RyaWJ1dGlvbi9pb3MvdmVyc2lvbi9pbmZsaWdodCIsInBsdWdpbnMiOiJ3c20mY2EmdnMmd250JnVhJmFibiZhYm5fc2hhZG93JmNiIiwiZGF0YSI6eyJkYXRhIjpbeyJwbHVnaW4iOiJ3c20iLCJwYXJhbWV0ZXJzIjoie1wicmVmZXJyZXJcIjpcIlwiLFwic3R1YklkXCI6XCJcIn0ifSx7InBsdWdpbiI6IndudCIsInBhcmFtZXRlcnMiOiJ7XCJyZWZlcnJlclwiOlwiXCJ9In0seyJwbHVnaW4iOiJ1YSIsInBhcmFtZXRlcnMiOiJ7fSJ9LHsicGx1Z2luIjoiYWJuIiwicGFyYW1ldGVycyI6IntcImlzQ3NzVXJsSW5qZWN0ZWRcIjpmYWxzZX0ifSx7InBsdWdpbiI6ImFibl9zaGFkb3ciLCJwYXJhbWV0ZXJzIjoie1wiaXNDc3NVcmxJbmplY3RlZFwiOmZhbHNlfSJ9XX0sImlzVG9wTGV2ZWwiOnRydWUsInBhZ2VTdGFydFRpbWUiOjE3ODUxMDYyNzYyNjEsIm5hdmlnYXRpb25TdGFydFRpbWUiOjE3ODUxMDYyNzU1MzB9&nocache=15c97&tm=2026-07-27T00%3A37%3A34.666Z&second=true:0
[ 6499171ms] [ERROR] Failed to load resource: net::ERR_FAILED @ https://gc.kis.v2.scr.kaspersky-labs.com/7D8B79A2-8974-4D7B-A76A-F4F29624C06BOSxDTLheSV66Hsf0i1yRUXAy8NkjYorxIG_uaN1dmJ5Wvd2xA3apQXvET0QVAF1JEaoPV6BKADfMsM6k4U-tLg/init?data=eyJ1cmwiOiJodHRwczovL2FwcHN0b3JlY29ubmVjdC5hcHBsZS5jb20vYXBwcy82Nzg5OTEzMTg2L2Rpc3RyaWJ1dGlvbi9pb3MvdmVyc2lvbi9pbmZsaWdodCIsInBsdWdpbnMiOiJ3c20mY2EmdnMmd250JnVhJmFibiZhYm5fc2hhZG93JmNiIiwiZGF0YSI6eyJkYXRhIjpbeyJwbHVnaW4iOiJ3c20iLCJwYXJhbWV0ZXJzIjoie1wicmVmZXJyZXJcIjpcIlwiLFwic3R1YklkXCI6XCJcIn0ifSx7InBsdWdpbiI6IndudCIsInBhcmFtZXRlcnMiOiJ7XCJyZWZlcnJlclwiOlwiXCJ9In0seyJwbHVnaW4iOiJ1YSIsInBhcmFtZXRlcnMiOiJ7fSJ9LHsicGx1Z2luIjoiYWJuIiwicGFyYW1ldGVycyI6IntcImlzQ3NzVXJsSW5qZWN0ZWRcIjpmYWxzZX0ifSx7InBsdWdpbiI6ImFibl9zaGFkb3ciLCJwYXJhbWV0ZXJzIjoie1wiaXNDc3NVcmxJbmplY3RlZFwiOmZhbHNlfSJ9XX0sImlzVG9wTGV2ZWwiOnRydWUsInBhZ2VTdGFydFRpbWUiOjE3ODUxMDYyNzYyNjEsIm5hdmlnYXRpb25TdGFydFRpbWUiOjE3ODUxMDYyNzU1MzB9&nocache=122cd&tm=2026-07-27T00%3A39%3A34.667Z:0
[ 6499176ms] [ERROR] Failed to load resource: net::ERR_FAILED @ https://gc.kis.v2.scr.kaspersky-labs.com/7D8B79A2-8974-4D7B-A76A-F4F29624C06BOSxDTLheSV66Hsf0i1yRUXAy8NkjYorxIG_uaN1dmJ5Wvd2xA3apQXvET0QVAF1JEaoPV6BKADfMsM6k4U-tLg/init?data=eyJ1cmwiOiJodHRwczovL2FwcHN0b3JlY29ubmVjdC5hcHBsZS5jb20vYXBwcy82Nzg5OTEzMTg2L2Rpc3RyaWJ1dGlvbi9pb3MvdmVyc2lvbi9pbmZsaWdodCIsInBsdWdpbnMiOiJ3c20mY2EmdnMmd250JnVhJmFibiZhYm5fc2hhZG93JmNiIiwiZGF0YSI6eyJkYXRhIjpbeyJwbHVnaW4iOiJ3c20iLCJwYXJhbWV0ZXJzIjoie1wicmVmZXJyZXJcIjpcIlwiLFwic3R1YklkXCI6XCJcIn0ifSx7InBsdWdpbiI6IndudCIsInBhcmFtZXRlcnMiOiJ7XCJyZWZlcnJlclwiOlwiXCJ9In0seyJwbHVnaW4iOiJ1YSIsInBhcmFtZXRlcnMiOiJ7fSJ9LHsicGx1Z2luIjoiYWJuIiwicGFyYW1ldGVycyI6IntcImlzQ3NzVXJsSW5qZWN0ZWRcIjpmYWxzZX0ifSx7InBsdWdpbiI6ImFibl9zaGFkb3ciLCJwYXJhbWV0ZXJzIjoie1wiaXNDc3NVcmxJbmplY3RlZFwiOmZhbHNlfSJ9XX0sImlzVG9wTGV2ZWwiOnRydWUsInBhZ2VTdGFydFRpbWUiOjE3ODUxMDYyNzYyNjEsIm5hdmlnYXRpb25TdGFydFRpbWUiOjE3ODUxMDYyNzU1MzB9&nocache=1a550&tm=2026-07-27T00%3A39%3A34.693Z&second=true:0
[ 6619150ms] [ERROR] Failed to load resource: net::ERR_FAILED @ https://gc.kis.v2.scr.kaspersky-labs.com/7D8B79A2-8974-4D7B-A76A-F4F29624C06BOSxDTLheSV66Hsf0i1yRUXAy8NkjYorxIG_uaN1dmJ5Wvd2xA3apQXvET0QVAF1JEaoPV6BKADfMsM6k4U-tLg/init?data=eyJ1cmwiOiJodHRwczovL2FwcHN0b3JlY29ubmVjdC5hcHBsZS5jb20vYXBwcy82Nzg5OTEzMTg2L2Rpc3RyaWJ1dGlvbi9pb3MvdmVyc2lvbi9pbmZsaWdodCIsInBsdWdpbnMiOiJ3c20mY2EmdnMmd250JnVhJmFibiZhYm5fc2hhZG93JmNiIiwiZGF0YSI6eyJkYXRhIjpbeyJwbHVnaW4iOiJ3c20iLCJwYXJhbWV0ZXJzIjoie1wicmVmZXJyZXJcIjpcIlwiLFwic3R1YklkXCI6XCJcIn0ifSx7InBsdWdpbiI6IndudCIsInBhcmFtZXRlcnMiOiJ7XCJyZWZlcnJlclwiOlwiXCJ9In0seyJwbHVnaW4iOiJ1YSIsInBhcmFtZXRlcnMiOiJ7fSJ9LHsicGx1Z2luIjoiYWJuIiwicGFyYW1ldGVycyI6IntcImlzQ3NzVXJsSW5qZWN0ZWRcIjpmYWxzZX0ifSx7InBsdWdpbiI6ImFibl9zaGFkb3ciLCJwYXJhbWV0ZXJzIjoie1wiaXNDc3NVcmxJbmplY3RlZFwiOmZhbHNlfSJ9XX0sImlzVG9wTGV2ZWwiOnRydWUsInBhZ2VTdGFydFRpbWUiOjE3ODUxMDYyNzYyNjEsIm5hdmlnYXRpb25TdGFydFRpbWUiOjE3ODUxMDYyNzU1MzB9&nocache=11567&tm=2026-07-27T00%3A41%3A34.662Z:0
[ 6619158ms] [ERROR] Failed to load resource: net::ERR_FAILED @ https://gc.kis.v2.scr.kaspersky-labs.com/7D8B79A2-8974-4D7B-A76A-F4F29624C06BOSxDTLheSV66Hsf0i1yRUXAy8NkjYorxIG_uaN1dmJ5Wvd2xA3apQXvET0QVAF1JEaoPV6BKADfMsM6k4U-tLg/init?data=eyJ1cmwiOiJodHRwczovL2FwcHN0b3JlY29ubmVjdC5hcHBsZS5jb20vYXBwcy82Nzg5OTEzMTg2L2Rpc3RyaWJ1dGlvbi9pb3MvdmVyc2lvbi9pbmZsaWdodCIsInBsdWdpbnMiOiJ3c20mY2EmdnMmd250JnVhJmFibiZhYm5fc2hhZG93JmNiIiwiZGF0YSI6eyJkYXRhIjpbeyJwbHVnaW4iOiJ3c20iLCJwYXJhbWV0ZXJzIjoie1wicmVmZXJyZXJcIjpcIlwiLFwic3R1YklkXCI6XCJcIn0ifSx7InBsdWdpbiI6IndudCIsInBhcmFtZXRlcnMiOiJ7XCJyZWZlcnJlclwiOlwiXCJ9In0seyJwbHVnaW4iOiJ1YSIsInBhcmFtZXRlcnMiOiJ7fSJ9LHsicGx1Z2luIjoiYWJuIiwicGFyYW1ldGVycyI6IntcImlzQ3NzVXJsSW5qZWN0ZWRcIjpmYWxzZX0ifSx7InBsdWdpbiI6ImFibl9zaGFkb3ciLCJwYXJhbWV0ZXJzIjoie1wiaXNDc3NVcmxJbmplY3RlZFwiOmZhbHNlfSJ9XX0sImlzVG9wTGV2ZWwiOnRydWUsInBhZ2VTdGFydFRpbWUiOjE3ODUxMDYyNzYyNjEsIm5hdmlnYXRpb25TdGFydFRpbWUiOjE3ODUxMDYyNzU1MzB9&nocache=10536&tm=2026-07-27T00%3A41%3A34.672Z&second=true:0
[ 6739145ms] [ERROR] Failed to load resource: net::ERR_FAILED @ https://gc.kis.v2.scr.kaspersky-labs.com/7D8B79A2-8974-4D7B-A76A-F4F29624C06BOSxDTLheSV66Hsf0i1yRUXAy8NkjYorxIG_uaN1dmJ5Wvd2xA3apQXvET0QVAF1JEaoPV6BKADfMsM6k4U-tLg/init?data=eyJ1cmwiOiJodHRwczovL2FwcHN0b3JlY29ubmVjdC5hcHBsZS5jb20vYXBwcy82Nzg5OTEzMTg2L2Rpc3RyaWJ1dGlvbi9pb3MvdmVyc2lvbi9pbmZsaWdodCIsInBsdWdpbnMiOiJ3c20mY2EmdnMmd250JnVhJmFibiZhYm5fc2hhZG93JmNiIiwiZGF0YSI6eyJkYXRhIjpbeyJwbHVnaW4iOiJ3c20iLCJwYXJhbWV0ZXJzIjoie1wicmVmZXJyZXJcIjpcIlwiLFwic3R1YklkXCI6XCJcIn0ifSx7InBsdWdpbiI6IndudCIsInBhcmFtZXRlcnMiOiJ7XCJyZWZlcnJlclwiOlwiXCJ9In0seyJwbHVnaW4iOiJ1YSIsInBhcmFtZXRlcnMiOiJ7fSJ9LHsicGx1Z2luIjoiYWJuIiwicGFyYW1ldGVycyI6IntcImlzQ3NzVXJsSW5qZWN0ZWRcIjpmYWxzZX0ifSx7InBsdWdpbiI6ImFibl9zaGFkb3ciLCJwYXJhbWV0ZXJzIjoie1wiaXNDc3NVcmxJbmplY3RlZFwiOmZhbHNlfSJ9XX0sImlzVG9wTGV2ZWwiOnRydWUsInBhZ2VTdGFydFRpbWUiOjE3ODUxMDYyNzYyNjEsIm5hdmlnYXRpb25TdGFydFRpbWUiOjE3ODUxMDYyNzU1MzB9&nocache=19a8a&tm=2026-07-27T00%3A43%3A34.656Z:0
[ 6739155ms] [ERROR] Failed to load resource: net::ERR_FAILED @ https://gc.kis.v2.scr.kaspersky-labs.com/7D8B79A2-8974-4D7B-A76A-F4F29624C06BOSxDTLheSV66Hsf0i1yRUXAy8NkjYorxIG_uaN1dmJ5Wvd2xA3apQXvET0QVAF1JEaoPV6BKADfMsM6k4U-tLg/init?data=eyJ1cmwiOiJodHRwczovL2FwcHN0b3JlY29ubmVjdC5hcHBsZS5jb20vYXBwcy82Nzg5OTEzMTg2L2Rpc3RyaWJ1dGlvbi9pb3MvdmVyc2lvbi9pbmZsaWdodCIsInBsdWdpbnMiOiJ3c20mY2EmdnMmd250JnVhJmFibiZhYm5fc2hhZG93JmNiIiwiZGF0YSI6eyJkYXRhIjpbeyJwbHVnaW4iOiJ3c20iLCJwYXJhbWV0ZXJzIjoie1wicmVmZXJyZXJcIjpcIlwiLFwic3R1YklkXCI6XCJcIn0ifSx7InBsdWdpbiI6IndudCIsInBhcmFtZXRlcnMiOiJ7XCJyZWZlcnJlclwiOlwiXCJ9In0seyJwbHVnaW4iOiJ1YSIsInBhcmFtZXRlcnMiOiJ7fSJ9LHsicGx1Z2luIjoiYWJuIiwicGFyYW1ldGVycyI6IntcImlzQ3NzVXJsSW5qZWN0ZWRcIjpmYWxzZX0ifSx7InBsdWdpbiI6ImFibl9zaGFkb3ciLCJwYXJhbWV0ZXJzIjoie1wiaXNDc3NVcmxJbmplY3RlZFwiOmZhbHNlfSJ9XX0sImlzVG9wTGV2ZWwiOnRydWUsInBhZ2VTdGFydFRpbWUiOjE3ODUxMDYyNzYyNjEsIm5hdmlnYXRpb25TdGFydFRpbWUiOjE3ODUxMDYyNzU1MzB9&nocache=1587a&tm=2026-07-27T00%3A43%3A34.667Z&second=true:0
[ 6859155ms] [ERROR] Failed to load resource: net::ERR_FAILED @ https://gc.kis.v2.scr.kaspersky-labs.com/7D8B79A2-8974-4D7B-A76A-F4F29624C06BOSxDTLheSV66Hsf0i1yRUXAy8NkjYorxIG_uaN1dmJ5Wvd2xA3apQXvET0QVAF1JEaoPV6BKADfMsM6k4U-tLg/init?data=eyJ1cmwiOiJodHRwczovL2FwcHN0b3JlY29ubmVjdC5hcHBsZS5jb20vYXBwcy82Nzg5OTEzMTg2L2Rpc3RyaWJ1dGlvbi9pb3MvdmVyc2lvbi9pbmZsaWdodCIsInBsdWdpbnMiOiJ3c20mY2EmdnMmd250JnVhJmFibiZhYm5fc2hhZG93JmNiIiwiZGF0YSI6eyJkYXRhIjpbeyJwbHVnaW4iOiJ3c20iLCJwYXJhbWV0ZXJzIjoie1wicmVmZXJyZXJcIjpcIlwiLFwic3R1YklkXCI6XCJcIn0ifSx7InBsdWdpbiI6IndudCIsInBhcmFtZXRlcnMiOiJ7XCJyZWZlcnJlclwiOlwiXCJ9In0seyJwbHVnaW4iOiJ1YSIsInBhcmFtZXRlcnMiOiJ7fSJ9LHsicGx1Z2luIjoiYWJuIiwicGFyYW1ldGVycyI6IntcImlzQ3NzVXJsSW5qZWN0ZWRcIjpmYWxzZX0ifSx7InBsdWdpbiI6ImFibl9zaGFkb3ciLCJwYXJhbWV0ZXJzIjoie1wiaXNDc3NVcmxJbmplY3RlZFwiOmZhbHNlfSJ9XX0sImlzVG9wTGV2ZWwiOnRydWUsInBhZ2VTdGFydFRpbWUiOjE3ODUxMDYyNzYyNjEsIm5hdmlnYXRpb25TdGFydFRpbWUiOjE3ODUxMDYyNzU1MzB9&nocache=19b0e&tm=2026-07-27T00%3A45%3A34.665Z:0
[ 6859161ms] [ERROR] Failed to load resource: net::ERR_FAILED @ https://gc.kis.v2.scr.kaspersky-labs.com/7D8B79A2-8974-4D7B-A76A-F4F29624C06BOSxDTLheSV66Hsf0i1yRUXAy8NkjYorxIG_uaN1dmJ5Wvd2xA3apQXvET0QVAF1JEaoPV6BKADfMsM6k4U-tLg/init?data=eyJ1cmwiOiJodHRwczovL2FwcHN0b3JlY29ubmVjdC5hcHBsZS5jb20vYXBwcy82Nzg5OTEzMTg2L2Rpc3RyaWJ1dGlvbi9pb3MvdmVyc2lvbi9pbmZsaWdodCIsInBsdWdpbnMiOiJ3c20mY2EmdnMmd250JnVhJmFibiZhYm5fc2hhZG93JmNiIiwiZGF0YSI6eyJkYXRhIjpbeyJwbHVnaW4iOiJ3c20iLCJwYXJhbWV0ZXJzIjoie1wicmVmZXJyZXJcIjpcIlwiLFwic3R1YklkXCI6XCJcIn0ifSx7InBsdWdpbiI6IndudCIsInBhcmFtZXRlcnMiOiJ7XCJyZWZlcnJlclwiOlwiXCJ9In0seyJwbHVnaW4iOiJ1YSIsInBhcmFtZXRlcnMiOiJ7fSJ9LHsicGx1Z2luIjoiYWJuIiwicGFyYW1ldGVycyI6IntcImlzQ3NzVXJsSW5qZWN0ZWRcIjpmYWxzZX0ifSx7InBsdWdpbiI6ImFibl9zaGFkb3ciLCJwYXJhbWV0ZXJzIjoie1wiaXNDc3NVcmxJbmplY3RlZFwiOmZhbHNlfSJ9XX0sImlzVG9wTGV2ZWwiOnRydWUsInBhZ2VTdGFydFRpbWUiOjE3ODUxMDYyNzYyNjEsIm5hdmlnYXRpb25TdGFydFRpbWUiOjE3ODUxMDYyNzU1MzB9&nocache=1daff&tm=2026-07-27T00%3A45%3A34.677Z&second=true:0
[ 6979146ms] [ERROR] Failed to load resource: net::ERR_FAILED @ https://gc.kis.v2.scr.kaspersky-labs.com/7D8B79A2-8974-4D7B-A76A-F4F29624C06BOSxDTLheSV66Hsf0i1yRUXAy8NkjYorxIG_uaN1dmJ5Wvd2xA3apQXvET0QVAF1JEaoPV6BKADfMsM6k4U-tLg/init?data=eyJ1cmwiOiJodHRwczovL2FwcHN0b3JlY29ubmVjdC5hcHBsZS5jb20vYXBwcy82Nzg5OTEzMTg2L2Rpc3RyaWJ1dGlvbi9pb3MvdmVyc2lvbi9pbmZsaWdodCIsInBsdWdpbnMiOiJ3c20mY2EmdnMmd250JnVhJmFibiZhYm5fc2hhZG93JmNiIiwiZGF0YSI6eyJkYXRhIjpbeyJwbHVnaW4iOiJ3c20iLCJwYXJhbWV0ZXJzIjoie1wicmVmZXJyZXJcIjpcIlwiLFwic3R1YklkXCI6XCJcIn0ifSx7InBsdWdpbiI6IndudCIsInBhcmFtZXRlcnMiOiJ7XCJyZWZlcnJlclwiOlwiXCJ9In0seyJwbHVnaW4iOiJ1YSIsInBhcmFtZXRlcnMiOiJ7fSJ9LHsicGx1Z2luIjoiYWJuIiwicGFyYW1ldGVycyI6IntcImlzQ3NzVXJsSW5qZWN0ZWRcIjpmYWxzZX0ifSx7InBsdWdpbiI6ImFibl9zaGFkb3ciLCJwYXJhbWV0ZXJzIjoie1wiaXNDc3NVcmxJbmplY3RlZFwiOmZhbHNlfSJ9XX0sImlzVG9wTGV2ZWwiOnRydWUsInBhZ2VTdGFydFRpbWUiOjE3ODUxMDYyNzYyNjEsIm5hdmlnYXRpb25TdGFydFRpbWUiOjE3ODUxMDYyNzU1MzB9&nocache=1324a&tm=2026-07-27T00%3A47%3A34.659Z:0
[ 6979151ms] [ERROR] Failed to load resource: net::ERR_FAILED @ https://gc.kis.v2.scr.kaspersky-labs.com/7D8B79A2-8974-4D7B-A76A-F4F29624C06BOSxDTLheSV66Hsf0i1yRUXAy8NkjYorxIG_uaN1dmJ5Wvd2xA3apQXvET0QVAF1JEaoPV6BKADfMsM6k4U-tLg/init?data=eyJ1cmwiOiJodHRwczovL2FwcHN0b3JlY29ubmVjdC5hcHBsZS5jb20vYXBwcy82Nzg5OTEzMTg2L2Rpc3RyaWJ1dGlvbi9pb3MvdmVyc2lvbi9pbmZsaWdodCIsInBsdWdpbnMiOiJ3c20mY2EmdnMmd250JnVhJmFibiZhYm5fc2hhZG93JmNiIiwiZGF0YSI6eyJkYXRhIjpbeyJwbHVnaW4iOiJ3c20iLCJwYXJhbWV0ZXJzIjoie1wicmVmZXJyZXJcIjpcIlwiLFwic3R1YklkXCI6XCJcIn0ifSx7InBsdWdpbiI6IndudCIsInBhcmFtZXRlcnMiOiJ7XCJyZWZlcnJlclwiOlwiXCJ9In0seyJwbHVnaW4iOiJ1YSIsInBhcmFtZXRlcnMiOiJ7fSJ9LHsicGx1Z2luIjoiYWJuIiwicGFyYW1ldGVycyI6IntcImlzQ3NzVXJsSW5qZWN0ZWRcIjpmYWxzZX0ifSx7InBsdWdpbiI6ImFibl9zaGFkb3ciLCJwYXJhbWV0ZXJzIjoie1wiaXNDc3NVcmxJbmplY3RlZFwiOmZhbHNlfSJ9XX0sImlzVG9wTGV2ZWwiOnRydWUsInBhZ2VTdGFydFRpbWUiOjE3ODUxMDYyNzYyNjEsIm5hdmlnYXRpb25TdGFydFRpbWUiOjE3ODUxMDYyNzU1MzB9&nocache=15747&tm=2026-07-27T00%3A47%3A34.668Z&second=true:0
[ 7099156ms] [ERROR] Failed to load resource: net::ERR_FAILED @ https://gc.kis.v2.scr.kaspersky-labs.com/7D8B79A2-8974-4D7B-A76A-F4F29624C06BOSxDTLheSV66Hsf0i1yRUXAy8NkjYorxIG_uaN1dmJ5Wvd2xA3apQXvET0QVAF1JEaoPV6BKADfMsM6k4U-tLg/init?data=eyJ1cmwiOiJodHRwczovL2FwcHN0b3JlY29ubmVjdC5hcHBsZS5jb20vYXBwcy82Nzg5OTEzMTg2L2Rpc3RyaWJ1dGlvbi9pb3MvdmVyc2lvbi9pbmZsaWdodCIsInBsdWdpbnMiOiJ3c20mY2EmdnMmd250JnVhJmFibiZhYm5fc2hhZG93JmNiIiwiZGF0YSI6eyJkYXRhIjpbeyJwbHVnaW4iOiJ3c20iLCJwYXJhbWV0ZXJzIjoie1wicmVmZXJyZXJcIjpcIlwiLFwic3R1YklkXCI6XCJcIn0ifSx7InBsdWdpbiI6IndudCIsInBhcmFtZXRlcnMiOiJ7XCJyZWZlcnJlclwiOlwiXCJ9In0seyJwbHVnaW4iOiJ1YSIsInBhcmFtZXRlcnMiOiJ7fSJ9LHsicGx1Z2luIjoiYWJuIiwicGFyYW1ldGVycyI6IntcImlzQ3NzVXJsSW5qZWN0ZWRcIjpmYWxzZX0ifSx7InBsdWdpbiI6ImFibl9zaGFkb3ciLCJwYXJhbWV0ZXJzIjoie1wiaXNDc3NVcmxJbmplY3RlZFwiOmZhbHNlfSJ9XX0sImlzVG9wTGV2ZWwiOnRydWUsInBhZ2VTdGFydFRpbWUiOjE3ODUxMDYyNzYyNjEsIm5hdmlnYXRpb25TdGFydFRpbWUiOjE3ODUxMDYyNzU1MzB9&nocache=19a62&tm=2026-07-27T00%3A49%3A34.666Z:0
[ 7099161ms] [ERROR] Failed to load resource: net::ERR_FAILED @ https://gc.kis.v2.scr.kaspersky-labs.com/7D8B79A2-8974-4D7B-A76A-F4F29624C06BOSxDTLheSV66Hsf0i1yRUXAy8NkjYorxIG_uaN1dmJ5Wvd2xA3apQXvET0QVAF1JEaoPV6BKADfMsM6k4U-tLg/init?data=eyJ1cmwiOiJodHRwczovL2FwcHN0b3JlY29ubmVjdC5hcHBsZS5jb20vYXBwcy82Nzg5OTEzMTg2L2Rpc3RyaWJ1dGlvbi9pb3MvdmVyc2lvbi9pbmZsaWdodCIsInBsdWdpbnMiOiJ3c20mY2EmdnMmd250JnVhJmFibiZhYm5fc2hhZG93JmNiIiwiZGF0YSI6eyJkYXRhIjpbeyJwbHVnaW4iOiJ3c20iLCJwYXJhbWV0ZXJzIjoie1wicmVmZXJyZXJcIjpcIlwiLFwic3R1YklkXCI6XCJcIn0ifSx7InBsdWdpbiI6IndudCIsInBhcmFtZXRlcnMiOiJ7XCJyZWZlcnJlclwiOlwiXCJ9In0seyJwbHVnaW4iOiJ1YSIsInBhcmFtZXRlcnMiOiJ7fSJ9LHsicGx1Z2luIjoiYWJuIiwicGFyYW1ldGVycyI6IntcImlzQ3NzVXJsSW5qZWN0ZWRcIjpmYWxzZX0ifSx7InBsdWdpbiI6ImFibl9zaGFkb3ciLCJwYXJhbWV0ZXJzIjoie1wiaXNDc3NVcmxJbmplY3RlZFwiOmZhbHNlfSJ9XX0sImlzVG9wTGV2ZWwiOnRydWUsInBhZ2VTdGFydFRpbWUiOjE3ODUxMDYyNzYyNjEsIm5hdmlnYXRpb25TdGFydFRpbWUiOjE3ODUxMDYyNzU1MzB9&nocache=1014f&tm=2026-07-27T00%3A49%3A34.678Z&second=true:0
[ 7219147ms] [ERROR] Failed to load resource: net::ERR_FAILED @ https://gc.kis.v2.scr.kaspersky-labs.com/7D8B79A2-8974-4D7B-A76A-F4F29624C06BOSxDTLheSV66Hsf0i1yRUXAy8NkjYorxIG_uaN1dmJ5Wvd2xA3apQXvET0QVAF1JEaoPV6BKADfMsM6k4U-tLg/init?data=eyJ1cmwiOiJodHRwczovL2FwcHN0b3JlY29ubmVjdC5hcHBsZS5jb20vYXBwcy82Nzg5OTEzMTg2L2Rpc3RyaWJ1dGlvbi9pb3MvdmVyc2lvbi9pbmZsaWdodCIsInBsdWdpbnMiOiJ3c20mY2EmdnMmd250JnVhJmFibiZhYm5fc2hhZG93JmNiIiwiZGF0YSI6eyJkYXRhIjpbeyJwbHVnaW4iOiJ3c20iLCJwYXJhbWV0ZXJzIjoie1wicmVmZXJyZXJcIjpcIlwiLFwic3R1YklkXCI6XCJcIn0ifSx7InBsdWdpbiI6IndudCIsInBhcmFtZXRlcnMiOiJ7XCJyZWZlcnJlclwiOlwiXCJ9In0seyJwbHVnaW4iOiJ1YSIsInBhcmFtZXRlcnMiOiJ7fSJ9LHsicGx1Z2luIjoiYWJuIiwicGFyYW1ldGVycyI6IntcImlzQ3NzVXJsSW5qZWN0ZWRcIjpmYWxzZX0ifSx7InBsdWdpbiI6ImFibl9zaGFkb3ciLCJwYXJhbWV0ZXJzIjoie1wiaXNDc3NVcmxJbmplY3RlZFwiOmZhbHNlfSJ9XX0sImlzVG9wTGV2ZWwiOnRydWUsInBhZ2VTdGFydFRpbWUiOjE3ODUxMDYyNzYyNjEsIm5hdmlnYXRpb25TdGFydFRpbWUiOjE3ODUxMDYyNzU1MzB9&nocache=17b91&tm=2026-07-27T00%3A51%3A34.656Z:0
[ 7219157ms] [ERROR] Failed to load resource: net::ERR_FAILED @ https://gc.kis.v2.scr.kaspersky-labs.com/7D8B79A2-8974-4D7B-A76A-F4F29624C06BOSxDTLheSV66Hsf0i1yRUXAy8NkjYorxIG_uaN1dmJ5Wvd2xA3apQXvET0QVAF1JEaoPV6BKADfMsM6k4U-tLg/init?data=eyJ1cmwiOiJodHRwczovL2FwcHN0b3JlY29ubmVjdC5hcHBsZS5jb20vYXBwcy82Nzg5OTEzMTg2L2Rpc3RyaWJ1dGlvbi9pb3MvdmVyc2lvbi9pbmZsaWdodCIsInBsdWdpbnMiOiJ3c20mY2EmdnMmd250JnVhJmFibiZhYm5fc2hhZG93JmNiIiwiZGF0YSI6eyJkYXRhIjpbeyJwbHVnaW4iOiJ3c20iLCJwYXJhbWV0ZXJzIjoie1wicmVmZXJyZXJcIjpcIlwiLFwic3R1YklkXCI6XCJcIn0ifSx7InBsdWdpbiI6IndudCIsInBhcmFtZXRlcnMiOiJ7XCJyZWZlcnJlclwiOlwiXCJ9In0seyJwbHVnaW4iOiJ1YSIsInBhcmFtZXRlcnMiOiJ7fSJ9LHsicGx1Z2luIjoiYWJuIiwicGFyYW1ldGVycyI6IntcImlzQ3NzVXJsSW5qZWN0ZWRcIjpmYWxzZX0ifSx7InBsdWdpbiI6ImFibl9zaGFkb3ciLCJwYXJhbWV0ZXJzIjoie1wiaXNDc3NVcmxJbmplY3RlZFwiOmZhbHNlfSJ9XX0sImlzVG9wTGV2ZWwiOnRydWUsInBhZ2VTdGFydFRpbWUiOjE3ODUxMDYyNzYyNjEsIm5hdmlnYXRpb25TdGFydFRpbWUiOjE3ODUxMDYyNzU1MzB9&nocache=1935f&tm=2026-07-27T00%3A51%3A34.669Z&second=true:0
[ 7339170ms] [ERROR] Failed to load resource: net::ERR_FAILED @ https://gc.kis.v2.scr.kaspersky-labs.com/7D8B79A2-8974-4D7B-A76A-F4F29624C06BOSxDTLheSV66Hsf0i1yRUXAy8NkjYorxIG_uaN1dmJ5Wvd2xA3apQXvET0QVAF1JEaoPV6BKADfMsM6k4U-tLg/init?data=eyJ1cmwiOiJodHRwczovL2FwcHN0b3JlY29ubmVjdC5hcHBsZS5jb20vYXBwcy82Nzg5OTEzMTg2L2Rpc3RyaWJ1dGlvbi9pb3MvdmVyc2lvbi9pbmZsaWdodCIsInBsdWdpbnMiOiJ3c20mY2EmdnMmd250JnVhJmFibiZhYm5fc2hhZG93JmNiIiwiZGF0YSI6eyJkYXRhIjpbeyJwbHVnaW4iOiJ3c20iLCJwYXJhbWV0ZXJzIjoie1wicmVmZXJyZXJcIjpcIlwiLFwic3R1YklkXCI6XCJcIn0ifSx7InBsdWdpbiI6IndudCIsInBhcmFtZXRlcnMiOiJ7XCJyZWZlcnJlclwiOlwiXCJ9In0seyJwbHVnaW4iOiJ1YSIsInBhcmFtZXRlcnMiOiJ7fSJ9LHsicGx1Z2luIjoiYWJuIiwicGFyYW1ldGVycyI6IntcImlzQ3NzVXJsSW5qZWN0ZWRcIjpmYWxzZX0ifSx7InBsdWdpbiI6ImFibl9zaGFkb3ciLCJwYXJhbWV0ZXJzIjoie1wiaXNDc3NVcmxJbmplY3RlZFwiOmZhbHNlfSJ9XX0sImlzVG9wTGV2ZWwiOnRydWUsInBhZ2VTdGFydFRpbWUiOjE3ODUxMDYyNzYyNjEsIm5hdmlnYXRpb25TdGFydFRpbWUiOjE3ODUxMDYyNzU1MzB9&nocache=1e02e&tm=2026-07-27T00%3A53%3A34.683Z:0
[ 7339178ms] [ERROR] Failed to load resource: net::ERR_FAILED @ https://gc.kis.v2.scr.kaspersky-labs.com/7D8B79A2-8974-4D7B-A76A-F4F29624C06BOSxDTLheSV66Hsf0i1yRUXAy8NkjYorxIG_uaN1dmJ5Wvd2xA3apQXvET0QVAF1JEaoPV6BKADfMsM6k4U-tLg/init?data=eyJ1cmwiOiJodHRwczovL2FwcHN0b3JlY29ubmVjdC5hcHBsZS5jb20vYXBwcy82Nzg5OTEzMTg2L2Rpc3RyaWJ1dGlvbi9pb3MvdmVyc2lvbi9pbmZsaWdodCIsInBsdWdpbnMiOiJ3c20mY2EmdnMmd250JnVhJmFibiZhYm5fc2hhZG93JmNiIiwiZGF0YSI6eyJkYXRhIjpbeyJwbHVnaW4iOiJ3c20iLCJwYXJhbWV0ZXJzIjoie1wicmVmZXJyZXJcIjpcIlwiLFwic3R1YklkXCI6XCJcIn0ifSx7InBsdWdpbiI6IndudCIsInBhcmFtZXRlcnMiOiJ7XCJyZWZlcnJlclwiOlwiXCJ9In0seyJwbHVnaW4iOiJ1YSIsInBhcmFtZXRlcnMiOiJ7fSJ9LHsicGx1Z2luIjoiYWJuIiwicGFyYW1ldGVycyI6IntcImlzQ3NzVXJsSW5qZWN0ZWRcIjpmYWxzZX0ifSx7InBsdWdpbiI6ImFibl9zaGFkb3ciLCJwYXJhbWV0ZXJzIjoie1wiaXNDc3NVcmxJbmplY3RlZFwiOmZhbHNlfSJ9XX0sImlzVG9wTGV2ZWwiOnRydWUsInBhZ2VTdGFydFRpbWUiOjE3ODUxMDYyNzYyNjEsIm5hdmlnYXRpb25TdGFydFRpbWUiOjE3ODUxMDYyNzU1MzB9&nocache=1dfe0&tm=2026-07-27T00%3A53%3A34.692Z&second=true:0
[ 7459153ms] [ERROR] Failed to load resource: net::ERR_FAILED @ https://gc.kis.v2.scr.kaspersky-labs.com/7D8B79A2-8974-4D7B-A76A-F4F29624C06BOSxDTLheSV66Hsf0i1yRUXAy8NkjYorxIG_uaN1dmJ5Wvd2xA3apQXvET0QVAF1JEaoPV6BKADfMsM6k4U-tLg/init?data=eyJ1cmwiOiJodHRwczovL2FwcHN0b3JlY29ubmVjdC5hcHBsZS5jb20vYXBwcy82Nzg5OTEzMTg2L2Rpc3RyaWJ1dGlvbi9pb3MvdmVyc2lvbi9pbmZsaWdodCIsInBsdWdpbnMiOiJ3c20mY2EmdnMmd250JnVhJmFibiZhYm5fc2hhZG93JmNiIiwiZGF0YSI6eyJkYXRhIjpbeyJwbHVnaW4iOiJ3c20iLCJwYXJhbWV0ZXJzIjoie1wicmVmZXJyZXJcIjpcIlwiLFwic3R1YklkXCI6XCJcIn0ifSx7InBsdWdpbiI6IndudCIsInBhcmFtZXRlcnMiOiJ7XCJyZWZlcnJlclwiOlwiXCJ9In0seyJwbHVnaW4iOiJ1YSIsInBhcmFtZXRlcnMiOiJ7fSJ9LHsicGx1Z2luIjoiYWJuIiwicGFyYW1ldGVycyI6IntcImlzQ3NzVXJsSW5qZWN0ZWRcIjpmYWxzZX0ifSx7InBsdWdpbiI6ImFibl9zaGFkb3ciLCJwYXJhbWV0ZXJzIjoie1wiaXNDc3NVcmxJbmplY3RlZFwiOmZhbHNlfSJ9XX0sImlzVG9wTGV2ZWwiOnRydWUsInBhZ2VTdGFydFRpbWUiOjE3ODUxMDYyNzYyNjEsIm5hdmlnYXRpb25TdGFydFRpbWUiOjE3ODUxMDYyNzU1MzB9&nocache=17080&tm=2026-07-27T00%3A55%3A34.665Z:0
[ 7459160ms] [ERROR] Failed to load resource: net::ERR_FAILED @ https://gc.kis.v2.scr.kaspersky-labs.com/7D8B79A2-8974-4D7B-A76A-F4F29624C06BOSxDTLheSV66Hsf0i1yRUXAy8NkjYorxIG_uaN1dmJ5Wvd2xA3apQXvET0QVAF1JEaoPV6BKADfMsM6k4U-tLg/init?data=eyJ1cmwiOiJodHRwczovL2FwcHN0b3JlY29ubmVjdC5hcHBsZS5jb20vYXBwcy82Nzg5OTEzMTg2L2Rpc3RyaWJ1dGlvbi9pb3MvdmVyc2lvbi9pbmZsaWdodCIsInBsdWdpbnMiOiJ3c20mY2EmdnMmd250JnVhJmFibiZhYm5fc2hhZG93JmNiIiwiZGF0YSI6eyJkYXRhIjpbeyJwbHVnaW4iOiJ3c20iLCJwYXJhbWV0ZXJzIjoie1wicmVmZXJyZXJcIjpcIlwiLFwic3R1YklkXCI6XCJcIn0ifSx7InBsdWdpbiI6IndudCIsInBhcmFtZXRlcnMiOiJ7XCJyZWZlcnJlclwiOlwiXCJ9In0seyJwbHVnaW4iOiJ1YSIsInBhcmFtZXRlcnMiOiJ7fSJ9LHsicGx1Z2luIjoiYWJuIiwicGFyYW1ldGVycyI6IntcImlzQ3NzVXJsSW5qZWN0ZWRcIjpmYWxzZX0ifSx7InBsdWdpbiI6ImFibl9zaGFkb3ciLCJwYXJhbWV0ZXJzIjoie1wiaXNDc3NVcmxJbmplY3RlZFwiOmZhbHNlfSJ9XX0sImlzVG9wTGV2ZWwiOnRydWUsInBhZ2VTdGFydFRpbWUiOjE3ODUxMDYyNzYyNjEsIm5hdmlnYXRpb25TdGFydFRpbWUiOjE3ODUxMDYyNzU1MzB9&nocache=10c7e&tm=2026-07-27T00%3A55%3A34.675Z&second=true:0
[ 7579143ms] [ERROR] Failed to load resource: net::ERR_FAILED @ https://gc.kis.v2.scr.kaspersky-labs.com/7D8B79A2-8974-4D7B-A76A-F4F29624C06BOSxDTLheSV66Hsf0i1yRUXAy8NkjYorxIG_uaN1dmJ5Wvd2xA3apQXvET0QVAF1JEaoPV6BKADfMsM6k4U-tLg/init?data=eyJ1cmwiOiJodHRwczovL2FwcHN0b3JlY29ubmVjdC5hcHBsZS5jb20vYXBwcy82Nzg5OTEzMTg2L2Rpc3RyaWJ1dGlvbi9pb3MvdmVyc2lvbi9pbmZsaWdodCIsInBsdWdpbnMiOiJ3c20mY2EmdnMmd250JnVhJmFibiZhYm5fc2hhZG93JmNiIiwiZGF0YSI6eyJkYXRhIjpbeyJwbHVnaW4iOiJ3c20iLCJwYXJhbWV0ZXJzIjoie1wicmVmZXJyZXJcIjpcIlwiLFwic3R1YklkXCI6XCJcIn0ifSx7InBsdWdpbiI6IndudCIsInBhcmFtZXRlcnMiOiJ7XCJyZWZlcnJlclwiOlwiXCJ9In0seyJwbHVnaW4iOiJ1YSIsInBhcmFtZXRlcnMiOiJ7fSJ9LHsicGx1Z2luIjoiYWJuIiwicGFyYW1ldGVycyI6IntcImlzQ3NzVXJsSW5qZWN0ZWRcIjpmYWxzZX0ifSx7InBsdWdpbiI6ImFibl9zaGFkb3ciLCJwYXJhbWV0ZXJzIjoie1wiaXNDc3NVcmxJbmplY3RlZFwiOmZhbHNlfSJ9XX0sImlzVG9wTGV2ZWwiOnRydWUsInBhZ2VTdGFydFRpbWUiOjE3ODUxMDYyNzYyNjEsIm5hdmlnYXRpb25TdGFydFRpbWUiOjE3ODUxMDYyNzU1MzB9&nocache=1b2ff&tm=2026-07-27T00%3A57%3A34.655Z:0
[ 7579148ms] [ERROR] Failed to load resource: net::ERR_FAILED @ https://gc.kis.v2.scr.kaspersky-labs.com/7D8B79A2-8974-4D7B-A76A-F4F29624C06BOSxDTLheSV66Hsf0i1yRUXAy8NkjYorxIG_uaN1dmJ5Wvd2xA3apQXvET0QVAF1JEaoPV6BKADfMsM6k4U-tLg/init?data=eyJ1cmwiOiJodHRwczovL2FwcHN0b3JlY29ubmVjdC5hcHBsZS5jb20vYXBwcy82Nzg5OTEzMTg2L2Rpc3RyaWJ1dGlvbi9pb3MvdmVyc2lvbi9pbmZsaWdodCIsInBsdWdpbnMiOiJ3c20mY2EmdnMmd250JnVhJmFibiZhYm5fc2hhZG93JmNiIiwiZGF0YSI6eyJkYXRhIjpbeyJwbHVnaW4iOiJ3c20iLCJwYXJhbWV0ZXJzIjoie1wicmVmZXJyZXJcIjpcIlwiLFwic3R1YklkXCI6XCJcIn0ifSx7InBsdWdpbiI6IndudCIsInBhcmFtZXRlcnMiOiJ7XCJyZWZlcnJlclwiOlwiXCJ9In0seyJwbHVnaW4iOiJ1YSIsInBhcmFtZXRlcnMiOiJ7fSJ9LHsicGx1Z2luIjoiYWJuIiwicGFyYW1ldGVycyI6IntcImlzQ3NzVXJsSW5qZWN0ZWRcIjpmYWxzZX0ifSx7InBsdWdpbiI6ImFibl9zaGFkb3ciLCJwYXJhbWV0ZXJzIjoie1wiaXNDc3NVcmxJbmplY3RlZFwiOmZhbHNlfSJ9XX0sImlzVG9wTGV2ZWwiOnRydWUsInBhZ2VTdGFydFRpbWUiOjE3ODUxMDYyNzYyNjEsIm5hdmlnYXRpb25TdGFydFRpbWUiOjE3ODUxMDYyNzU1MzB9&nocache=1247c&tm=2026-07-27T00%3A57%3A34.665Z&second=true:0
[ 7699155ms] [ERROR] Failed to load resource: net::ERR_FAILED @ https://gc.kis.v2.scr.kaspersky-labs.com/7D8B79A2-8974-4D7B-A76A-F4F29624C06BOSxDTLheSV66Hsf0i1yRUXAy8NkjYorxIG_uaN1dmJ5Wvd2xA3apQXvET0QVAF1JEaoPV6BKADfMsM6k4U-tLg/init?data=eyJ1cmwiOiJodHRwczovL2FwcHN0b3JlY29ubmVjdC5hcHBsZS5jb20vYXBwcy82Nzg5OTEzMTg2L2Rpc3RyaWJ1dGlvbi9pb3MvdmVyc2lvbi9pbmZsaWdodCIsInBsdWdpbnMiOiJ3c20mY2EmdnMmd250JnVhJmFibiZhYm5fc2hhZG93JmNiIiwiZGF0YSI6eyJkYXRhIjpbeyJwbHVnaW4iOiJ3c20iLCJwYXJhbWV0ZXJzIjoie1wicmVmZXJyZXJcIjpcIlwiLFwic3R1YklkXCI6XCJcIn0ifSx7InBsdWdpbiI6IndudCIsInBhcmFtZXRlcnMiOiJ7XCJyZWZlcnJlclwiOlwiXCJ9In0seyJwbHVnaW4iOiJ1YSIsInBhcmFtZXRlcnMiOiJ7fSJ9LHsicGx1Z2luIjoiYWJuIiwicGFyYW1ldGVycyI6IntcImlzQ3NzVXJsSW5qZWN0ZWRcIjpmYWxzZX0ifSx7InBsdWdpbiI6ImFibl9zaGFkb3ciLCJwYXJhbWV0ZXJzIjoie1wiaXNDc3NVcmxJbmplY3RlZFwiOmZhbHNlfSJ9XX0sImlzVG9wTGV2ZWwiOnRydWUsInBhZ2VTdGFydFRpbWUiOjE3ODUxMDYyNzYyNjEsIm5hdmlnYXRpb25TdGFydFRpbWUiOjE3ODUxMDYyNzU1MzB9&nocache=11a7e&tm=2026-07-27T00%3A59%3A34.667Z:0
[ 7699164ms] [ERROR] Failed to load resource: net::ERR_FAILED @ https://gc.kis.v2.scr.kaspersky-labs.com/7D8B79A2-8974-4D7B-A76A-F4F29624C06BOSxDTLheSV66Hsf0i1yRUXAy8NkjYorxIG_uaN1dmJ5Wvd2xA3apQXvET0QVAF1JEaoPV6BKADfMsM6k4U-tLg/init?data=eyJ1cmwiOiJodHRwczovL2FwcHN0b3JlY29ubmVjdC5hcHBsZS5jb20vYXBwcy82Nzg5OTEzMTg2L2Rpc3RyaWJ1dGlvbi9pb3MvdmVyc2lvbi9pbmZsaWdodCIsInBsdWdpbnMiOiJ3c20mY2EmdnMmd250JnVhJmFibiZhYm5fc2hhZG93JmNiIiwiZGF0YSI6eyJkYXRhIjpbeyJwbHVnaW4iOiJ3c20iLCJwYXJhbWV0ZXJzIjoie1wicmVmZXJyZXJcIjpcIlwiLFwic3R1YklkXCI6XCJcIn0ifSx7InBsdWdpbiI6IndudCIsInBhcmFtZXRlcnMiOiJ7XCJyZWZlcnJlclwiOlwiXCJ9In0seyJwbHVnaW4iOiJ1YSIsInBhcmFtZXRlcnMiOiJ7fSJ9LHsicGx1Z2luIjoiYWJuIiwicGFyYW1ldGVycyI6IntcImlzQ3NzVXJsSW5qZWN0ZWRcIjpmYWxzZX0ifSx7InBsdWdpbiI6ImFibl9zaGFkb3ciLCJwYXJhbWV0ZXJzIjoie1wiaXNDc3NVcmxJbmplY3RlZFwiOmZhbHNlfSJ9XX0sImlzVG9wTGV2ZWwiOnRydWUsInBhZ2VTdGFydFRpbWUiOjE3ODUxMDYyNzYyNjEsIm5hdmlnYXRpb25TdGFydFRpbWUiOjE3ODUxMDYyNzU1MzB9&nocache=1e187&tm=2026-07-27T00%3A59%3A34.677Z&second=true:0
[ 7819156ms] [ERROR] Failed to load resource: net::ERR_FAILED @ https://gc.kis.v2.scr.kaspersky-labs.com/7D8B79A2-8974-4D7B-A76A-F4F29624C06BOSxDTLheSV66Hsf0i1yRUXAy8NkjYorxIG_uaN1dmJ5Wvd2xA3apQXvET0QVAF1JEaoPV6BKADfMsM6k4U-tLg/init?data=eyJ1cmwiOiJodHRwczovL2FwcHN0b3JlY29ubmVjdC5hcHBsZS5jb20vYXBwcy82Nzg5OTEzMTg2L2Rpc3RyaWJ1dGlvbi9pb3MvdmVyc2lvbi9pbmZsaWdodCIsInBsdWdpbnMiOiJ3c20mY2EmdnMmd250JnVhJmFibiZhYm5fc2hhZG93JmNiIiwiZGF0YSI6eyJkYXRhIjpbeyJwbHVnaW4iOiJ3c20iLCJwYXJhbWV0ZXJzIjoie1wicmVmZXJyZXJcIjpcIlwiLFwic3R1YklkXCI6XCJcIn0ifSx7InBsdWdpbiI6IndudCIsInBhcmFtZXRlcnMiOiJ7XCJyZWZlcnJlclwiOlwiXCJ9In0seyJwbHVnaW4iOiJ1YSIsInBhcmFtZXRlcnMiOiJ7fSJ9LHsicGx1Z2luIjoiYWJuIiwicGFyYW1ldGVycyI6IntcImlzQ3NzVXJsSW5qZWN0ZWRcIjpmYWxzZX0ifSx7InBsdWdpbiI6ImFibl9zaGFkb3ciLCJwYXJhbWV0ZXJzIjoie1wiaXNDc3NVcmxJbmplY3RlZFwiOmZhbHNlfSJ9XX0sImlzVG9wTGV2ZWwiOnRydWUsInBhZ2VTdGFydFRpbWUiOjE3ODUxMDYyNzYyNjEsIm5hdmlnYXRpb25TdGFydFRpbWUiOjE3ODUxMDYyNzU1MzB9&nocache=1cde1&tm=2026-07-27T01%3A01%3A34.666Z:0
[ 7819162ms] [ERROR] Failed to load resource: net::ERR_FAILED @ https://gc.kis.v2.scr.kaspersky-labs.com/7D8B79A2-8974-4D7B-A76A-F4F29624C06BOSxDTLheSV66Hsf0i1yRUXAy8NkjYorxIG_uaN1dmJ5Wvd2xA3apQXvET0QVAF1JEaoPV6BKADfMsM6k4U-tLg/init?data=eyJ1cmwiOiJodHRwczovL2FwcHN0b3JlY29ubmVjdC5hcHBsZS5jb20vYXBwcy82Nzg5OTEzMTg2L2Rpc3RyaWJ1dGlvbi9pb3MvdmVyc2lvbi9pbmZsaWdodCIsInBsdWdpbnMiOiJ3c20mY2EmdnMmd250JnVhJmFibiZhYm5fc2hhZG93JmNiIiwiZGF0YSI6eyJkYXRhIjpbeyJwbHVnaW4iOiJ3c20iLCJwYXJhbWV0ZXJzIjoie1wicmVmZXJyZXJcIjpcIlwiLFwic3R1YklkXCI6XCJcIn0ifSx7InBsdWdpbiI6IndudCIsInBhcmFtZXRlcnMiOiJ7XCJyZWZlcnJlclwiOlwiXCJ9In0seyJwbHVnaW4iOiJ1YSIsInBhcmFtZXRlcnMiOiJ7fSJ9LHsicGx1Z2luIjoiYWJuIiwicGFyYW1ldGVycyI6IntcImlzQ3NzVXJsSW5qZWN0ZWRcIjpmYWxzZX0ifSx7InBsdWdpbiI6ImFibl9zaGFkb3ciLCJwYXJhbWV0ZXJzIjoie1wiaXNDc3NVcmxJbmplY3RlZFwiOmZhbHNlfSJ9XX0sImlzVG9wTGV2ZWwiOnRydWUsInBhZ2VTdGFydFRpbWUiOjE3ODUxMDYyNzYyNjEsIm5hdmlnYXRpb25TdGFydFRpbWUiOjE3ODUxMDYyNzU1MzB9&nocache=16158&tm=2026-07-27T01%3A01%3A34.678Z&second=true:0
[ 7939156ms] [ERROR] Failed to load resource: net::ERR_FAILED @ https://gc.kis.v2.scr.kaspersky-labs.com/7D8B79A2-8974-4D7B-A76A-F4F29624C06BOSxDTLheSV66Hsf0i1yRUXAy8NkjYorxIG_uaN1dmJ5Wvd2xA3apQXvET0QVAF1JEaoPV6BKADfMsM6k4U-tLg/init?data=eyJ1cmwiOiJodHRwczovL2FwcHN0b3JlY29ubmVjdC5hcHBsZS5jb20vYXBwcy82Nzg5OTEzMTg2L2Rpc3RyaWJ1dGlvbi9pb3MvdmVyc2lvbi9pbmZsaWdodCIsInBsdWdpbnMiOiJ3c20mY2EmdnMmd250JnVhJmFibiZhYm5fc2hhZG93JmNiIiwiZGF0YSI6eyJkYXRhIjpbeyJwbHVnaW4iOiJ3c20iLCJwYXJhbWV0ZXJzIjoie1wicmVmZXJyZXJcIjpcIlwiLFwic3R1YklkXCI6XCJcIn0ifSx7InBsdWdpbiI6IndudCIsInBhcmFtZXRlcnMiOiJ7XCJyZWZlcnJlclwiOlwiXCJ9In0seyJwbHVnaW4iOiJ1YSIsInBhcmFtZXRlcnMiOiJ7fSJ9LHsicGx1Z2luIjoiYWJuIiwicGFyYW1ldGVycyI6IntcImlzQ3NzVXJsSW5qZWN0ZWRcIjpmYWxzZX0ifSx7InBsdWdpbiI6ImFibl9zaGFkb3ciLCJwYXJhbWV0ZXJzIjoie1wiaXNDc3NVcmxJbmplY3RlZFwiOmZhbHNlfSJ9XX0sImlzVG9wTGV2ZWwiOnRydWUsInBhZ2VTdGFydFRpbWUiOjE3ODUxMDYyNzYyNjEsIm5hdmlnYXRpb25TdGFydFRpbWUiOjE3ODUxMDYyNzU1MzB9&nocache=1ca45&tm=2026-07-27T01%3A03%3A34.666Z:0
[ 7939164ms] [ERROR] Failed to load resource: net::ERR_FAILED @ https://gc.kis.v2.scr.kaspersky-labs.com/7D8B79A2-8974-4D7B-A76A-F4F29624C06BOSxDTLheSV66Hsf0i1yRUXAy8NkjYorxIG_uaN1dmJ5Wvd2xA3apQXvET0QVAF1JEaoPV6BKADfMsM6k4U-tLg/init?data=eyJ1cmwiOiJodHRwczovL2FwcHN0b3JlY29ubmVjdC5hcHBsZS5jb20vYXBwcy82Nzg5OTEzMTg2L2Rpc3RyaWJ1dGlvbi9pb3MvdmVyc2lvbi9pbmZsaWdodCIsInBsdWdpbnMiOiJ3c20mY2EmdnMmd250JnVhJmFibiZhYm5fc2hhZG93JmNiIiwiZGF0YSI6eyJkYXRhIjpbeyJwbHVnaW4iOiJ3c20iLCJwYXJhbWV0ZXJzIjoie1wicmVmZXJyZXJcIjpcIlwiLFwic3R1YklkXCI6XCJcIn0ifSx7InBsdWdpbiI6IndudCIsInBhcmFtZXRlcnMiOiJ7XCJyZWZlcnJlclwiOlwiXCJ9In0seyJwbHVnaW4iOiJ1YSIsInBhcmFtZXRlcnMiOiJ7fSJ9LHsicGx1Z2luIjoiYWJuIiwicGFyYW1ldGVycyI6IntcImlzQ3NzVXJsSW5qZWN0ZWRcIjpmYWxzZX0ifSx7InBsdWdpbiI6ImFibl9zaGFkb3ciLCJwYXJhbWV0ZXJzIjoie1wiaXNDc3NVcmxJbmplY3RlZFwiOmZhbHNlfSJ9XX0sImlzVG9wTGV2ZWwiOnRydWUsInBhZ2VTdGFydFRpbWUiOjE3ODUxMDYyNzYyNjEsIm5hdmlnYXRpb25TdGFydFRpbWUiOjE3ODUxMDYyNzU1MzB9&nocache=1307a&tm=2026-07-27T01%3A03%3A34.679Z&second=true:0
[ 8059156ms] [ERROR] Failed to load resource: net::ERR_FAILED @ https://gc.kis.v2.scr.kaspersky-labs.com/7D8B79A2-8974-4D7B-A76A-F4F29624C06BOSxDTLheSV66Hsf0i1yRUXAy8NkjYorxIG_uaN1dmJ5Wvd2xA3apQXvET0QVAF1JEaoPV6BKADfMsM6k4U-tLg/init?data=eyJ1cmwiOiJodHRwczovL2FwcHN0b3JlY29ubmVjdC5hcHBsZS5jb20vYXBwcy82Nzg5OTEzMTg2L2Rpc3RyaWJ1dGlvbi9pb3MvdmVyc2lvbi9pbmZsaWdodCIsInBsdWdpbnMiOiJ3c20mY2EmdnMmd250JnVhJmFibiZhYm5fc2hhZG93JmNiIiwiZGF0YSI6eyJkYXRhIjpbeyJwbHVnaW4iOiJ3c20iLCJwYXJhbWV0ZXJzIjoie1wicmVmZXJyZXJcIjpcIlwiLFwic3R1YklkXCI6XCJcIn0ifSx7InBsdWdpbiI6IndudCIsInBhcmFtZXRlcnMiOiJ7XCJyZWZlcnJlclwiOlwiXCJ9In0seyJwbHVnaW4iOiJ1YSIsInBhcmFtZXRlcnMiOiJ7fSJ9LHsicGx1Z2luIjoiYWJuIiwicGFyYW1ldGVycyI6IntcImlzQ3NzVXJsSW5qZWN0ZWRcIjpmYWxzZX0ifSx7InBsdWdpbiI6ImFibl9zaGFkb3ciLCJwYXJhbWV0ZXJzIjoie1wiaXNDc3NVcmxJbmplY3RlZFwiOmZhbHNlfSJ9XX0sImlzVG9wTGV2ZWwiOnRydWUsInBhZ2VTdGFydFRpbWUiOjE3ODUxMDYyNzYyNjEsIm5hdmlnYXRpb25TdGFydFRpbWUiOjE3ODUxMDYyNzU1MzB9&nocache=16fc5&tm=2026-07-27T01%3A05%3A34.666Z:0
[ 8059163ms] [ERROR] Failed to load resource: net::ERR_FAILED @ https://gc.kis.v2.scr.kaspersky-labs.com/7D8B79A2-8974-4D7B-A76A-F4F29624C06BOSxDTLheSV66Hsf0i1yRUXAy8NkjYorxIG_uaN1dmJ5Wvd2xA3apQXvET0QVAF1JEaoPV6BKADfMsM6k4U-tLg/init?data=eyJ1cmwiOiJodHRwczovL2FwcHN0b3JlY29ubmVjdC5hcHBsZS5jb20vYXBwcy82Nzg5OTEzMTg2L2Rpc3RyaWJ1dGlvbi9pb3MvdmVyc2lvbi9pbmZsaWdodCIsInBsdWdpbnMiOiJ3c20mY2EmdnMmd250JnVhJmFibiZhYm5fc2hhZG93JmNiIiwiZGF0YSI6eyJkYXRhIjpbeyJwbHVnaW4iOiJ3c20iLCJwYXJhbWV0ZXJzIjoie1wicmVmZXJyZXJcIjpcIlwiLFwic3R1YklkXCI6XCJcIn0ifSx7InBsdWdpbiI6IndudCIsInBhcmFtZXRlcnMiOiJ7XCJyZWZlcnJlclwiOlwiXCJ9In0seyJwbHVnaW4iOiJ1YSIsInBhcmFtZXRlcnMiOiJ7fSJ9LHsicGx1Z2luIjoiYWJuIiwicGFyYW1ldGVycyI6IntcImlzQ3NzVXJsSW5qZWN0ZWRcIjpmYWxzZX0ifSx7InBsdWdpbiI6ImFibl9zaGFkb3ciLCJwYXJhbWV0ZXJzIjoie1wiaXNDc3NVcmxJbmplY3RlZFwiOmZhbHNlfSJ9XX0sImlzVG9wTGV2ZWwiOnRydWUsInBhZ2VTdGFydFRpbWUiOjE3ODUxMDYyNzYyNjEsIm5hdmlnYXRpb25TdGFydFRpbWUiOjE3ODUxMDYyNzU1MzB9&nocache=1c146&tm=2026-07-27T01%3A05%3A34.678Z&second=true:0
[ 8179160ms] [ERROR] Failed to load resource: net::ERR_FAILED @ https://gc.kis.v2.scr.kaspersky-labs.com/7D8B79A2-8974-4D7B-A76A-F4F29624C06BOSxDTLheSV66Hsf0i1yRUXAy8NkjYorxIG_uaN1dmJ5Wvd2xA3apQXvET0QVAF1JEaoPV6BKADfMsM6k4U-tLg/init?data=eyJ1cmwiOiJodHRwczovL2FwcHN0b3JlY29ubmVjdC5hcHBsZS5jb20vYXBwcy82Nzg5OTEzMTg2L2Rpc3RyaWJ1dGlvbi9pb3MvdmVyc2lvbi9pbmZsaWdodCIsInBsdWdpbnMiOiJ3c20mY2EmdnMmd250JnVhJmFibiZhYm5fc2hhZG93JmNiIiwiZGF0YSI6eyJkYXRhIjpbeyJwbHVnaW4iOiJ3c20iLCJwYXJhbWV0ZXJzIjoie1wicmVmZXJyZXJcIjpcIlwiLFwic3R1YklkXCI6XCJcIn0ifSx7InBsdWdpbiI6IndudCIsInBhcmFtZXRlcnMiOiJ7XCJyZWZlcnJlclwiOlwiXCJ9In0seyJwbHVnaW4iOiJ1YSIsInBhcmFtZXRlcnMiOiJ7fSJ9LHsicGx1Z2luIjoiYWJuIiwicGFyYW1ldGVycyI6IntcImlzQ3NzVXJsSW5qZWN0ZWRcIjpmYWxzZX0ifSx7InBsdWdpbiI6ImFibl9zaGFkb3ciLCJwYXJhbWV0ZXJzIjoie1wiaXNDc3NVcmxJbmplY3RlZFwiOmZhbHNlfSJ9XX0sImlzVG9wTGV2ZWwiOnRydWUsInBhZ2VTdGFydFRpbWUiOjE3ODUxMDYyNzYyNjEsIm5hdmlnYXRpb25TdGFydFRpbWUiOjE3ODUxMDYyNzU1MzB9&nocache=1b082&tm=2026-07-27T01%3A07%3A34.669Z:0
[ 8179167ms] [ERROR] Failed to load resource: net::ERR_FAILED @ https://gc.kis.v2.scr.kaspersky-labs.com/7D8B79A2-8974-4D7B-A76A-F4F29624C06BOSxDTLheSV66Hsf0i1yRUXAy8NkjYorxIG_uaN1dmJ5Wvd2xA3apQXvET0QVAF1JEaoPV6BKADfMsM6k4U-tLg/init?data=eyJ1cmwiOiJodHRwczovL2FwcHN0b3JlY29ubmVjdC5hcHBsZS5jb20vYXBwcy82Nzg5OTEzMTg2L2Rpc3RyaWJ1dGlvbi9pb3MvdmVyc2lvbi9pbmZsaWdodCIsInBsdWdpbnMiOiJ3c20mY2EmdnMmd250JnVhJmFibiZhYm5fc2hhZG93JmNiIiwiZGF0YSI6eyJkYXRhIjpbeyJwbHVnaW4iOiJ3c20iLCJwYXJhbWV0ZXJzIjoie1wicmVmZXJyZXJcIjpcIlwiLFwic3R1YklkXCI6XCJcIn0ifSx7InBsdWdpbiI6IndudCIsInBhcmFtZXRlcnMiOiJ7XCJyZWZlcnJlclwiOlwiXCJ9In0seyJwbHVnaW4iOiJ1YSIsInBhcmFtZXRlcnMiOiJ7fSJ9LHsicGx1Z2luIjoiYWJuIiwicGFyYW1ldGVycyI6IntcImlzQ3NzVXJsSW5qZWN0ZWRcIjpmYWxzZX0ifSx7InBsdWdpbiI6ImFibl9zaGFkb3ciLCJwYXJhbWV0ZXJzIjoie1wiaXNDc3NVcmxJbmplY3RlZFwiOmZhbHNlfSJ9XX0sImlzVG9wTGV2ZWwiOnRydWUsInBhZ2VTdGFydFRpbWUiOjE3ODUxMDYyNzYyNjEsIm5hdmlnYXRpb25TdGFydFRpbWUiOjE3ODUxMDYyNzU1MzB9&nocache=122cc&tm=2026-07-27T01%3A07%3A34.682Z&second=true:0
[ 8299171ms] [ERROR] Failed to load resource: net::ERR_FAILED @ https://gc.kis.v2.scr.kaspersky-labs.com/7D8B79A2-8974-4D7B-A76A-F4F29624C06BOSxDTLheSV66Hsf0i1yRUXAy8NkjYorxIG_uaN1dmJ5Wvd2xA3apQXvET0QVAF1JEaoPV6BKADfMsM6k4U-tLg/init?data=eyJ1cmwiOiJodHRwczovL2FwcHN0b3JlY29ubmVjdC5hcHBsZS5jb20vYXBwcy82Nzg5OTEzMTg2L2Rpc3RyaWJ1dGlvbi9pb3MvdmVyc2lvbi9pbmZsaWdodCIsInBsdWdpbnMiOiJ3c20mY2EmdnMmd250JnVhJmFibiZhYm5fc2hhZG93JmNiIiwiZGF0YSI6eyJkYXRhIjpbeyJwbHVnaW4iOiJ3c20iLCJwYXJhbWV0ZXJzIjoie1wicmVmZXJyZXJcIjpcIlwiLFwic3R1YklkXCI6XCJcIn0ifSx7InBsdWdpbiI6IndudCIsInBhcmFtZXRlcnMiOiJ7XCJyZWZlcnJlclwiOlwiXCJ9In0seyJwbHVnaW4iOiJ1YSIsInBhcmFtZXRlcnMiOiJ7fSJ9LHsicGx1Z2luIjoiYWJuIiwicGFyYW1ldGVycyI6IntcImlzQ3NzVXJsSW5qZWN0ZWRcIjpmYWxzZX0ifSx7InBsdWdpbiI6ImFibl9zaGFkb3ciLCJwYXJhbWV0ZXJzIjoie1wiaXNDc3NVcmxJbmplY3RlZFwiOmZhbHNlfSJ9XX0sImlzVG9wTGV2ZWwiOnRydWUsInBhZ2VTdGFydFRpbWUiOjE3ODUxMDYyNzYyNjEsIm5hdmlnYXRpb25TdGFydFRpbWUiOjE3ODUxMDYyNzU1MzB9&nocache=1445a&tm=2026-07-27T01%3A09%3A34.667Z:0
[ 8299177ms] [ERROR] Failed to load resource: net::ERR_FAILED @ https://gc.kis.v2.scr.kaspersky-labs.com/7D8B79A2-8974-4D7B-A76A-F4F29624C06BOSxDTLheSV66Hsf0i1yRUXAy8NkjYorxIG_uaN1dmJ5Wvd2xA3apQXvET0QVAF1JEaoPV6BKADfMsM6k4U-tLg/init?data=eyJ1cmwiOiJodHRwczovL2FwcHN0b3JlY29ubmVjdC5hcHBsZS5jb20vYXBwcy82Nzg5OTEzMTg2L2Rpc3RyaWJ1dGlvbi9pb3MvdmVyc2lvbi9pbmZsaWdodCIsInBsdWdpbnMiOiJ3c20mY2EmdnMmd250JnVhJmFibiZhYm5fc2hhZG93JmNiIiwiZGF0YSI6eyJkYXRhIjpbeyJwbHVnaW4iOiJ3c20iLCJwYXJhbWV0ZXJzIjoie1wicmVmZXJyZXJcIjpcIlwiLFwic3R1YklkXCI6XCJcIn0ifSx7InBsdWdpbiI6IndudCIsInBhcmFtZXRlcnMiOiJ7XCJyZWZlcnJlclwiOlwiXCJ9In0seyJwbHVnaW4iOiJ1YSIsInBhcmFtZXRlcnMiOiJ7fSJ9LHsicGx1Z2luIjoiYWJuIiwicGFyYW1ldGVycyI6IntcImlzQ3NzVXJsSW5qZWN0ZWRcIjpmYWxzZX0ifSx7InBsdWdpbiI6ImFibl9zaGFkb3ciLCJwYXJhbWV0ZXJzIjoie1wiaXNDc3NVcmxJbmplY3RlZFwiOmZhbHNlfSJ9XX0sImlzVG9wTGV2ZWwiOnRydWUsInBhZ2VTdGFydFRpbWUiOjE3ODUxMDYyNzYyNjEsIm5hdmlnYXRpb25TdGFydFRpbWUiOjE3ODUxMDYyNzU1MzB9&nocache=1ed63&tm=2026-07-27T01%3A09%3A34.693Z&second=true:0
[ 8419145ms] [ERROR] Failed to load resource: net::ERR_FAILED @ https://gc.kis.v2.scr.kaspersky-labs.com/7D8B79A2-8974-4D7B-A76A-F4F29624C06BOSxDTLheSV66Hsf0i1yRUXAy8NkjYorxIG_uaN1dmJ5Wvd2xA3apQXvET0QVAF1JEaoPV6BKADfMsM6k4U-tLg/init?data=eyJ1cmwiOiJodHRwczovL2FwcHN0b3JlY29ubmVjdC5hcHBsZS5jb20vYXBwcy82Nzg5OTEzMTg2L2Rpc3RyaWJ1dGlvbi9pb3MvdmVyc2lvbi9pbmZsaWdodCIsInBsdWdpbnMiOiJ3c20mY2EmdnMmd250JnVhJmFibiZhYm5fc2hhZG93JmNiIiwiZGF0YSI6eyJkYXRhIjpbeyJwbHVnaW4iOiJ3c20iLCJwYXJhbWV0ZXJzIjoie1wicmVmZXJyZXJcIjpcIlwiLFwic3R1YklkXCI6XCJcIn0ifSx7InBsdWdpbiI6IndudCIsInBhcmFtZXRlcnMiOiJ7XCJyZWZlcnJlclwiOlwiXCJ9In0seyJwbHVnaW4iOiJ1YSIsInBhcmFtZXRlcnMiOiJ7fSJ9LHsicGx1Z2luIjoiYWJuIiwicGFyYW1ldGVycyI6IntcImlzQ3NzVXJsSW5qZWN0ZWRcIjpmYWxzZX0ifSx7InBsdWdpbiI6ImFibl9zaGFkb3ciLCJwYXJhbWV0ZXJzIjoie1wiaXNDc3NVcmxJbmplY3RlZFwiOmZhbHNlfSJ9XX0sImlzVG9wTGV2ZWwiOnRydWUsInBhZ2VTdGFydFRpbWUiOjE3ODUxMDYyNzYyNjEsIm5hdmlnYXRpb25TdGFydFRpbWUiOjE3ODUxMDYyNzU1MzB9&nocache=1fca9&tm=2026-07-27T01%3A11%3A34.657Z:0
[ 8419152ms] [ERROR] Failed to load resource: net::ERR_FAILED @ https://gc.kis.v2.scr.kaspersky-labs.com/7D8B79A2-8974-4D7B-A76A-F4F29624C06BOSxDTLheSV66Hsf0i1yRUXAy8NkjYorxIG_uaN1dmJ5Wvd2xA3apQXvET0QVAF1JEaoPV6BKADfMsM6k4U-tLg/init?data=eyJ1cmwiOiJodHRwczovL2FwcHN0b3JlY29ubmVjdC5hcHBsZS5jb20vYXBwcy82Nzg5OTEzMTg2L2Rpc3RyaWJ1dGlvbi9pb3MvdmVyc2lvbi9pbmZsaWdodCIsInBsdWdpbnMiOiJ3c20mY2EmdnMmd250JnVhJmFibiZhYm5fc2hhZG93JmNiIiwiZGF0YSI6eyJkYXRhIjpbeyJwbHVnaW4iOiJ3c20iLCJwYXJhbWV0ZXJzIjoie1wicmVmZXJyZXJcIjpcIlwiLFwic3R1YklkXCI6XCJcIn0ifSx7InBsdWdpbiI6IndudCIsInBhcmFtZXRlcnMiOiJ7XCJyZWZlcnJlclwiOlwiXCJ9In0seyJwbHVnaW4iOiJ1YSIsInBhcmFtZXRlcnMiOiJ7fSJ9LHsicGx1Z2luIjoiYWJuIiwicGFyYW1ldGVycyI6IntcImlzQ3NzVXJsSW5qZWN0ZWRcIjpmYWxzZX0ifSx7InBsdWdpbiI6ImFibl9zaGFkb3ciLCJwYXJhbWV0ZXJzIjoie1wiaXNDc3NVcmxJbmplY3RlZFwiOmZhbHNlfSJ9XX0sImlzVG9wTGV2ZWwiOnRydWUsInBhZ2VTdGFydFRpbWUiOjE3ODUxMDYyNzYyNjEsIm5hdmlnYXRpb25TdGFydFRpbWUiOjE3ODUxMDYyNzU1MzB9&nocache=133cb&tm=2026-07-27T01%3A11%3A34.667Z&second=true:0
[ 8539152ms] [ERROR] Failed to load resource: net::ERR_FAILED @ https://gc.kis.v2.scr.kaspersky-labs.com/7D8B79A2-8974-4D7B-A76A-F4F29624C06BOSxDTLheSV66Hsf0i1yRUXAy8NkjYorxIG_uaN1dmJ5Wvd2xA3apQXvET0QVAF1JEaoPV6BKADfMsM6k4U-tLg/init?data=eyJ1cmwiOiJodHRwczovL2FwcHN0b3JlY29ubmVjdC5hcHBsZS5jb20vYXBwcy82Nzg5OTEzMTg2L2Rpc3RyaWJ1dGlvbi9pb3MvdmVyc2lvbi9pbmZsaWdodCIsInBsdWdpbnMiOiJ3c20mY2EmdnMmd250JnVhJmFibiZhYm5fc2hhZG93JmNiIiwiZGF0YSI6eyJkYXRhIjpbeyJwbHVnaW4iOiJ3c20iLCJwYXJhbWV0ZXJzIjoie1wicmVmZXJyZXJcIjpcIlwiLFwic3R1YklkXCI6XCJcIn0ifSx7InBsdWdpbiI6IndudCIsInBhcmFtZXRlcnMiOiJ7XCJyZWZlcnJlclwiOlwiXCJ9In0seyJwbHVnaW4iOiJ1YSIsInBhcmFtZXRlcnMiOiJ7fSJ9LHsicGx1Z2luIjoiYWJuIiwicGFyYW1ldGVycyI6IntcImlzQ3NzVXJsSW5qZWN0ZWRcIjpmYWxzZX0ifSx7InBsdWdpbiI6ImFibl9zaGFkb3ciLCJwYXJhbWV0ZXJzIjoie1wiaXNDc3NVcmxJbmplY3RlZFwiOmZhbHNlfSJ9XX0sImlzVG9wTGV2ZWwiOnRydWUsInBhZ2VTdGFydFRpbWUiOjE3ODUxMDYyNzYyNjEsIm5hdmlnYXRpb25TdGFydFRpbWUiOjE3ODUxMDYyNzU1MzB9&nocache=19ee7&tm=2026-07-27T01%3A13%3A34.665Z:0
[ 8539160ms] [ERROR] Failed to load resource: net::ERR_FAILED @ https://gc.kis.v2.scr.kaspersky-labs.com/7D8B79A2-8974-4D7B-A76A-F4F29624C06BOSxDTLheSV66Hsf0i1yRUXAy8NkjYorxIG_uaN1dmJ5Wvd2xA3apQXvET0QVAF1JEaoPV6BKADfMsM6k4U-tLg/init?data=eyJ1cmwiOiJodHRwczovL2FwcHN0b3JlY29ubmVjdC5hcHBsZS5jb20vYXBwcy82Nzg5OTEzMTg2L2Rpc3RyaWJ1dGlvbi9pb3MvdmVyc2lvbi9pbmZsaWdodCIsInBsdWdpbnMiOiJ3c20mY2EmdnMmd250JnVhJmFibiZhYm5fc2hhZG93JmNiIiwiZGF0YSI6eyJkYXRhIjpbeyJwbHVnaW4iOiJ3c20iLCJwYXJhbWV0ZXJzIjoie1wicmVmZXJyZXJcIjpcIlwiLFwic3R1YklkXCI6XCJcIn0ifSx7InBsdWdpbiI6IndudCIsInBhcmFtZXRlcnMiOiJ7XCJyZWZlcnJlclwiOlwiXCJ9In0seyJwbHVnaW4iOiJ1YSIsInBhcmFtZXRlcnMiOiJ7fSJ9LHsicGx1Z2luIjoiYWJuIiwicGFyYW1ldGVycyI6IntcImlzQ3NzVXJsSW5qZWN0ZWRcIjpmYWxzZX0ifSx7InBsdWdpbiI6ImFibl9zaGFkb3ciLCJwYXJhbWV0ZXJzIjoie1wiaXNDc3NVcmxJbmplY3RlZFwiOmZhbHNlfSJ9XX0sImlzVG9wTGV2ZWwiOnRydWUsInBhZ2VTdGFydFRpbWUiOjE3ODUxMDYyNzYyNjEsIm5hdmlnYXRpb25TdGFydFRpbWUiOjE3ODUxMDYyNzU1MzB9&nocache=1e6a3&tm=2026-07-27T01%3A13%3A34.675Z&second=true:0
[ 8659147ms] [ERROR] Failed to load resource: net::ERR_FAILED @ https://gc.kis.v2.scr.kaspersky-labs.com/7D8B79A2-8974-4D7B-A76A-F4F29624C06BOSxDTLheSV66Hsf0i1yRUXAy8NkjYorxIG_uaN1dmJ5Wvd2xA3apQXvET0QVAF1JEaoPV6BKADfMsM6k4U-tLg/init?data=eyJ1cmwiOiJodHRwczovL2FwcHN0b3JlY29ubmVjdC5hcHBsZS5jb20vYXBwcy82Nzg5OTEzMTg2L2Rpc3RyaWJ1dGlvbi9pb3MvdmVyc2lvbi9pbmZsaWdodCIsInBsdWdpbnMiOiJ3c20mY2EmdnMmd250JnVhJmFibiZhYm5fc2hhZG93JmNiIiwiZGF0YSI6eyJkYXRhIjpbeyJwbHVnaW4iOiJ3c20iLCJwYXJhbWV0ZXJzIjoie1wicmVmZXJyZXJcIjpcIlwiLFwic3R1YklkXCI6XCJcIn0ifSx7InBsdWdpbiI6IndudCIsInBhcmFtZXRlcnMiOiJ7XCJyZWZlcnJlclwiOlwiXCJ9In0seyJwbHVnaW4iOiJ1YSIsInBhcmFtZXRlcnMiOiJ7fSJ9LHsicGx1Z2luIjoiYWJuIiwicGFyYW1ldGVycyI6IntcImlzQ3NzVXJsSW5qZWN0ZWRcIjpmYWxzZX0ifSx7InBsdWdpbiI6ImFibl9zaGFkb3ciLCJwYXJhbWV0ZXJzIjoie1wiaXNDc3NVcmxJbmplY3RlZFwiOmZhbHNlfSJ9XX0sImlzVG9wTGV2ZWwiOnRydWUsInBhZ2VTdGFydFRpbWUiOjE3ODUxMDYyNzYyNjEsIm5hdmlnYXRpb25TdGFydFRpbWUiOjE3ODUxMDYyNzU1MzB9&nocache=1b936&tm=2026-07-27T01%3A15%3A34.659Z:0
[ 8659154ms] [ERROR] Failed to load resource: net::ERR_FAILED @ https://gc.kis.v2.scr.kaspersky-labs.com/7D8B79A2-8974-4D7B-A76A-F4F29624C06BOSxDTLheSV66Hsf0i1yRUXAy8NkjYorxIG_uaN1dmJ5Wvd2xA3apQXvET0QVAF1JEaoPV6BKADfMsM6k4U-tLg/init?data=eyJ1cmwiOiJodHRwczovL2FwcHN0b3JlY29ubmVjdC5hcHBsZS5jb20vYXBwcy82Nzg5OTEzMTg2L2Rpc3RyaWJ1dGlvbi9pb3MvdmVyc2lvbi9pbmZsaWdodCIsInBsdWdpbnMiOiJ3c20mY2EmdnMmd250JnVhJmFibiZhYm5fc2hhZG93JmNiIiwiZGF0YSI6eyJkYXRhIjpbeyJwbHVnaW4iOiJ3c20iLCJwYXJhbWV0ZXJzIjoie1wicmVmZXJyZXJcIjpcIlwiLFwic3R1YklkXCI6XCJcIn0ifSx7InBsdWdpbiI6IndudCIsInBhcmFtZXRlcnMiOiJ7XCJyZWZlcnJlclwiOlwiXCJ9In0seyJwbHVnaW4iOiJ1YSIsInBhcmFtZXRlcnMiOiJ7fSJ9LHsicGx1Z2luIjoiYWJuIiwicGFyYW1ldGVycyI6IntcImlzQ3NzVXJsSW5qZWN0ZWRcIjpmYWxzZX0ifSx7InBsdWdpbiI6ImFibl9zaGFkb3ciLCJwYXJhbWV0ZXJzIjoie1wiaXNDc3NVcmxJbmplY3RlZFwiOmZhbHNlfSJ9XX0sImlzVG9wTGV2ZWwiOnRydWUsInBhZ2VTdGFydFRpbWUiOjE3ODUxMDYyNzYyNjEsIm5hdmlnYXRpb25TdGFydFRpbWUiOjE3ODUxMDYyNzU1MzB9&nocache=1f418&tm=2026-07-27T01%3A15%3A34.669Z&second=true:0
[ 8779155ms] [ERROR] Failed to load resource: net::ERR_FAILED @ https://gc.kis.v2.scr.kaspersky-labs.com/7D8B79A2-8974-4D7B-A76A-F4F29624C06BOSxDTLheSV66Hsf0i1yRUXAy8NkjYorxIG_uaN1dmJ5Wvd2xA3apQXvET0QVAF1JEaoPV6BKADfMsM6k4U-tLg/init?data=eyJ1cmwiOiJodHRwczovL2FwcHN0b3JlY29ubmVjdC5hcHBsZS5jb20vYXBwcy82Nzg5OTEzMTg2L2Rpc3RyaWJ1dGlvbi9pb3MvdmVyc2lvbi9pbmZsaWdodCIsInBsdWdpbnMiOiJ3c20mY2EmdnMmd250JnVhJmFibiZhYm5fc2hhZG93JmNiIiwiZGF0YSI6eyJkYXRhIjpbeyJwbHVnaW4iOiJ3c20iLCJwYXJhbWV0ZXJzIjoie1wicmVmZXJyZXJcIjpcIlwiLFwic3R1YklkXCI6XCJcIn0ifSx7InBsdWdpbiI6IndudCIsInBhcmFtZXRlcnMiOiJ7XCJyZWZlcnJlclwiOlwiXCJ9In0seyJwbHVnaW4iOiJ1YSIsInBhcmFtZXRlcnMiOiJ7fSJ9LHsicGx1Z2luIjoiYWJuIiwicGFyYW1ldGVycyI6IntcImlzQ3NzVXJsSW5qZWN0ZWRcIjpmYWxzZX0ifSx7InBsdWdpbiI6ImFibl9zaGFkb3ciLCJwYXJhbWV0ZXJzIjoie1wiaXNDc3NVcmxJbmplY3RlZFwiOmZhbHNlfSJ9XX0sImlzVG9wTGV2ZWwiOnRydWUsInBhZ2VTdGFydFRpbWUiOjE3ODUxMDYyNzYyNjEsIm5hdmlnYXRpb25TdGFydFRpbWUiOjE3ODUxMDYyNzU1MzB9&nocache=1b677&tm=2026-07-27T01%3A17%3A34.667Z:0
[ 8779161ms] [ERROR] Failed to load resource: net::ERR_FAILED @ https://gc.kis.v2.scr.kaspersky-labs.com/7D8B79A2-8974-4D7B-A76A-F4F29624C06BOSxDTLheSV66Hsf0i1yRUXAy8NkjYorxIG_uaN1dmJ5Wvd2xA3apQXvET0QVAF1JEaoPV6BKADfMsM6k4U-tLg/init?data=eyJ1cmwiOiJodHRwczovL2FwcHN0b3JlY29ubmVjdC5hcHBsZS5jb20vYXBwcy82Nzg5OTEzMTg2L2Rpc3RyaWJ1dGlvbi9pb3MvdmVyc2lvbi9pbmZsaWdodCIsInBsdWdpbnMiOiJ3c20mY2EmdnMmd250JnVhJmFibiZhYm5fc2hhZG93JmNiIiwiZGF0YSI6eyJkYXRhIjpbeyJwbHVnaW4iOiJ3c20iLCJwYXJhbWV0ZXJzIjoie1wicmVmZXJyZXJcIjpcIlwiLFwic3R1YklkXCI6XCJcIn0ifSx7InBsdWdpbiI6IndudCIsInBhcmFtZXRlcnMiOiJ7XCJyZWZlcnJlclwiOlwiXCJ9In0seyJwbHVnaW4iOiJ1YSIsInBhcmFtZXRlcnMiOiJ7fSJ9LHsicGx1Z2luIjoiYWJuIiwicGFyYW1ldGVycyI6IntcImlzQ3NzVXJsSW5qZWN0ZWRcIjpmYWxzZX0ifSx7InBsdWdpbiI6ImFibl9zaGFkb3ciLCJwYXJhbWV0ZXJzIjoie1wiaXNDc3NVcmxJbmplY3RlZFwiOmZhbHNlfSJ9XX0sImlzVG9wTGV2ZWwiOnRydWUsInBhZ2VTdGFydFRpbWUiOjE3ODUxMDYyNzYyNjEsIm5hdmlnYXRpb25TdGFydFRpbWUiOjE3ODUxMDYyNzU1MzB9&nocache=192f0&tm=2026-07-27T01%3A17%3A34.677Z&second=true:0
[ 8899157ms] [ERROR] Failed to load resource: net::ERR_FAILED @ https://gc.kis.v2.scr.kaspersky-labs.com/7D8B79A2-8974-4D7B-A76A-F4F29624C06BOSxDTLheSV66Hsf0i1yRUXAy8NkjYorxIG_uaN1dmJ5Wvd2xA3apQXvET0QVAF1JEaoPV6BKADfMsM6k4U-tLg/init?data=eyJ1cmwiOiJodHRwczovL2FwcHN0b3JlY29ubmVjdC5hcHBsZS5jb20vYXBwcy82Nzg5OTEzMTg2L2Rpc3RyaWJ1dGlvbi9pb3MvdmVyc2lvbi9pbmZsaWdodCIsInBsdWdpbnMiOiJ3c20mY2EmdnMmd250JnVhJmFibiZhYm5fc2hhZG93JmNiIiwiZGF0YSI6eyJkYXRhIjpbeyJwbHVnaW4iOiJ3c20iLCJwYXJhbWV0ZXJzIjoie1wicmVmZXJyZXJcIjpcIlwiLFwic3R1YklkXCI6XCJcIn0ifSx7InBsdWdpbiI6IndudCIsInBhcmFtZXRlcnMiOiJ7XCJyZWZlcnJlclwiOlwiXCJ9In0seyJwbHVnaW4iOiJ1YSIsInBhcmFtZXRlcnMiOiJ7fSJ9LHsicGx1Z2luIjoiYWJuIiwicGFyYW1ldGVycyI6IntcImlzQ3NzVXJsSW5qZWN0ZWRcIjpmYWxzZX0ifSx7InBsdWdpbiI6ImFibl9zaGFkb3ciLCJwYXJhbWV0ZXJzIjoie1wiaXNDc3NVcmxJbmplY3RlZFwiOmZhbHNlfSJ9XX0sImlzVG9wTGV2ZWwiOnRydWUsInBhZ2VTdGFydFRpbWUiOjE3ODUxMDYyNzYyNjEsIm5hdmlnYXRpb25TdGFydFRpbWUiOjE3ODUxMDYyNzU1MzB9&nocache=16357&tm=2026-07-27T01%3A19%3A34.665Z:0
[ 8899169ms] [ERROR] Failed to load resource: net::ERR_FAILED @ https://gc.kis.v2.scr.kaspersky-labs.com/7D8B79A2-8974-4D7B-A76A-F4F29624C06BOSxDTLheSV66Hsf0i1yRUXAy8NkjYorxIG_uaN1dmJ5Wvd2xA3apQXvET0QVAF1JEaoPV6BKADfMsM6k4U-tLg/init?data=eyJ1cmwiOiJodHRwczovL2FwcHN0b3JlY29ubmVjdC5hcHBsZS5jb20vYXBwcy82Nzg5OTEzMTg2L2Rpc3RyaWJ1dGlvbi9pb3MvdmVyc2lvbi9pbmZsaWdodCIsInBsdWdpbnMiOiJ3c20mY2EmdnMmd250JnVhJmFibiZhYm5fc2hhZG93JmNiIiwiZGF0YSI6eyJkYXRhIjpbeyJwbHVnaW4iOiJ3c20iLCJwYXJhbWV0ZXJzIjoie1wicmVmZXJyZXJcIjpcIlwiLFwic3R1YklkXCI6XCJcIn0ifSx7InBsdWdpbiI6IndudCIsInBhcmFtZXRlcnMiOiJ7XCJyZWZlcnJlclwiOlwiXCJ9In0seyJwbHVnaW4iOiJ1YSIsInBhcmFtZXRlcnMiOiJ7fSJ9LHsicGx1Z2luIjoiYWJuIiwicGFyYW1ldGVycyI6IntcImlzQ3NzVXJsSW5qZWN0ZWRcIjpmYWxzZX0ifSx7InBsdWdpbiI6ImFibl9zaGFkb3ciLCJwYXJhbWV0ZXJzIjoie1wiaXNDc3NVcmxJbmplY3RlZFwiOmZhbHNlfSJ9XX0sImlzVG9wTGV2ZWwiOnRydWUsInBhZ2VTdGFydFRpbWUiOjE3ODUxMDYyNzYyNjEsIm5hdmlnYXRpb25TdGFydFRpbWUiOjE3ODUxMDYyNzU1MzB9&nocache=1cdbb&tm=2026-07-27T01%3A19%3A34.680Z&second=true:0
[ 9019164ms] [ERROR] Failed to load resource: net::ERR_FAILED @ https://gc.kis.v2.scr.kaspersky-labs.com/7D8B79A2-8974-4D7B-A76A-F4F29624C06BOSxDTLheSV66Hsf0i1yRUXAy8NkjYorxIG_uaN1dmJ5Wvd2xA3apQXvET0QVAF1JEaoPV6BKADfMsM6k4U-tLg/init?data=eyJ1cmwiOiJodHRwczovL2FwcHN0b3JlY29ubmVjdC5hcHBsZS5jb20vYXBwcy82Nzg5OTEzMTg2L2Rpc3RyaWJ1dGlvbi9pb3MvdmVyc2lvbi9pbmZsaWdodCIsInBsdWdpbnMiOiJ3c20mY2EmdnMmd250JnVhJmFibiZhYm5fc2hhZG93JmNiIiwiZGF0YSI6eyJkYXRhIjpbeyJwbHVnaW4iOiJ3c20iLCJwYXJhbWV0ZXJzIjoie1wicmVmZXJyZXJcIjpcIlwiLFwic3R1YklkXCI6XCJcIn0ifSx7InBsdWdpbiI6IndudCIsInBhcmFtZXRlcnMiOiJ7XCJyZWZlcnJlclwiOlwiXCJ9In0seyJwbHVnaW4iOiJ1YSIsInBhcmFtZXRlcnMiOiJ7fSJ9LHsicGx1Z2luIjoiYWJuIiwicGFyYW1ldGVycyI6IntcImlzQ3NzVXJsSW5qZWN0ZWRcIjpmYWxzZX0ifSx7InBsdWdpbiI6ImFibl9zaGFkb3ciLCJwYXJhbWV0ZXJzIjoie1wiaXNDc3NVcmxJbmplY3RlZFwiOmZhbHNlfSJ9XX0sImlzVG9wTGV2ZWwiOnRydWUsInBhZ2VTdGFydFRpbWUiOjE3ODUxMDYyNzYyNjEsIm5hdmlnYXRpb25TdGFydFRpbWUiOjE3ODUxMDYyNzU1MzB9&nocache=1c93a&tm=2026-07-27T01%3A21%3A34.669Z:0
[ 9019171ms] [ERROR] Failed to load resource: net::ERR_FAILED @ https://gc.kis.v2.scr.kaspersky-labs.com/7D8B79A2-8974-4D7B-A76A-F4F29624C06BOSxDTLheSV66Hsf0i1yRUXAy8NkjYorxIG_uaN1dmJ5Wvd2xA3apQXvET0QVAF1JEaoPV6BKADfMsM6k4U-tLg/init?data=eyJ1cmwiOiJodHRwczovL2FwcHN0b3JlY29ubmVjdC5hcHBsZS5jb20vYXBwcy82Nzg5OTEzMTg2L2Rpc3RyaWJ1dGlvbi9pb3MvdmVyc2lvbi9pbmZsaWdodCIsInBsdWdpbnMiOiJ3c20mY2EmdnMmd250JnVhJmFibiZhYm5fc2hhZG93JmNiIiwiZGF0YSI6eyJkYXRhIjpbeyJwbHVnaW4iOiJ3c20iLCJwYXJhbWV0ZXJzIjoie1wicmVmZXJyZXJcIjpcIlwiLFwic3R1YklkXCI6XCJcIn0ifSx7InBsdWdpbiI6IndudCIsInBhcmFtZXRlcnMiOiJ7XCJyZWZlcnJlclwiOlwiXCJ9In0seyJwbHVnaW4iOiJ1YSIsInBhcmFtZXRlcnMiOiJ7fSJ9LHsicGx1Z2luIjoiYWJuIiwicGFyYW1ldGVycyI6IntcImlzQ3NzVXJsSW5qZWN0ZWRcIjpmYWxzZX0ifSx7InBsdWdpbiI6ImFibl9zaGFkb3ciLCJwYXJhbWV0ZXJzIjoie1wiaXNDc3NVcmxJbmplY3RlZFwiOmZhbHNlfSJ9XX0sImlzVG9wTGV2ZWwiOnRydWUsInBhZ2VTdGFydFRpbWUiOjE3ODUxMDYyNzYyNjEsIm5hdmlnYXRpb25TdGFydFRpbWUiOjE3ODUxMDYyNzU1MzB9&nocache=103c3&tm=2026-07-27T01%3A21%3A34.686Z&second=true:0
[ 9139151ms] [ERROR] Failed to load resource: net::ERR_FAILED @ https://gc.kis.v2.scr.kaspersky-labs.com/7D8B79A2-8974-4D7B-A76A-F4F29624C06BOSxDTLheSV66Hsf0i1yRUXAy8NkjYorxIG_uaN1dmJ5Wvd2xA3apQXvET0QVAF1JEaoPV6BKADfMsM6k4U-tLg/init?data=eyJ1cmwiOiJodHRwczovL2FwcHN0b3JlY29ubmVjdC5hcHBsZS5jb20vYXBwcy82Nzg5OTEzMTg2L2Rpc3RyaWJ1dGlvbi9pb3MvdmVyc2lvbi9pbmZsaWdodCIsInBsdWdpbnMiOiJ3c20mY2EmdnMmd250JnVhJmFibiZhYm5fc2hhZG93JmNiIiwiZGF0YSI6eyJkYXRhIjpbeyJwbHVnaW4iOiJ3c20iLCJwYXJhbWV0ZXJzIjoie1wicmVmZXJyZXJcIjpcIlwiLFwic3R1YklkXCI6XCJcIn0ifSx7InBsdWdpbiI6IndudCIsInBhcmFtZXRlcnMiOiJ7XCJyZWZlcnJlclwiOlwiXCJ9In0seyJwbHVnaW4iOiJ1YSIsInBhcmFtZXRlcnMiOiJ7fSJ9LHsicGx1Z2luIjoiYWJuIiwicGFyYW1ldGVycyI6IntcImlzQ3NzVXJsSW5qZWN0ZWRcIjpmYWxzZX0ifSx7InBsdWdpbiI6ImFibl9zaGFkb3ciLCJwYXJhbWV0ZXJzIjoie1wiaXNDc3NVcmxJbmplY3RlZFwiOmZhbHNlfSJ9XX0sImlzVG9wTGV2ZWwiOnRydWUsInBhZ2VTdGFydFRpbWUiOjE3ODUxMDYyNzYyNjEsIm5hdmlnYXRpb25TdGFydFRpbWUiOjE3ODUxMDYyNzU1MzB9&nocache=1a5ca&tm=2026-07-27T01%3A23%3A34.658Z:0
[ 9139162ms] [ERROR] Failed to load resource: net::ERR_FAILED @ https://gc.kis.v2.scr.kaspersky-labs.com/7D8B79A2-8974-4D7B-A76A-F4F29624C06BOSxDTLheSV66Hsf0i1yRUXAy8NkjYorxIG_uaN1dmJ5Wvd2xA3apQXvET0QVAF1JEaoPV6BKADfMsM6k4U-tLg/init?data=eyJ1cmwiOiJodHRwczovL2FwcHN0b3JlY29ubmVjdC5hcHBsZS5jb20vYXBwcy82Nzg5OTEzMTg2L2Rpc3RyaWJ1dGlvbi9pb3MvdmVyc2lvbi9pbmZsaWdodCIsInBsdWdpbnMiOiJ3c20mY2EmdnMmd250JnVhJmFibiZhYm5fc2hhZG93JmNiIiwiZGF0YSI6eyJkYXRhIjpbeyJwbHVnaW4iOiJ3c20iLCJwYXJhbWV0ZXJzIjoie1wicmVmZXJyZXJcIjpcIlwiLFwic3R1YklkXCI6XCJcIn0ifSx7InBsdWdpbiI6IndudCIsInBhcmFtZXRlcnMiOiJ7XCJyZWZlcnJlclwiOlwiXCJ9In0seyJwbHVnaW4iOiJ1YSIsInBhcmFtZXRlcnMiOiJ7fSJ9LHsicGx1Z2luIjoiYWJuIiwicGFyYW1ldGVycyI6IntcImlzQ3NzVXJsSW5qZWN0ZWRcIjpmYWxzZX0ifSx7InBsdWdpbiI6ImFibl9zaGFkb3ciLCJwYXJhbWV0ZXJzIjoie1wiaXNDc3NVcmxJbmplY3RlZFwiOmZhbHNlfSJ9XX0sImlzVG9wTGV2ZWwiOnRydWUsInBhZ2VTdGFydFRpbWUiOjE3ODUxMDYyNzYyNjEsIm5hdmlnYXRpb25TdGFydFRpbWUiOjE3ODUxMDYyNzU1MzB9&nocache=17454&tm=2026-07-27T01%3A23%3A34.673Z&second=true:0
[ 9259171ms] [ERROR] Failed to load resource: net::ERR_FAILED @ https://gc.kis.v2.scr.kaspersky-labs.com/7D8B79A2-8974-4D7B-A76A-F4F29624C06BOSxDTLheSV66Hsf0i1yRUXAy8NkjYorxIG_uaN1dmJ5Wvd2xA3apQXvET0QVAF1JEaoPV6BKADfMsM6k4U-tLg/init?data=eyJ1cmwiOiJodHRwczovL2FwcHN0b3JlY29ubmVjdC5hcHBsZS5jb20vYXBwcy82Nzg5OTEzMTg2L2Rpc3RyaWJ1dGlvbi9pb3MvdmVyc2lvbi9pbmZsaWdodCIsInBsdWdpbnMiOiJ3c20mY2EmdnMmd250JnVhJmFibiZhYm5fc2hhZG93JmNiIiwiZGF0YSI6eyJkYXRhIjpbeyJwbHVnaW4iOiJ3c20iLCJwYXJhbWV0ZXJzIjoie1wicmVmZXJyZXJcIjpcIlwiLFwic3R1YklkXCI6XCJcIn0ifSx7InBsdWdpbiI6IndudCIsInBhcmFtZXRlcnMiOiJ7XCJyZWZlcnJlclwiOlwiXCJ9In0seyJwbHVnaW4iOiJ1YSIsInBhcmFtZXRlcnMiOiJ7fSJ9LHsicGx1Z2luIjoiYWJuIiwicGFyYW1ldGVycyI6IntcImlzQ3NzVXJsSW5qZWN0ZWRcIjpmYWxzZX0ifSx7InBsdWdpbiI6ImFibl9zaGFkb3ciLCJwYXJhbWV0ZXJzIjoie1wiaXNDc3NVcmxJbmplY3RlZFwiOmZhbHNlfSJ9XX0sImlzVG9wTGV2ZWwiOnRydWUsInBhZ2VTdGFydFRpbWUiOjE3ODUxMDYyNzYyNjEsIm5hdmlnYXRpb25TdGFydFRpbWUiOjE3ODUxMDYyNzU1MzB9&nocache=1ad8c&tm=2026-07-27T01%3A25%3A34.678Z:0
[ 9259178ms] [ERROR] Failed to load resource: net::ERR_FAILED @ https://gc.kis.v2.scr.kaspersky-labs.com/7D8B79A2-8974-4D7B-A76A-F4F29624C06BOSxDTLheSV66Hsf0i1yRUXAy8NkjYorxIG_uaN1dmJ5Wvd2xA3apQXvET0QVAF1JEaoPV6BKADfMsM6k4U-tLg/init?data=eyJ1cmwiOiJodHRwczovL2FwcHN0b3JlY29ubmVjdC5hcHBsZS5jb20vYXBwcy82Nzg5OTEzMTg2L2Rpc3RyaWJ1dGlvbi9pb3MvdmVyc2lvbi9pbmZsaWdodCIsInBsdWdpbnMiOiJ3c20mY2EmdnMmd250JnVhJmFibiZhYm5fc2hhZG93JmNiIiwiZGF0YSI6eyJkYXRhIjpbeyJwbHVnaW4iOiJ3c20iLCJwYXJhbWV0ZXJzIjoie1wicmVmZXJyZXJcIjpcIlwiLFwic3R1YklkXCI6XCJcIn0ifSx7InBsdWdpbiI6IndudCIsInBhcmFtZXRlcnMiOiJ7XCJyZWZlcnJlclwiOlwiXCJ9In0seyJwbHVnaW4iOiJ1YSIsInBhcmFtZXRlcnMiOiJ7fSJ9LHsicGx1Z2luIjoiYWJuIiwicGFyYW1ldGVycyI6IntcImlzQ3NzVXJsSW5qZWN0ZWRcIjpmYWxzZX0ifSx7InBsdWdpbiI6ImFibl9zaGFkb3ciLCJwYXJhbWV0ZXJzIjoie1wiaXNDc3NVcmxJbmplY3RlZFwiOmZhbHNlfSJ9XX0sImlzVG9wTGV2ZWwiOnRydWUsInBhZ2VTdGFydFRpbWUiOjE3ODUxMDYyNzYyNjEsIm5hdmlnYXRpb25TdGFydFRpbWUiOjE3ODUxMDYyNzU1MzB9&nocache=1360b&tm=2026-07-27T01%3A25%3A34.693Z&second=true:0
[ 9379148ms] [ERROR] Failed to load resource: net::ERR_FAILED @ https://gc.kis.v2.scr.kaspersky-labs.com/7D8B79A2-8974-4D7B-A76A-F4F29624C06BOSxDTLheSV66Hsf0i1yRUXAy8NkjYorxIG_uaN1dmJ5Wvd2xA3apQXvET0QVAF1JEaoPV6BKADfMsM6k4U-tLg/init?data=eyJ1cmwiOiJodHRwczovL2FwcHN0b3JlY29ubmVjdC5hcHBsZS5jb20vYXBwcy82Nzg5OTEzMTg2L2Rpc3RyaWJ1dGlvbi9pb3MvdmVyc2lvbi9pbmZsaWdodCIsInBsdWdpbnMiOiJ3c20mY2EmdnMmd250JnVhJmFibiZhYm5fc2hhZG93JmNiIiwiZGF0YSI6eyJkYXRhIjpbeyJwbHVnaW4iOiJ3c20iLCJwYXJhbWV0ZXJzIjoie1wicmVmZXJyZXJcIjpcIlwiLFwic3R1YklkXCI6XCJcIn0ifSx7InBsdWdpbiI6IndudCIsInBhcmFtZXRlcnMiOiJ7XCJyZWZlcnJlclwiOlwiXCJ9In0seyJwbHVnaW4iOiJ1YSIsInBhcmFtZXRlcnMiOiJ7fSJ9LHsicGx1Z2luIjoiYWJuIiwicGFyYW1ldGVycyI6IntcImlzQ3NzVXJsSW5qZWN0ZWRcIjpmYWxzZX0ifSx7InBsdWdpbiI6ImFibl9zaGFkb3ciLCJwYXJhbWV0ZXJzIjoie1wiaXNDc3NVcmxJbmplY3RlZFwiOmZhbHNlfSJ9XX0sImlzVG9wTGV2ZWwiOnRydWUsInBhZ2VTdGFydFRpbWUiOjE3ODUxMDYyNzYyNjEsIm5hdmlnYXRpb25TdGFydFRpbWUiOjE3ODUxMDYyNzU1MzB9&nocache=1e270&tm=2026-07-27T01%3A27%3A34.661Z:0
[ 9379154ms] [ERROR] Failed to load resource: net::ERR_FAILED @ https://gc.kis.v2.scr.kaspersky-labs.com/7D8B79A2-8974-4D7B-A76A-F4F29624C06BOSxDTLheSV66Hsf0i1yRUXAy8NkjYorxIG_uaN1dmJ5Wvd2xA3apQXvET0QVAF1JEaoPV6BKADfMsM6k4U-tLg/init?data=eyJ1cmwiOiJodHRwczovL2FwcHN0b3JlY29ubmVjdC5hcHBsZS5jb20vYXBwcy82Nzg5OTEzMTg2L2Rpc3RyaWJ1dGlvbi9pb3MvdmVyc2lvbi9pbmZsaWdodCIsInBsdWdpbnMiOiJ3c20mY2EmdnMmd250JnVhJmFibiZhYm5fc2hhZG93JmNiIiwiZGF0YSI6eyJkYXRhIjpbeyJwbHVnaW4iOiJ3c20iLCJwYXJhbWV0ZXJzIjoie1wicmVmZXJyZXJcIjpcIlwiLFwic3R1YklkXCI6XCJcIn0ifSx7InBsdWdpbiI6IndudCIsInBhcmFtZXRlcnMiOiJ7XCJyZWZlcnJlclwiOlwiXCJ9In0seyJwbHVnaW4iOiJ1YSIsInBhcmFtZXRlcnMiOiJ7fSJ9LHsicGx1Z2luIjoiYWJuIiwicGFyYW1ldGVycyI6IntcImlzQ3NzVXJsSW5qZWN0ZWRcIjpmYWxzZX0ifSx7InBsdWdpbiI6ImFibl9zaGFkb3ciLCJwYXJhbWV0ZXJzIjoie1wiaXNDc3NVcmxJbmplY3RlZFwiOmZhbHNlfSJ9XX0sImlzVG9wTGV2ZWwiOnRydWUsInBhZ2VTdGFydFRpbWUiOjE3ODUxMDYyNzYyNjEsIm5hdmlnYXRpb25TdGFydFRpbWUiOjE3ODUxMDYyNzU1MzB9&nocache=1a087&tm=2026-07-27T01%3A27%3A34.670Z&second=true:0
[ 9499143ms] [ERROR] Failed to load resource: net::ERR_FAILED @ https://gc.kis.v2.scr.kaspersky-labs.com/7D8B79A2-8974-4D7B-A76A-F4F29624C06BOSxDTLheSV66Hsf0i1yRUXAy8NkjYorxIG_uaN1dmJ5Wvd2xA3apQXvET0QVAF1JEaoPV6BKADfMsM6k4U-tLg/init?data=eyJ1cmwiOiJodHRwczovL2FwcHN0b3JlY29ubmVjdC5hcHBsZS5jb20vYXBwcy82Nzg5OTEzMTg2L2Rpc3RyaWJ1dGlvbi9pb3MvdmVyc2lvbi9pbmZsaWdodCIsInBsdWdpbnMiOiJ3c20mY2EmdnMmd250JnVhJmFibiZhYm5fc2hhZG93JmNiIiwiZGF0YSI6eyJkYXRhIjpbeyJwbHVnaW4iOiJ3c20iLCJwYXJhbWV0ZXJzIjoie1wicmVmZXJyZXJcIjpcIlwiLFwic3R1YklkXCI6XCJcIn0ifSx7InBsdWdpbiI6IndudCIsInBhcmFtZXRlcnMiOiJ7XCJyZWZlcnJlclwiOlwiXCJ9In0seyJwbHVnaW4iOiJ1YSIsInBhcmFtZXRlcnMiOiJ7fSJ9LHsicGx1Z2luIjoiYWJuIiwicGFyYW1ldGVycyI6IntcImlzQ3NzVXJsSW5qZWN0ZWRcIjpmYWxzZX0ifSx7InBsdWdpbiI6ImFibl9zaGFkb3ciLCJwYXJhbWV0ZXJzIjoie1wiaXNDc3NVcmxJbmplY3RlZFwiOmZhbHNlfSJ9XX0sImlzVG9wTGV2ZWwiOnRydWUsInBhZ2VTdGFydFRpbWUiOjE3ODUxMDYyNzYyNjEsIm5hdmlnYXRpb25TdGFydFRpbWUiOjE3ODUxMDYyNzU1MzB9&nocache=13d0c&tm=2026-07-27T01%3A29%3A34.655Z:0
[ 9499150ms] [ERROR] Failed to load resource: net::ERR_FAILED @ https://gc.kis.v2.scr.kaspersky-labs.com/7D8B79A2-8974-4D7B-A76A-F4F29624C06BOSxDTLheSV66Hsf0i1yRUXAy8NkjYorxIG_uaN1dmJ5Wvd2xA3apQXvET0QVAF1JEaoPV6BKADfMsM6k4U-tLg/init?data=eyJ1cmwiOiJodHRwczovL2FwcHN0b3JlY29ubmVjdC5hcHBsZS5jb20vYXBwcy82Nzg5OTEzMTg2L2Rpc3RyaWJ1dGlvbi9pb3MvdmVyc2lvbi9pbmZsaWdodCIsInBsdWdpbnMiOiJ3c20mY2EmdnMmd250JnVhJmFibiZhYm5fc2hhZG93JmNiIiwiZGF0YSI6eyJkYXRhIjpbeyJwbHVnaW4iOiJ3c20iLCJwYXJhbWV0ZXJzIjoie1wicmVmZXJyZXJcIjpcIlwiLFwic3R1YklkXCI6XCJcIn0ifSx7InBsdWdpbiI6IndudCIsInBhcmFtZXRlcnMiOiJ7XCJyZWZlcnJlclwiOlwiXCJ9In0seyJwbHVnaW4iOiJ1YSIsInBhcmFtZXRlcnMiOiJ7fSJ9LHsicGx1Z2luIjoiYWJuIiwicGFyYW1ldGVycyI6IntcImlzQ3NzVXJsSW5qZWN0ZWRcIjpmYWxzZX0ifSx7InBsdWdpbiI6ImFibl9zaGFkb3ciLCJwYXJhbWV0ZXJzIjoie1wiaXNDc3NVcmxJbmplY3RlZFwiOmZhbHNlfSJ9XX0sImlzVG9wTGV2ZWwiOnRydWUsInBhZ2VTdGFydFRpbWUiOjE3ODUxMDYyNzYyNjEsIm5hdmlnYXRpb25TdGFydFRpbWUiOjE3ODUxMDYyNzU1MzB9&nocache=11c75&tm=2026-07-27T01%3A29%3A34.665Z&second=true:0
[ 9619153ms] [ERROR] Failed to load resource: net::ERR_FAILED @ https://gc.kis.v2.scr.kaspersky-labs.com/7D8B79A2-8974-4D7B-A76A-F4F29624C06BOSxDTLheSV66Hsf0i1yRUXAy8NkjYorxIG_uaN1dmJ5Wvd2xA3apQXvET0QVAF1JEaoPV6BKADfMsM6k4U-tLg/init?data=eyJ1cmwiOiJodHRwczovL2FwcHN0b3JlY29ubmVjdC5hcHBsZS5jb20vYXBwcy82Nzg5OTEzMTg2L2Rpc3RyaWJ1dGlvbi9pb3MvdmVyc2lvbi9pbmZsaWdodCIsInBsdWdpbnMiOiJ3c20mY2EmdnMmd250JnVhJmFibiZhYm5fc2hhZG93JmNiIiwiZGF0YSI6eyJkYXRhIjpbeyJwbHVnaW4iOiJ3c20iLCJwYXJhbWV0ZXJzIjoie1wicmVmZXJyZXJcIjpcIlwiLFwic3R1YklkXCI6XCJcIn0ifSx7InBsdWdpbiI6IndudCIsInBhcmFtZXRlcnMiOiJ7XCJyZWZlcnJlclwiOlwiXCJ9In0seyJwbHVnaW4iOiJ1YSIsInBhcmFtZXRlcnMiOiJ7fSJ9LHsicGx1Z2luIjoiYWJuIiwicGFyYW1ldGVycyI6IntcImlzQ3NzVXJsSW5qZWN0ZWRcIjpmYWxzZX0ifSx7InBsdWdpbiI6ImFibl9zaGFkb3ciLCJwYXJhbWV0ZXJzIjoie1wiaXNDc3NVcmxJbmplY3RlZFwiOmZhbHNlfSJ9XX0sImlzVG9wTGV2ZWwiOnRydWUsInBhZ2VTdGFydFRpbWUiOjE3ODUxMDYyNzYyNjEsIm5hdmlnYXRpb25TdGFydFRpbWUiOjE3ODUxMDYyNzU1MzB9&nocache=100aa&tm=2026-07-27T01%3A31%3A34.665Z:0
[ 9619164ms] [ERROR] Failed to load resource: net::ERR_FAILED @ https://gc.kis.v2.scr.kaspersky-labs.com/7D8B79A2-8974-4D7B-A76A-F4F29624C06BOSxDTLheSV66Hsf0i1yRUXAy8NkjYorxIG_uaN1dmJ5Wvd2xA3apQXvET0QVAF1JEaoPV6BKADfMsM6k4U-tLg/init?data=eyJ1cmwiOiJodHRwczovL2FwcHN0b3JlY29ubmVjdC5hcHBsZS5jb20vYXBwcy82Nzg5OTEzMTg2L2Rpc3RyaWJ1dGlvbi9pb3MvdmVyc2lvbi9pbmZsaWdodCIsInBsdWdpbnMiOiJ3c20mY2EmdnMmd250JnVhJmFibiZhYm5fc2hhZG93JmNiIiwiZGF0YSI6eyJkYXRhIjpbeyJwbHVnaW4iOiJ3c20iLCJwYXJhbWV0ZXJzIjoie1wicmVmZXJyZXJcIjpcIlwiLFwic3R1YklkXCI6XCJcIn0ifSx7InBsdWdpbiI6IndudCIsInBhcmFtZXRlcnMiOiJ7XCJyZWZlcnJlclwiOlwiXCJ9In0seyJwbHVnaW4iOiJ1YSIsInBhcmFtZXRlcnMiOiJ7fSJ9LHsicGx1Z2luIjoiYWJuIiwicGFyYW1ldGVycyI6IntcImlzQ3NzVXJsSW5qZWN0ZWRcIjpmYWxzZX0ifSx7InBsdWdpbiI6ImFibl9zaGFkb3ciLCJwYXJhbWV0ZXJzIjoie1wiaXNDc3NVcmxJbmplY3RlZFwiOmZhbHNlfSJ9XX0sImlzVG9wTGV2ZWwiOnRydWUsInBhZ2VTdGFydFRpbWUiOjE3ODUxMDYyNzYyNjEsIm5hdmlnYXRpb25TdGFydFRpbWUiOjE3ODUxMDYyNzU1MzB9&nocache=151dd&tm=2026-07-27T01%3A31%3A34.675Z&second=true:0
[ 9739143ms] [ERROR] Failed to load resource: net::ERR_FAILED @ https://gc.kis.v2.scr.kaspersky-labs.com/7D8B79A2-8974-4D7B-A76A-F4F29624C06BOSxDTLheSV66Hsf0i1yRUXAy8NkjYorxIG_uaN1dmJ5Wvd2xA3apQXvET0QVAF1JEaoPV6BKADfMsM6k4U-tLg/init?data=eyJ1cmwiOiJodHRwczovL2FwcHN0b3JlY29ubmVjdC5hcHBsZS5jb20vYXBwcy82Nzg5OTEzMTg2L2Rpc3RyaWJ1dGlvbi9pb3MvdmVyc2lvbi9pbmZsaWdodCIsInBsdWdpbnMiOiJ3c20mY2EmdnMmd250JnVhJmFibiZhYm5fc2hhZG93JmNiIiwiZGF0YSI6eyJkYXRhIjpbeyJwbHVnaW4iOiJ3c20iLCJwYXJhbWV0ZXJzIjoie1wicmVmZXJyZXJcIjpcIlwiLFwic3R1YklkXCI6XCJcIn0ifSx7InBsdWdpbiI6IndudCIsInBhcmFtZXRlcnMiOiJ7XCJyZWZlcnJlclwiOlwiXCJ9In0seyJwbHVnaW4iOiJ1YSIsInBhcmFtZXRlcnMiOiJ7fSJ9LHsicGx1Z2luIjoiYWJuIiwicGFyYW1ldGVycyI6IntcImlzQ3NzVXJsSW5qZWN0ZWRcIjpmYWxzZX0ifSx7InBsdWdpbiI6ImFibl9zaGFkb3ciLCJwYXJhbWV0ZXJzIjoie1wiaXNDc3NVcmxJbmplY3RlZFwiOmZhbHNlfSJ9XX0sImlzVG9wTGV2ZWwiOnRydWUsInBhZ2VTdGFydFRpbWUiOjE3ODUxMDYyNzYyNjEsIm5hdmlnYXRpb25TdGFydFRpbWUiOjE3ODUxMDYyNzU1MzB9&nocache=1d6f6&tm=2026-07-27T01%3A33%3A34.654Z:0
[ 9739156ms] [ERROR] Failed to load resource: net::ERR_FAILED @ https://gc.kis.v2.scr.kaspersky-labs.com/7D8B79A2-8974-4D7B-A76A-F4F29624C06BOSxDTLheSV66Hsf0i1yRUXAy8NkjYorxIG_uaN1dmJ5Wvd2xA3apQXvET0QVAF1JEaoPV6BKADfMsM6k4U-tLg/init?data=eyJ1cmwiOiJodHRwczovL2FwcHN0b3JlY29ubmVjdC5hcHBsZS5jb20vYXBwcy82Nzg5OTEzMTg2L2Rpc3RyaWJ1dGlvbi9pb3MvdmVyc2lvbi9pbmZsaWdodCIsInBsdWdpbnMiOiJ3c20mY2EmdnMmd250JnVhJmFibiZhYm5fc2hhZG93JmNiIiwiZGF0YSI6eyJkYXRhIjpbeyJwbHVnaW4iOiJ3c20iLCJwYXJhbWV0ZXJzIjoie1wicmVmZXJyZXJcIjpcIlwiLFwic3R1YklkXCI6XCJcIn0ifSx7InBsdWdpbiI6IndudCIsInBhcmFtZXRlcnMiOiJ7XCJyZWZlcnJlclwiOlwiXCJ9In0seyJwbHVnaW4iOiJ1YSIsInBhcmFtZXRlcnMiOiJ7fSJ9LHsicGx1Z2luIjoiYWJuIiwicGFyYW1ldGVycyI6IntcImlzQ3NzVXJsSW5qZWN0ZWRcIjpmYWxzZX0ifSx7InBsdWdpbiI6ImFibl9zaGFkb3ciLCJwYXJhbWV0ZXJzIjoie1wiaXNDc3NVcmxJbmplY3RlZFwiOmZhbHNlfSJ9XX0sImlzVG9wTGV2ZWwiOnRydWUsInBhZ2VTdGFydFRpbWUiOjE3ODUxMDYyNzYyNjEsIm5hdmlnYXRpb25TdGFydFRpbWUiOjE3ODUxMDYyNzU1MzB9&nocache=11e91&tm=2026-07-27T01%3A33%3A34.665Z&second=true:0
[ 9859158ms] [ERROR] Failed to load resource: net::ERR_FAILED @ https://gc.kis.v2.scr.kaspersky-labs.com/7D8B79A2-8974-4D7B-A76A-F4F29624C06BOSxDTLheSV66Hsf0i1yRUXAy8NkjYorxIG_uaN1dmJ5Wvd2xA3apQXvET0QVAF1JEaoPV6BKADfMsM6k4U-tLg/init?data=eyJ1cmwiOiJodHRwczovL2FwcHN0b3JlY29ubmVjdC5hcHBsZS5jb20vYXBwcy82Nzg5OTEzMTg2L2Rpc3RyaWJ1dGlvbi9pb3MvdmVyc2lvbi9pbmZsaWdodCIsInBsdWdpbnMiOiJ3c20mY2EmdnMmd250JnVhJmFibiZhYm5fc2hhZG93JmNiIiwiZGF0YSI6eyJkYXRhIjpbeyJwbHVnaW4iOiJ3c20iLCJwYXJhbWV0ZXJzIjoie1wicmVmZXJyZXJcIjpcIlwiLFwic3R1YklkXCI6XCJcIn0ifSx7InBsdWdpbiI6IndudCIsInBhcmFtZXRlcnMiOiJ7XCJyZWZlcnJlclwiOlwiXCJ9In0seyJwbHVnaW4iOiJ1YSIsInBhcmFtZXRlcnMiOiJ7fSJ9LHsicGx1Z2luIjoiYWJuIiwicGFyYW1ldGVycyI6IntcImlzQ3NzVXJsSW5qZWN0ZWRcIjpmYWxzZX0ifSx7InBsdWdpbiI6ImFibl9zaGFkb3ciLCJwYXJhbWV0ZXJzIjoie1wiaXNDc3NVcmxJbmplY3RlZFwiOmZhbHNlfSJ9XX0sImlzVG9wTGV2ZWwiOnRydWUsInBhZ2VTdGFydFRpbWUiOjE3ODUxMDYyNzYyNjEsIm5hdmlnYXRpb25TdGFydFRpbWUiOjE3ODUxMDYyNzU1MzB9&nocache=149f8&tm=2026-07-27T01%3A35%3A34.667Z:0
[ 9859166ms] [ERROR] Failed to load resource: net::ERR_FAILED @ https://gc.kis.v2.scr.kaspersky-labs.com/7D8B79A2-8974-4D7B-A76A-F4F29624C06BOSxDTLheSV66Hsf0i1yRUXAy8NkjYorxIG_uaN1dmJ5Wvd2xA3apQXvET0QVAF1JEaoPV6BKADfMsM6k4U-tLg/init?data=eyJ1cmwiOiJodHRwczovL2FwcHN0b3JlY29ubmVjdC5hcHBsZS5jb20vYXBwcy82Nzg5OTEzMTg2L2Rpc3RyaWJ1dGlvbi9pb3MvdmVyc2lvbi9pbmZsaWdodCIsInBsdWdpbnMiOiJ3c20mY2EmdnMmd250JnVhJmFibiZhYm5fc2hhZG93JmNiIiwiZGF0YSI6eyJkYXRhIjpbeyJwbHVnaW4iOiJ3c20iLCJwYXJhbWV0ZXJzIjoie1wicmVmZXJyZXJcIjpcIlwiLFwic3R1YklkXCI6XCJcIn0ifSx7InBsdWdpbiI6IndudCIsInBhcmFtZXRlcnMiOiJ7XCJyZWZlcnJlclwiOlwiXCJ9In0seyJwbHVnaW4iOiJ1YSIsInBhcmFtZXRlcnMiOiJ7fSJ9LHsicGx1Z2luIjoiYWJuIiwicGFyYW1ldGVycyI6IntcImlzQ3NzVXJsSW5qZWN0ZWRcIjpmYWxzZX0ifSx7InBsdWdpbiI6ImFibl9zaGFkb3ciLCJwYXJhbWV0ZXJzIjoie1wiaXNDc3NVcmxJbmplY3RlZFwiOmZhbHNlfSJ9XX0sImlzVG9wTGV2ZWwiOnRydWUsInBhZ2VTdGFydFRpbWUiOjE3ODUxMDYyNzYyNjEsIm5hdmlnYXRpb25TdGFydFRpbWUiOjE3ODUxMDYyNzU1MzB9&nocache=12973&tm=2026-07-27T01%3A35%3A34.680Z&second=true:0
[ 9979145ms] [ERROR] Failed to load resource: net::ERR_FAILED @ https://gc.kis.v2.scr.kaspersky-labs.com/7D8B79A2-8974-4D7B-A76A-F4F29624C06BOSxDTLheSV66Hsf0i1yRUXAy8NkjYorxIG_uaN1dmJ5Wvd2xA3apQXvET0QVAF1JEaoPV6BKADfMsM6k4U-tLg/init?data=eyJ1cmwiOiJodHRwczovL2FwcHN0b3JlY29ubmVjdC5hcHBsZS5jb20vYXBwcy82Nzg5OTEzMTg2L2Rpc3RyaWJ1dGlvbi9pb3MvdmVyc2lvbi9pbmZsaWdodCIsInBsdWdpbnMiOiJ3c20mY2EmdnMmd250JnVhJmFibiZhYm5fc2hhZG93JmNiIiwiZGF0YSI6eyJkYXRhIjpbeyJwbHVnaW4iOiJ3c20iLCJwYXJhbWV0ZXJzIjoie1wicmVmZXJyZXJcIjpcIlwiLFwic3R1YklkXCI6XCJcIn0ifSx7InBsdWdpbiI6IndudCIsInBhcmFtZXRlcnMiOiJ7XCJyZWZlcnJlclwiOlwiXCJ9In0seyJwbHVnaW4iOiJ1YSIsInBhcmFtZXRlcnMiOiJ7fSJ9LHsicGx1Z2luIjoiYWJuIiwicGFyYW1ldGVycyI6IntcImlzQ3NzVXJsSW5qZWN0ZWRcIjpmYWxzZX0ifSx7InBsdWdpbiI6ImFibl9zaGFkb3ciLCJwYXJhbWV0ZXJzIjoie1wiaXNDc3NVcmxJbmplY3RlZFwiOmZhbHNlfSJ9XX0sImlzVG9wTGV2ZWwiOnRydWUsInBhZ2VTdGFydFRpbWUiOjE3ODUxMDYyNzYyNjEsIm5hdmlnYXRpb25TdGFydFRpbWUiOjE3ODUxMDYyNzU1MzB9&nocache=1e9d4&tm=2026-07-27T01%3A37%3A34.658Z:0
[ 9979149ms] [ERROR] Failed to load resource: net::ERR_FAILED @ https://gc.kis.v2.scr.kaspersky-labs.com/7D8B79A2-8974-4D7B-A76A-F4F29624C06BOSxDTLheSV66Hsf0i1yRUXAy8NkjYorxIG_uaN1dmJ5Wvd2xA3apQXvET0QVAF1JEaoPV6BKADfMsM6k4U-tLg/init?data=eyJ1cmwiOiJodHRwczovL2FwcHN0b3JlY29ubmVjdC5hcHBsZS5jb20vYXBwcy82Nzg5OTEzMTg2L2Rpc3RyaWJ1dGlvbi9pb3MvdmVyc2lvbi9pbmZsaWdodCIsInBsdWdpbnMiOiJ3c20mY2EmdnMmd250JnVhJmFibiZhYm5fc2hhZG93JmNiIiwiZGF0YSI6eyJkYXRhIjpbeyJwbHVnaW4iOiJ3c20iLCJwYXJhbWV0ZXJzIjoie1wicmVmZXJyZXJcIjpcIlwiLFwic3R1YklkXCI6XCJcIn0ifSx7InBsdWdpbiI6IndudCIsInBhcmFtZXRlcnMiOiJ7XCJyZWZlcnJlclwiOlwiXCJ9In0seyJwbHVnaW4iOiJ1YSIsInBhcmFtZXRlcnMiOiJ7fSJ9LHsicGx1Z2luIjoiYWJuIiwicGFyYW1ldGVycyI6IntcImlzQ3NzVXJsSW5qZWN0ZWRcIjpmYWxzZX0ifSx7InBsdWdpbiI6ImFibl9zaGFkb3ciLCJwYXJhbWV0ZXJzIjoie1wiaXNDc3NVcmxJbmplY3RlZFwiOmZhbHNlfSJ9XX0sImlzVG9wTGV2ZWwiOnRydWUsInBhZ2VTdGFydFRpbWUiOjE3ODUxMDYyNzYyNjEsIm5hdmlnYXRpb25TdGFydFRpbWUiOjE3ODUxMDYyNzU1MzB9&nocache=1c81f&tm=2026-07-27T01%3A37%3A34.667Z&second=true:0
[10099174ms] [ERROR] Failed to load resource: net::ERR_FAILED @ https://gc.kis.v2.scr.kaspersky-labs.com/7D8B79A2-8974-4D7B-A76A-F4F29624C06BOSxDTLheSV66Hsf0i1yRUXAy8NkjYorxIG_uaN1dmJ5Wvd2xA3apQXvET0QVAF1JEaoPV6BKADfMsM6k4U-tLg/init?data=eyJ1cmwiOiJodHRwczovL2FwcHN0b3JlY29ubmVjdC5hcHBsZS5jb20vYXBwcy82Nzg5OTEzMTg2L2Rpc3RyaWJ1dGlvbi9pb3MvdmVyc2lvbi9pbmZsaWdodCIsInBsdWdpbnMiOiJ3c20mY2EmdnMmd250JnVhJmFibiZhYm5fc2hhZG93JmNiIiwiZGF0YSI6eyJkYXRhIjpbeyJwbHVnaW4iOiJ3c20iLCJwYXJhbWV0ZXJzIjoie1wicmVmZXJyZXJcIjpcIlwiLFwic3R1YklkXCI6XCJcIn0ifSx7InBsdWdpbiI6IndudCIsInBhcmFtZXRlcnMiOiJ7XCJyZWZlcnJlclwiOlwiXCJ9In0seyJwbHVnaW4iOiJ1YSIsInBhcmFtZXRlcnMiOiJ7fSJ9LHsicGx1Z2luIjoiYWJuIiwicGFyYW1ldGVycyI6IntcImlzQ3NzVXJsSW5qZWN0ZWRcIjpmYWxzZX0ifSx7InBsdWdpbiI6ImFibl9zaGFkb3ciLCJwYXJhbWV0ZXJzIjoie1wiaXNDc3NVcmxJbmplY3RlZFwiOmZhbHNlfSJ9XX0sImlzVG9wTGV2ZWwiOnRydWUsInBhZ2VTdGFydFRpbWUiOjE3ODUxMDYyNzYyNjEsIm5hdmlnYXRpb25TdGFydFRpbWUiOjE3ODUxMDYyNzU1MzB9&nocache=1686d&tm=2026-07-27T01%3A39%3A34.669Z:0
[10099179ms] [ERROR] Failed to load resource: net::ERR_FAILED @ https://gc.kis.v2.scr.kaspersky-labs.com/7D8B79A2-8974-4D7B-A76A-F4F29624C06BOSxDTLheSV66Hsf0i1yRUXAy8NkjYorxIG_uaN1dmJ5Wvd2xA3apQXvET0QVAF1JEaoPV6BKADfMsM6k4U-tLg/init?data=eyJ1cmwiOiJodHRwczovL2FwcHN0b3JlY29ubmVjdC5hcHBsZS5jb20vYXBwcy82Nzg5OTEzMTg2L2Rpc3RyaWJ1dGlvbi9pb3MvdmVyc2lvbi9pbmZsaWdodCIsInBsdWdpbnMiOiJ3c20mY2EmdnMmd250JnVhJmFibiZhYm5fc2hhZG93JmNiIiwiZGF0YSI6eyJkYXRhIjpbeyJwbHVnaW4iOiJ3c20iLCJwYXJhbWV0ZXJzIjoie1wicmVmZXJyZXJcIjpcIlwiLFwic3R1YklkXCI6XCJcIn0ifSx7InBsdWdpbiI6IndudCIsInBhcmFtZXRlcnMiOiJ7XCJyZWZlcnJlclwiOlwiXCJ9In0seyJwbHVnaW4iOiJ1YSIsInBhcmFtZXRlcnMiOiJ7fSJ9LHsicGx1Z2luIjoiYWJuIiwicGFyYW1ldGVycyI6IntcImlzQ3NzVXJsSW5qZWN0ZWRcIjpmYWxzZX0ifSx7InBsdWdpbiI6ImFibl9zaGFkb3ciLCJwYXJhbWV0ZXJzIjoie1wiaXNDc3NVcmxJbmplY3RlZFwiOmZhbHNlfSJ9XX0sImlzVG9wTGV2ZWwiOnRydWUsInBhZ2VTdGFydFRpbWUiOjE3ODUxMDYyNzYyNjEsIm5hdmlnYXRpb25TdGFydFRpbWUiOjE3ODUxMDYyNzU1MzB9&nocache=1ca52&tm=2026-07-27T01%3A39%3A34.696Z&second=true:0
[10219144ms] [ERROR] Failed to load resource: net::ERR_FAILED @ https://gc.kis.v2.scr.kaspersky-labs.com/7D8B79A2-8974-4D7B-A76A-F4F29624C06BOSxDTLheSV66Hsf0i1yRUXAy8NkjYorxIG_uaN1dmJ5Wvd2xA3apQXvET0QVAF1JEaoPV6BKADfMsM6k4U-tLg/init?data=eyJ1cmwiOiJodHRwczovL2FwcHN0b3JlY29ubmVjdC5hcHBsZS5jb20vYXBwcy82Nzg5OTEzMTg2L2Rpc3RyaWJ1dGlvbi9pb3MvdmVyc2lvbi9pbmZsaWdodCIsInBsdWdpbnMiOiJ3c20mY2EmdnMmd250JnVhJmFibiZhYm5fc2hhZG93JmNiIiwiZGF0YSI6eyJkYXRhIjpbeyJwbHVnaW4iOiJ3c20iLCJwYXJhbWV0ZXJzIjoie1wicmVmZXJyZXJcIjpcIlwiLFwic3R1YklkXCI6XCJcIn0ifSx7InBsdWdpbiI6IndudCIsInBhcmFtZXRlcnMiOiJ7XCJyZWZlcnJlclwiOlwiXCJ9In0seyJwbHVnaW4iOiJ1YSIsInBhcmFtZXRlcnMiOiJ7fSJ9LHsicGx1Z2luIjoiYWJuIiwicGFyYW1ldGVycyI6IntcImlzQ3NzVXJsSW5qZWN0ZWRcIjpmYWxzZX0ifSx7InBsdWdpbiI6ImFibl9zaGFkb3ciLCJwYXJhbWV0ZXJzIjoie1wiaXNDc3NVcmxJbmplY3RlZFwiOmZhbHNlfSJ9XX0sImlzVG9wTGV2ZWwiOnRydWUsInBhZ2VTdGFydFRpbWUiOjE3ODUxMDYyNzYyNjEsIm5hdmlnYXRpb25TdGFydFRpbWUiOjE3ODUxMDYyNzU1MzB9&nocache=1becb&tm=2026-07-27T01%3A41%3A34.659Z:0
[10219150ms] [ERROR] Failed to load resource: net::ERR_FAILED @ https://gc.kis.v2.scr.kaspersky-labs.com/7D8B79A2-8974-4D7B-A76A-F4F29624C06BOSxDTLheSV66Hsf0i1yRUXAy8NkjYorxIG_uaN1dmJ5Wvd2xA3apQXvET0QVAF1JEaoPV6BKADfMsM6k4U-tLg/init?data=eyJ1cmwiOiJodHRwczovL2FwcHN0b3JlY29ubmVjdC5hcHBsZS5jb20vYXBwcy82Nzg5OTEzMTg2L2Rpc3RyaWJ1dGlvbi9pb3MvdmVyc2lvbi9pbmZsaWdodCIsInBsdWdpbnMiOiJ3c20mY2EmdnMmd250JnVhJmFibiZhYm5fc2hhZG93JmNiIiwiZGF0YSI6eyJkYXRhIjpbeyJwbHVnaW4iOiJ3c20iLCJwYXJhbWV0ZXJzIjoie1wicmVmZXJyZXJcIjpcIlwiLFwic3R1YklkXCI6XCJcIn0ifSx7InBsdWdpbiI6IndudCIsInBhcmFtZXRlcnMiOiJ7XCJyZWZlcnJlclwiOlwiXCJ9In0seyJwbHVnaW4iOiJ1YSIsInBhcmFtZXRlcnMiOiJ7fSJ9LHsicGx1Z2luIjoiYWJuIiwicGFyYW1ldGVycyI6IntcImlzQ3NzVXJsSW5qZWN0ZWRcIjpmYWxzZX0ifSx7InBsdWdpbiI6ImFibl9zaGFkb3ciLCJwYXJhbWV0ZXJzIjoie1wiaXNDc3NVcmxJbmplY3RlZFwiOmZhbHNlfSJ9XX0sImlzVG9wTGV2ZWwiOnRydWUsInBhZ2VTdGFydFRpbWUiOjE3ODUxMDYyNzYyNjEsIm5hdmlnYXRpb25TdGFydFRpbWUiOjE3ODUxMDYyNzU1MzB9&nocache=1b488&tm=2026-07-27T01%3A41%3A34.667Z&second=true:0
[10339143ms] [ERROR] Failed to load resource: net::ERR_FAILED @ https://gc.kis.v2.scr.kaspersky-labs.com/7D8B79A2-8974-4D7B-A76A-F4F29624C06BOSxDTLheSV66Hsf0i1yRUXAy8NkjYorxIG_uaN1dmJ5Wvd2xA3apQXvET0QVAF1JEaoPV6BKADfMsM6k4U-tLg/init?data=eyJ1cmwiOiJodHRwczovL2FwcHN0b3JlY29ubmVjdC5hcHBsZS5jb20vYXBwcy82Nzg5OTEzMTg2L2Rpc3RyaWJ1dGlvbi9pb3MvdmVyc2lvbi9pbmZsaWdodCIsInBsdWdpbnMiOiJ3c20mY2EmdnMmd250JnVhJmFibiZhYm5fc2hhZG93JmNiIiwiZGF0YSI6eyJkYXRhIjpbeyJwbHVnaW4iOiJ3c20iLCJwYXJhbWV0ZXJzIjoie1wicmVmZXJyZXJcIjpcIlwiLFwic3R1YklkXCI6XCJcIn0ifSx7InBsdWdpbiI6IndudCIsInBhcmFtZXRlcnMiOiJ7XCJyZWZlcnJlclwiOlwiXCJ9In0seyJwbHVnaW4iOiJ1YSIsInBhcmFtZXRlcnMiOiJ7fSJ9LHsicGx1Z2luIjoiYWJuIiwicGFyYW1ldGVycyI6IntcImlzQ3NzVXJsSW5qZWN0ZWRcIjpmYWxzZX0ifSx7InBsdWdpbiI6ImFibl9zaGFkb3ciLCJwYXJhbWV0ZXJzIjoie1wiaXNDc3NVcmxJbmplY3RlZFwiOmZhbHNlfSJ9XX0sImlzVG9wTGV2ZWwiOnRydWUsInBhZ2VTdGFydFRpbWUiOjE3ODUxMDYyNzYyNjEsIm5hdmlnYXRpb25TdGFydFRpbWUiOjE3ODUxMDYyNzU1MzB9&nocache=1d4b1&tm=2026-07-27T01%3A43%3A34.657Z:0
[10339149ms] [ERROR] Failed to load resource: net::ERR_FAILED @ https://gc.kis.v2.scr.kaspersky-labs.com/7D8B79A2-8974-4D7B-A76A-F4F29624C06BOSxDTLheSV66Hsf0i1yRUXAy8NkjYorxIG_uaN1dmJ5Wvd2xA3apQXvET0QVAF1JEaoPV6BKADfMsM6k4U-tLg/init?data=eyJ1cmwiOiJodHRwczovL2FwcHN0b3JlY29ubmVjdC5hcHBsZS5jb20vYXBwcy82Nzg5OTEzMTg2L2Rpc3RyaWJ1dGlvbi9pb3MvdmVyc2lvbi9pbmZsaWdodCIsInBsdWdpbnMiOiJ3c20mY2EmdnMmd250JnVhJmFibiZhYm5fc2hhZG93JmNiIiwiZGF0YSI6eyJkYXRhIjpbeyJwbHVnaW4iOiJ3c20iLCJwYXJhbWV0ZXJzIjoie1wicmVmZXJyZXJcIjpcIlwiLFwic3R1YklkXCI6XCJcIn0ifSx7InBsdWdpbiI6IndudCIsInBhcmFtZXRlcnMiOiJ7XCJyZWZlcnJlclwiOlwiXCJ9In0seyJwbHVnaW4iOiJ1YSIsInBhcmFtZXRlcnMiOiJ7fSJ9LHsicGx1Z2luIjoiYWJuIiwicGFyYW1ldGVycyI6IntcImlzQ3NzVXJsSW5qZWN0ZWRcIjpmYWxzZX0ifSx7InBsdWdpbiI6ImFibl9zaGFkb3ciLCJwYXJhbWV0ZXJzIjoie1wiaXNDc3NVcmxJbmplY3RlZFwiOmZhbHNlfSJ9XX0sImlzVG9wTGV2ZWwiOnRydWUsInBhZ2VTdGFydFRpbWUiOjE3ODUxMDYyNzYyNjEsIm5hdmlnYXRpb25TdGFydFRpbWUiOjE3ODUxMDYyNzU1MzB9&nocache=1a564&tm=2026-07-27T01%3A43%3A34.665Z&second=true:0
[10459161ms] [ERROR] Failed to load resource: net::ERR_FAILED @ https://gc.kis.v2.scr.kaspersky-labs.com/7D8B79A2-8974-4D7B-A76A-F4F29624C06BOSxDTLheSV66Hsf0i1yRUXAy8NkjYorxIG_uaN1dmJ5Wvd2xA3apQXvET0QVAF1JEaoPV6BKADfMsM6k4U-tLg/init?data=eyJ1cmwiOiJodHRwczovL2FwcHN0b3JlY29ubmVjdC5hcHBsZS5jb20vYXBwcy82Nzg5OTEzMTg2L2Rpc3RyaWJ1dGlvbi9pb3MvdmVyc2lvbi9pbmZsaWdodCIsInBsdWdpbnMiOiJ3c20mY2EmdnMmd250JnVhJmFibiZhYm5fc2hhZG93JmNiIiwiZGF0YSI6eyJkYXRhIjpbeyJwbHVnaW4iOiJ3c20iLCJwYXJhbWV0ZXJzIjoie1wicmVmZXJyZXJcIjpcIlwiLFwic3R1YklkXCI6XCJcIn0ifSx7InBsdWdpbiI6IndudCIsInBhcmFtZXRlcnMiOiJ7XCJyZWZlcnJlclwiOlwiXCJ9In0seyJwbHVnaW4iOiJ1YSIsInBhcmFtZXRlcnMiOiJ7fSJ9LHsicGx1Z2luIjoiYWJuIiwicGFyYW1ldGVycyI6IntcImlzQ3NzVXJsSW5qZWN0ZWRcIjpmYWxzZX0ifSx7InBsdWdpbiI6ImFibl9zaGFkb3ciLCJwYXJhbWV0ZXJzIjoie1wiaXNDc3NVcmxJbmplY3RlZFwiOmZhbHNlfSJ9XX0sImlzVG9wTGV2ZWwiOnRydWUsInBhZ2VTdGFydFRpbWUiOjE3ODUxMDYyNzYyNjEsIm5hdmlnYXRpb25TdGFydFRpbWUiOjE3ODUxMDYyNzU1MzB9&nocache=126eb&tm=2026-07-27T01%3A45%3A34.673Z:0
[10459174ms] [ERROR] Failed to load resource: net::ERR_FAILED @ https://gc.kis.v2.scr.kaspersky-labs.com/7D8B79A2-8974-4D7B-A76A-F4F29624C06BOSxDTLheSV66Hsf0i1yRUXAy8NkjYorxIG_uaN1dmJ5Wvd2xA3apQXvET0QVAF1JEaoPV6BKADfMsM6k4U-tLg/init?data=eyJ1cmwiOiJodHRwczovL2FwcHN0b3JlY29ubmVjdC5hcHBsZS5jb20vYXBwcy82Nzg5OTEzMTg2L2Rpc3RyaWJ1dGlvbi9pb3MvdmVyc2lvbi9pbmZsaWdodCIsInBsdWdpbnMiOiJ3c20mY2EmdnMmd250JnVhJmFibiZhYm5fc2hhZG93JmNiIiwiZGF0YSI6eyJkYXRhIjpbeyJwbHVnaW4iOiJ3c20iLCJwYXJhbWV0ZXJzIjoie1wicmVmZXJyZXJcIjpcIlwiLFwic3R1YklkXCI6XCJcIn0ifSx7InBsdWdpbiI6IndudCIsInBhcmFtZXRlcnMiOiJ7XCJyZWZlcnJlclwiOlwiXCJ9In0seyJwbHVnaW4iOiJ1YSIsInBhcmFtZXRlcnMiOiJ7fSJ9LHsicGx1Z2luIjoiYWJuIiwicGFyYW1ldGVycyI6IntcImlzQ3NzVXJsSW5qZWN0ZWRcIjpmYWxzZX0ifSx7InBsdWdpbiI6ImFibl9zaGFkb3ciLCJwYXJhbWV0ZXJzIjoie1wiaXNDc3NVcmxJbmplY3RlZFwiOmZhbHNlfSJ9XX0sImlzVG9wTGV2ZWwiOnRydWUsInBhZ2VTdGFydFRpbWUiOjE3ODUxMDYyNzYyNjEsIm5hdmlnYXRpb25TdGFydFRpbWUiOjE3ODUxMDYyNzU1MzB9&nocache=1e853&tm=2026-07-27T01%3A45%3A34.684Z&second=true:0
[10579158ms] [ERROR] Failed to load resource: net::ERR_FAILED @ https://gc.kis.v2.scr.kaspersky-labs.com/7D8B79A2-8974-4D7B-A76A-F4F29624C06BOSxDTLheSV66Hsf0i1yRUXAy8NkjYorxIG_uaN1dmJ5Wvd2xA3apQXvET0QVAF1JEaoPV6BKADfMsM6k4U-tLg/init?data=eyJ1cmwiOiJodHRwczovL2FwcHN0b3JlY29ubmVjdC5hcHBsZS5jb20vYXBwcy82Nzg5OTEzMTg2L2Rpc3RyaWJ1dGlvbi9pb3MvdmVyc2lvbi9pbmZsaWdodCIsInBsdWdpbnMiOiJ3c20mY2EmdnMmd250JnVhJmFibiZhYm5fc2hhZG93JmNiIiwiZGF0YSI6eyJkYXRhIjpbeyJwbHVnaW4iOiJ3c20iLCJwYXJhbWV0ZXJzIjoie1wicmVmZXJyZXJcIjpcIlwiLFwic3R1YklkXCI6XCJcIn0ifSx7InBsdWdpbiI6IndudCIsInBhcmFtZXRlcnMiOiJ7XCJyZWZlcnJlclwiOlwiXCJ9In0seyJwbHVnaW4iOiJ1YSIsInBhcmFtZXRlcnMiOiJ7fSJ9LHsicGx1Z2luIjoiYWJuIiwicGFyYW1ldGVycyI6IntcImlzQ3NzVXJsSW5qZWN0ZWRcIjpmYWxzZX0ifSx7InBsdWdpbiI6ImFibl9zaGFkb3ciLCJwYXJhbWV0ZXJzIjoie1wiaXNDc3NVcmxJbmplY3RlZFwiOmZhbHNlfSJ9XX0sImlzVG9wTGV2ZWwiOnRydWUsInBhZ2VTdGFydFRpbWUiOjE3ODUxMDYyNzYyNjEsIm5hdmlnYXRpb25TdGFydFRpbWUiOjE3ODUxMDYyNzU1MzB9&nocache=13766&tm=2026-07-27T01%3A47%3A34.668Z:0
[10579163ms] [ERROR] Failed to load resource: net::ERR_FAILED @ https://gc.kis.v2.scr.kaspersky-labs.com/7D8B79A2-8974-4D7B-A76A-F4F29624C06BOSxDTLheSV66Hsf0i1yRUXAy8NkjYorxIG_uaN1dmJ5Wvd2xA3apQXvET0QVAF1JEaoPV6BKADfMsM6k4U-tLg/init?data=eyJ1cmwiOiJodHRwczovL2FwcHN0b3JlY29ubmVjdC5hcHBsZS5jb20vYXBwcy82Nzg5OTEzMTg2L2Rpc3RyaWJ1dGlvbi9pb3MvdmVyc2lvbi9pbmZsaWdodCIsInBsdWdpbnMiOiJ3c20mY2EmdnMmd250JnVhJmFibiZhYm5fc2hhZG93JmNiIiwiZGF0YSI6eyJkYXRhIjpbeyJwbHVnaW4iOiJ3c20iLCJwYXJhbWV0ZXJzIjoie1wicmVmZXJyZXJcIjpcIlwiLFwic3R1YklkXCI6XCJcIn0ifSx7InBsdWdpbiI6IndudCIsInBhcmFtZXRlcnMiOiJ7XCJyZWZlcnJlclwiOlwiXCJ9In0seyJwbHVnaW4iOiJ1YSIsInBhcmFtZXRlcnMiOiJ7fSJ9LHsicGx1Z2luIjoiYWJuIiwicGFyYW1ldGVycyI6IntcImlzQ3NzVXJsSW5qZWN0ZWRcIjpmYWxzZX0ifSx7InBsdWdpbiI6ImFibl9zaGFkb3ciLCJwYXJhbWV0ZXJzIjoie1wiaXNDc3NVcmxJbmplY3RlZFwiOmZhbHNlfSJ9XX0sImlzVG9wTGV2ZWwiOnRydWUsInBhZ2VTdGFydFRpbWUiOjE3ODUxMDYyNzYyNjEsIm5hdmlnYXRpb25TdGFydFRpbWUiOjE3ODUxMDYyNzU1MzB9&nocache=17a67&tm=2026-07-27T01%3A47%3A34.680Z&second=true:0
[10699156ms] [ERROR] Failed to load resource: net::ERR_FAILED @ https://gc.kis.v2.scr.kaspersky-labs.com/7D8B79A2-8974-4D7B-A76A-F4F29624C06BOSxDTLheSV66Hsf0i1yRUXAy8NkjYorxIG_uaN1dmJ5Wvd2xA3apQXvET0QVAF1JEaoPV6BKADfMsM6k4U-tLg/init?data=eyJ1cmwiOiJodHRwczovL2FwcHN0b3JlY29ubmVjdC5hcHBsZS5jb20vYXBwcy82Nzg5OTEzMTg2L2Rpc3RyaWJ1dGlvbi9pb3MvdmVyc2lvbi9pbmZsaWdodCIsInBsdWdpbnMiOiJ3c20mY2EmdnMmd250JnVhJmFibiZhYm5fc2hhZG93JmNiIiwiZGF0YSI6eyJkYXRhIjpbeyJwbHVnaW4iOiJ3c20iLCJwYXJhbWV0ZXJzIjoie1wicmVmZXJyZXJcIjpcIlwiLFwic3R1YklkXCI6XCJcIn0ifSx7InBsdWdpbiI6IndudCIsInBhcmFtZXRlcnMiOiJ7XCJyZWZlcnJlclwiOlwiXCJ9In0seyJwbHVnaW4iOiJ1YSIsInBhcmFtZXRlcnMiOiJ7fSJ9LHsicGx1Z2luIjoiYWJuIiwicGFyYW1ldGVycyI6IntcImlzQ3NzVXJsSW5qZWN0ZWRcIjpmYWxzZX0ifSx7InBsdWdpbiI6ImFibl9zaGFkb3ciLCJwYXJhbWV0ZXJzIjoie1wiaXNDc3NVcmxJbmplY3RlZFwiOmZhbHNlfSJ9XX0sImlzVG9wTGV2ZWwiOnRydWUsInBhZ2VTdGFydFRpbWUiOjE3ODUxMDYyNzYyNjEsIm5hdmlnYXRpb25TdGFydFRpbWUiOjE3ODUxMDYyNzU1MzB9&nocache=1201e&tm=2026-07-27T01%3A49%3A34.661Z:0
[10699164ms] [ERROR] Failed to load resource: net::ERR_FAILED @ https://gc.kis.v2.scr.kaspersky-labs.com/7D8B79A2-8974-4D7B-A76A-F4F29624C06BOSxDTLheSV66Hsf0i1yRUXAy8NkjYorxIG_uaN1dmJ5Wvd2xA3apQXvET0QVAF1JEaoPV6BKADfMsM6k4U-tLg/init?data=eyJ1cmwiOiJodHRwczovL2FwcHN0b3JlY29ubmVjdC5hcHBsZS5jb20vYXBwcy82Nzg5OTEzMTg2L2Rpc3RyaWJ1dGlvbi9pb3MvdmVyc2lvbi9pbmZsaWdodCIsInBsdWdpbnMiOiJ3c20mY2EmdnMmd250JnVhJmFibiZhYm5fc2hhZG93JmNiIiwiZGF0YSI6eyJkYXRhIjpbeyJwbHVnaW4iOiJ3c20iLCJwYXJhbWV0ZXJzIjoie1wicmVmZXJyZXJcIjpcIlwiLFwic3R1YklkXCI6XCJcIn0ifSx7InBsdWdpbiI6IndudCIsInBhcmFtZXRlcnMiOiJ7XCJyZWZlcnJlclwiOlwiXCJ9In0seyJwbHVnaW4iOiJ1YSIsInBhcmFtZXRlcnMiOiJ7fSJ9LHsicGx1Z2luIjoiYWJuIiwicGFyYW1ldGVycyI6IntcImlzQ3NzVXJsSW5qZWN0ZWRcIjpmYWxzZX0ifSx7InBsdWdpbiI6ImFibl9zaGFkb3ciLCJwYXJhbWV0ZXJzIjoie1wiaXNDc3NVcmxJbmplY3RlZFwiOmZhbHNlfSJ9XX0sImlzVG9wTGV2ZWwiOnRydWUsInBhZ2VTdGFydFRpbWUiOjE3ODUxMDYyNzYyNjEsIm5hdmlnYXRpb25TdGFydFRpbWUiOjE3ODUxMDYyNzU1MzB9&nocache=1e7b6&tm=2026-07-27T01%3A49%3A34.678Z&second=true:0
[10819157ms] [ERROR] Failed to load resource: net::ERR_FAILED @ https://gc.kis.v2.scr.kaspersky-labs.com/7D8B79A2-8974-4D7B-A76A-F4F29624C06BOSxDTLheSV66Hsf0i1yRUXAy8NkjYorxIG_uaN1dmJ5Wvd2xA3apQXvET0QVAF1JEaoPV6BKADfMsM6k4U-tLg/init?data=eyJ1cmwiOiJodHRwczovL2FwcHN0b3JlY29ubmVjdC5hcHBsZS5jb20vYXBwcy82Nzg5OTEzMTg2L2Rpc3RyaWJ1dGlvbi9pb3MvdmVyc2lvbi9pbmZsaWdodCIsInBsdWdpbnMiOiJ3c20mY2EmdnMmd250JnVhJmFibiZhYm5fc2hhZG93JmNiIiwiZGF0YSI6eyJkYXRhIjpbeyJwbHVnaW4iOiJ3c20iLCJwYXJhbWV0ZXJzIjoie1wicmVmZXJyZXJcIjpcIlwiLFwic3R1YklkXCI6XCJcIn0ifSx7InBsdWdpbiI6IndudCIsInBhcmFtZXRlcnMiOiJ7XCJyZWZlcnJlclwiOlwiXCJ9In0seyJwbHVnaW4iOiJ1YSIsInBhcmFtZXRlcnMiOiJ7fSJ9LHsicGx1Z2luIjoiYWJuIiwicGFyYW1ldGVycyI6IntcImlzQ3NzVXJsSW5qZWN0ZWRcIjpmYWxzZX0ifSx7InBsdWdpbiI6ImFibl9zaGFkb3ciLCJwYXJhbWV0ZXJzIjoie1wiaXNDc3NVcmxJbmplY3RlZFwiOmZhbHNlfSJ9XX0sImlzVG9wTGV2ZWwiOnRydWUsInBhZ2VTdGFydFRpbWUiOjE3ODUxMDYyNzYyNjEsIm5hdmlnYXRpb25TdGFydFRpbWUiOjE3ODUxMDYyNzU1MzB9&nocache=135a9&tm=2026-07-27T01%3A51%3A34.669Z:0
[10819163ms] [ERROR] Failed to load resource: net::ERR_FAILED @ https://gc.kis.v2.scr.kaspersky-labs.com/7D8B79A2-8974-4D7B-A76A-F4F29624C06BOSxDTLheSV66Hsf0i1yRUXAy8NkjYorxIG_uaN1dmJ5Wvd2xA3apQXvET0QVAF1JEaoPV6BKADfMsM6k4U-tLg/init?data=eyJ1cmwiOiJodHRwczovL2FwcHN0b3JlY29ubmVjdC5hcHBsZS5jb20vYXBwcy82Nzg5OTEzMTg2L2Rpc3RyaWJ1dGlvbi9pb3MvdmVyc2lvbi9pbmZsaWdodCIsInBsdWdpbnMiOiJ3c20mY2EmdnMmd250JnVhJmFibiZhYm5fc2hhZG93JmNiIiwiZGF0YSI6eyJkYXRhIjpbeyJwbHVnaW4iOiJ3c20iLCJwYXJhbWV0ZXJzIjoie1wicmVmZXJyZXJcIjpcIlwiLFwic3R1YklkXCI6XCJcIn0ifSx7InBsdWdpbiI6IndudCIsInBhcmFtZXRlcnMiOiJ7XCJyZWZlcnJlclwiOlwiXCJ9In0seyJwbHVnaW4iOiJ1YSIsInBhcmFtZXRlcnMiOiJ7fSJ9LHsicGx1Z2luIjoiYWJuIiwicGFyYW1ldGVycyI6IntcImlzQ3NzVXJsSW5qZWN0ZWRcIjpmYWxzZX0ifSx7InBsdWdpbiI6ImFibl9zaGFkb3ciLCJwYXJhbWV0ZXJzIjoie1wiaXNDc3NVcmxJbmplY3RlZFwiOmZhbHNlfSJ9XX0sImlzVG9wTGV2ZWwiOnRydWUsInBhZ2VTdGFydFRpbWUiOjE3ODUxMDYyNzYyNjEsIm5hdmlnYXRpb25TdGFydFRpbWUiOjE3ODUxMDYyNzU1MzB9&nocache=1249e&tm=2026-07-27T01%3A51%3A34.679Z&second=true:0
[10939149ms] [ERROR] Failed to load resource: net::ERR_FAILED @ https://gc.kis.v2.scr.kaspersky-labs.com/7D8B79A2-8974-4D7B-A76A-F4F29624C06BOSxDTLheSV66Hsf0i1yRUXAy8NkjYorxIG_uaN1dmJ5Wvd2xA3apQXvET0QVAF1JEaoPV6BKADfMsM6k4U-tLg/init?data=eyJ1cmwiOiJodHRwczovL2FwcHN0b3JlY29ubmVjdC5hcHBsZS5jb20vYXBwcy82Nzg5OTEzMTg2L2Rpc3RyaWJ1dGlvbi9pb3MvdmVyc2lvbi9pbmZsaWdodCIsInBsdWdpbnMiOiJ3c20mY2EmdnMmd250JnVhJmFibiZhYm5fc2hhZG93JmNiIiwiZGF0YSI6eyJkYXRhIjpbeyJwbHVnaW4iOiJ3c20iLCJwYXJhbWV0ZXJzIjoie1wicmVmZXJyZXJcIjpcIlwiLFwic3R1YklkXCI6XCJcIn0ifSx7InBsdWdpbiI6IndudCIsInBhcmFtZXRlcnMiOiJ7XCJyZWZlcnJlclwiOlwiXCJ9In0seyJwbHVnaW4iOiJ1YSIsInBhcmFtZXRlcnMiOiJ7fSJ9LHsicGx1Z2luIjoiYWJuIiwicGFyYW1ldGVycyI6IntcImlzQ3NzVXJsSW5qZWN0ZWRcIjpmYWxzZX0ifSx7InBsdWdpbiI6ImFibl9zaGFkb3ciLCJwYXJhbWV0ZXJzIjoie1wiaXNDc3NVcmxJbmplY3RlZFwiOmZhbHNlfSJ9XX0sImlzVG9wTGV2ZWwiOnRydWUsInBhZ2VTdGFydFRpbWUiOjE3ODUxMDYyNzYyNjEsIm5hdmlnYXRpb25TdGFydFRpbWUiOjE3ODUxMDYyNzU1MzB9&nocache=1a69a&tm=2026-07-27T01%3A53%3A34.661Z:0
[10939157ms] [ERROR] Failed to load resource: net::ERR_FAILED @ https://gc.kis.v2.scr.kaspersky-labs.com/7D8B79A2-8974-4D7B-A76A-F4F29624C06BOSxDTLheSV66Hsf0i1yRUXAy8NkjYorxIG_uaN1dmJ5Wvd2xA3apQXvET0QVAF1JEaoPV6BKADfMsM6k4U-tLg/init?data=eyJ1cmwiOiJodHRwczovL2FwcHN0b3JlY29ubmVjdC5hcHBsZS5jb20vYXBwcy82Nzg5OTEzMTg2L2Rpc3RyaWJ1dGlvbi9pb3MvdmVyc2lvbi9pbmZsaWdodCIsInBsdWdpbnMiOiJ3c20mY2EmdnMmd250JnVhJmFibiZhYm5fc2hhZG93JmNiIiwiZGF0YSI6eyJkYXRhIjpbeyJwbHVnaW4iOiJ3c20iLCJwYXJhbWV0ZXJzIjoie1wicmVmZXJyZXJcIjpcIlwiLFwic3R1YklkXCI6XCJcIn0ifSx7InBsdWdpbiI6IndudCIsInBhcmFtZXRlcnMiOiJ7XCJyZWZlcnJlclwiOlwiXCJ9In0seyJwbHVnaW4iOiJ1YSIsInBhcmFtZXRlcnMiOiJ7fSJ9LHsicGx1Z2luIjoiYWJuIiwicGFyYW1ldGVycyI6IntcImlzQ3NzVXJsSW5qZWN0ZWRcIjpmYWxzZX0ifSx7InBsdWdpbiI6ImFibl9zaGFkb3ciLCJwYXJhbWV0ZXJzIjoie1wiaXNDc3NVcmxJbmplY3RlZFwiOmZhbHNlfSJ9XX0sImlzVG9wTGV2ZWwiOnRydWUsInBhZ2VTdGFydFRpbWUiOjE3ODUxMDYyNzYyNjEsIm5hdmlnYXRpb25TdGFydFRpbWUiOjE3ODUxMDYyNzU1MzB9&nocache=1fc57&tm=2026-07-27T01%3A53%3A34.671Z&second=true:0
[11059156ms] [ERROR] Failed to load resource: net::ERR_FAILED @ https://gc.kis.v2.scr.kaspersky-labs.com/7D8B79A2-8974-4D7B-A76A-F4F29624C06BOSxDTLheSV66Hsf0i1yRUXAy8NkjYorxIG_uaN1dmJ5Wvd2xA3apQXvET0QVAF1JEaoPV6BKADfMsM6k4U-tLg/init?data=eyJ1cmwiOiJodHRwczovL2FwcHN0b3JlY29ubmVjdC5hcHBsZS5jb20vYXBwcy82Nzg5OTEzMTg2L2Rpc3RyaWJ1dGlvbi9pb3MvdmVyc2lvbi9pbmZsaWdodCIsInBsdWdpbnMiOiJ3c20mY2EmdnMmd250JnVhJmFibiZhYm5fc2hhZG93JmNiIiwiZGF0YSI6eyJkYXRhIjpbeyJwbHVnaW4iOiJ3c20iLCJwYXJhbWV0ZXJzIjoie1wicmVmZXJyZXJcIjpcIlwiLFwic3R1YklkXCI6XCJcIn0ifSx7InBsdWdpbiI6IndudCIsInBhcmFtZXRlcnMiOiJ7XCJyZWZlcnJlclwiOlwiXCJ9In0seyJwbHVnaW4iOiJ1YSIsInBhcmFtZXRlcnMiOiJ7fSJ9LHsicGx1Z2luIjoiYWJuIiwicGFyYW1ldGVycyI6IntcImlzQ3NzVXJsSW5qZWN0ZWRcIjpmYWxzZX0ifSx7InBsdWdpbiI6ImFibl9zaGFkb3ciLCJwYXJhbWV0ZXJzIjoie1wiaXNDc3NVcmxJbmplY3RlZFwiOmZhbHNlfSJ9XX0sImlzVG9wTGV2ZWwiOnRydWUsInBhZ2VTdGFydFRpbWUiOjE3ODUxMDYyNzYyNjEsIm5hdmlnYXRpb25TdGFydFRpbWUiOjE3ODUxMDYyNzU1MzB9&nocache=1bdf6&tm=2026-07-27T01%3A55%3A34.659Z:0
[11059162ms] [ERROR] Failed to load resource: net::ERR_FAILED @ https://gc.kis.v2.scr.kaspersky-labs.com/7D8B79A2-8974-4D7B-A76A-F4F29624C06BOSxDTLheSV66Hsf0i1yRUXAy8NkjYorxIG_uaN1dmJ5Wvd2xA3apQXvET0QVAF1JEaoPV6BKADfMsM6k4U-tLg/init?data=eyJ1cmwiOiJodHRwczovL2FwcHN0b3JlY29ubmVjdC5hcHBsZS5jb20vYXBwcy82Nzg5OTEzMTg2L2Rpc3RyaWJ1dGlvbi9pb3MvdmVyc2lvbi9pbmZsaWdodCIsInBsdWdpbnMiOiJ3c20mY2EmdnMmd250JnVhJmFibiZhYm5fc2hhZG93JmNiIiwiZGF0YSI6eyJkYXRhIjpbeyJwbHVnaW4iOiJ3c20iLCJwYXJhbWV0ZXJzIjoie1wicmVmZXJyZXJcIjpcIlwiLFwic3R1YklkXCI6XCJcIn0ifSx7InBsdWdpbiI6IndudCIsInBhcmFtZXRlcnMiOiJ7XCJyZWZlcnJlclwiOlwiXCJ9In0seyJwbHVnaW4iOiJ1YSIsInBhcmFtZXRlcnMiOiJ7fSJ9LHsicGx1Z2luIjoiYWJuIiwicGFyYW1ldGVycyI6IntcImlzQ3NzVXJsSW5qZWN0ZWRcIjpmYWxzZX0ifSx7InBsdWdpbiI6ImFibl9zaGFkb3ciLCJwYXJhbWV0ZXJzIjoie1wiaXNDc3NVcmxJbmplY3RlZFwiOmZhbHNlfSJ9XX0sImlzVG9wTGV2ZWwiOnRydWUsInBhZ2VTdGFydFRpbWUiOjE3ODUxMDYyNzYyNjEsIm5hdmlnYXRpb25TdGFydFRpbWUiOjE3ODUxMDYyNzU1MzB9&nocache=1b9d9&tm=2026-07-27T01%3A55%3A34.678Z&second=true:0
[11179283ms] [ERROR] Failed to load resource: net::ERR_FAILED @ https://gc.kis.v2.scr.kaspersky-labs.com/7D8B79A2-8974-4D7B-A76A-F4F29624C06BOSxDTLheSV66Hsf0i1yRUXAy8NkjYorxIG_uaN1dmJ5Wvd2xA3apQXvET0QVAF1JEaoPV6BKADfMsM6k4U-tLg/init?data=eyJ1cmwiOiJodHRwczovL2FwcHN0b3JlY29ubmVjdC5hcHBsZS5jb20vYXBwcy82Nzg5OTEzMTg2L2Rpc3RyaWJ1dGlvbi9pb3MvdmVyc2lvbi9pbmZsaWdodCIsInBsdWdpbnMiOiJ3c20mY2EmdnMmd250JnVhJmFibiZhYm5fc2hhZG93JmNiIiwiZGF0YSI6eyJkYXRhIjpbeyJwbHVnaW4iOiJ3c20iLCJwYXJhbWV0ZXJzIjoie1wicmVmZXJyZXJcIjpcIlwiLFwic3R1YklkXCI6XCJcIn0ifSx7InBsdWdpbiI6IndudCIsInBhcmFtZXRlcnMiOiJ7XCJyZWZlcnJlclwiOlwiXCJ9In0seyJwbHVnaW4iOiJ1YSIsInBhcmFtZXRlcnMiOiJ7fSJ9LHsicGx1Z2luIjoiYWJuIiwicGFyYW1ldGVycyI6IntcImlzQ3NzVXJsSW5qZWN0ZWRcIjpmYWxzZX0ifSx7InBsdWdpbiI6ImFibl9zaGFkb3ciLCJwYXJhbWV0ZXJzIjoie1wiaXNDc3NVcmxJbmplY3RlZFwiOmZhbHNlfSJ9XX0sImlzVG9wTGV2ZWwiOnRydWUsInBhZ2VTdGFydFRpbWUiOjE3ODUxMDYyNzYyNjEsIm5hdmlnYXRpb25TdGFydFRpbWUiOjE3ODUxMDYyNzU1MzB9&nocache=1c453&tm=2026-07-27T01%3A57%3A34.665Z:0
[11179292ms] [ERROR] Failed to load resource: net::ERR_FAILED @ https://gc.kis.v2.scr.kaspersky-labs.com/7D8B79A2-8974-4D7B-A76A-F4F29624C06BOSxDTLheSV66Hsf0i1yRUXAy8NkjYorxIG_uaN1dmJ5Wvd2xA3apQXvET0QVAF1JEaoPV6BKADfMsM6k4U-tLg/init?data=eyJ1cmwiOiJodHRwczovL2FwcHN0b3JlY29ubmVjdC5hcHBsZS5jb20vYXBwcy82Nzg5OTEzMTg2L2Rpc3RyaWJ1dGlvbi9pb3MvdmVyc2lvbi9pbmZsaWdodCIsInBsdWdpbnMiOiJ3c20mY2EmdnMmd250JnVhJmFibiZhYm5fc2hhZG93JmNiIiwiZGF0YSI6eyJkYXRhIjpbeyJwbHVnaW4iOiJ3c20iLCJwYXJhbWV0ZXJzIjoie1wicmVmZXJyZXJcIjpcIlwiLFwic3R1YklkXCI6XCJcIn0ifSx7InBsdWdpbiI6IndudCIsInBhcmFtZXRlcnMiOiJ7XCJyZWZlcnJlclwiOlwiXCJ9In0seyJwbHVnaW4iOiJ1YSIsInBhcmFtZXRlcnMiOiJ7fSJ9LHsicGx1Z2luIjoiYWJuIiwicGFyYW1ldGVycyI6IntcImlzQ3NzVXJsSW5qZWN0ZWRcIjpmYWxzZX0ifSx7InBsdWdpbiI6ImFibl9zaGFkb3ciLCJwYXJhbWV0ZXJzIjoie1wiaXNDc3NVcmxJbmplY3RlZFwiOmZhbHNlfSJ9XX0sImlzVG9wTGV2ZWwiOnRydWUsInBhZ2VTdGFydFRpbWUiOjE3ODUxMDYyNzYyNjEsIm5hdmlnYXRpb25TdGFydFRpbWUiOjE3ODUxMDYyNzU1MzB9&nocache=14436&tm=2026-07-27T01%3A57%3A34.805Z&second=true:0
[11299156ms] [ERROR] Failed to load resource: net::ERR_FAILED @ https://gc.kis.v2.scr.kaspersky-labs.com/7D8B79A2-8974-4D7B-A76A-F4F29624C06BOSxDTLheSV66Hsf0i1yRUXAy8NkjYorxIG_uaN1dmJ5Wvd2xA3apQXvET0QVAF1JEaoPV6BKADfMsM6k4U-tLg/init?data=eyJ1cmwiOiJodHRwczovL2FwcHN0b3JlY29ubmVjdC5hcHBsZS5jb20vYXBwcy82Nzg5OTEzMTg2L2Rpc3RyaWJ1dGlvbi9pb3MvdmVyc2lvbi9pbmZsaWdodCIsInBsdWdpbnMiOiJ3c20mY2EmdnMmd250JnVhJmFibiZhYm5fc2hhZG93JmNiIiwiZGF0YSI6eyJkYXRhIjpbeyJwbHVnaW4iOiJ3c20iLCJwYXJhbWV0ZXJzIjoie1wicmVmZXJyZXJcIjpcIlwiLFwic3R1YklkXCI6XCJcIn0ifSx7InBsdWdpbiI6IndudCIsInBhcmFtZXRlcnMiOiJ7XCJyZWZlcnJlclwiOlwiXCJ9In0seyJwbHVnaW4iOiJ1YSIsInBhcmFtZXRlcnMiOiJ7fSJ9LHsicGx1Z2luIjoiYWJuIiwicGFyYW1ldGVycyI6IntcImlzQ3NzVXJsSW5qZWN0ZWRcIjpmYWxzZX0ifSx7InBsdWdpbiI6ImFibl9zaGFkb3ciLCJwYXJhbWV0ZXJzIjoie1wiaXNDc3NVcmxJbmplY3RlZFwiOmZhbHNlfSJ9XX0sImlzVG9wTGV2ZWwiOnRydWUsInBhZ2VTdGFydFRpbWUiOjE3ODUxMDYyNzYyNjEsIm5hdmlnYXRpb25TdGFydFRpbWUiOjE3ODUxMDYyNzU1MzB9&nocache=18311&tm=2026-07-27T01%3A59%3A34.666Z:0
[11299161ms] [ERROR] Failed to load resource: net::ERR_FAILED @ https://gc.kis.v2.scr.kaspersky-labs.com/7D8B79A2-8974-4D7B-A76A-F4F29624C06BOSxDTLheSV66Hsf0i1yRUXAy8NkjYorxIG_uaN1dmJ5Wvd2xA3apQXvET0QVAF1JEaoPV6BKADfMsM6k4U-tLg/init?data=eyJ1cmwiOiJodHRwczovL2FwcHN0b3JlY29ubmVjdC5hcHBsZS5jb20vYXBwcy82Nzg5OTEzMTg2L2Rpc3RyaWJ1dGlvbi9pb3MvdmVyc2lvbi9pbmZsaWdodCIsInBsdWdpbnMiOiJ3c20mY2EmdnMmd250JnVhJmFibiZhYm5fc2hhZG93JmNiIiwiZGF0YSI6eyJkYXRhIjpbeyJwbHVnaW4iOiJ3c20iLCJwYXJhbWV0ZXJzIjoie1wicmVmZXJyZXJcIjpcIlwiLFwic3R1YklkXCI6XCJcIn0ifSx7InBsdWdpbiI6IndudCIsInBhcmFtZXRlcnMiOiJ7XCJyZWZlcnJlclwiOlwiXCJ9In0seyJwbHVnaW4iOiJ1YSIsInBhcmFtZXRlcnMiOiJ7fSJ9LHsicGx1Z2luIjoiYWJuIiwicGFyYW1ldGVycyI6IntcImlzQ3NzVXJsSW5qZWN0ZWRcIjpmYWxzZX0ifSx7InBsdWdpbiI6ImFibl9zaGFkb3ciLCJwYXJhbWV0ZXJzIjoie1wiaXNDc3NVcmxJbmplY3RlZFwiOmZhbHNlfSJ9XX0sImlzVG9wTGV2ZWwiOnRydWUsInBhZ2VTdGFydFRpbWUiOjE3ODUxMDYyNzYyNjEsIm5hdmlnYXRpb25TdGFydFRpbWUiOjE3ODUxMDYyNzU1MzB9&nocache=1e85a&tm=2026-07-27T01%3A59%3A34.678Z&second=true:0
[11419154ms] [ERROR] Failed to load resource: net::ERR_FAILED @ https://gc.kis.v2.scr.kaspersky-labs.com/7D8B79A2-8974-4D7B-A76A-F4F29624C06BOSxDTLheSV66Hsf0i1yRUXAy8NkjYorxIG_uaN1dmJ5Wvd2xA3apQXvET0QVAF1JEaoPV6BKADfMsM6k4U-tLg/init?data=eyJ1cmwiOiJodHRwczovL2FwcHN0b3JlY29ubmVjdC5hcHBsZS5jb20vYXBwcy82Nzg5OTEzMTg2L2Rpc3RyaWJ1dGlvbi9pb3MvdmVyc2lvbi9pbmZsaWdodCIsInBsdWdpbnMiOiJ3c20mY2EmdnMmd250JnVhJmFibiZhYm5fc2hhZG93JmNiIiwiZGF0YSI6eyJkYXRhIjpbeyJwbHVnaW4iOiJ3c20iLCJwYXJhbWV0ZXJzIjoie1wicmVmZXJyZXJcIjpcIlwiLFwic3R1YklkXCI6XCJcIn0ifSx7InBsdWdpbiI6IndudCIsInBhcmFtZXRlcnMiOiJ7XCJyZWZlcnJlclwiOlwiXCJ9In0seyJwbHVnaW4iOiJ1YSIsInBhcmFtZXRlcnMiOiJ7fSJ9LHsicGx1Z2luIjoiYWJuIiwicGFyYW1ldGVycyI6IntcImlzQ3NzVXJsSW5qZWN0ZWRcIjpmYWxzZX0ifSx7InBsdWdpbiI6ImFibl9zaGFkb3ciLCJwYXJhbWV0ZXJzIjoie1wiaXNDc3NVcmxJbmplY3RlZFwiOmZhbHNlfSJ9XX0sImlzVG9wTGV2ZWwiOnRydWUsInBhZ2VTdGFydFRpbWUiOjE3ODUxMDYyNzYyNjEsIm5hdmlnYXRpb25TdGFydFRpbWUiOjE3ODUxMDYyNzU1MzB9&nocache=12c88&tm=2026-07-27T02%3A01%3A34.658Z:0
[11419163ms] [ERROR] Failed to load resource: net::ERR_FAILED @ https://gc.kis.v2.scr.kaspersky-labs.com/7D8B79A2-8974-4D7B-A76A-F4F29624C06BOSxDTLheSV66Hsf0i1yRUXAy8NkjYorxIG_uaN1dmJ5Wvd2xA3apQXvET0QVAF1JEaoPV6BKADfMsM6k4U-tLg/init?data=eyJ1cmwiOiJodHRwczovL2FwcHN0b3JlY29ubmVjdC5hcHBsZS5jb20vYXBwcy82Nzg5OTEzMTg2L2Rpc3RyaWJ1dGlvbi9pb3MvdmVyc2lvbi9pbmZsaWdodCIsInBsdWdpbnMiOiJ3c20mY2EmdnMmd250JnVhJmFibiZhYm5fc2hhZG93JmNiIiwiZGF0YSI6eyJkYXRhIjpbeyJwbHVnaW4iOiJ3c20iLCJwYXJhbWV0ZXJzIjoie1wicmVmZXJyZXJcIjpcIlwiLFwic3R1YklkXCI6XCJcIn0ifSx7InBsdWdpbiI6IndudCIsInBhcmFtZXRlcnMiOiJ7XCJyZWZlcnJlclwiOlwiXCJ9In0seyJwbHVnaW4iOiJ1YSIsInBhcmFtZXRlcnMiOiJ7fSJ9LHsicGx1Z2luIjoiYWJuIiwicGFyYW1ldGVycyI6IntcImlzQ3NzVXJsSW5qZWN0ZWRcIjpmYWxzZX0ifSx7InBsdWdpbiI6ImFibl9zaGFkb3ciLCJwYXJhbWV0ZXJzIjoie1wiaXNDc3NVcmxJbmplY3RlZFwiOmZhbHNlfSJ9XX0sImlzVG9wTGV2ZWwiOnRydWUsInBhZ2VTdGFydFRpbWUiOjE3ODUxMDYyNzYyNjEsIm5hdmlnYXRpb25TdGFydFRpbWUiOjE3ODUxMDYyNzU1MzB9&nocache=1d4c0&tm=2026-07-27T02%3A01%3A34.676Z&second=true:0
[11539147ms] [ERROR] Failed to load resource: net::ERR_FAILED @ https://gc.kis.v2.scr.kaspersky-labs.com/7D8B79A2-8974-4D7B-A76A-F4F29624C06BOSxDTLheSV66Hsf0i1yRUXAy8NkjYorxIG_uaN1dmJ5Wvd2xA3apQXvET0QVAF1JEaoPV6BKADfMsM6k4U-tLg/init?data=eyJ1cmwiOiJodHRwczovL2FwcHN0b3JlY29ubmVjdC5hcHBsZS5jb20vYXBwcy82Nzg5OTEzMTg2L2Rpc3RyaWJ1dGlvbi9pb3MvdmVyc2lvbi9pbmZsaWdodCIsInBsdWdpbnMiOiJ3c20mY2EmdnMmd250JnVhJmFibiZhYm5fc2hhZG93JmNiIiwiZGF0YSI6eyJkYXRhIjpbeyJwbHVnaW4iOiJ3c20iLCJwYXJhbWV0ZXJzIjoie1wicmVmZXJyZXJcIjpcIlwiLFwic3R1YklkXCI6XCJcIn0ifSx7InBsdWdpbiI6IndudCIsInBhcmFtZXRlcnMiOiJ7XCJyZWZlcnJlclwiOlwiXCJ9In0seyJwbHVnaW4iOiJ1YSIsInBhcmFtZXRlcnMiOiJ7fSJ9LHsicGx1Z2luIjoiYWJuIiwicGFyYW1ldGVycyI6IntcImlzQ3NzVXJsSW5qZWN0ZWRcIjpmYWxzZX0ifSx7InBsdWdpbiI6ImFibl9zaGFkb3ciLCJwYXJhbWV0ZXJzIjoie1wiaXNDc3NVcmxJbmplY3RlZFwiOmZhbHNlfSJ9XX0sImlzVG9wTGV2ZWwiOnRydWUsInBhZ2VTdGFydFRpbWUiOjE3ODUxMDYyNzYyNjEsIm5hdmlnYXRpb25TdGFydFRpbWUiOjE3ODUxMDYyNzU1MzB9&nocache=1d251&tm=2026-07-27T02%3A03%3A34.658Z:0
[11539152ms] [ERROR] Failed to load resource: net::ERR_FAILED @ https://gc.kis.v2.scr.kaspersky-labs.com/7D8B79A2-8974-4D7B-A76A-F4F29624C06BOSxDTLheSV66Hsf0i1yRUXAy8NkjYorxIG_uaN1dmJ5Wvd2xA3apQXvET0QVAF1JEaoPV6BKADfMsM6k4U-tLg/init?data=eyJ1cmwiOiJodHRwczovL2FwcHN0b3JlY29ubmVjdC5hcHBsZS5jb20vYXBwcy82Nzg5OTEzMTg2L2Rpc3RyaWJ1dGlvbi9pb3MvdmVyc2lvbi9pbmZsaWdodCIsInBsdWdpbnMiOiJ3c20mY2EmdnMmd250JnVhJmFibiZhYm5fc2hhZG93JmNiIiwiZGF0YSI6eyJkYXRhIjpbeyJwbHVnaW4iOiJ3c20iLCJwYXJhbWV0ZXJzIjoie1wicmVmZXJyZXJcIjpcIlwiLFwic3R1YklkXCI6XCJcIn0ifSx7InBsdWdpbiI6IndudCIsInBhcmFtZXRlcnMiOiJ7XCJyZWZlcnJlclwiOlwiXCJ9In0seyJwbHVnaW4iOiJ1YSIsInBhcmFtZXRlcnMiOiJ7fSJ9LHsicGx1Z2luIjoiYWJuIiwicGFyYW1ldGVycyI6IntcImlzQ3NzVXJsSW5qZWN0ZWRcIjpmYWxzZX0ifSx7InBsdWdpbiI6ImFibl9zaGFkb3ciLCJwYXJhbWV0ZXJzIjoie1wiaXNDc3NVcmxJbmplY3RlZFwiOmZhbHNlfSJ9XX0sImlzVG9wTGV2ZWwiOnRydWUsInBhZ2VTdGFydFRpbWUiOjE3ODUxMDYyNzYyNjEsIm5hdmlnYXRpb25TdGFydFRpbWUiOjE3ODUxMDYyNzU1MzB9&nocache=1d563&tm=2026-07-27T02%3A03%3A34.669Z&second=true:0
[11659153ms] [ERROR] Failed to load resource: net::ERR_FAILED @ https://gc.kis.v2.scr.kaspersky-labs.com/7D8B79A2-8974-4D7B-A76A-F4F29624C06BOSxDTLheSV66Hsf0i1yRUXAy8NkjYorxIG_uaN1dmJ5Wvd2xA3apQXvET0QVAF1JEaoPV6BKADfMsM6k4U-tLg/init?data=eyJ1cmwiOiJodHRwczovL2FwcHN0b3JlY29ubmVjdC5hcHBsZS5jb20vYXBwcy82Nzg5OTEzMTg2L2Rpc3RyaWJ1dGlvbi9pb3MvdmVyc2lvbi9pbmZsaWdodCIsInBsdWdpbnMiOiJ3c20mY2EmdnMmd250JnVhJmFibiZhYm5fc2hhZG93JmNiIiwiZGF0YSI6eyJkYXRhIjpbeyJwbHVnaW4iOiJ3c20iLCJwYXJhbWV0ZXJzIjoie1wicmVmZXJyZXJcIjpcIlwiLFwic3R1YklkXCI6XCJcIn0ifSx7InBsdWdpbiI6IndudCIsInBhcmFtZXRlcnMiOiJ7XCJyZWZlcnJlclwiOlwiXCJ9In0seyJwbHVnaW4iOiJ1YSIsInBhcmFtZXRlcnMiOiJ7fSJ9LHsicGx1Z2luIjoiYWJuIiwicGFyYW1ldGVycyI6IntcImlzQ3NzVXJsSW5qZWN0ZWRcIjpmYWxzZX0ifSx7InBsdWdpbiI6ImFibl9zaGFkb3ciLCJwYXJhbWV0ZXJzIjoie1wiaXNDc3NVcmxJbmplY3RlZFwiOmZhbHNlfSJ9XX0sImlzVG9wTGV2ZWwiOnRydWUsInBhZ2VTdGFydFRpbWUiOjE3ODUxMDYyNzYyNjEsIm5hdmlnYXRpb25TdGFydFRpbWUiOjE3ODUxMDYyNzU1MzB9&nocache=1b0ff&tm=2026-07-27T02%3A05%3A34.662Z:0
[11659160ms] [ERROR] Failed to load resource: net::ERR_FAILED @ https://gc.kis.v2.scr.kaspersky-labs.com/7D8B79A2-8974-4D7B-A76A-F4F29624C06BOSxDTLheSV66Hsf0i1yRUXAy8NkjYorxIG_uaN1dmJ5Wvd2xA3apQXvET0QVAF1JEaoPV6BKADfMsM6k4U-tLg/init?data=eyJ1cmwiOiJodHRwczovL2FwcHN0b3JlY29ubmVjdC5hcHBsZS5jb20vYXBwcy82Nzg5OTEzMTg2L2Rpc3RyaWJ1dGlvbi9pb3MvdmVyc2lvbi9pbmZsaWdodCIsInBsdWdpbnMiOiJ3c20mY2EmdnMmd250JnVhJmFibiZhYm5fc2hhZG93JmNiIiwiZGF0YSI6eyJkYXRhIjpbeyJwbHVnaW4iOiJ3c20iLCJwYXJhbWV0ZXJzIjoie1wicmVmZXJyZXJcIjpcIlwiLFwic3R1YklkXCI6XCJcIn0ifSx7InBsdWdpbiI6IndudCIsInBhcmFtZXRlcnMiOiJ7XCJyZWZlcnJlclwiOlwiXCJ9In0seyJwbHVnaW4iOiJ1YSIsInBhcmFtZXRlcnMiOiJ7fSJ9LHsicGx1Z2luIjoiYWJuIiwicGFyYW1ldGVycyI6IntcImlzQ3NzVXJsSW5qZWN0ZWRcIjpmYWxzZX0ifSx7InBsdWdpbiI6ImFibl9zaGFkb3ciLCJwYXJhbWV0ZXJzIjoie1wiaXNDc3NVcmxJbmplY3RlZFwiOmZhbHNlfSJ9XX0sImlzVG9wTGV2ZWwiOnRydWUsInBhZ2VTdGFydFRpbWUiOjE3ODUxMDYyNzYyNjEsIm5hdmlnYXRpb25TdGFydFRpbWUiOjE3ODUxMDYyNzU1MzB9&nocache=1c7c3&tm=2026-07-27T02%3A05%3A34.676Z&second=true:0
[11779149ms] [ERROR] Failed to load resource: net::ERR_FAILED @ https://gc.kis.v2.scr.kaspersky-labs.com/7D8B79A2-8974-4D7B-A76A-F4F29624C06BOSxDTLheSV66Hsf0i1yRUXAy8NkjYorxIG_uaN1dmJ5Wvd2xA3apQXvET0QVAF1JEaoPV6BKADfMsM6k4U-tLg/init?data=eyJ1cmwiOiJodHRwczovL2FwcHN0b3JlY29ubmVjdC5hcHBsZS5jb20vYXBwcy82Nzg5OTEzMTg2L2Rpc3RyaWJ1dGlvbi9pb3MvdmVyc2lvbi9pbmZsaWdodCIsInBsdWdpbnMiOiJ3c20mY2EmdnMmd250JnVhJmFibiZhYm5fc2hhZG93JmNiIiwiZGF0YSI6eyJkYXRhIjpbeyJwbHVnaW4iOiJ3c20iLCJwYXJhbWV0ZXJzIjoie1wicmVmZXJyZXJcIjpcIlwiLFwic3R1YklkXCI6XCJcIn0ifSx7InBsdWdpbiI6IndudCIsInBhcmFtZXRlcnMiOiJ7XCJyZWZlcnJlclwiOlwiXCJ9In0seyJwbHVnaW4iOiJ1YSIsInBhcmFtZXRlcnMiOiJ7fSJ9LHsicGx1Z2luIjoiYWJuIiwicGFyYW1ldGVycyI6IntcImlzQ3NzVXJsSW5qZWN0ZWRcIjpmYWxzZX0ifSx7InBsdWdpbiI6ImFibl9zaGFkb3ciLCJwYXJhbWV0ZXJzIjoie1wiaXNDc3NVcmxJbmplY3RlZFwiOmZhbHNlfSJ9XX0sImlzVG9wTGV2ZWwiOnRydWUsInBhZ2VTdGFydFRpbWUiOjE3ODUxMDYyNzYyNjEsIm5hdmlnYXRpb25TdGFydFRpbWUiOjE3ODUxMDYyNzU1MzB9&nocache=18eca&tm=2026-07-27T02%3A07%3A34.660Z:0
[11779158ms] [ERROR] Failed to load resource: net::ERR_FAILED @ https://gc.kis.v2.scr.kaspersky-labs.com/7D8B79A2-8974-4D7B-A76A-F4F29624C06BOSxDTLheSV66Hsf0i1yRUXAy8NkjYorxIG_uaN1dmJ5Wvd2xA3apQXvET0QVAF1JEaoPV6BKADfMsM6k4U-tLg/init?data=eyJ1cmwiOiJodHRwczovL2FwcHN0b3JlY29ubmVjdC5hcHBsZS5jb20vYXBwcy82Nzg5OTEzMTg2L2Rpc3RyaWJ1dGlvbi9pb3MvdmVyc2lvbi9pbmZsaWdodCIsInBsdWdpbnMiOiJ3c20mY2EmdnMmd250JnVhJmFibiZhYm5fc2hhZG93JmNiIiwiZGF0YSI6eyJkYXRhIjpbeyJwbHVnaW4iOiJ3c20iLCJwYXJhbWV0ZXJzIjoie1wicmVmZXJyZXJcIjpcIlwiLFwic3R1YklkXCI6XCJcIn0ifSx7InBsdWdpbiI6IndudCIsInBhcmFtZXRlcnMiOiJ7XCJyZWZlcnJlclwiOlwiXCJ9In0seyJwbHVnaW4iOiJ1YSIsInBhcmFtZXRlcnMiOiJ7fSJ9LHsicGx1Z2luIjoiYWJuIiwicGFyYW1ldGVycyI6IntcImlzQ3NzVXJsSW5qZWN0ZWRcIjpmYWxzZX0ifSx7InBsdWdpbiI6ImFibl9zaGFkb3ciLCJwYXJhbWV0ZXJzIjoie1wiaXNDc3NVcmxJbmplY3RlZFwiOmZhbHNlfSJ9XX0sImlzVG9wTGV2ZWwiOnRydWUsInBhZ2VTdGFydFRpbWUiOjE3ODUxMDYyNzYyNjEsIm5hdmlnYXRpb25TdGFydFRpbWUiOjE3ODUxMDYyNzU1MzB9&nocache=1da6d&tm=2026-07-27T02%3A07%3A34.671Z&second=true:0
[11899167ms] [ERROR] Failed to load resource: net::ERR_FAILED @ https://gc.kis.v2.scr.kaspersky-labs.com/7D8B79A2-8974-4D7B-A76A-F4F29624C06BOSxDTLheSV66Hsf0i1yRUXAy8NkjYorxIG_uaN1dmJ5Wvd2xA3apQXvET0QVAF1JEaoPV6BKADfMsM6k4U-tLg/init?data=eyJ1cmwiOiJodHRwczovL2FwcHN0b3JlY29ubmVjdC5hcHBsZS5jb20vYXBwcy82Nzg5OTEzMTg2L2Rpc3RyaWJ1dGlvbi9pb3MvdmVyc2lvbi9pbmZsaWdodCIsInBsdWdpbnMiOiJ3c20mY2EmdnMmd250JnVhJmFibiZhYm5fc2hhZG93JmNiIiwiZGF0YSI6eyJkYXRhIjpbeyJwbHVnaW4iOiJ3c20iLCJwYXJhbWV0ZXJzIjoie1wicmVmZXJyZXJcIjpcIlwiLFwic3R1YklkXCI6XCJcIn0ifSx7InBsdWdpbiI6IndudCIsInBhcmFtZXRlcnMiOiJ7XCJyZWZlcnJlclwiOlwiXCJ9In0seyJwbHVnaW4iOiJ1YSIsInBhcmFtZXRlcnMiOiJ7fSJ9LHsicGx1Z2luIjoiYWJuIiwicGFyYW1ldGVycyI6IntcImlzQ3NzVXJsSW5qZWN0ZWRcIjpmYWxzZX0ifSx7InBsdWdpbiI6ImFibl9zaGFkb3ciLCJwYXJhbWV0ZXJzIjoie1wiaXNDc3NVcmxJbmplY3RlZFwiOmZhbHNlfSJ9XX0sImlzVG9wTGV2ZWwiOnRydWUsInBhZ2VTdGFydFRpbWUiOjE3ODUxMDYyNzYyNjEsIm5hdmlnYXRpb25TdGFydFRpbWUiOjE3ODUxMDYyNzU1MzB9&nocache=109a1&tm=2026-07-27T02%3A09%3A34.662Z:0
[11899173ms] [ERROR] Failed to load resource: net::ERR_FAILED @ https://gc.kis.v2.scr.kaspersky-labs.com/7D8B79A2-8974-4D7B-A76A-F4F29624C06BOSxDTLheSV66Hsf0i1yRUXAy8NkjYorxIG_uaN1dmJ5Wvd2xA3apQXvET0QVAF1JEaoPV6BKADfMsM6k4U-tLg/init?data=eyJ1cmwiOiJodHRwczovL2FwcHN0b3JlY29ubmVjdC5hcHBsZS5jb20vYXBwcy82Nzg5OTEzMTg2L2Rpc3RyaWJ1dGlvbi9pb3MvdmVyc2lvbi9pbmZsaWdodCIsInBsdWdpbnMiOiJ3c20mY2EmdnMmd250JnVhJmFibiZhYm5fc2hhZG93JmNiIiwiZGF0YSI6eyJkYXRhIjpbeyJwbHVnaW4iOiJ3c20iLCJwYXJhbWV0ZXJzIjoie1wicmVmZXJyZXJcIjpcIlwiLFwic3R1YklkXCI6XCJcIn0ifSx7InBsdWdpbiI6IndudCIsInBhcmFtZXRlcnMiOiJ7XCJyZWZlcnJlclwiOlwiXCJ9In0seyJwbHVnaW4iOiJ1YSIsInBhcmFtZXRlcnMiOiJ7fSJ9LHsicGx1Z2luIjoiYWJuIiwicGFyYW1ldGVycyI6IntcImlzQ3NzVXJsSW5qZWN0ZWRcIjpmYWxzZX0ifSx7InBsdWdpbiI6ImFibl9zaGFkb3ciLCJwYXJhbWV0ZXJzIjoie1wiaXNDc3NVcmxJbmplY3RlZFwiOmZhbHNlfSJ9XX0sImlzVG9wTGV2ZWwiOnRydWUsInBhZ2VTdGFydFRpbWUiOjE3ODUxMDYyNzYyNjEsIm5hdmlnYXRpb25TdGFydFRpbWUiOjE3ODUxMDYyNzU1MzB9&nocache=12fca&tm=2026-07-27T02%3A09%3A34.689Z&second=true:0
[12019151ms] [ERROR] Failed to load resource: net::ERR_FAILED @ https://gc.kis.v2.scr.kaspersky-labs.com/7D8B79A2-8974-4D7B-A76A-F4F29624C06BOSxDTLheSV66Hsf0i1yRUXAy8NkjYorxIG_uaN1dmJ5Wvd2xA3apQXvET0QVAF1JEaoPV6BKADfMsM6k4U-tLg/init?data=eyJ1cmwiOiJodHRwczovL2FwcHN0b3JlY29ubmVjdC5hcHBsZS5jb20vYXBwcy82Nzg5OTEzMTg2L2Rpc3RyaWJ1dGlvbi9pb3MvdmVyc2lvbi9pbmZsaWdodCIsInBsdWdpbnMiOiJ3c20mY2EmdnMmd250JnVhJmFibiZhYm5fc2hhZG93JmNiIiwiZGF0YSI6eyJkYXRhIjpbeyJwbHVnaW4iOiJ3c20iLCJwYXJhbWV0ZXJzIjoie1wicmVmZXJyZXJcIjpcIlwiLFwic3R1YklkXCI6XCJcIn0ifSx7InBsdWdpbiI6IndudCIsInBhcmFtZXRlcnMiOiJ7XCJyZWZlcnJlclwiOlwiXCJ9In0seyJwbHVnaW4iOiJ1YSIsInBhcmFtZXRlcnMiOiJ7fSJ9LHsicGx1Z2luIjoiYWJuIiwicGFyYW1ldGVycyI6IntcImlzQ3NzVXJsSW5qZWN0ZWRcIjpmYWxzZX0ifSx7InBsdWdpbiI6ImFibl9zaGFkb3ciLCJwYXJhbWV0ZXJzIjoie1wiaXNDc3NVcmxJbmplY3RlZFwiOmZhbHNlfSJ9XX0sImlzVG9wTGV2ZWwiOnRydWUsInBhZ2VTdGFydFRpbWUiOjE3ODUxMDYyNzYyNjEsIm5hdmlnYXRpb25TdGFydFRpbWUiOjE3ODUxMDYyNzU1MzB9&nocache=1a04e&tm=2026-07-27T02%3A11%3A34.659Z:0
[12019159ms] [ERROR] Failed to load resource: net::ERR_FAILED @ https://gc.kis.v2.scr.kaspersky-labs.com/7D8B79A2-8974-4D7B-A76A-F4F29624C06BOSxDTLheSV66Hsf0i1yRUXAy8NkjYorxIG_uaN1dmJ5Wvd2xA3apQXvET0QVAF1JEaoPV6BKADfMsM6k4U-tLg/init?data=eyJ1cmwiOiJodHRwczovL2FwcHN0b3JlY29ubmVjdC5hcHBsZS5jb20vYXBwcy82Nzg5OTEzMTg2L2Rpc3RyaWJ1dGlvbi9pb3MvdmVyc2lvbi9pbmZsaWdodCIsInBsdWdpbnMiOiJ3c20mY2EmdnMmd250JnVhJmFibiZhYm5fc2hhZG93JmNiIiwiZGF0YSI6eyJkYXRhIjpbeyJwbHVnaW4iOiJ3c20iLCJwYXJhbWV0ZXJzIjoie1wicmVmZXJyZXJcIjpcIlwiLFwic3R1YklkXCI6XCJcIn0ifSx7InBsdWdpbiI6IndudCIsInBhcmFtZXRlcnMiOiJ7XCJyZWZlcnJlclwiOlwiXCJ9In0seyJwbHVnaW4iOiJ1YSIsInBhcmFtZXRlcnMiOiJ7fSJ9LHsicGx1Z2luIjoiYWJuIiwicGFyYW1ldGVycyI6IntcImlzQ3NzVXJsSW5qZWN0ZWRcIjpmYWxzZX0ifSx7InBsdWdpbiI6ImFibl9zaGFkb3ciLCJwYXJhbWV0ZXJzIjoie1wiaXNDc3NVcmxJbmplY3RlZFwiOmZhbHNlfSJ9XX0sImlzVG9wTGV2ZWwiOnRydWUsInBhZ2VTdGFydFRpbWUiOjE3ODUxMDYyNzYyNjEsIm5hdmlnYXRpb25TdGFydFRpbWUiOjE3ODUxMDYyNzU1MzB9&nocache=1505f&tm=2026-07-27T02%3A11%3A34.673Z&second=true:0
[12139158ms] [ERROR] Failed to load resource: net::ERR_FAILED @ https://gc.kis.v2.scr.kaspersky-labs.com/7D8B79A2-8974-4D7B-A76A-F4F29624C06BOSxDTLheSV66Hsf0i1yRUXAy8NkjYorxIG_uaN1dmJ5Wvd2xA3apQXvET0QVAF1JEaoPV6BKADfMsM6k4U-tLg/init?data=eyJ1cmwiOiJodHRwczovL2FwcHN0b3JlY29ubmVjdC5hcHBsZS5jb20vYXBwcy82Nzg5OTEzMTg2L2Rpc3RyaWJ1dGlvbi9pb3MvdmVyc2lvbi9pbmZsaWdodCIsInBsdWdpbnMiOiJ3c20mY2EmdnMmd250JnVhJmFibiZhYm5fc2hhZG93JmNiIiwiZGF0YSI6eyJkYXRhIjpbeyJwbHVnaW4iOiJ3c20iLCJwYXJhbWV0ZXJzIjoie1wicmVmZXJyZXJcIjpcIlwiLFwic3R1YklkXCI6XCJcIn0ifSx7InBsdWdpbiI6IndudCIsInBhcmFtZXRlcnMiOiJ7XCJyZWZlcnJlclwiOlwiXCJ9In0seyJwbHVnaW4iOiJ1YSIsInBhcmFtZXRlcnMiOiJ7fSJ9LHsicGx1Z2luIjoiYWJuIiwicGFyYW1ldGVycyI6IntcImlzQ3NzVXJsSW5qZWN0ZWRcIjpmYWxzZX0ifSx7InBsdWdpbiI6ImFibl9zaGFkb3ciLCJwYXJhbWV0ZXJzIjoie1wiaXNDc3NVcmxJbmplY3RlZFwiOmZhbHNlfSJ9XX0sImlzVG9wTGV2ZWwiOnRydWUsInBhZ2VTdGFydFRpbWUiOjE3ODUxMDYyNzYyNjEsIm5hdmlnYXRpb25TdGFydFRpbWUiOjE3ODUxMDYyNzU1MzB9&nocache=1e95f&tm=2026-07-27T02%3A13%3A34.665Z:0
[12139165ms] [ERROR] Failed to load resource: net::ERR_FAILED @ https://gc.kis.v2.scr.kaspersky-labs.com/7D8B79A2-8974-4D7B-A76A-F4F29624C06BOSxDTLheSV66Hsf0i1yRUXAy8NkjYorxIG_uaN1dmJ5Wvd2xA3apQXvET0QVAF1JEaoPV6BKADfMsM6k4U-tLg/init?data=eyJ1cmwiOiJodHRwczovL2FwcHN0b3JlY29ubmVjdC5hcHBsZS5jb20vYXBwcy82Nzg5OTEzMTg2L2Rpc3RyaWJ1dGlvbi9pb3MvdmVyc2lvbi9pbmZsaWdodCIsInBsdWdpbnMiOiJ3c20mY2EmdnMmd250JnVhJmFibiZhYm5fc2hhZG93JmNiIiwiZGF0YSI6eyJkYXRhIjpbeyJwbHVnaW4iOiJ3c20iLCJwYXJhbWV0ZXJzIjoie1wicmVmZXJyZXJcIjpcIlwiLFwic3R1YklkXCI6XCJcIn0ifSx7InBsdWdpbiI6IndudCIsInBhcmFtZXRlcnMiOiJ7XCJyZWZlcnJlclwiOlwiXCJ9In0seyJwbHVnaW4iOiJ1YSIsInBhcmFtZXRlcnMiOiJ7fSJ9LHsicGx1Z2luIjoiYWJuIiwicGFyYW1ldGVycyI6IntcImlzQ3NzVXJsSW5qZWN0ZWRcIjpmYWxzZX0ifSx7InBsdWdpbiI6ImFibl9zaGFkb3ciLCJwYXJhbWV0ZXJzIjoie1wiaXNDc3NVcmxJbmplY3RlZFwiOmZhbHNlfSJ9XX0sImlzVG9wTGV2ZWwiOnRydWUsInBhZ2VTdGFydFRpbWUiOjE3ODUxMDYyNzYyNjEsIm5hdmlnYXRpb25TdGFydFRpbWUiOjE3ODUxMDYyNzU1MzB9&nocache=1da22&tm=2026-07-27T02%3A13%3A34.680Z&second=true:0
[12259143ms] [ERROR] Failed to load resource: net::ERR_FAILED @ https://gc.kis.v2.scr.kaspersky-labs.com/7D8B79A2-8974-4D7B-A76A-F4F29624C06BOSxDTLheSV66Hsf0i1yRUXAy8NkjYorxIG_uaN1dmJ5Wvd2xA3apQXvET0QVAF1JEaoPV6BKADfMsM6k4U-tLg/init?data=eyJ1cmwiOiJodHRwczovL2FwcHN0b3JlY29ubmVjdC5hcHBsZS5jb20vYXBwcy82Nzg5OTEzMTg2L2Rpc3RyaWJ1dGlvbi9pb3MvdmVyc2lvbi9pbmZsaWdodCIsInBsdWdpbnMiOiJ3c20mY2EmdnMmd250JnVhJmFibiZhYm5fc2hhZG93JmNiIiwiZGF0YSI6eyJkYXRhIjpbeyJwbHVnaW4iOiJ3c20iLCJwYXJhbWV0ZXJzIjoie1wicmVmZXJyZXJcIjpcIlwiLFwic3R1YklkXCI6XCJcIn0ifSx7InBsdWdpbiI6IndudCIsInBhcmFtZXRlcnMiOiJ7XCJyZWZlcnJlclwiOlwiXCJ9In0seyJwbHVnaW4iOiJ1YSIsInBhcmFtZXRlcnMiOiJ7fSJ9LHsicGx1Z2luIjoiYWJuIiwicGFyYW1ldGVycyI6IntcImlzQ3NzVXJsSW5qZWN0ZWRcIjpmYWxzZX0ifSx7InBsdWdpbiI6ImFibl9zaGFkb3ciLCJwYXJhbWV0ZXJzIjoie1wiaXNDc3NVcmxJbmplY3RlZFwiOmZhbHNlfSJ9XX0sImlzVG9wTGV2ZWwiOnRydWUsInBhZ2VTdGFydFRpbWUiOjE3ODUxMDYyNzYyNjEsIm5hdmlnYXRpb25TdGFydFRpbWUiOjE3ODUxMDYyNzU1MzB9&nocache=1a430&tm=2026-07-27T02%3A15%3A34.657Z:0
[12259151ms] [ERROR] Failed to load resource: net::ERR_FAILED @ https://gc.kis.v2.scr.kaspersky-labs.com/7D8B79A2-8974-4D7B-A76A-F4F29624C06BOSxDTLheSV66Hsf0i1yRUXAy8NkjYorxIG_uaN1dmJ5Wvd2xA3apQXvET0QVAF1JEaoPV6BKADfMsM6k4U-tLg/init?data=eyJ1cmwiOiJodHRwczovL2FwcHN0b3JlY29ubmVjdC5hcHBsZS5jb20vYXBwcy82Nzg5OTEzMTg2L2Rpc3RyaWJ1dGlvbi9pb3MvdmVyc2lvbi9pbmZsaWdodCIsInBsdWdpbnMiOiJ3c20mY2EmdnMmd250JnVhJmFibiZhYm5fc2hhZG93JmNiIiwiZGF0YSI6eyJkYXRhIjpbeyJwbHVnaW4iOiJ3c20iLCJwYXJhbWV0ZXJzIjoie1wicmVmZXJyZXJcIjpcIlwiLFwic3R1YklkXCI6XCJcIn0ifSx7InBsdWdpbiI6IndudCIsInBhcmFtZXRlcnMiOiJ7XCJyZWZlcnJlclwiOlwiXCJ9In0seyJwbHVnaW4iOiJ1YSIsInBhcmFtZXRlcnMiOiJ7fSJ9LHsicGx1Z2luIjoiYWJuIiwicGFyYW1ldGVycyI6IntcImlzQ3NzVXJsSW5qZWN0ZWRcIjpmYWxzZX0ifSx7InBsdWdpbiI6ImFibl9zaGFkb3ciLCJwYXJhbWV0ZXJzIjoie1wiaXNDc3NVcmxJbmplY3RlZFwiOmZhbHNlfSJ9XX0sImlzVG9wTGV2ZWwiOnRydWUsInBhZ2VTdGFydFRpbWUiOjE3ODUxMDYyNzYyNjEsIm5hdmlnYXRpb25TdGFydFRpbWUiOjE3ODUxMDYyNzU1MzB9&nocache=12999&tm=2026-07-27T02%3A15%3A34.665Z&second=true:0
[12379150ms] [ERROR] Failed to load resource: net::ERR_FAILED @ https://gc.kis.v2.scr.kaspersky-labs.com/7D8B79A2-8974-4D7B-A76A-F4F29624C06BOSxDTLheSV66Hsf0i1yRUXAy8NkjYorxIG_uaN1dmJ5Wvd2xA3apQXvET0QVAF1JEaoPV6BKADfMsM6k4U-tLg/init?data=eyJ1cmwiOiJodHRwczovL2FwcHN0b3JlY29ubmVjdC5hcHBsZS5jb20vYXBwcy82Nzg5OTEzMTg2L2Rpc3RyaWJ1dGlvbi9pb3MvdmVyc2lvbi9pbmZsaWdodCIsInBsdWdpbnMiOiJ3c20mY2EmdnMmd250JnVhJmFibiZhYm5fc2hhZG93JmNiIiwiZGF0YSI6eyJkYXRhIjpbeyJwbHVnaW4iOiJ3c20iLCJwYXJhbWV0ZXJzIjoie1wicmVmZXJyZXJcIjpcIlwiLFwic3R1YklkXCI6XCJcIn0ifSx7InBsdWdpbiI6IndudCIsInBhcmFtZXRlcnMiOiJ7XCJyZWZlcnJlclwiOlwiXCJ9In0seyJwbHVnaW4iOiJ1YSIsInBhcmFtZXRlcnMiOiJ7fSJ9LHsicGx1Z2luIjoiYWJuIiwicGFyYW1ldGVycyI6IntcImlzQ3NzVXJsSW5qZWN0ZWRcIjpmYWxzZX0ifSx7InBsdWdpbiI6ImFibl9zaGFkb3ciLCJwYXJhbWV0ZXJzIjoie1wiaXNDc3NVcmxJbmplY3RlZFwiOmZhbHNlfSJ9XX0sImlzVG9wTGV2ZWwiOnRydWUsInBhZ2VTdGFydFRpbWUiOjE3ODUxMDYyNzYyNjEsIm5hdmlnYXRpb25TdGFydFRpbWUiOjE3ODUxMDYyNzU1MzB9&nocache=1cd73&tm=2026-07-27T02%3A17%3A34.665Z:0
[12379156ms] [ERROR] Failed to load resource: net::ERR_FAILED @ https://gc.kis.v2.scr.kaspersky-labs.com/7D8B79A2-8974-4D7B-A76A-F4F29624C06BOSxDTLheSV66Hsf0i1yRUXAy8NkjYorxIG_uaN1dmJ5Wvd2xA3apQXvET0QVAF1JEaoPV6BKADfMsM6k4U-tLg/init?data=eyJ1cmwiOiJodHRwczovL2FwcHN0b3JlY29ubmVjdC5hcHBsZS5jb20vYXBwcy82Nzg5OTEzMTg2L2Rpc3RyaWJ1dGlvbi9pb3MvdmVyc2lvbi9pbmZsaWdodCIsInBsdWdpbnMiOiJ3c20mY2EmdnMmd250JnVhJmFibiZhYm5fc2hhZG93JmNiIiwiZGF0YSI6eyJkYXRhIjpbeyJwbHVnaW4iOiJ3c20iLCJwYXJhbWV0ZXJzIjoie1wicmVmZXJyZXJcIjpcIlwiLFwic3R1YklkXCI6XCJcIn0ifSx7InBsdWdpbiI6IndudCIsInBhcmFtZXRlcnMiOiJ7XCJyZWZlcnJlclwiOlwiXCJ9In0seyJwbHVnaW4iOiJ1YSIsInBhcmFtZXRlcnMiOiJ7fSJ9LHsicGx1Z2luIjoiYWJuIiwicGFyYW1ldGVycyI6IntcImlzQ3NzVXJsSW5qZWN0ZWRcIjpmYWxzZX0ifSx7InBsdWdpbiI6ImFibl9zaGFkb3ciLCJwYXJhbWV0ZXJzIjoie1wiaXNDc3NVcmxJbmplY3RlZFwiOmZhbHNlfSJ9XX0sImlzVG9wTGV2ZWwiOnRydWUsInBhZ2VTdGFydFRpbWUiOjE3ODUxMDYyNzYyNjEsIm5hdmlnYXRpb25TdGFydFRpbWUiOjE3ODUxMDYyNzU1MzB9&nocache=1c5c5&tm=2026-07-27T02%3A17%3A34.672Z&second=true:0
[12499155ms] [ERROR] Failed to load resource: net::ERR_FAILED @ https://gc.kis.v2.scr.kaspersky-labs.com/7D8B79A2-8974-4D7B-A76A-F4F29624C06BOSxDTLheSV66Hsf0i1yRUXAy8NkjYorxIG_uaN1dmJ5Wvd2xA3apQXvET0QVAF1JEaoPV6BKADfMsM6k4U-tLg/init?data=eyJ1cmwiOiJodHRwczovL2FwcHN0b3JlY29ubmVjdC5hcHBsZS5jb20vYXBwcy82Nzg5OTEzMTg2L2Rpc3RyaWJ1dGlvbi9pb3MvdmVyc2lvbi9pbmZsaWdodCIsInBsdWdpbnMiOiJ3c20mY2EmdnMmd250JnVhJmFibiZhYm5fc2hhZG93JmNiIiwiZGF0YSI6eyJkYXRhIjpbeyJwbHVnaW4iOiJ3c20iLCJwYXJhbWV0ZXJzIjoie1wicmVmZXJyZXJcIjpcIlwiLFwic3R1YklkXCI6XCJcIn0ifSx7InBsdWdpbiI6IndudCIsInBhcmFtZXRlcnMiOiJ7XCJyZWZlcnJlclwiOlwiXCJ9In0seyJwbHVnaW4iOiJ1YSIsInBhcmFtZXRlcnMiOiJ7fSJ9LHsicGx1Z2luIjoiYWJuIiwicGFyYW1ldGVycyI6IntcImlzQ3NzVXJsSW5qZWN0ZWRcIjpmYWxzZX0ifSx7InBsdWdpbiI6ImFibl9zaGFkb3ciLCJwYXJhbWV0ZXJzIjoie1wiaXNDc3NVcmxJbmplY3RlZFwiOmZhbHNlfSJ9XX0sImlzVG9wTGV2ZWwiOnRydWUsInBhZ2VTdGFydFRpbWUiOjE3ODUxMDYyNzYyNjEsIm5hdmlnYXRpb25TdGFydFRpbWUiOjE3ODUxMDYyNzU1MzB9&nocache=1444b&tm=2026-07-27T02%3A19%3A34.667Z:0
[12499161ms] [ERROR] Failed to load resource: net::ERR_FAILED @ https://gc.kis.v2.scr.kaspersky-labs.com/7D8B79A2-8974-4D7B-A76A-F4F29624C06BOSxDTLheSV66Hsf0i1yRUXAy8NkjYorxIG_uaN1dmJ5Wvd2xA3apQXvET0QVAF1JEaoPV6BKADfMsM6k4U-tLg/init?data=eyJ1cmwiOiJodHRwczovL2FwcHN0b3JlY29ubmVjdC5hcHBsZS5jb20vYXBwcy82Nzg5OTEzMTg2L2Rpc3RyaWJ1dGlvbi9pb3MvdmVyc2lvbi9pbmZsaWdodCIsInBsdWdpbnMiOiJ3c20mY2EmdnMmd250JnVhJmFibiZhYm5fc2hhZG93JmNiIiwiZGF0YSI6eyJkYXRhIjpbeyJwbHVnaW4iOiJ3c20iLCJwYXJhbWV0ZXJzIjoie1wicmVmZXJyZXJcIjpcIlwiLFwic3R1YklkXCI6XCJcIn0ifSx7InBsdWdpbiI6IndudCIsInBhcmFtZXRlcnMiOiJ7XCJyZWZlcnJlclwiOlwiXCJ9In0seyJwbHVnaW4iOiJ1YSIsInBhcmFtZXRlcnMiOiJ7fSJ9LHsicGx1Z2luIjoiYWJuIiwicGFyYW1ldGVycyI6IntcImlzQ3NzVXJsSW5qZWN0ZWRcIjpmYWxzZX0ifSx7InBsdWdpbiI6ImFibl9zaGFkb3ciLCJwYXJhbWV0ZXJzIjoie1wiaXNDc3NVcmxJbmplY3RlZFwiOmZhbHNlfSJ9XX0sImlzVG9wTGV2ZWwiOnRydWUsInBhZ2VTdGFydFRpbWUiOjE3ODUxMDYyNzYyNjEsIm5hdmlnYXRpb25TdGFydFRpbWUiOjE3ODUxMDYyNzU1MzB9&nocache=1417d&tm=2026-07-27T02%3A19%3A34.677Z&second=true:0
[12619142ms] [ERROR] Failed to load resource: net::ERR_FAILED @ https://gc.kis.v2.scr.kaspersky-labs.com/7D8B79A2-8974-4D7B-A76A-F4F29624C06BOSxDTLheSV66Hsf0i1yRUXAy8NkjYorxIG_uaN1dmJ5Wvd2xA3apQXvET0QVAF1JEaoPV6BKADfMsM6k4U-tLg/init?data=eyJ1cmwiOiJodHRwczovL2FwcHN0b3JlY29ubmVjdC5hcHBsZS5jb20vYXBwcy82Nzg5OTEzMTg2L2Rpc3RyaWJ1dGlvbi9pb3MvdmVyc2lvbi9pbmZsaWdodCIsInBsdWdpbnMiOiJ3c20mY2EmdnMmd250JnVhJmFibiZhYm5fc2hhZG93JmNiIiwiZGF0YSI6eyJkYXRhIjpbeyJwbHVnaW4iOiJ3c20iLCJwYXJhbWV0ZXJzIjoie1wicmVmZXJyZXJcIjpcIlwiLFwic3R1YklkXCI6XCJcIn0ifSx7InBsdWdpbiI6IndudCIsInBhcmFtZXRlcnMiOiJ7XCJyZWZlcnJlclwiOlwiXCJ9In0seyJwbHVnaW4iOiJ1YSIsInBhcmFtZXRlcnMiOiJ7fSJ9LHsicGx1Z2luIjoiYWJuIiwicGFyYW1ldGVycyI6IntcImlzQ3NzVXJsSW5qZWN0ZWRcIjpmYWxzZX0ifSx7InBsdWdpbiI6ImFibl9zaGFkb3ciLCJwYXJhbWV0ZXJzIjoie1wiaXNDc3NVcmxJbmplY3RlZFwiOmZhbHNlfSJ9XX0sImlzVG9wTGV2ZWwiOnRydWUsInBhZ2VTdGFydFRpbWUiOjE3ODUxMDYyNzYyNjEsIm5hdmlnYXRpb25TdGFydFRpbWUiOjE3ODUxMDYyNzU1MzB9&nocache=1ffa4&tm=2026-07-27T02%3A21%3A34.654Z:0
[12619148ms] [ERROR] Failed to load resource: net::ERR_FAILED @ https://gc.kis.v2.scr.kaspersky-labs.com/7D8B79A2-8974-4D7B-A76A-F4F29624C06BOSxDTLheSV66Hsf0i1yRUXAy8NkjYorxIG_uaN1dmJ5Wvd2xA3apQXvET0QVAF1JEaoPV6BKADfMsM6k4U-tLg/init?data=eyJ1cmwiOiJodHRwczovL2FwcHN0b3JlY29ubmVjdC5hcHBsZS5jb20vYXBwcy82Nzg5OTEzMTg2L2Rpc3RyaWJ1dGlvbi9pb3MvdmVyc2lvbi9pbmZsaWdodCIsInBsdWdpbnMiOiJ3c20mY2EmdnMmd250JnVhJmFibiZhYm5fc2hhZG93JmNiIiwiZGF0YSI6eyJkYXRhIjpbeyJwbHVnaW4iOiJ3c20iLCJwYXJhbWV0ZXJzIjoie1wicmVmZXJyZXJcIjpcIlwiLFwic3R1YklkXCI6XCJcIn0ifSx7InBsdWdpbiI6IndudCIsInBhcmFtZXRlcnMiOiJ7XCJyZWZlcnJlclwiOlwiXCJ9In0seyJwbHVnaW4iOiJ1YSIsInBhcmFtZXRlcnMiOiJ7fSJ9LHsicGx1Z2luIjoiYWJuIiwicGFyYW1ldGVycyI6IntcImlzQ3NzVXJsSW5qZWN0ZWRcIjpmYWxzZX0ifSx7InBsdWdpbiI6ImFibl9zaGFkb3ciLCJwYXJhbWV0ZXJzIjoie1wiaXNDc3NVcmxJbmplY3RlZFwiOmZhbHNlfSJ9XX0sImlzVG9wTGV2ZWwiOnRydWUsInBhZ2VTdGFydFRpbWUiOjE3ODUxMDYyNzYyNjEsIm5hdmlnYXRpb25TdGFydFRpbWUiOjE3ODUxMDYyNzU1MzB9&nocache=16753&tm=2026-07-27T02%3A21%3A34.664Z&second=true:0
[12739152ms] [ERROR] Failed to load resource: net::ERR_FAILED @ https://gc.kis.v2.scr.kaspersky-labs.com/7D8B79A2-8974-4D7B-A76A-F4F29624C06BOSxDTLheSV66Hsf0i1yRUXAy8NkjYorxIG_uaN1dmJ5Wvd2xA3apQXvET0QVAF1JEaoPV6BKADfMsM6k4U-tLg/init?data=eyJ1cmwiOiJodHRwczovL2FwcHN0b3JlY29ubmVjdC5hcHBsZS5jb20vYXBwcy82Nzg5OTEzMTg2L2Rpc3RyaWJ1dGlvbi9pb3MvdmVyc2lvbi9pbmZsaWdodCIsInBsdWdpbnMiOiJ3c20mY2EmdnMmd250JnVhJmFibiZhYm5fc2hhZG93JmNiIiwiZGF0YSI6eyJkYXRhIjpbeyJwbHVnaW4iOiJ3c20iLCJwYXJhbWV0ZXJzIjoie1wicmVmZXJyZXJcIjpcIlwiLFwic3R1YklkXCI6XCJcIn0ifSx7InBsdWdpbiI6IndudCIsInBhcmFtZXRlcnMiOiJ7XCJyZWZlcnJlclwiOlwiXCJ9In0seyJwbHVnaW4iOiJ1YSIsInBhcmFtZXRlcnMiOiJ7fSJ9LHsicGx1Z2luIjoiYWJuIiwicGFyYW1ldGVycyI6IntcImlzQ3NzVXJsSW5qZWN0ZWRcIjpmYWxzZX0ifSx7InBsdWdpbiI6ImFibl9zaGFkb3ciLCJwYXJhbWV0ZXJzIjoie1wiaXNDc3NVcmxJbmplY3RlZFwiOmZhbHNlfSJ9XX0sImlzVG9wTGV2ZWwiOnRydWUsInBhZ2VTdGFydFRpbWUiOjE3ODUxMDYyNzYyNjEsIm5hdmlnYXRpb25TdGFydFRpbWUiOjE3ODUxMDYyNzU1MzB9&nocache=16a9c&tm=2026-07-27T02%3A23%3A34.658Z:0
[12739162ms] [ERROR] Failed to load resource: net::ERR_FAILED @ https://gc.kis.v2.scr.kaspersky-labs.com/7D8B79A2-8974-4D7B-A76A-F4F29624C06BOSxDTLheSV66Hsf0i1yRUXAy8NkjYorxIG_uaN1dmJ5Wvd2xA3apQXvET0QVAF1JEaoPV6BKADfMsM6k4U-tLg/init?data=eyJ1cmwiOiJodHRwczovL2FwcHN0b3JlY29ubmVjdC5hcHBsZS5jb20vYXBwcy82Nzg5OTEzMTg2L2Rpc3RyaWJ1dGlvbi9pb3MvdmVyc2lvbi9pbmZsaWdodCIsInBsdWdpbnMiOiJ3c20mY2EmdnMmd250JnVhJmFibiZhYm5fc2hhZG93JmNiIiwiZGF0YSI6eyJkYXRhIjpbeyJwbHVnaW4iOiJ3c20iLCJwYXJhbWV0ZXJzIjoie1wicmVmZXJyZXJcIjpcIlwiLFwic3R1YklkXCI6XCJcIn0ifSx7InBsdWdpbiI6IndudCIsInBhcmFtZXRlcnMiOiJ7XCJyZWZlcnJlclwiOlwiXCJ9In0seyJwbHVnaW4iOiJ1YSIsInBhcmFtZXRlcnMiOiJ7fSJ9LHsicGx1Z2luIjoiYWJuIiwicGFyYW1ldGVycyI6IntcImlzQ3NzVXJsSW5qZWN0ZWRcIjpmYWxzZX0ifSx7InBsdWdpbiI6ImFibl9zaGFkb3ciLCJwYXJhbWV0ZXJzIjoie1wiaXNDc3NVcmxJbmplY3RlZFwiOmZhbHNlfSJ9XX0sImlzVG9wTGV2ZWwiOnRydWUsInBhZ2VTdGFydFRpbWUiOjE3ODUxMDYyNzYyNjEsIm5hdmlnYXRpb25TdGFydFRpbWUiOjE3ODUxMDYyNzU1MzB9&nocache=1796f&tm=2026-07-27T02%3A23%3A34.674Z&second=true:0
[12859158ms] [ERROR] Failed to load resource: net::ERR_FAILED @ https://gc.kis.v2.scr.kaspersky-labs.com/7D8B79A2-8974-4D7B-A76A-F4F29624C06BOSxDTLheSV66Hsf0i1yRUXAy8NkjYorxIG_uaN1dmJ5Wvd2xA3apQXvET0QVAF1JEaoPV6BKADfMsM6k4U-tLg/init?data=eyJ1cmwiOiJodHRwczovL2FwcHN0b3JlY29ubmVjdC5hcHBsZS5jb20vYXBwcy82Nzg5OTEzMTg2L2Rpc3RyaWJ1dGlvbi9pb3MvdmVyc2lvbi9pbmZsaWdodCIsInBsdWdpbnMiOiJ3c20mY2EmdnMmd250JnVhJmFibiZhYm5fc2hhZG93JmNiIiwiZGF0YSI6eyJkYXRhIjpbeyJwbHVnaW4iOiJ3c20iLCJwYXJhbWV0ZXJzIjoie1wicmVmZXJyZXJcIjpcIlwiLFwic3R1YklkXCI6XCJcIn0ifSx7InBsdWdpbiI6IndudCIsInBhcmFtZXRlcnMiOiJ7XCJyZWZlcnJlclwiOlwiXCJ9In0seyJwbHVnaW4iOiJ1YSIsInBhcmFtZXRlcnMiOiJ7fSJ9LHsicGx1Z2luIjoiYWJuIiwicGFyYW1ldGVycyI6IntcImlzQ3NzVXJsSW5qZWN0ZWRcIjpmYWxzZX0ifSx7InBsdWdpbiI6ImFibl9zaGFkb3ciLCJwYXJhbWV0ZXJzIjoie1wiaXNDc3NVcmxJbmplY3RlZFwiOmZhbHNlfSJ9XX0sImlzVG9wTGV2ZWwiOnRydWUsInBhZ2VTdGFydFRpbWUiOjE3ODUxMDYyNzYyNjEsIm5hdmlnYXRpb25TdGFydFRpbWUiOjE3ODUxMDYyNzU1MzB9&nocache=1ce64&tm=2026-07-27T02%3A25%3A34.669Z:0
[12859166ms] [ERROR] Failed to load resource: net::ERR_FAILED @ https://gc.kis.v2.scr.kaspersky-labs.com/7D8B79A2-8974-4D7B-A76A-F4F29624C06BOSxDTLheSV66Hsf0i1yRUXAy8NkjYorxIG_uaN1dmJ5Wvd2xA3apQXvET0QVAF1JEaoPV6BKADfMsM6k4U-tLg/init?data=eyJ1cmwiOiJodHRwczovL2FwcHN0b3JlY29ubmVjdC5hcHBsZS5jb20vYXBwcy82Nzg5OTEzMTg2L2Rpc3RyaWJ1dGlvbi9pb3MvdmVyc2lvbi9pbmZsaWdodCIsInBsdWdpbnMiOiJ3c20mY2EmdnMmd250JnVhJmFibiZhYm5fc2hhZG93JmNiIiwiZGF0YSI6eyJkYXRhIjpbeyJwbHVnaW4iOiJ3c20iLCJwYXJhbWV0ZXJzIjoie1wicmVmZXJyZXJcIjpcIlwiLFwic3R1YklkXCI6XCJcIn0ifSx7InBsdWdpbiI6IndudCIsInBhcmFtZXRlcnMiOiJ7XCJyZWZlcnJlclwiOlwiXCJ9In0seyJwbHVnaW4iOiJ1YSIsInBhcmFtZXRlcnMiOiJ7fSJ9LHsicGx1Z2luIjoiYWJuIiwicGFyYW1ldGVycyI6IntcImlzQ3NzVXJsSW5qZWN0ZWRcIjpmYWxzZX0ifSx7InBsdWdpbiI6ImFibl9zaGFkb3ciLCJwYXJhbWV0ZXJzIjoie1wiaXNDc3NVcmxJbmplY3RlZFwiOmZhbHNlfSJ9XX0sImlzVG9wTGV2ZWwiOnRydWUsInBhZ2VTdGFydFRpbWUiOjE3ODUxMDYyNzYyNjEsIm5hdmlnYXRpb25TdGFydFRpbWUiOjE3ODUxMDYyNzU1MzB9&nocache=16068&tm=2026-07-27T02%3A25%3A34.680Z&second=true:0
[12979161ms] [ERROR] Failed to load resource: net::ERR_FAILED @ https://gc.kis.v2.scr.kaspersky-labs.com/7D8B79A2-8974-4D7B-A76A-F4F29624C06BOSxDTLheSV66Hsf0i1yRUXAy8NkjYorxIG_uaN1dmJ5Wvd2xA3apQXvET0QVAF1JEaoPV6BKADfMsM6k4U-tLg/init?data=eyJ1cmwiOiJodHRwczovL2FwcHN0b3JlY29ubmVjdC5hcHBsZS5jb20vYXBwcy82Nzg5OTEzMTg2L2Rpc3RyaWJ1dGlvbi9pb3MvdmVyc2lvbi9pbmZsaWdodCIsInBsdWdpbnMiOiJ3c20mY2EmdnMmd250JnVhJmFibiZhYm5fc2hhZG93JmNiIiwiZGF0YSI6eyJkYXRhIjpbeyJwbHVnaW4iOiJ3c20iLCJwYXJhbWV0ZXJzIjoie1wicmVmZXJyZXJcIjpcIlwiLFwic3R1YklkXCI6XCJcIn0ifSx7InBsdWdpbiI6IndudCIsInBhcmFtZXRlcnMiOiJ7XCJyZWZlcnJlclwiOlwiXCJ9In0seyJwbHVnaW4iOiJ1YSIsInBhcmFtZXRlcnMiOiJ7fSJ9LHsicGx1Z2luIjoiYWJuIiwicGFyYW1ldGVycyI6IntcImlzQ3NzVXJsSW5qZWN0ZWRcIjpmYWxzZX0ifSx7InBsdWdpbiI6ImFibl9zaGFkb3ciLCJwYXJhbWV0ZXJzIjoie1wiaXNDc3NVcmxJbmplY3RlZFwiOmZhbHNlfSJ9XX0sImlzVG9wTGV2ZWwiOnRydWUsInBhZ2VTdGFydFRpbWUiOjE3ODUxMDYyNzYyNjEsIm5hdmlnYXRpb25TdGFydFRpbWUiOjE3ODUxMDYyNzU1MzB9&nocache=11285&tm=2026-07-27T02%3A27%3A34.669Z:0
[12979169ms] [ERROR] Failed to load resource: net::ERR_FAILED @ https://gc.kis.v2.scr.kaspersky-labs.com/7D8B79A2-8974-4D7B-A76A-F4F29624C06BOSxDTLheSV66Hsf0i1yRUXAy8NkjYorxIG_uaN1dmJ5Wvd2xA3apQXvET0QVAF1JEaoPV6BKADfMsM6k4U-tLg/init?data=eyJ1cmwiOiJodHRwczovL2FwcHN0b3JlY29ubmVjdC5hcHBsZS5jb20vYXBwcy82Nzg5OTEzMTg2L2Rpc3RyaWJ1dGlvbi9pb3MvdmVyc2lvbi9pbmZsaWdodCIsInBsdWdpbnMiOiJ3c20mY2EmdnMmd250JnVhJmFibiZhYm5fc2hhZG93JmNiIiwiZGF0YSI6eyJkYXRhIjpbeyJwbHVnaW4iOiJ3c20iLCJwYXJhbWV0ZXJzIjoie1wicmVmZXJyZXJcIjpcIlwiLFwic3R1YklkXCI6XCJcIn0ifSx7InBsdWdpbiI6IndudCIsInBhcmFtZXRlcnMiOiJ7XCJyZWZlcnJlclwiOlwiXCJ9In0seyJwbHVnaW4iOiJ1YSIsInBhcmFtZXRlcnMiOiJ7fSJ9LHsicGx1Z2luIjoiYWJuIiwicGFyYW1ldGVycyI6IntcImlzQ3NzVXJsSW5qZWN0ZWRcIjpmYWxzZX0ifSx7InBsdWdpbiI6ImFibl9zaGFkb3ciLCJwYXJhbWV0ZXJzIjoie1wiaXNDc3NVcmxJbmplY3RlZFwiOmZhbHNlfSJ9XX0sImlzVG9wTGV2ZWwiOnRydWUsInBhZ2VTdGFydFRpbWUiOjE3ODUxMDYyNzYyNjEsIm5hdmlnYXRpb25TdGFydFRpbWUiOjE3ODUxMDYyNzU1MzB9&nocache=1c097&tm=2026-07-27T02%3A27%3A34.683Z&second=true:0
[13099146ms] [ERROR] Failed to load resource: net::ERR_FAILED @ https://gc.kis.v2.scr.kaspersky-labs.com/7D8B79A2-8974-4D7B-A76A-F4F29624C06BOSxDTLheSV66Hsf0i1yRUXAy8NkjYorxIG_uaN1dmJ5Wvd2xA3apQXvET0QVAF1JEaoPV6BKADfMsM6k4U-tLg/init?data=eyJ1cmwiOiJodHRwczovL2FwcHN0b3JlY29ubmVjdC5hcHBsZS5jb20vYXBwcy82Nzg5OTEzMTg2L2Rpc3RyaWJ1dGlvbi9pb3MvdmVyc2lvbi9pbmZsaWdodCIsInBsdWdpbnMiOiJ3c20mY2EmdnMmd250JnVhJmFibiZhYm5fc2hhZG93JmNiIiwiZGF0YSI6eyJkYXRhIjpbeyJwbHVnaW4iOiJ3c20iLCJwYXJhbWV0ZXJzIjoie1wicmVmZXJyZXJcIjpcIlwiLFwic3R1YklkXCI6XCJcIn0ifSx7InBsdWdpbiI6IndudCIsInBhcmFtZXRlcnMiOiJ7XCJyZWZlcnJlclwiOlwiXCJ9In0seyJwbHVnaW4iOiJ1YSIsInBhcmFtZXRlcnMiOiJ7fSJ9LHsicGx1Z2luIjoiYWJuIiwicGFyYW1ldGVycyI6IntcImlzQ3NzVXJsSW5qZWN0ZWRcIjpmYWxzZX0ifSx7InBsdWdpbiI6ImFibl9zaGFkb3ciLCJwYXJhbWV0ZXJzIjoie1wiaXNDc3NVcmxJbmplY3RlZFwiOmZhbHNlfSJ9XX0sImlzVG9wTGV2ZWwiOnRydWUsInBhZ2VTdGFydFRpbWUiOjE3ODUxMDYyNzYyNjEsIm5hdmlnYXRpb25TdGFydFRpbWUiOjE3ODUxMDYyNzU1MzB9&nocache=17cb8&tm=2026-07-27T02%3A29%3A34.660Z:0
[13099153ms] [ERROR] Failed to load resource: net::ERR_FAILED @ https://gc.kis.v2.scr.kaspersky-labs.com/7D8B79A2-8974-4D7B-A76A-F4F29624C06BOSxDTLheSV66Hsf0i1yRUXAy8NkjYorxIG_uaN1dmJ5Wvd2xA3apQXvET0QVAF1JEaoPV6BKADfMsM6k4U-tLg/init?data=eyJ1cmwiOiJodHRwczovL2FwcHN0b3JlY29ubmVjdC5hcHBsZS5jb20vYXBwcy82Nzg5OTEzMTg2L2Rpc3RyaWJ1dGlvbi9pb3MvdmVyc2lvbi9pbmZsaWdodCIsInBsdWdpbnMiOiJ3c20mY2EmdnMmd250JnVhJmFibiZhYm5fc2hhZG93JmNiIiwiZGF0YSI6eyJkYXRhIjpbeyJwbHVnaW4iOiJ3c20iLCJwYXJhbWV0ZXJzIjoie1wicmVmZXJyZXJcIjpcIlwiLFwic3R1YklkXCI6XCJcIn0ifSx7InBsdWdpbiI6IndudCIsInBhcmFtZXRlcnMiOiJ7XCJyZWZlcnJlclwiOlwiXCJ9In0seyJwbHVnaW4iOiJ1YSIsInBhcmFtZXRlcnMiOiJ7fSJ9LHsicGx1Z2luIjoiYWJuIiwicGFyYW1ldGVycyI6IntcImlzQ3NzVXJsSW5qZWN0ZWRcIjpmYWxzZX0ifSx7InBsdWdpbiI6ImFibl9zaGFkb3ciLCJwYXJhbWV0ZXJzIjoie1wiaXNDc3NVcmxJbmplY3RlZFwiOmZhbHNlfSJ9XX0sImlzVG9wTGV2ZWwiOnRydWUsInBhZ2VTdGFydFRpbWUiOjE3ODUxMDYyNzYyNjEsIm5hdmlnYXRpb25TdGFydFRpbWUiOjE3ODUxMDYyNzU1MzB9&nocache=136d5&tm=2026-07-27T02%3A29%3A34.668Z&second=true:0
[13219151ms] [ERROR] Failed to load resource: net::ERR_FAILED @ https://gc.kis.v2.scr.kaspersky-labs.com/7D8B79A2-8974-4D7B-A76A-F4F29624C06BOSxDTLheSV66Hsf0i1yRUXAy8NkjYorxIG_uaN1dmJ5Wvd2xA3apQXvET0QVAF1JEaoPV6BKADfMsM6k4U-tLg/init?data=eyJ1cmwiOiJodHRwczovL2FwcHN0b3JlY29ubmVjdC5hcHBsZS5jb20vYXBwcy82Nzg5OTEzMTg2L2Rpc3RyaWJ1dGlvbi9pb3MvdmVyc2lvbi9pbmZsaWdodCIsInBsdWdpbnMiOiJ3c20mY2EmdnMmd250JnVhJmFibiZhYm5fc2hhZG93JmNiIiwiZGF0YSI6eyJkYXRhIjpbeyJwbHVnaW4iOiJ3c20iLCJwYXJhbWV0ZXJzIjoie1wicmVmZXJyZXJcIjpcIlwiLFwic3R1YklkXCI6XCJcIn0ifSx7InBsdWdpbiI6IndudCIsInBhcmFtZXRlcnMiOiJ7XCJyZWZlcnJlclwiOlwiXCJ9In0seyJwbHVnaW4iOiJ1YSIsInBhcmFtZXRlcnMiOiJ7fSJ9LHsicGx1Z2luIjoiYWJuIiwicGFyYW1ldGVycyI6IntcImlzQ3NzVXJsSW5qZWN0ZWRcIjpmYWxzZX0ifSx7InBsdWdpbiI6ImFibl9zaGFkb3ciLCJwYXJhbWV0ZXJzIjoie1wiaXNDc3NVcmxJbmplY3RlZFwiOmZhbHNlfSJ9XX0sImlzVG9wTGV2ZWwiOnRydWUsInBhZ2VTdGFydFRpbWUiOjE3ODUxMDYyNzYyNjEsIm5hdmlnYXRpb25TdGFydFRpbWUiOjE3ODUxMDYyNzU1MzB9&nocache=19c30&tm=2026-07-27T02%3A31%3A34.662Z:0
[13219182ms] [ERROR] Failed to load resource: net::ERR_FAILED @ https://gc.kis.v2.scr.kaspersky-labs.com/7D8B79A2-8974-4D7B-A76A-F4F29624C06BOSxDTLheSV66Hsf0i1yRUXAy8NkjYorxIG_uaN1dmJ5Wvd2xA3apQXvET0QVAF1JEaoPV6BKADfMsM6k4U-tLg/init?data=eyJ1cmwiOiJodHRwczovL2FwcHN0b3JlY29ubmVjdC5hcHBsZS5jb20vYXBwcy82Nzg5OTEzMTg2L2Rpc3RyaWJ1dGlvbi9pb3MvdmVyc2lvbi9pbmZsaWdodCIsInBsdWdpbnMiOiJ3c20mY2EmdnMmd250JnVhJmFibiZhYm5fc2hhZG93JmNiIiwiZGF0YSI6eyJkYXRhIjpbeyJwbHVnaW4iOiJ3c20iLCJwYXJhbWV0ZXJzIjoie1wicmVmZXJyZXJcIjpcIlwiLFwic3R1YklkXCI6XCJcIn0ifSx7InBsdWdpbiI6IndudCIsInBhcmFtZXRlcnMiOiJ7XCJyZWZlcnJlclwiOlwiXCJ9In0seyJwbHVnaW4iOiJ1YSIsInBhcmFtZXRlcnMiOiJ7fSJ9LHsicGx1Z2luIjoiYWJuIiwicGFyYW1ldGVycyI6IntcImlzQ3NzVXJsSW5qZWN0ZWRcIjpmYWxzZX0ifSx7InBsdWdpbiI6ImFibl9zaGFkb3ciLCJwYXJhbWV0ZXJzIjoie1wiaXNDc3NVcmxJbmplY3RlZFwiOmZhbHNlfSJ9XX0sImlzVG9wTGV2ZWwiOnRydWUsInBhZ2VTdGFydFRpbWUiOjE3ODUxMDYyNzYyNjEsIm5hdmlnYXRpb25TdGFydFRpbWUiOjE3ODUxMDYyNzU1MzB9&nocache=19b6d&tm=2026-07-27T02%3A31%3A34.674Z&second=true:0
[13339148ms] [ERROR] Failed to load resource: net::ERR_FAILED @ https://gc.kis.v2.scr.kaspersky-labs.com/7D8B79A2-8974-4D7B-A76A-F4F29624C06BOSxDTLheSV66Hsf0i1yRUXAy8NkjYorxIG_uaN1dmJ5Wvd2xA3apQXvET0QVAF1JEaoPV6BKADfMsM6k4U-tLg/init?data=eyJ1cmwiOiJodHRwczovL2FwcHN0b3JlY29ubmVjdC5hcHBsZS5jb20vYXBwcy82Nzg5OTEzMTg2L2Rpc3RyaWJ1dGlvbi9pb3MvdmVyc2lvbi9pbmZsaWdodCIsInBsdWdpbnMiOiJ3c20mY2EmdnMmd250JnVhJmFibiZhYm5fc2hhZG93JmNiIiwiZGF0YSI6eyJkYXRhIjpbeyJwbHVnaW4iOiJ3c20iLCJwYXJhbWV0ZXJzIjoie1wicmVmZXJyZXJcIjpcIlwiLFwic3R1YklkXCI6XCJcIn0ifSx7InBsdWdpbiI6IndudCIsInBhcmFtZXRlcnMiOiJ7XCJyZWZlcnJlclwiOlwiXCJ9In0seyJwbHVnaW4iOiJ1YSIsInBhcmFtZXRlcnMiOiJ7fSJ9LHsicGx1Z2luIjoiYWJuIiwicGFyYW1ldGVycyI6IntcImlzQ3NzVXJsSW5qZWN0ZWRcIjpmYWxzZX0ifSx7InBsdWdpbiI6ImFibl9zaGFkb3ciLCJwYXJhbWV0ZXJzIjoie1wiaXNDc3NVcmxJbmplY3RlZFwiOmZhbHNlfSJ9XX0sImlzVG9wTGV2ZWwiOnRydWUsInBhZ2VTdGFydFRpbWUiOjE3ODUxMDYyNzYyNjEsIm5hdmlnYXRpb25TdGFydFRpbWUiOjE3ODUxMDYyNzU1MzB9&nocache=19a87&tm=2026-07-27T02%3A33%3A34.660Z:0
[13339154ms] [ERROR] Failed to load resource: net::ERR_FAILED @ https://gc.kis.v2.scr.kaspersky-labs.com/7D8B79A2-8974-4D7B-A76A-F4F29624C06BOSxDTLheSV66Hsf0i1yRUXAy8NkjYorxIG_uaN1dmJ5Wvd2xA3apQXvET0QVAF1JEaoPV6BKADfMsM6k4U-tLg/init?data=eyJ1cmwiOiJodHRwczovL2FwcHN0b3JlY29ubmVjdC5hcHBsZS5jb20vYXBwcy82Nzg5OTEzMTg2L2Rpc3RyaWJ1dGlvbi9pb3MvdmVyc2lvbi9pbmZsaWdodCIsInBsdWdpbnMiOiJ3c20mY2EmdnMmd250JnVhJmFibiZhYm5fc2hhZG93JmNiIiwiZGF0YSI6eyJkYXRhIjpbeyJwbHVnaW4iOiJ3c20iLCJwYXJhbWV0ZXJzIjoie1wicmVmZXJyZXJcIjpcIlwiLFwic3R1YklkXCI6XCJcIn0ifSx7InBsdWdpbiI6IndudCIsInBhcmFtZXRlcnMiOiJ7XCJyZWZlcnJlclwiOlwiXCJ9In0seyJwbHVnaW4iOiJ1YSIsInBhcmFtZXRlcnMiOiJ7fSJ9LHsicGx1Z2luIjoiYWJuIiwicGFyYW1ldGVycyI6IntcImlzQ3NzVXJsSW5qZWN0ZWRcIjpmYWxzZX0ifSx7InBsdWdpbiI6ImFibl9zaGFkb3ciLCJwYXJhbWV0ZXJzIjoie1wiaXNDc3NVcmxJbmplY3RlZFwiOmZhbHNlfSJ9XX0sImlzVG9wTGV2ZWwiOnRydWUsInBhZ2VTdGFydFRpbWUiOjE3ODUxMDYyNzYyNjEsIm5hdmlnYXRpb25TdGFydFRpbWUiOjE3ODUxMDYyNzU1MzB9&nocache=14d56&tm=2026-07-27T02%3A33%3A34.670Z&second=true:0
[13459148ms] [ERROR] Failed to load resource: net::ERR_FAILED @ https://gc.kis.v2.scr.kaspersky-labs.com/7D8B79A2-8974-4D7B-A76A-F4F29624C06BOSxDTLheSV66Hsf0i1yRUXAy8NkjYorxIG_uaN1dmJ5Wvd2xA3apQXvET0QVAF1JEaoPV6BKADfMsM6k4U-tLg/init?data=eyJ1cmwiOiJodHRwczovL2FwcHN0b3JlY29ubmVjdC5hcHBsZS5jb20vYXBwcy82Nzg5OTEzMTg2L2Rpc3RyaWJ1dGlvbi9pb3MvdmVyc2lvbi9pbmZsaWdodCIsInBsdWdpbnMiOiJ3c20mY2EmdnMmd250JnVhJmFibiZhYm5fc2hhZG93JmNiIiwiZGF0YSI6eyJkYXRhIjpbeyJwbHVnaW4iOiJ3c20iLCJwYXJhbWV0ZXJzIjoie1wicmVmZXJyZXJcIjpcIlwiLFwic3R1YklkXCI6XCJcIn0ifSx7InBsdWdpbiI6IndudCIsInBhcmFtZXRlcnMiOiJ7XCJyZWZlcnJlclwiOlwiXCJ9In0seyJwbHVnaW4iOiJ1YSIsInBhcmFtZXRlcnMiOiJ7fSJ9LHsicGx1Z2luIjoiYWJuIiwicGFyYW1ldGVycyI6IntcImlzQ3NzVXJsSW5qZWN0ZWRcIjpmYWxzZX0ifSx7InBsdWdpbiI6ImFibl9zaGFkb3ciLCJwYXJhbWV0ZXJzIjoie1wiaXNDc3NVcmxJbmplY3RlZFwiOmZhbHNlfSJ9XX0sImlzVG9wTGV2ZWwiOnRydWUsInBhZ2VTdGFydFRpbWUiOjE3ODUxMDYyNzYyNjEsIm5hdmlnYXRpb25TdGFydFRpbWUiOjE3ODUxMDYyNzU1MzB9&nocache=194d3&tm=2026-07-27T02%3A35%3A34.654Z:0
[13459156ms] [ERROR] Failed to load resource: net::ERR_FAILED @ https://gc.kis.v2.scr.kaspersky-labs.com/7D8B79A2-8974-4D7B-A76A-F4F29624C06BOSxDTLheSV66Hsf0i1yRUXAy8NkjYorxIG_uaN1dmJ5Wvd2xA3apQXvET0QVAF1JEaoPV6BKADfMsM6k4U-tLg/init?data=eyJ1cmwiOiJodHRwczovL2FwcHN0b3JlY29ubmVjdC5hcHBsZS5jb20vYXBwcy82Nzg5OTEzMTg2L2Rpc3RyaWJ1dGlvbi9pb3MvdmVyc2lvbi9pbmZsaWdodCIsInBsdWdpbnMiOiJ3c20mY2EmdnMmd250JnVhJmFibiZhYm5fc2hhZG93JmNiIiwiZGF0YSI6eyJkYXRhIjpbeyJwbHVnaW4iOiJ3c20iLCJwYXJhbWV0ZXJzIjoie1wicmVmZXJyZXJcIjpcIlwiLFwic3R1YklkXCI6XCJcIn0ifSx7InBsdWdpbiI6IndudCIsInBhcmFtZXRlcnMiOiJ7XCJyZWZlcnJlclwiOlwiXCJ9In0seyJwbHVnaW4iOiJ1YSIsInBhcmFtZXRlcnMiOiJ7fSJ9LHsicGx1Z2luIjoiYWJuIiwicGFyYW1ldGVycyI6IntcImlzQ3NzVXJsSW5qZWN0ZWRcIjpmYWxzZX0ifSx7InBsdWdpbiI6ImFibl9zaGFkb3ciLCJwYXJhbWV0ZXJzIjoie1wiaXNDc3NVcmxJbmplY3RlZFwiOmZhbHNlfSJ9XX0sImlzVG9wTGV2ZWwiOnRydWUsInBhZ2VTdGFydFRpbWUiOjE3ODUxMDYyNzYyNjEsIm5hdmlnYXRpb25TdGFydFRpbWUiOjE3ODUxMDYyNzU1MzB9&nocache=1e82c&tm=2026-07-27T02%3A35%3A34.670Z&second=true:0
[13579154ms] [ERROR] Failed to load resource: net::ERR_FAILED @ https://gc.kis.v2.scr.kaspersky-labs.com/7D8B79A2-8974-4D7B-A76A-F4F29624C06BOSxDTLheSV66Hsf0i1yRUXAy8NkjYorxIG_uaN1dmJ5Wvd2xA3apQXvET0QVAF1JEaoPV6BKADfMsM6k4U-tLg/init?data=eyJ1cmwiOiJodHRwczovL2FwcHN0b3JlY29ubmVjdC5hcHBsZS5jb20vYXBwcy82Nzg5OTEzMTg2L2Rpc3RyaWJ1dGlvbi9pb3MvdmVyc2lvbi9pbmZsaWdodCIsInBsdWdpbnMiOiJ3c20mY2EmdnMmd250JnVhJmFibiZhYm5fc2hhZG93JmNiIiwiZGF0YSI6eyJkYXRhIjpbeyJwbHVnaW4iOiJ3c20iLCJwYXJhbWV0ZXJzIjoie1wicmVmZXJyZXJcIjpcIlwiLFwic3R1YklkXCI6XCJcIn0ifSx7InBsdWdpbiI6IndudCIsInBhcmFtZXRlcnMiOiJ7XCJyZWZlcnJlclwiOlwiXCJ9In0seyJwbHVnaW4iOiJ1YSIsInBhcmFtZXRlcnMiOiJ7fSJ9LHsicGx1Z2luIjoiYWJuIiwicGFyYW1ldGVycyI6IntcImlzQ3NzVXJsSW5qZWN0ZWRcIjpmYWxzZX0ifSx7InBsdWdpbiI6ImFibl9zaGFkb3ciLCJwYXJhbWV0ZXJzIjoie1wiaXNDc3NVcmxJbmplY3RlZFwiOmZhbHNlfSJ9XX0sImlzVG9wTGV2ZWwiOnRydWUsInBhZ2VTdGFydFRpbWUiOjE3ODUxMDYyNzYyNjEsIm5hdmlnYXRpb25TdGFydFRpbWUiOjE3ODUxMDYyNzU1MzB9&nocache=122de&tm=2026-07-27T02%3A37%3A34.664Z:0
[13579163ms] [ERROR] Failed to load resource: net::ERR_FAILED @ https://gc.kis.v2.scr.kaspersky-labs.com/7D8B79A2-8974-4D7B-A76A-F4F29624C06BOSxDTLheSV66Hsf0i1yRUXAy8NkjYorxIG_uaN1dmJ5Wvd2xA3apQXvET0QVAF1JEaoPV6BKADfMsM6k4U-tLg/init?data=eyJ1cmwiOiJodHRwczovL2FwcHN0b3JlY29ubmVjdC5hcHBsZS5jb20vYXBwcy82Nzg5OTEzMTg2L2Rpc3RyaWJ1dGlvbi9pb3MvdmVyc2lvbi9pbmZsaWdodCIsInBsdWdpbnMiOiJ3c20mY2EmdnMmd250JnVhJmFibiZhYm5fc2hhZG93JmNiIiwiZGF0YSI6eyJkYXRhIjpbeyJwbHVnaW4iOiJ3c20iLCJwYXJhbWV0ZXJzIjoie1wicmVmZXJyZXJcIjpcIlwiLFwic3R1YklkXCI6XCJcIn0ifSx7InBsdWdpbiI6IndudCIsInBhcmFtZXRlcnMiOiJ7XCJyZWZlcnJlclwiOlwiXCJ9In0seyJwbHVnaW4iOiJ1YSIsInBhcmFtZXRlcnMiOiJ7fSJ9LHsicGx1Z2luIjoiYWJuIiwicGFyYW1ldGVycyI6IntcImlzQ3NzVXJsSW5qZWN0ZWRcIjpmYWxzZX0ifSx7InBsdWdpbiI6ImFibl9zaGFkb3ciLCJwYXJhbWV0ZXJzIjoie1wiaXNDc3NVcmxJbmplY3RlZFwiOmZhbHNlfSJ9XX0sImlzVG9wTGV2ZWwiOnRydWUsInBhZ2VTdGFydFRpbWUiOjE3ODUxMDYyNzYyNjEsIm5hdmlnYXRpb25TdGFydFRpbWUiOjE3ODUxMDYyNzU1MzB9&nocache=1272d&tm=2026-07-27T02%3A37%3A34.676Z&second=true:0
[13699164ms] [ERROR] Failed to load resource: net::ERR_FAILED @ https://gc.kis.v2.scr.kaspersky-labs.com/7D8B79A2-8974-4D7B-A76A-F4F29624C06BOSxDTLheSV66Hsf0i1yRUXAy8NkjYorxIG_uaN1dmJ5Wvd2xA3apQXvET0QVAF1JEaoPV6BKADfMsM6k4U-tLg/init?data=eyJ1cmwiOiJodHRwczovL2FwcHN0b3JlY29ubmVjdC5hcHBsZS5jb20vYXBwcy82Nzg5OTEzMTg2L2Rpc3RyaWJ1dGlvbi9pb3MvdmVyc2lvbi9pbmZsaWdodCIsInBsdWdpbnMiOiJ3c20mY2EmdnMmd250JnVhJmFibiZhYm5fc2hhZG93JmNiIiwiZGF0YSI6eyJkYXRhIjpbeyJwbHVnaW4iOiJ3c20iLCJwYXJhbWV0ZXJzIjoie1wicmVmZXJyZXJcIjpcIlwiLFwic3R1YklkXCI6XCJcIn0ifSx7InBsdWdpbiI6IndudCIsInBhcmFtZXRlcnMiOiJ7XCJyZWZlcnJlclwiOlwiXCJ9In0seyJwbHVnaW4iOiJ1YSIsInBhcmFtZXRlcnMiOiJ7fSJ9LHsicGx1Z2luIjoiYWJuIiwicGFyYW1ldGVycyI6IntcImlzQ3NzVXJsSW5qZWN0ZWRcIjpmYWxzZX0ifSx7InBsdWdpbiI6ImFibl9zaGFkb3ciLCJwYXJhbWV0ZXJzIjoie1wiaXNDc3NVcmxJbmplY3RlZFwiOmZhbHNlfSJ9XX0sImlzVG9wTGV2ZWwiOnRydWUsInBhZ2VTdGFydFRpbWUiOjE3ODUxMDYyNzYyNjEsIm5hdmlnYXRpb25TdGFydFRpbWUiOjE3ODUxMDYyNzU1MzB9&nocache=1806c&tm=2026-07-27T02%3A39%3A34.662Z:0
[13699169ms] [ERROR] Failed to load resource: net::ERR_FAILED @ https://gc.kis.v2.scr.kaspersky-labs.com/7D8B79A2-8974-4D7B-A76A-F4F29624C06BOSxDTLheSV66Hsf0i1yRUXAy8NkjYorxIG_uaN1dmJ5Wvd2xA3apQXvET0QVAF1JEaoPV6BKADfMsM6k4U-tLg/init?data=eyJ1cmwiOiJodHRwczovL2FwcHN0b3JlY29ubmVjdC5hcHBsZS5jb20vYXBwcy82Nzg5OTEzMTg2L2Rpc3RyaWJ1dGlvbi9pb3MvdmVyc2lvbi9pbmZsaWdodCIsInBsdWdpbnMiOiJ3c20mY2EmdnMmd250JnVhJmFibiZhYm5fc2hhZG93JmNiIiwiZGF0YSI6eyJkYXRhIjpbeyJwbHVnaW4iOiJ3c20iLCJwYXJhbWV0ZXJzIjoie1wicmVmZXJyZXJcIjpcIlwiLFwic3R1YklkXCI6XCJcIn0ifSx7InBsdWdpbiI6IndudCIsInBhcmFtZXRlcnMiOiJ7XCJyZWZlcnJlclwiOlwiXCJ9In0seyJwbHVnaW4iOiJ1YSIsInBhcmFtZXRlcnMiOiJ7fSJ9LHsicGx1Z2luIjoiYWJuIiwicGFyYW1ldGVycyI6IntcImlzQ3NzVXJsSW5qZWN0ZWRcIjpmYWxzZX0ifSx7InBsdWdpbiI6ImFibl9zaGFkb3ciLCJwYXJhbWV0ZXJzIjoie1wiaXNDc3NVcmxJbmplY3RlZFwiOmZhbHNlfSJ9XX0sImlzVG9wTGV2ZWwiOnRydWUsInBhZ2VTdGFydFRpbWUiOjE3ODUxMDYyNzYyNjEsIm5hdmlnYXRpb25TdGFydFRpbWUiOjE3ODUxMDYyNzU1MzB9&nocache=1c7e0&tm=2026-07-27T02%3A39%3A34.687Z&second=true:0
[13819158ms] [ERROR] Failed to load resource: net::ERR_FAILED @ https://gc.kis.v2.scr.kaspersky-labs.com/7D8B79A2-8974-4D7B-A76A-F4F29624C06BOSxDTLheSV66Hsf0i1yRUXAy8NkjYorxIG_uaN1dmJ5Wvd2xA3apQXvET0QVAF1JEaoPV6BKADfMsM6k4U-tLg/init?data=eyJ1cmwiOiJodHRwczovL2FwcHN0b3JlY29ubmVjdC5hcHBsZS5jb20vYXBwcy82Nzg5OTEzMTg2L2Rpc3RyaWJ1dGlvbi9pb3MvdmVyc2lvbi9pbmZsaWdodCIsInBsdWdpbnMiOiJ3c20mY2EmdnMmd250JnVhJmFibiZhYm5fc2hhZG93JmNiIiwiZGF0YSI6eyJkYXRhIjpbeyJwbHVnaW4iOiJ3c20iLCJwYXJhbWV0ZXJzIjoie1wicmVmZXJyZXJcIjpcIlwiLFwic3R1YklkXCI6XCJcIn0ifSx7InBsdWdpbiI6IndudCIsInBhcmFtZXRlcnMiOiJ7XCJyZWZlcnJlclwiOlwiXCJ9In0seyJwbHVnaW4iOiJ1YSIsInBhcmFtZXRlcnMiOiJ7fSJ9LHsicGx1Z2luIjoiYWJuIiwicGFyYW1ldGVycyI6IntcImlzQ3NzVXJsSW5qZWN0ZWRcIjpmYWxzZX0ifSx7InBsdWdpbiI6ImFibl9zaGFkb3ciLCJwYXJhbWV0ZXJzIjoie1wiaXNDc3NVcmxJbmplY3RlZFwiOmZhbHNlfSJ9XX0sImlzVG9wTGV2ZWwiOnRydWUsInBhZ2VTdGFydFRpbWUiOjE3ODUxMDYyNzYyNjEsIm5hdmlnYXRpb25TdGFydFRpbWUiOjE3ODUxMDYyNzU1MzB9&nocache=15623&tm=2026-07-27T02%3A41%3A34.669Z:0
[13819164ms] [ERROR] Failed to load resource: net::ERR_FAILED @ https://gc.kis.v2.scr.kaspersky-labs.com/7D8B79A2-8974-4D7B-A76A-F4F29624C06BOSxDTLheSV66Hsf0i1yRUXAy8NkjYorxIG_uaN1dmJ5Wvd2xA3apQXvET0QVAF1JEaoPV6BKADfMsM6k4U-tLg/init?data=eyJ1cmwiOiJodHRwczovL2FwcHN0b3JlY29ubmVjdC5hcHBsZS5jb20vYXBwcy82Nzg5OTEzMTg2L2Rpc3RyaWJ1dGlvbi9pb3MvdmVyc2lvbi9pbmZsaWdodCIsInBsdWdpbnMiOiJ3c20mY2EmdnMmd250JnVhJmFibiZhYm5fc2hhZG93JmNiIiwiZGF0YSI6eyJkYXRhIjpbeyJwbHVnaW4iOiJ3c20iLCJwYXJhbWV0ZXJzIjoie1wicmVmZXJyZXJcIjpcIlwiLFwic3R1YklkXCI6XCJcIn0ifSx7InBsdWdpbiI6IndudCIsInBhcmFtZXRlcnMiOiJ7XCJyZWZlcnJlclwiOlwiXCJ9In0seyJwbHVnaW4iOiJ1YSIsInBhcmFtZXRlcnMiOiJ7fSJ9LHsicGx1Z2luIjoiYWJuIiwicGFyYW1ldGVycyI6IntcImlzQ3NzVXJsSW5qZWN0ZWRcIjpmYWxzZX0ifSx7InBsdWdpbiI6ImFibl9zaGFkb3ciLCJwYXJhbWV0ZXJzIjoie1wiaXNDc3NVcmxJbmplY3RlZFwiOmZhbHNlfSJ9XX0sImlzVG9wTGV2ZWwiOnRydWUsInBhZ2VTdGFydFRpbWUiOjE3ODUxMDYyNzYyNjEsIm5hdmlnYXRpb25TdGFydFRpbWUiOjE3ODUxMDYyNzU1MzB9&nocache=10d8b&tm=2026-07-27T02%3A41%3A34.680Z&second=true:0
[13939146ms] [ERROR] Failed to load resource: net::ERR_FAILED @ https://gc.kis.v2.scr.kaspersky-labs.com/7D8B79A2-8974-4D7B-A76A-F4F29624C06BOSxDTLheSV66Hsf0i1yRUXAy8NkjYorxIG_uaN1dmJ5Wvd2xA3apQXvET0QVAF1JEaoPV6BKADfMsM6k4U-tLg/init?data=eyJ1cmwiOiJodHRwczovL2FwcHN0b3JlY29ubmVjdC5hcHBsZS5jb20vYXBwcy82Nzg5OTEzMTg2L2Rpc3RyaWJ1dGlvbi9pb3MvdmVyc2lvbi9pbmZsaWdodCIsInBsdWdpbnMiOiJ3c20mY2EmdnMmd250JnVhJmFibiZhYm5fc2hhZG93JmNiIiwiZGF0YSI6eyJkYXRhIjpbeyJwbHVnaW4iOiJ3c20iLCJwYXJhbWV0ZXJzIjoie1wicmVmZXJyZXJcIjpcIlwiLFwic3R1YklkXCI6XCJcIn0ifSx7InBsdWdpbiI6IndudCIsInBhcmFtZXRlcnMiOiJ7XCJyZWZlcnJlclwiOlwiXCJ9In0seyJwbHVnaW4iOiJ1YSIsInBhcmFtZXRlcnMiOiJ7fSJ9LHsicGx1Z2luIjoiYWJuIiwicGFyYW1ldGVycyI6IntcImlzQ3NzVXJsSW5qZWN0ZWRcIjpmYWxzZX0ifSx7InBsdWdpbiI6ImFibl9zaGFkb3ciLCJwYXJhbWV0ZXJzIjoie1wiaXNDc3NVcmxJbmplY3RlZFwiOmZhbHNlfSJ9XX0sImlzVG9wTGV2ZWwiOnRydWUsInBhZ2VTdGFydFRpbWUiOjE3ODUxMDYyNzYyNjEsIm5hdmlnYXRpb25TdGFydFRpbWUiOjE3ODUxMDYyNzU1MzB9&nocache=19532&tm=2026-07-27T02%3A43%3A34.659Z:0
[13939152ms] [ERROR] Failed to load resource: net::ERR_FAILED @ https://gc.kis.v2.scr.kaspersky-labs.com/7D8B79A2-8974-4D7B-A76A-F4F29624C06BOSxDTLheSV66Hsf0i1yRUXAy8NkjYorxIG_uaN1dmJ5Wvd2xA3apQXvET0QVAF1JEaoPV6BKADfMsM6k4U-tLg/init?data=eyJ1cmwiOiJodHRwczovL2FwcHN0b3JlY29ubmVjdC5hcHBsZS5jb20vYXBwcy82Nzg5OTEzMTg2L2Rpc3RyaWJ1dGlvbi9pb3MvdmVyc2lvbi9pbmZsaWdodCIsInBsdWdpbnMiOiJ3c20mY2EmdnMmd250JnVhJmFibiZhYm5fc2hhZG93JmNiIiwiZGF0YSI6eyJkYXRhIjpbeyJwbHVnaW4iOiJ3c20iLCJwYXJhbWV0ZXJzIjoie1wicmVmZXJyZXJcIjpcIlwiLFwic3R1YklkXCI6XCJcIn0ifSx7InBsdWdpbiI6IndudCIsInBhcmFtZXRlcnMiOiJ7XCJyZWZlcnJlclwiOlwiXCJ9In0seyJwbHVnaW4iOiJ1YSIsInBhcmFtZXRlcnMiOiJ7fSJ9LHsicGx1Z2luIjoiYWJuIiwicGFyYW1ldGVycyI6IntcImlzQ3NzVXJsSW5qZWN0ZWRcIjpmYWxzZX0ifSx7InBsdWdpbiI6ImFibl9zaGFkb3ciLCJwYXJhbWV0ZXJzIjoie1wiaXNDc3NVcmxJbmplY3RlZFwiOmZhbHNlfSJ9XX0sImlzVG9wTGV2ZWwiOnRydWUsInBhZ2VTdGFydFRpbWUiOjE3ODUxMDYyNzYyNjEsIm5hdmlnYXRpb25TdGFydFRpbWUiOjE3ODUxMDYyNzU1MzB9&nocache=1cce2&tm=2026-07-27T02%3A43%3A34.669Z&second=true:0
[14059154ms] [ERROR] Failed to load resource: net::ERR_FAILED @ https://gc.kis.v2.scr.kaspersky-labs.com/7D8B79A2-8974-4D7B-A76A-F4F29624C06BOSxDTLheSV66Hsf0i1yRUXAy8NkjYorxIG_uaN1dmJ5Wvd2xA3apQXvET0QVAF1JEaoPV6BKADfMsM6k4U-tLg/init?data=eyJ1cmwiOiJodHRwczovL2FwcHN0b3JlY29ubmVjdC5hcHBsZS5jb20vYXBwcy82Nzg5OTEzMTg2L2Rpc3RyaWJ1dGlvbi9pb3MvdmVyc2lvbi9pbmZsaWdodCIsInBsdWdpbnMiOiJ3c20mY2EmdnMmd250JnVhJmFibiZhYm5fc2hhZG93JmNiIiwiZGF0YSI6eyJkYXRhIjpbeyJwbHVnaW4iOiJ3c20iLCJwYXJhbWV0ZXJzIjoie1wicmVmZXJyZXJcIjpcIlwiLFwic3R1YklkXCI6XCJcIn0ifSx7InBsdWdpbiI6IndudCIsInBhcmFtZXRlcnMiOiJ7XCJyZWZlcnJlclwiOlwiXCJ9In0seyJwbHVnaW4iOiJ1YSIsInBhcmFtZXRlcnMiOiJ7fSJ9LHsicGx1Z2luIjoiYWJuIiwicGFyYW1ldGVycyI6IntcImlzQ3NzVXJsSW5qZWN0ZWRcIjpmYWxzZX0ifSx7InBsdWdpbiI6ImFibl9zaGFkb3ciLCJwYXJhbWV0ZXJzIjoie1wiaXNDc3NVcmxJbmplY3RlZFwiOmZhbHNlfSJ9XX0sImlzVG9wTGV2ZWwiOnRydWUsInBhZ2VTdGFydFRpbWUiOjE3ODUxMDYyNzYyNjEsIm5hdmlnYXRpb25TdGFydFRpbWUiOjE3ODUxMDYyNzU1MzB9&nocache=1dcac&tm=2026-07-27T02%3A45%3A34.663Z:0
[14059162ms] [ERROR] Failed to load resource: net::ERR_FAILED @ https://gc.kis.v2.scr.kaspersky-labs.com/7D8B79A2-8974-4D7B-A76A-F4F29624C06BOSxDTLheSV66Hsf0i1yRUXAy8NkjYorxIG_uaN1dmJ5Wvd2xA3apQXvET0QVAF1JEaoPV6BKADfMsM6k4U-tLg/init?data=eyJ1cmwiOiJodHRwczovL2FwcHN0b3JlY29ubmVjdC5hcHBsZS5jb20vYXBwcy82Nzg5OTEzMTg2L2Rpc3RyaWJ1dGlvbi9pb3MvdmVyc2lvbi9pbmZsaWdodCIsInBsdWdpbnMiOiJ3c20mY2EmdnMmd250JnVhJmFibiZhYm5fc2hhZG93JmNiIiwiZGF0YSI6eyJkYXRhIjpbeyJwbHVnaW4iOiJ3c20iLCJwYXJhbWV0ZXJzIjoie1wicmVmZXJyZXJcIjpcIlwiLFwic3R1YklkXCI6XCJcIn0ifSx7InBsdWdpbiI6IndudCIsInBhcmFtZXRlcnMiOiJ7XCJyZWZlcnJlclwiOlwiXCJ9In0seyJwbHVnaW4iOiJ1YSIsInBhcmFtZXRlcnMiOiJ7fSJ9LHsicGx1Z2luIjoiYWJuIiwicGFyYW1ldGVycyI6IntcImlzQ3NzVXJsSW5qZWN0ZWRcIjpmYWxzZX0ifSx7InBsdWdpbiI6ImFibl9zaGFkb3ciLCJwYXJhbWV0ZXJzIjoie1wiaXNDc3NVcmxJbmplY3RlZFwiOmZhbHNlfSJ9XX0sImlzVG9wTGV2ZWwiOnRydWUsInBhZ2VTdGFydFRpbWUiOjE3ODUxMDYyNzYyNjEsIm5hdmlnYXRpb25TdGFydFRpbWUiOjE3ODUxMDYyNzU1MzB9&nocache=11e4e&tm=2026-07-27T02%3A45%3A34.676Z&second=true:0
[14179153ms] [ERROR] Failed to load resource: net::ERR_FAILED @ https://gc.kis.v2.scr.kaspersky-labs.com/7D8B79A2-8974-4D7B-A76A-F4F29624C06BOSxDTLheSV66Hsf0i1yRUXAy8NkjYorxIG_uaN1dmJ5Wvd2xA3apQXvET0QVAF1JEaoPV6BKADfMsM6k4U-tLg/init?data=eyJ1cmwiOiJodHRwczovL2FwcHN0b3JlY29ubmVjdC5hcHBsZS5jb20vYXBwcy82Nzg5OTEzMTg2L2Rpc3RyaWJ1dGlvbi9pb3MvdmVyc2lvbi9pbmZsaWdodCIsInBsdWdpbnMiOiJ3c20mY2EmdnMmd250JnVhJmFibiZhYm5fc2hhZG93JmNiIiwiZGF0YSI6eyJkYXRhIjpbeyJwbHVnaW4iOiJ3c20iLCJwYXJhbWV0ZXJzIjoie1wicmVmZXJyZXJcIjpcIlwiLFwic3R1YklkXCI6XCJcIn0ifSx7InBsdWdpbiI6IndudCIsInBhcmFtZXRlcnMiOiJ7XCJyZWZlcnJlclwiOlwiXCJ9In0seyJwbHVnaW4iOiJ1YSIsInBhcmFtZXRlcnMiOiJ7fSJ9LHsicGx1Z2luIjoiYWJuIiwicGFyYW1ldGVycyI6IntcImlzQ3NzVXJsSW5qZWN0ZWRcIjpmYWxzZX0ifSx7InBsdWdpbiI6ImFibl9zaGFkb3ciLCJwYXJhbWV0ZXJzIjoie1wiaXNDc3NVcmxJbmplY3RlZFwiOmZhbHNlfSJ9XX0sImlzVG9wTGV2ZWwiOnRydWUsInBhZ2VTdGFydFRpbWUiOjE3ODUxMDYyNzYyNjEsIm5hdmlnYXRpb25TdGFydFRpbWUiOjE3ODUxMDYyNzU1MzB9&nocache=10ce8&tm=2026-07-27T02%3A47%3A34.665Z:0
[14179162ms] [ERROR] Failed to load resource: net::ERR_FAILED @ https://gc.kis.v2.scr.kaspersky-labs.com/7D8B79A2-8974-4D7B-A76A-F4F29624C06BOSxDTLheSV66Hsf0i1yRUXAy8NkjYorxIG_uaN1dmJ5Wvd2xA3apQXvET0QVAF1JEaoPV6BKADfMsM6k4U-tLg/init?data=eyJ1cmwiOiJodHRwczovL2FwcHN0b3JlY29ubmVjdC5hcHBsZS5jb20vYXBwcy82Nzg5OTEzMTg2L2Rpc3RyaWJ1dGlvbi9pb3MvdmVyc2lvbi9pbmZsaWdodCIsInBsdWdpbnMiOiJ3c20mY2EmdnMmd250JnVhJmFibiZhYm5fc2hhZG93JmNiIiwiZGF0YSI6eyJkYXRhIjpbeyJwbHVnaW4iOiJ3c20iLCJwYXJhbWV0ZXJzIjoie1wicmVmZXJyZXJcIjpcIlwiLFwic3R1YklkXCI6XCJcIn0ifSx7InBsdWdpbiI6IndudCIsInBhcmFtZXRlcnMiOiJ7XCJyZWZlcnJlclwiOlwiXCJ9In0seyJwbHVnaW4iOiJ1YSIsInBhcmFtZXRlcnMiOiJ7fSJ9LHsicGx1Z2luIjoiYWJuIiwicGFyYW1ldGVycyI6IntcImlzQ3NzVXJsSW5qZWN0ZWRcIjpmYWxzZX0ifSx7InBsdWdpbiI6ImFibl9zaGFkb3ciLCJwYXJhbWV0ZXJzIjoie1wiaXNDc3NVcmxJbmplY3RlZFwiOmZhbHNlfSJ9XX0sImlzVG9wTGV2ZWwiOnRydWUsInBhZ2VTdGFydFRpbWUiOjE3ODUxMDYyNzYyNjEsIm5hdmlnYXRpb25TdGFydFRpbWUiOjE3ODUxMDYyNzU1MzB9&nocache=162cc&tm=2026-07-27T02%3A47%3A34.675Z&second=true:0
[14299154ms] [ERROR] Failed to load resource: net::ERR_FAILED @ https://gc.kis.v2.scr.kaspersky-labs.com/7D8B79A2-8974-4D7B-A76A-F4F29624C06BOSxDTLheSV66Hsf0i1yRUXAy8NkjYorxIG_uaN1dmJ5Wvd2xA3apQXvET0QVAF1JEaoPV6BKADfMsM6k4U-tLg/init?data=eyJ1cmwiOiJodHRwczovL2FwcHN0b3JlY29ubmVjdC5hcHBsZS5jb20vYXBwcy82Nzg5OTEzMTg2L2Rpc3RyaWJ1dGlvbi9pb3MvdmVyc2lvbi9pbmZsaWdodCIsInBsdWdpbnMiOiJ3c20mY2EmdnMmd250JnVhJmFibiZhYm5fc2hhZG93JmNiIiwiZGF0YSI6eyJkYXRhIjpbeyJwbHVnaW4iOiJ3c20iLCJwYXJhbWV0ZXJzIjoie1wicmVmZXJyZXJcIjpcIlwiLFwic3R1YklkXCI6XCJcIn0ifSx7InBsdWdpbiI6IndudCIsInBhcmFtZXRlcnMiOiJ7XCJyZWZlcnJlclwiOlwiXCJ9In0seyJwbHVnaW4iOiJ1YSIsInBhcmFtZXRlcnMiOiJ7fSJ9LHsicGx1Z2luIjoiYWJuIiwicGFyYW1ldGVycyI6IntcImlzQ3NzVXJsSW5qZWN0ZWRcIjpmYWxzZX0ifSx7InBsdWdpbiI6ImFibl9zaGFkb3ciLCJwYXJhbWV0ZXJzIjoie1wiaXNDc3NVcmxJbmplY3RlZFwiOmZhbHNlfSJ9XX0sImlzVG9wTGV2ZWwiOnRydWUsInBhZ2VTdGFydFRpbWUiOjE3ODUxMDYyNzYyNjEsIm5hdmlnYXRpb25TdGFydFRpbWUiOjE3ODUxMDYyNzU1MzB9&nocache=180f9&tm=2026-07-27T02%3A49%3A34.660Z:0
[14299162ms] [ERROR] Failed to load resource: net::ERR_FAILED @ https://gc.kis.v2.scr.kaspersky-labs.com/7D8B79A2-8974-4D7B-A76A-F4F29624C06BOSxDTLheSV66Hsf0i1yRUXAy8NkjYorxIG_uaN1dmJ5Wvd2xA3apQXvET0QVAF1JEaoPV6BKADfMsM6k4U-tLg/init?data=eyJ1cmwiOiJodHRwczovL2FwcHN0b3JlY29ubmVjdC5hcHBsZS5jb20vYXBwcy82Nzg5OTEzMTg2L2Rpc3RyaWJ1dGlvbi9pb3MvdmVyc2lvbi9pbmZsaWdodCIsInBsdWdpbnMiOiJ3c20mY2EmdnMmd250JnVhJmFibiZhYm5fc2hhZG93JmNiIiwiZGF0YSI6eyJkYXRhIjpbeyJwbHVnaW4iOiJ3c20iLCJwYXJhbWV0ZXJzIjoie1wicmVmZXJyZXJcIjpcIlwiLFwic3R1YklkXCI6XCJcIn0ifSx7InBsdWdpbiI6IndudCIsInBhcmFtZXRlcnMiOiJ7XCJyZWZlcnJlclwiOlwiXCJ9In0seyJwbHVnaW4iOiJ1YSIsInBhcmFtZXRlcnMiOiJ7fSJ9LHsicGx1Z2luIjoiYWJuIiwicGFyYW1ldGVycyI6IntcImlzQ3NzVXJsSW5qZWN0ZWRcIjpmYWxzZX0ifSx7InBsdWdpbiI6ImFibl9zaGFkb3ciLCJwYXJhbWV0ZXJzIjoie1wiaXNDc3NVcmxJbmplY3RlZFwiOmZhbHNlfSJ9XX0sImlzVG9wTGV2ZWwiOnRydWUsInBhZ2VTdGFydFRpbWUiOjE3ODUxMDYyNzYyNjEsIm5hdmlnYXRpb25TdGFydFRpbWUiOjE3ODUxMDYyNzU1MzB9&nocache=19374&tm=2026-07-27T02%3A49%3A34.676Z&second=true:0
[14419159ms] [ERROR] Failed to load resource: net::ERR_FAILED @ https://gc.kis.v2.scr.kaspersky-labs.com/7D8B79A2-8974-4D7B-A76A-F4F29624C06BOSxDTLheSV66Hsf0i1yRUXAy8NkjYorxIG_uaN1dmJ5Wvd2xA3apQXvET0QVAF1JEaoPV6BKADfMsM6k4U-tLg/init?data=eyJ1cmwiOiJodHRwczovL2FwcHN0b3JlY29ubmVjdC5hcHBsZS5jb20vYXBwcy82Nzg5OTEzMTg2L2Rpc3RyaWJ1dGlvbi9pb3MvdmVyc2lvbi9pbmZsaWdodCIsInBsdWdpbnMiOiJ3c20mY2EmdnMmd250JnVhJmFibiZhYm5fc2hhZG93JmNiIiwiZGF0YSI6eyJkYXRhIjpbeyJwbHVnaW4iOiJ3c20iLCJwYXJhbWV0ZXJzIjoie1wicmVmZXJyZXJcIjpcIlwiLFwic3R1YklkXCI6XCJcIn0ifSx7InBsdWdpbiI6IndudCIsInBhcmFtZXRlcnMiOiJ7XCJyZWZlcnJlclwiOlwiXCJ9In0seyJwbHVnaW4iOiJ1YSIsInBhcmFtZXRlcnMiOiJ7fSJ9LHsicGx1Z2luIjoiYWJuIiwicGFyYW1ldGVycyI6IntcImlzQ3NzVXJsSW5qZWN0ZWRcIjpmYWxzZX0ifSx7InBsdWdpbiI6ImFibl9zaGFkb3ciLCJwYXJhbWV0ZXJzIjoie1wiaXNDc3NVcmxJbmplY3RlZFwiOmZhbHNlfSJ9XX0sImlzVG9wTGV2ZWwiOnRydWUsInBhZ2VTdGFydFRpbWUiOjE3ODUxMDYyNzYyNjEsIm5hdmlnYXRpb25TdGFydFRpbWUiOjE3ODUxMDYyNzU1MzB9&nocache=19844&tm=2026-07-27T02%3A51%3A34.662Z:0
[14419167ms] [ERROR] Failed to load resource: net::ERR_FAILED @ https://gc.kis.v2.scr.kaspersky-labs.com/7D8B79A2-8974-4D7B-A76A-F4F29624C06BOSxDTLheSV66Hsf0i1yRUXAy8NkjYorxIG_uaN1dmJ5Wvd2xA3apQXvET0QVAF1JEaoPV6BKADfMsM6k4U-tLg/init?data=eyJ1cmwiOiJodHRwczovL2FwcHN0b3JlY29ubmVjdC5hcHBsZS5jb20vYXBwcy82Nzg5OTEzMTg2L2Rpc3RyaWJ1dGlvbi9pb3MvdmVyc2lvbi9pbmZsaWdodCIsInBsdWdpbnMiOiJ3c20mY2EmdnMmd250JnVhJmFibiZhYm5fc2hhZG93JmNiIiwiZGF0YSI6eyJkYXRhIjpbeyJwbHVnaW4iOiJ3c20iLCJwYXJhbWV0ZXJzIjoie1wicmVmZXJyZXJcIjpcIlwiLFwic3R1YklkXCI6XCJcIn0ifSx7InBsdWdpbiI6IndudCIsInBhcmFtZXRlcnMiOiJ7XCJyZWZlcnJlclwiOlwiXCJ9In0seyJwbHVnaW4iOiJ1YSIsInBhcmFtZXRlcnMiOiJ7fSJ9LHsicGx1Z2luIjoiYWJuIiwicGFyYW1ldGVycyI6IntcImlzQ3NzVXJsSW5qZWN0ZWRcIjpmYWxzZX0ifSx7InBsdWdpbiI6ImFibl9zaGFkb3ciLCJwYXJhbWV0ZXJzIjoie1wiaXNDc3NVcmxJbmplY3RlZFwiOmZhbHNlfSJ9XX0sImlzVG9wTGV2ZWwiOnRydWUsInBhZ2VTdGFydFRpbWUiOjE3ODUxMDYyNzYyNjEsIm5hdmlnYXRpb25TdGFydFRpbWUiOjE3ODUxMDYyNzU1MzB9&nocache=15bea&tm=2026-07-27T02%3A51%3A34.681Z&second=true:0
[14539152ms] [ERROR] Failed to load resource: net::ERR_FAILED @ https://gc.kis.v2.scr.kaspersky-labs.com/7D8B79A2-8974-4D7B-A76A-F4F29624C06BOSxDTLheSV66Hsf0i1yRUXAy8NkjYorxIG_uaN1dmJ5Wvd2xA3apQXvET0QVAF1JEaoPV6BKADfMsM6k4U-tLg/init?data=eyJ1cmwiOiJodHRwczovL2FwcHN0b3JlY29ubmVjdC5hcHBsZS5jb20vYXBwcy82Nzg5OTEzMTg2L2Rpc3RyaWJ1dGlvbi9pb3MvdmVyc2lvbi9pbmZsaWdodCIsInBsdWdpbnMiOiJ3c20mY2EmdnMmd250JnVhJmFibiZhYm5fc2hhZG93JmNiIiwiZGF0YSI6eyJkYXRhIjpbeyJwbHVnaW4iOiJ3c20iLCJwYXJhbWV0ZXJzIjoie1wicmVmZXJyZXJcIjpcIlwiLFwic3R1YklkXCI6XCJcIn0ifSx7InBsdWdpbiI6IndudCIsInBhcmFtZXRlcnMiOiJ7XCJyZWZlcnJlclwiOlwiXCJ9In0seyJwbHVnaW4iOiJ1YSIsInBhcmFtZXRlcnMiOiJ7fSJ9LHsicGx1Z2luIjoiYWJuIiwicGFyYW1ldGVycyI6IntcImlzQ3NzVXJsSW5qZWN0ZWRcIjpmYWxzZX0ifSx7InBsdWdpbiI6ImFibl9zaGFkb3ciLCJwYXJhbWV0ZXJzIjoie1wiaXNDc3NVcmxJbmplY3RlZFwiOmZhbHNlfSJ9XX0sImlzVG9wTGV2ZWwiOnRydWUsInBhZ2VTdGFydFRpbWUiOjE3ODUxMDYyNzYyNjEsIm5hdmlnYXRpb25TdGFydFRpbWUiOjE3ODUxMDYyNzU1MzB9&nocache=117ee&tm=2026-07-27T02%3A53%3A34.664Z:0
[14539158ms] [ERROR] Failed to load resource: net::ERR_FAILED @ https://gc.kis.v2.scr.kaspersky-labs.com/7D8B79A2-8974-4D7B-A76A-F4F29624C06BOSxDTLheSV66Hsf0i1yRUXAy8NkjYorxIG_uaN1dmJ5Wvd2xA3apQXvET0QVAF1JEaoPV6BKADfMsM6k4U-tLg/init?data=eyJ1cmwiOiJodHRwczovL2FwcHN0b3JlY29ubmVjdC5hcHBsZS5jb20vYXBwcy82Nzg5OTEzMTg2L2Rpc3RyaWJ1dGlvbi9pb3MvdmVyc2lvbi9pbmZsaWdodCIsInBsdWdpbnMiOiJ3c20mY2EmdnMmd250JnVhJmFibiZhYm5fc2hhZG93JmNiIiwiZGF0YSI6eyJkYXRhIjpbeyJwbHVnaW4iOiJ3c20iLCJwYXJhbWV0ZXJzIjoie1wicmVmZXJyZXJcIjpcIlwiLFwic3R1YklkXCI6XCJcIn0ifSx7InBsdWdpbiI6IndudCIsInBhcmFtZXRlcnMiOiJ7XCJyZWZlcnJlclwiOlwiXCJ9In0seyJwbHVnaW4iOiJ1YSIsInBhcmFtZXRlcnMiOiJ7fSJ9LHsicGx1Z2luIjoiYWJuIiwicGFyYW1ldGVycyI6IntcImlzQ3NzVXJsSW5qZWN0ZWRcIjpmYWxzZX0ifSx7InBsdWdpbiI6ImFibl9zaGFkb3ciLCJwYXJhbWV0ZXJzIjoie1wiaXNDc3NVcmxJbmplY3RlZFwiOmZhbHNlfSJ9XX0sImlzVG9wTGV2ZWwiOnRydWUsInBhZ2VTdGFydFRpbWUiOjE3ODUxMDYyNzYyNjEsIm5hdmlnYXRpb25TdGFydFRpbWUiOjE3ODUxMDYyNzU1MzB9&nocache=13d97&tm=2026-07-27T02%3A53%3A34.674Z&second=true:0
[14659143ms] [ERROR] Failed to load resource: net::ERR_FAILED @ https://gc.kis.v2.scr.kaspersky-labs.com/7D8B79A2-8974-4D7B-A76A-F4F29624C06BOSxDTLheSV66Hsf0i1yRUXAy8NkjYorxIG_uaN1dmJ5Wvd2xA3apQXvET0QVAF1JEaoPV6BKADfMsM6k4U-tLg/init?data=eyJ1cmwiOiJodHRwczovL2FwcHN0b3JlY29ubmVjdC5hcHBsZS5jb20vYXBwcy82Nzg5OTEzMTg2L2Rpc3RyaWJ1dGlvbi9pb3MvdmVyc2lvbi9pbmZsaWdodCIsInBsdWdpbnMiOiJ3c20mY2EmdnMmd250JnVhJmFibiZhYm5fc2hhZG93JmNiIiwiZGF0YSI6eyJkYXRhIjpbeyJwbHVnaW4iOiJ3c20iLCJwYXJhbWV0ZXJzIjoie1wicmVmZXJyZXJcIjpcIlwiLFwic3R1YklkXCI6XCJcIn0ifSx7InBsdWdpbiI6IndudCIsInBhcmFtZXRlcnMiOiJ7XCJyZWZlcnJlclwiOlwiXCJ9In0seyJwbHVnaW4iOiJ1YSIsInBhcmFtZXRlcnMiOiJ7fSJ9LHsicGx1Z2luIjoiYWJuIiwicGFyYW1ldGVycyI6IntcImlzQ3NzVXJsSW5qZWN0ZWRcIjpmYWxzZX0ifSx7InBsdWdpbiI6ImFibl9zaGFkb3ciLCJwYXJhbWV0ZXJzIjoie1wiaXNDc3NVcmxJbmplY3RlZFwiOmZhbHNlfSJ9XX0sImlzVG9wTGV2ZWwiOnRydWUsInBhZ2VTdGFydFRpbWUiOjE3ODUxMDYyNzYyNjEsIm5hdmlnYXRpb25TdGFydFRpbWUiOjE3ODUxMDYyNzU1MzB9&nocache=147b0&tm=2026-07-27T02%3A55%3A34.656Z:0
[14659149ms] [ERROR] Failed to load resource: net::ERR_FAILED @ https://gc.kis.v2.scr.kaspersky-labs.com/7D8B79A2-8974-4D7B-A76A-F4F29624C06BOSxDTLheSV66Hsf0i1yRUXAy8NkjYorxIG_uaN1dmJ5Wvd2xA3apQXvET0QVAF1JEaoPV6BKADfMsM6k4U-tLg/init?data=eyJ1cmwiOiJodHRwczovL2FwcHN0b3JlY29ubmVjdC5hcHBsZS5jb20vYXBwcy82Nzg5OTEzMTg2L2Rpc3RyaWJ1dGlvbi9pb3MvdmVyc2lvbi9pbmZsaWdodCIsInBsdWdpbnMiOiJ3c20mY2EmdnMmd250JnVhJmFibiZhYm5fc2hhZG93JmNiIiwiZGF0YSI6eyJkYXRhIjpbeyJwbHVnaW4iOiJ3c20iLCJwYXJhbWV0ZXJzIjoie1wicmVmZXJyZXJcIjpcIlwiLFwic3R1YklkXCI6XCJcIn0ifSx7InBsdWdpbiI6IndudCIsInBhcmFtZXRlcnMiOiJ7XCJyZWZlcnJlclwiOlwiXCJ9In0seyJwbHVnaW4iOiJ1YSIsInBhcmFtZXRlcnMiOiJ7fSJ9LHsicGx1Z2luIjoiYWJuIiwicGFyYW1ldGVycyI6IntcImlzQ3NzVXJsSW5qZWN0ZWRcIjpmYWxzZX0ifSx7InBsdWdpbiI6ImFibl9zaGFkb3ciLCJwYXJhbWV0ZXJzIjoie1wiaXNDc3NVcmxJbmplY3RlZFwiOmZhbHNlfSJ9XX0sImlzVG9wTGV2ZWwiOnRydWUsInBhZ2VTdGFydFRpbWUiOjE3ODUxMDYyNzYyNjEsIm5hdmlnYXRpb25TdGFydFRpbWUiOjE3ODUxMDYyNzU1MzB9&nocache=1f12b&tm=2026-07-27T02%3A55%3A34.666Z&second=true:0
[14779165ms] [ERROR] Failed to load resource: net::ERR_FAILED @ https://gc.kis.v2.scr.kaspersky-labs.com/7D8B79A2-8974-4D7B-A76A-F4F29624C06BOSxDTLheSV66Hsf0i1yRUXAy8NkjYorxIG_uaN1dmJ5Wvd2xA3apQXvET0QVAF1JEaoPV6BKADfMsM6k4U-tLg/init?data=eyJ1cmwiOiJodHRwczovL2FwcHN0b3JlY29ubmVjdC5hcHBsZS5jb20vYXBwcy82Nzg5OTEzMTg2L2Rpc3RyaWJ1dGlvbi9pb3MvdmVyc2lvbi9pbmZsaWdodCIsInBsdWdpbnMiOiJ3c20mY2EmdnMmd250JnVhJmFibiZhYm5fc2hhZG93JmNiIiwiZGF0YSI6eyJkYXRhIjpbeyJwbHVnaW4iOiJ3c20iLCJwYXJhbWV0ZXJzIjoie1wicmVmZXJyZXJcIjpcIlwiLFwic3R1YklkXCI6XCJcIn0ifSx7InBsdWdpbiI6IndudCIsInBhcmFtZXRlcnMiOiJ7XCJyZWZlcnJlclwiOlwiXCJ9In0seyJwbHVnaW4iOiJ1YSIsInBhcmFtZXRlcnMiOiJ7fSJ9LHsicGx1Z2luIjoiYWJuIiwicGFyYW1ldGVycyI6IntcImlzQ3NzVXJsSW5qZWN0ZWRcIjpmYWxzZX0ifSx7InBsdWdpbiI6ImFibl9zaGFkb3ciLCJwYXJhbWV0ZXJzIjoie1wiaXNDc3NVcmxJbmplY3RlZFwiOmZhbHNlfSJ9XX0sImlzVG9wTGV2ZWwiOnRydWUsInBhZ2VTdGFydFRpbWUiOjE3ODUxMDYyNzYyNjEsIm5hdmlnYXRpb25TdGFydFRpbWUiOjE3ODUxMDYyNzU1MzB9&nocache=13a29&tm=2026-07-27T02%3A57%3A34.668Z:0
[14779174ms] [ERROR] Failed to load resource: net::ERR_FAILED @ https://gc.kis.v2.scr.kaspersky-labs.com/7D8B79A2-8974-4D7B-A76A-F4F29624C06BOSxDTLheSV66Hsf0i1yRUXAy8NkjYorxIG_uaN1dmJ5Wvd2xA3apQXvET0QVAF1JEaoPV6BKADfMsM6k4U-tLg/init?data=eyJ1cmwiOiJodHRwczovL2FwcHN0b3JlY29ubmVjdC5hcHBsZS5jb20vYXBwcy82Nzg5OTEzMTg2L2Rpc3RyaWJ1dGlvbi9pb3MvdmVyc2lvbi9pbmZsaWdodCIsInBsdWdpbnMiOiJ3c20mY2EmdnMmd250JnVhJmFibiZhYm5fc2hhZG93JmNiIiwiZGF0YSI6eyJkYXRhIjpbeyJwbHVnaW4iOiJ3c20iLCJwYXJhbWV0ZXJzIjoie1wicmVmZXJyZXJcIjpcIlwiLFwic3R1YklkXCI6XCJcIn0ifSx7InBsdWdpbiI6IndudCIsInBhcmFtZXRlcnMiOiJ7XCJyZWZlcnJlclwiOlwiXCJ9In0seyJwbHVnaW4iOiJ1YSIsInBhcmFtZXRlcnMiOiJ7fSJ9LHsicGx1Z2luIjoiYWJuIiwicGFyYW1ldGVycyI6IntcImlzQ3NzVXJsSW5qZWN0ZWRcIjpmYWxzZX0ifSx7InBsdWdpbiI6ImFibl9zaGFkb3ciLCJwYXJhbWV0ZXJzIjoie1wiaXNDc3NVcmxJbmplY3RlZFwiOmZhbHNlfSJ9XX0sImlzVG9wTGV2ZWwiOnRydWUsInBhZ2VTdGFydFRpbWUiOjE3ODUxMDYyNzYyNjEsIm5hdmlnYXRpb25TdGFydFRpbWUiOjE3ODUxMDYyNzU1MzB9&nocache=1ceba&tm=2026-07-27T02%3A57%3A34.688Z&second=true:0
[14899149ms] [ERROR] Failed to load resource: net::ERR_FAILED @ https://gc.kis.v2.scr.kaspersky-labs.com/7D8B79A2-8974-4D7B-A76A-F4F29624C06BOSxDTLheSV66Hsf0i1yRUXAy8NkjYorxIG_uaN1dmJ5Wvd2xA3apQXvET0QVAF1JEaoPV6BKADfMsM6k4U-tLg/init?data=eyJ1cmwiOiJodHRwczovL2FwcHN0b3JlY29ubmVjdC5hcHBsZS5jb20vYXBwcy82Nzg5OTEzMTg2L2Rpc3RyaWJ1dGlvbi9pb3MvdmVyc2lvbi9pbmZsaWdodCIsInBsdWdpbnMiOiJ3c20mY2EmdnMmd250JnVhJmFibiZhYm5fc2hhZG93JmNiIiwiZGF0YSI6eyJkYXRhIjpbeyJwbHVnaW4iOiJ3c20iLCJwYXJhbWV0ZXJzIjoie1wicmVmZXJyZXJcIjpcIlwiLFwic3R1YklkXCI6XCJcIn0ifSx7InBsdWdpbiI6IndudCIsInBhcmFtZXRlcnMiOiJ7XCJyZWZlcnJlclwiOlwiXCJ9In0seyJwbHVnaW4iOiJ1YSIsInBhcmFtZXRlcnMiOiJ7fSJ9LHsicGx1Z2luIjoiYWJuIiwicGFyYW1ldGVycyI6IntcImlzQ3NzVXJsSW5qZWN0ZWRcIjpmYWxzZX0ifSx7InBsdWdpbiI6ImFibl9zaGFkb3ciLCJwYXJhbWV0ZXJzIjoie1wiaXNDc3NVcmxJbmplY3RlZFwiOmZhbHNlfSJ9XX0sImlzVG9wTGV2ZWwiOnRydWUsInBhZ2VTdGFydFRpbWUiOjE3ODUxMDYyNzYyNjEsIm5hdmlnYXRpb25TdGFydFRpbWUiOjE3ODUxMDYyNzU1MzB9&nocache=1ed50&tm=2026-07-27T02%3A59%3A34.662Z:0
[14899156ms] [ERROR] Failed to load resource: net::ERR_FAILED @ https://gc.kis.v2.scr.kaspersky-labs.com/7D8B79A2-8974-4D7B-A76A-F4F29624C06BOSxDTLheSV66Hsf0i1yRUXAy8NkjYorxIG_uaN1dmJ5Wvd2xA3apQXvET0QVAF1JEaoPV6BKADfMsM6k4U-tLg/init?data=eyJ1cmwiOiJodHRwczovL2FwcHN0b3JlY29ubmVjdC5hcHBsZS5jb20vYXBwcy82Nzg5OTEzMTg2L2Rpc3RyaWJ1dGlvbi9pb3MvdmVyc2lvbi9pbmZsaWdodCIsInBsdWdpbnMiOiJ3c20mY2EmdnMmd250JnVhJmFibiZhYm5fc2hhZG93JmNiIiwiZGF0YSI6eyJkYXRhIjpbeyJwbHVnaW4iOiJ3c20iLCJwYXJhbWV0ZXJzIjoie1wicmVmZXJyZXJcIjpcIlwiLFwic3R1YklkXCI6XCJcIn0ifSx7InBsdWdpbiI6IndudCIsInBhcmFtZXRlcnMiOiJ7XCJyZWZlcnJlclwiOlwiXCJ9In0seyJwbHVnaW4iOiJ1YSIsInBhcmFtZXRlcnMiOiJ7fSJ9LHsicGx1Z2luIjoiYWJuIiwicGFyYW1ldGVycyI6IntcImlzQ3NzVXJsSW5qZWN0ZWRcIjpmYWxzZX0ifSx7InBsdWdpbiI6ImFibl9zaGFkb3ciLCJwYXJhbWV0ZXJzIjoie1wiaXNDc3NVcmxJbmplY3RlZFwiOmZhbHNlfSJ9XX0sImlzVG9wTGV2ZWwiOnRydWUsInBhZ2VTdGFydFRpbWUiOjE3ODUxMDYyNzYyNjEsIm5hdmlnYXRpb25TdGFydFRpbWUiOjE3ODUxMDYyNzU1MzB9&nocache=15e7c&tm=2026-07-27T02%3A59%3A34.671Z&second=true:0
[15019170ms] [ERROR] Failed to load resource: net::ERR_FAILED @ https://gc.kis.v2.scr.kaspersky-labs.com/7D8B79A2-8974-4D7B-A76A-F4F29624C06BOSxDTLheSV66Hsf0i1yRUXAy8NkjYorxIG_uaN1dmJ5Wvd2xA3apQXvET0QVAF1JEaoPV6BKADfMsM6k4U-tLg/init?data=eyJ1cmwiOiJodHRwczovL2FwcHN0b3JlY29ubmVjdC5hcHBsZS5jb20vYXBwcy82Nzg5OTEzMTg2L2Rpc3RyaWJ1dGlvbi9pb3MvdmVyc2lvbi9pbmZsaWdodCIsInBsdWdpbnMiOiJ3c20mY2EmdnMmd250JnVhJmFibiZhYm5fc2hhZG93JmNiIiwiZGF0YSI6eyJkYXRhIjpbeyJwbHVnaW4iOiJ3c20iLCJwYXJhbWV0ZXJzIjoie1wicmVmZXJyZXJcIjpcIlwiLFwic3R1YklkXCI6XCJcIn0ifSx7InBsdWdpbiI6IndudCIsInBhcmFtZXRlcnMiOiJ7XCJyZWZlcnJlclwiOlwiXCJ9In0seyJwbHVnaW4iOiJ1YSIsInBhcmFtZXRlcnMiOiJ7fSJ9LHsicGx1Z2luIjoiYWJuIiwicGFyYW1ldGVycyI6IntcImlzQ3NzVXJsSW5qZWN0ZWRcIjpmYWxzZX0ifSx7InBsdWdpbiI6ImFibl9zaGFkb3ciLCJwYXJhbWV0ZXJzIjoie1wiaXNDc3NVcmxJbmplY3RlZFwiOmZhbHNlfSJ9XX0sImlzVG9wTGV2ZWwiOnRydWUsInBhZ2VTdGFydFRpbWUiOjE3ODUxMDYyNzYyNjEsIm5hdmlnYXRpb25TdGFydFRpbWUiOjE3ODUxMDYyNzU1MzB9&nocache=13144&tm=2026-07-27T03%3A01%3A34.670Z:0
[15019177ms] [ERROR] Failed to load resource: net::ERR_FAILED @ https://gc.kis.v2.scr.kaspersky-labs.com/7D8B79A2-8974-4D7B-A76A-F4F29624C06BOSxDTLheSV66Hsf0i1yRUXAy8NkjYorxIG_uaN1dmJ5Wvd2xA3apQXvET0QVAF1JEaoPV6BKADfMsM6k4U-tLg/init?data=eyJ1cmwiOiJodHRwczovL2FwcHN0b3JlY29ubmVjdC5hcHBsZS5jb20vYXBwcy82Nzg5OTEzMTg2L2Rpc3RyaWJ1dGlvbi9pb3MvdmVyc2lvbi9pbmZsaWdodCIsInBsdWdpbnMiOiJ3c20mY2EmdnMmd250JnVhJmFibiZhYm5fc2hhZG93JmNiIiwiZGF0YSI6eyJkYXRhIjpbeyJwbHVnaW4iOiJ3c20iLCJwYXJhbWV0ZXJzIjoie1wicmVmZXJyZXJcIjpcIlwiLFwic3R1YklkXCI6XCJcIn0ifSx7InBsdWdpbiI6IndudCIsInBhcmFtZXRlcnMiOiJ7XCJyZWZlcnJlclwiOlwiXCJ9In0seyJwbHVnaW4iOiJ1YSIsInBhcmFtZXRlcnMiOiJ7fSJ9LHsicGx1Z2luIjoiYWJuIiwicGFyYW1ldGVycyI6IntcImlzQ3NzVXJsSW5qZWN0ZWRcIjpmYWxzZX0ifSx7InBsdWdpbiI6ImFibl9zaGFkb3ciLCJwYXJhbWV0ZXJzIjoie1wiaXNDc3NVcmxJbmplY3RlZFwiOmZhbHNlfSJ9XX0sImlzVG9wTGV2ZWwiOnRydWUsInBhZ2VTdGFydFRpbWUiOjE3ODUxMDYyNzYyNjEsIm5hdmlnYXRpb25TdGFydFRpbWUiOjE3ODUxMDYyNzU1MzB9&nocache=1b21c&tm=2026-07-27T03%3A01%3A34.692Z&second=true:0
[15139147ms] [ERROR] Failed to load resource: net::ERR_FAILED @ https://gc.kis.v2.scr.kaspersky-labs.com/7D8B79A2-8974-4D7B-A76A-F4F29624C06BOSxDTLheSV66Hsf0i1yRUXAy8NkjYorxIG_uaN1dmJ5Wvd2xA3apQXvET0QVAF1JEaoPV6BKADfMsM6k4U-tLg/init?data=eyJ1cmwiOiJodHRwczovL2FwcHN0b3JlY29ubmVjdC5hcHBsZS5jb20vYXBwcy82Nzg5OTEzMTg2L2Rpc3RyaWJ1dGlvbi9pb3MvdmVyc2lvbi9pbmZsaWdodCIsInBsdWdpbnMiOiJ3c20mY2EmdnMmd250JnVhJmFibiZhYm5fc2hhZG93JmNiIiwiZGF0YSI6eyJkYXRhIjpbeyJwbHVnaW4iOiJ3c20iLCJwYXJhbWV0ZXJzIjoie1wicmVmZXJyZXJcIjpcIlwiLFwic3R1YklkXCI6XCJcIn0ifSx7InBsdWdpbiI6IndudCIsInBhcmFtZXRlcnMiOiJ7XCJyZWZlcnJlclwiOlwiXCJ9In0seyJwbHVnaW4iOiJ1YSIsInBhcmFtZXRlcnMiOiJ7fSJ9LHsicGx1Z2luIjoiYWJuIiwicGFyYW1ldGVycyI6IntcImlzQ3NzVXJsSW5qZWN0ZWRcIjpmYWxzZX0ifSx7InBsdWdpbiI6ImFibl9zaGFkb3ciLCJwYXJhbWV0ZXJzIjoie1wiaXNDc3NVcmxJbmplY3RlZFwiOmZhbHNlfSJ9XX0sImlzVG9wTGV2ZWwiOnRydWUsInBhZ2VTdGFydFRpbWUiOjE3ODUxMDYyNzYyNjEsIm5hdmlnYXRpb25TdGFydFRpbWUiOjE3ODUxMDYyNzU1MzB9&nocache=166c3&tm=2026-07-27T03%3A03%3A34.660Z:0
[15139152ms] [ERROR] Failed to load resource: net::ERR_FAILED @ https://gc.kis.v2.scr.kaspersky-labs.com/7D8B79A2-8974-4D7B-A76A-F4F29624C06BOSxDTLheSV66Hsf0i1yRUXAy8NkjYorxIG_uaN1dmJ5Wvd2xA3apQXvET0QVAF1JEaoPV6BKADfMsM6k4U-tLg/init?data=eyJ1cmwiOiJodHRwczovL2FwcHN0b3JlY29ubmVjdC5hcHBsZS5jb20vYXBwcy82Nzg5OTEzMTg2L2Rpc3RyaWJ1dGlvbi9pb3MvdmVyc2lvbi9pbmZsaWdodCIsInBsdWdpbnMiOiJ3c20mY2EmdnMmd250JnVhJmFibiZhYm5fc2hhZG93JmNiIiwiZGF0YSI6eyJkYXRhIjpbeyJwbHVnaW4iOiJ3c20iLCJwYXJhbWV0ZXJzIjoie1wicmVmZXJyZXJcIjpcIlwiLFwic3R1YklkXCI6XCJcIn0ifSx7InBsdWdpbiI6IndudCIsInBhcmFtZXRlcnMiOiJ7XCJyZWZlcnJlclwiOlwiXCJ9In0seyJwbHVnaW4iOiJ1YSIsInBhcmFtZXRlcnMiOiJ7fSJ9LHsicGx1Z2luIjoiYWJuIiwicGFyYW1ldGVycyI6IntcImlzQ3NzVXJsSW5qZWN0ZWRcIjpmYWxzZX0ifSx7InBsdWdpbiI6ImFibl9zaGFkb3ciLCJwYXJhbWV0ZXJzIjoie1wiaXNDc3NVcmxJbmplY3RlZFwiOmZhbHNlfSJ9XX0sImlzVG9wTGV2ZWwiOnRydWUsInBhZ2VTdGFydFRpbWUiOjE3ODUxMDYyNzYyNjEsIm5hdmlnYXRpb25TdGFydFRpbWUiOjE3ODUxMDYyNzU1MzB9&nocache=13123&tm=2026-07-27T03%3A03%3A34.669Z&second=true:0
[15259148ms] [ERROR] Failed to load resource: net::ERR_FAILED @ https://gc.kis.v2.scr.kaspersky-labs.com/7D8B79A2-8974-4D7B-A76A-F4F29624C06BOSxDTLheSV66Hsf0i1yRUXAy8NkjYorxIG_uaN1dmJ5Wvd2xA3apQXvET0QVAF1JEaoPV6BKADfMsM6k4U-tLg/init?data=eyJ1cmwiOiJodHRwczovL2FwcHN0b3JlY29ubmVjdC5hcHBsZS5jb20vYXBwcy82Nzg5OTEzMTg2L2Rpc3RyaWJ1dGlvbi9pb3MvdmVyc2lvbi9pbmZsaWdodCIsInBsdWdpbnMiOiJ3c20mY2EmdnMmd250JnVhJmFibiZhYm5fc2hhZG93JmNiIiwiZGF0YSI6eyJkYXRhIjpbeyJwbHVnaW4iOiJ3c20iLCJwYXJhbWV0ZXJzIjoie1wicmVmZXJyZXJcIjpcIlwiLFwic3R1YklkXCI6XCJcIn0ifSx7InBsdWdpbiI6IndudCIsInBhcmFtZXRlcnMiOiJ7XCJyZWZlcnJlclwiOlwiXCJ9In0seyJwbHVnaW4iOiJ1YSIsInBhcmFtZXRlcnMiOiJ7fSJ9LHsicGx1Z2luIjoiYWJuIiwicGFyYW1ldGVycyI6IntcImlzQ3NzVXJsSW5qZWN0ZWRcIjpmYWxzZX0ifSx7InBsdWdpbiI6ImFibl9zaGFkb3ciLCJwYXJhbWV0ZXJzIjoie1wiaXNDc3NVcmxJbmplY3RlZFwiOmZhbHNlfSJ9XX0sImlzVG9wTGV2ZWwiOnRydWUsInBhZ2VTdGFydFRpbWUiOjE3ODUxMDYyNzYyNjEsIm5hdmlnYXRpb25TdGFydFRpbWUiOjE3ODUxMDYyNzU1MzB9&nocache=1a1d9&tm=2026-07-27T03%3A05%3A34.661Z:0
[15259154ms] [ERROR] Failed to load resource: net::ERR_FAILED @ https://gc.kis.v2.scr.kaspersky-labs.com/7D8B79A2-8974-4D7B-A76A-F4F29624C06BOSxDTLheSV66Hsf0i1yRUXAy8NkjYorxIG_uaN1dmJ5Wvd2xA3apQXvET0QVAF1JEaoPV6BKADfMsM6k4U-tLg/init?data=eyJ1cmwiOiJodHRwczovL2FwcHN0b3JlY29ubmVjdC5hcHBsZS5jb20vYXBwcy82Nzg5OTEzMTg2L2Rpc3RyaWJ1dGlvbi9pb3MvdmVyc2lvbi9pbmZsaWdodCIsInBsdWdpbnMiOiJ3c20mY2EmdnMmd250JnVhJmFibiZhYm5fc2hhZG93JmNiIiwiZGF0YSI6eyJkYXRhIjpbeyJwbHVnaW4iOiJ3c20iLCJwYXJhbWV0ZXJzIjoie1wicmVmZXJyZXJcIjpcIlwiLFwic3R1YklkXCI6XCJcIn0ifSx7InBsdWdpbiI6IndudCIsInBhcmFtZXRlcnMiOiJ7XCJyZWZlcnJlclwiOlwiXCJ9In0seyJwbHVnaW4iOiJ1YSIsInBhcmFtZXRlcnMiOiJ7fSJ9LHsicGx1Z2luIjoiYWJuIiwicGFyYW1ldGVycyI6IntcImlzQ3NzVXJsSW5qZWN0ZWRcIjpmYWxzZX0ifSx7InBsdWdpbiI6ImFibl9zaGFkb3ciLCJwYXJhbWV0ZXJzIjoie1wiaXNDc3NVcmxJbmplY3RlZFwiOmZhbHNlfSJ9XX0sImlzVG9wTGV2ZWwiOnRydWUsInBhZ2VTdGFydFRpbWUiOjE3ODUxMDYyNzYyNjEsIm5hdmlnYXRpb25TdGFydFRpbWUiOjE3ODUxMDYyNzU1MzB9&nocache=189f6&tm=2026-07-27T03%3A05%3A34.670Z&second=true:0
[15379146ms] [ERROR] Failed to load resource: net::ERR_FAILED @ https://gc.kis.v2.scr.kaspersky-labs.com/7D8B79A2-8974-4D7B-A76A-F4F29624C06BOSxDTLheSV66Hsf0i1yRUXAy8NkjYorxIG_uaN1dmJ5Wvd2xA3apQXvET0QVAF1JEaoPV6BKADfMsM6k4U-tLg/init?data=eyJ1cmwiOiJodHRwczovL2FwcHN0b3JlY29ubmVjdC5hcHBsZS5jb20vYXBwcy82Nzg5OTEzMTg2L2Rpc3RyaWJ1dGlvbi9pb3MvdmVyc2lvbi9pbmZsaWdodCIsInBsdWdpbnMiOiJ3c20mY2EmdnMmd250JnVhJmFibiZhYm5fc2hhZG93JmNiIiwiZGF0YSI6eyJkYXRhIjpbeyJwbHVnaW4iOiJ3c20iLCJwYXJhbWV0ZXJzIjoie1wicmVmZXJyZXJcIjpcIlwiLFwic3R1YklkXCI6XCJcIn0ifSx7InBsdWdpbiI6IndudCIsInBhcmFtZXRlcnMiOiJ7XCJyZWZlcnJlclwiOlwiXCJ9In0seyJwbHVnaW4iOiJ1YSIsInBhcmFtZXRlcnMiOiJ7fSJ9LHsicGx1Z2luIjoiYWJuIiwicGFyYW1ldGVycyI6IntcImlzQ3NzVXJsSW5qZWN0ZWRcIjpmYWxzZX0ifSx7InBsdWdpbiI6ImFibl9zaGFkb3ciLCJwYXJhbWV0ZXJzIjoie1wiaXNDc3NVcmxJbmplY3RlZFwiOmZhbHNlfSJ9XX0sImlzVG9wTGV2ZWwiOnRydWUsInBhZ2VTdGFydFRpbWUiOjE3ODUxMDYyNzYyNjEsIm5hdmlnYXRpb25TdGFydFRpbWUiOjE3ODUxMDYyNzU1MzB9&nocache=161f5&tm=2026-07-27T03%3A07%3A34.659Z:0
[15379153ms] [ERROR] Failed to load resource: net::ERR_FAILED @ https://gc.kis.v2.scr.kaspersky-labs.com/7D8B79A2-8974-4D7B-A76A-F4F29624C06BOSxDTLheSV66Hsf0i1yRUXAy8NkjYorxIG_uaN1dmJ5Wvd2xA3apQXvET0QVAF1JEaoPV6BKADfMsM6k4U-tLg/init?data=eyJ1cmwiOiJodHRwczovL2FwcHN0b3JlY29ubmVjdC5hcHBsZS5jb20vYXBwcy82Nzg5OTEzMTg2L2Rpc3RyaWJ1dGlvbi9pb3MvdmVyc2lvbi9pbmZsaWdodCIsInBsdWdpbnMiOiJ3c20mY2EmdnMmd250JnVhJmFibiZhYm5fc2hhZG93JmNiIiwiZGF0YSI6eyJkYXRhIjpbeyJwbHVnaW4iOiJ3c20iLCJwYXJhbWV0ZXJzIjoie1wicmVmZXJyZXJcIjpcIlwiLFwic3R1YklkXCI6XCJcIn0ifSx7InBsdWdpbiI6IndudCIsInBhcmFtZXRlcnMiOiJ7XCJyZWZlcnJlclwiOlwiXCJ9In0seyJwbHVnaW4iOiJ1YSIsInBhcmFtZXRlcnMiOiJ7fSJ9LHsicGx1Z2luIjoiYWJuIiwicGFyYW1ldGVycyI6IntcImlzQ3NzVXJsSW5qZWN0ZWRcIjpmYWxzZX0ifSx7InBsdWdpbiI6ImFibl9zaGFkb3ciLCJwYXJhbWV0ZXJzIjoie1wiaXNDc3NVcmxJbmplY3RlZFwiOmZhbHNlfSJ9XX0sImlzVG9wTGV2ZWwiOnRydWUsInBhZ2VTdGFydFRpbWUiOjE3ODUxMDYyNzYyNjEsIm5hdmlnYXRpb25TdGFydFRpbWUiOjE3ODUxMDYyNzU1MzB9&nocache=1d4b6&tm=2026-07-27T03%3A07%3A34.668Z&second=true:0
[15499164ms] [ERROR] Failed to load resource: net::ERR_FAILED @ https://gc.kis.v2.scr.kaspersky-labs.com/7D8B79A2-8974-4D7B-A76A-F4F29624C06BOSxDTLheSV66Hsf0i1yRUXAy8NkjYorxIG_uaN1dmJ5Wvd2xA3apQXvET0QVAF1JEaoPV6BKADfMsM6k4U-tLg/init?data=eyJ1cmwiOiJodHRwczovL2FwcHN0b3JlY29ubmVjdC5hcHBsZS5jb20vYXBwcy82Nzg5OTEzMTg2L2Rpc3RyaWJ1dGlvbi9pb3MvdmVyc2lvbi9pbmZsaWdodCIsInBsdWdpbnMiOiJ3c20mY2EmdnMmd250JnVhJmFibiZhYm5fc2hhZG93JmNiIiwiZGF0YSI6eyJkYXRhIjpbeyJwbHVnaW4iOiJ3c20iLCJwYXJhbWV0ZXJzIjoie1wicmVmZXJyZXJcIjpcIlwiLFwic3R1YklkXCI6XCJcIn0ifSx7InBsdWdpbiI6IndudCIsInBhcmFtZXRlcnMiOiJ7XCJyZWZlcnJlclwiOlwiXCJ9In0seyJwbHVnaW4iOiJ1YSIsInBhcmFtZXRlcnMiOiJ7fSJ9LHsicGx1Z2luIjoiYWJuIiwicGFyYW1ldGVycyI6IntcImlzQ3NzVXJsSW5qZWN0ZWRcIjpmYWxzZX0ifSx7InBsdWdpbiI6ImFibl9zaGFkb3ciLCJwYXJhbWV0ZXJzIjoie1wiaXNDc3NVcmxJbmplY3RlZFwiOmZhbHNlfSJ9XX0sImlzVG9wTGV2ZWwiOnRydWUsInBhZ2VTdGFydFRpbWUiOjE3ODUxMDYyNzYyNjEsIm5hdmlnYXRpb25TdGFydFRpbWUiOjE3ODUxMDYyNzU1MzB9&nocache=1bc73&tm=2026-07-27T03%3A09%3A34.657Z:0
[15499170ms] [ERROR] Failed to load resource: net::ERR_FAILED @ https://gc.kis.v2.scr.kaspersky-labs.com/7D8B79A2-8974-4D7B-A76A-F4F29624C06BOSxDTLheSV66Hsf0i1yRUXAy8NkjYorxIG_uaN1dmJ5Wvd2xA3apQXvET0QVAF1JEaoPV6BKADfMsM6k4U-tLg/init?data=eyJ1cmwiOiJodHRwczovL2FwcHN0b3JlY29ubmVjdC5hcHBsZS5jb20vYXBwcy82Nzg5OTEzMTg2L2Rpc3RyaWJ1dGlvbi9pb3MvdmVyc2lvbi9pbmZsaWdodCIsInBsdWdpbnMiOiJ3c20mY2EmdnMmd250JnVhJmFibiZhYm5fc2hhZG93JmNiIiwiZGF0YSI6eyJkYXRhIjpbeyJwbHVnaW4iOiJ3c20iLCJwYXJhbWV0ZXJzIjoie1wicmVmZXJyZXJcIjpcIlwiLFwic3R1YklkXCI6XCJcIn0ifSx7InBsdWdpbiI6IndudCIsInBhcmFtZXRlcnMiOiJ7XCJyZWZlcnJlclwiOlwiXCJ9In0seyJwbHVnaW4iOiJ1YSIsInBhcmFtZXRlcnMiOiJ7fSJ9LHsicGx1Z2luIjoiYWJuIiwicGFyYW1ldGVycyI6IntcImlzQ3NzVXJsSW5qZWN0ZWRcIjpmYWxzZX0ifSx7InBsdWdpbiI6ImFibl9zaGFkb3ciLCJwYXJhbWV0ZXJzIjoie1wiaXNDc3NVcmxJbmplY3RlZFwiOmZhbHNlfSJ9XX0sImlzVG9wTGV2ZWwiOnRydWUsInBhZ2VTdGFydFRpbWUiOjE3ODUxMDYyNzYyNjEsIm5hdmlnYXRpb25TdGFydFRpbWUiOjE3ODUxMDYyNzU1MzB9&nocache=10e83&tm=2026-07-27T03%3A09%3A34.686Z&second=true:0
[15619140ms] [ERROR] Failed to load resource: net::ERR_FAILED @ https://gc.kis.v2.scr.kaspersky-labs.com/7D8B79A2-8974-4D7B-A76A-F4F29624C06BOSxDTLheSV66Hsf0i1yRUXAy8NkjYorxIG_uaN1dmJ5Wvd2xA3apQXvET0QVAF1JEaoPV6BKADfMsM6k4U-tLg/init?data=eyJ1cmwiOiJodHRwczovL2FwcHN0b3JlY29ubmVjdC5hcHBsZS5jb20vYXBwcy82Nzg5OTEzMTg2L2Rpc3RyaWJ1dGlvbi9pb3MvdmVyc2lvbi9pbmZsaWdodCIsInBsdWdpbnMiOiJ3c20mY2EmdnMmd250JnVhJmFibiZhYm5fc2hhZG93JmNiIiwiZGF0YSI6eyJkYXRhIjpbeyJwbHVnaW4iOiJ3c20iLCJwYXJhbWV0ZXJzIjoie1wicmVmZXJyZXJcIjpcIlwiLFwic3R1YklkXCI6XCJcIn0ifSx7InBsdWdpbiI6IndudCIsInBhcmFtZXRlcnMiOiJ7XCJyZWZlcnJlclwiOlwiXCJ9In0seyJwbHVnaW4iOiJ1YSIsInBhcmFtZXRlcnMiOiJ7fSJ9LHsicGx1Z2luIjoiYWJuIiwicGFyYW1ldGVycyI6IntcImlzQ3NzVXJsSW5qZWN0ZWRcIjpmYWxzZX0ifSx7InBsdWdpbiI6ImFibl9zaGFkb3ciLCJwYXJhbWV0ZXJzIjoie1wiaXNDc3NVcmxJbmplY3RlZFwiOmZhbHNlfSJ9XX0sImlzVG9wTGV2ZWwiOnRydWUsInBhZ2VTdGFydFRpbWUiOjE3ODUxMDYyNzYyNjEsIm5hdmlnYXRpb25TdGFydFRpbWUiOjE3ODUxMDYyNzU1MzB9&nocache=14d81&tm=2026-07-27T03%3A11%3A34.654Z:0
[15619146ms] [ERROR] Failed to load resource: net::ERR_FAILED @ https://gc.kis.v2.scr.kaspersky-labs.com/7D8B79A2-8974-4D7B-A76A-F4F29624C06BOSxDTLheSV66Hsf0i1yRUXAy8NkjYorxIG_uaN1dmJ5Wvd2xA3apQXvET0QVAF1JEaoPV6BKADfMsM6k4U-tLg/init?data=eyJ1cmwiOiJodHRwczovL2FwcHN0b3JlY29ubmVjdC5hcHBsZS5jb20vYXBwcy82Nzg5OTEzMTg2L2Rpc3RyaWJ1dGlvbi9pb3MvdmVyc2lvbi9pbmZsaWdodCIsInBsdWdpbnMiOiJ3c20mY2EmdnMmd250JnVhJmFibiZhYm5fc2hhZG93JmNiIiwiZGF0YSI6eyJkYXRhIjpbeyJwbHVnaW4iOiJ3c20iLCJwYXJhbWV0ZXJzIjoie1wicmVmZXJyZXJcIjpcIlwiLFwic3R1YklkXCI6XCJcIn0ifSx7InBsdWdpbiI6IndudCIsInBhcmFtZXRlcnMiOiJ7XCJyZWZlcnJlclwiOlwiXCJ9In0seyJwbHVnaW4iOiJ1YSIsInBhcmFtZXRlcnMiOiJ7fSJ9LHsicGx1Z2luIjoiYWJuIiwicGFyYW1ldGVycyI6IntcImlzQ3NzVXJsSW5qZWN0ZWRcIjpmYWxzZX0ifSx7InBsdWdpbiI6ImFibl9zaGFkb3ciLCJwYXJhbWV0ZXJzIjoie1wiaXNDc3NVcmxJbmplY3RlZFwiOmZhbHNlfSJ9XX0sImlzVG9wTGV2ZWwiOnRydWUsInBhZ2VTdGFydFRpbWUiOjE3ODUxMDYyNzYyNjEsIm5hdmlnYXRpb25TdGFydFRpbWUiOjE3ODUxMDYyNzU1MzB9&nocache=1dc35&tm=2026-07-27T03%3A11%3A34.662Z&second=true:0
[15739158ms] [ERROR] Failed to load resource: net::ERR_FAILED @ https://gc.kis.v2.scr.kaspersky-labs.com/7D8B79A2-8974-4D7B-A76A-F4F29624C06BOSxDTLheSV66Hsf0i1yRUXAy8NkjYorxIG_uaN1dmJ5Wvd2xA3apQXvET0QVAF1JEaoPV6BKADfMsM6k4U-tLg/init?data=eyJ1cmwiOiJodHRwczovL2FwcHN0b3JlY29ubmVjdC5hcHBsZS5jb20vYXBwcy82Nzg5OTEzMTg2L2Rpc3RyaWJ1dGlvbi9pb3MvdmVyc2lvbi9pbmZsaWdodCIsInBsdWdpbnMiOiJ3c20mY2EmdnMmd250JnVhJmFibiZhYm5fc2hhZG93JmNiIiwiZGF0YSI6eyJkYXRhIjpbeyJwbHVnaW4iOiJ3c20iLCJwYXJhbWV0ZXJzIjoie1wicmVmZXJyZXJcIjpcIlwiLFwic3R1YklkXCI6XCJcIn0ifSx7InBsdWdpbiI6IndudCIsInBhcmFtZXRlcnMiOiJ7XCJyZWZlcnJlclwiOlwiXCJ9In0seyJwbHVnaW4iOiJ1YSIsInBhcmFtZXRlcnMiOiJ7fSJ9LHsicGx1Z2luIjoiYWJuIiwicGFyYW1ldGVycyI6IntcImlzQ3NzVXJsSW5qZWN0ZWRcIjpmYWxzZX0ifSx7InBsdWdpbiI6ImFibl9zaGFkb3ciLCJwYXJhbWV0ZXJzIjoie1wiaXNDc3NVcmxJbmplY3RlZFwiOmZhbHNlfSJ9XX0sImlzVG9wTGV2ZWwiOnRydWUsInBhZ2VTdGFydFRpbWUiOjE3ODUxMDYyNzYyNjEsIm5hdmlnYXRpb25TdGFydFRpbWUiOjE3ODUxMDYyNzU1MzB9&nocache=12b2d&tm=2026-07-27T03%3A13%3A34.667Z:0
[15739165ms] [ERROR] Failed to load resource: net::ERR_FAILED @ https://gc.kis.v2.scr.kaspersky-labs.com/7D8B79A2-8974-4D7B-A76A-F4F29624C06BOSxDTLheSV66Hsf0i1yRUXAy8NkjYorxIG_uaN1dmJ5Wvd2xA3apQXvET0QVAF1JEaoPV6BKADfMsM6k4U-tLg/init?data=eyJ1cmwiOiJodHRwczovL2FwcHN0b3JlY29ubmVjdC5hcHBsZS5jb20vYXBwcy82Nzg5OTEzMTg2L2Rpc3RyaWJ1dGlvbi9pb3MvdmVyc2lvbi9pbmZsaWdodCIsInBsdWdpbnMiOiJ3c20mY2EmdnMmd250JnVhJmFibiZhYm5fc2hhZG93JmNiIiwiZGF0YSI6eyJkYXRhIjpbeyJwbHVnaW4iOiJ3c20iLCJwYXJhbWV0ZXJzIjoie1wicmVmZXJyZXJcIjpcIlwiLFwic3R1YklkXCI6XCJcIn0ifSx7InBsdWdpbiI6IndudCIsInBhcmFtZXRlcnMiOiJ7XCJyZWZlcnJlclwiOlwiXCJ9In0seyJwbHVnaW4iOiJ1YSIsInBhcmFtZXRlcnMiOiJ7fSJ9LHsicGx1Z2luIjoiYWJuIiwicGFyYW1ldGVycyI6IntcImlzQ3NzVXJsSW5qZWN0ZWRcIjpmYWxzZX0ifSx7InBsdWdpbiI6ImFibl9zaGFkb3ciLCJwYXJhbWV0ZXJzIjoie1wiaXNDc3NVcmxJbmplY3RlZFwiOmZhbHNlfSJ9XX0sImlzVG9wTGV2ZWwiOnRydWUsInBhZ2VTdGFydFRpbWUiOjE3ODUxMDYyNzYyNjEsIm5hdmlnYXRpb25TdGFydFRpbWUiOjE3ODUxMDYyNzU1MzB9&nocache=186a6&tm=2026-07-27T03%3A13%3A34.681Z&second=true:0
[15859157ms] [ERROR] Failed to load resource: net::ERR_FAILED @ https://gc.kis.v2.scr.kaspersky-labs.com/7D8B79A2-8974-4D7B-A76A-F4F29624C06BOSxDTLheSV66Hsf0i1yRUXAy8NkjYorxIG_uaN1dmJ5Wvd2xA3apQXvET0QVAF1JEaoPV6BKADfMsM6k4U-tLg/init?data=eyJ1cmwiOiJodHRwczovL2FwcHN0b3JlY29ubmVjdC5hcHBsZS5jb20vYXBwcy82Nzg5OTEzMTg2L2Rpc3RyaWJ1dGlvbi9pb3MvdmVyc2lvbi9pbmZsaWdodCIsInBsdWdpbnMiOiJ3c20mY2EmdnMmd250JnVhJmFibiZhYm5fc2hhZG93JmNiIiwiZGF0YSI6eyJkYXRhIjpbeyJwbHVnaW4iOiJ3c20iLCJwYXJhbWV0ZXJzIjoie1wicmVmZXJyZXJcIjpcIlwiLFwic3R1YklkXCI6XCJcIn0ifSx7InBsdWdpbiI6IndudCIsInBhcmFtZXRlcnMiOiJ7XCJyZWZlcnJlclwiOlwiXCJ9In0seyJwbHVnaW4iOiJ1YSIsInBhcmFtZXRlcnMiOiJ7fSJ9LHsicGx1Z2luIjoiYWJuIiwicGFyYW1ldGVycyI6IntcImlzQ3NzVXJsSW5qZWN0ZWRcIjpmYWxzZX0ifSx7InBsdWdpbiI6ImFibl9zaGFkb3ciLCJwYXJhbWV0ZXJzIjoie1wiaXNDc3NVcmxJbmplY3RlZFwiOmZhbHNlfSJ9XX0sImlzVG9wTGV2ZWwiOnRydWUsInBhZ2VTdGFydFRpbWUiOjE3ODUxMDYyNzYyNjEsIm5hdmlnYXRpb25TdGFydFRpbWUiOjE3ODUxMDYyNzU1MzB9&nocache=1c6d3&tm=2026-07-27T03%3A15%3A34.657Z:0
[15859165ms] [ERROR] Failed to load resource: net::ERR_FAILED @ https://gc.kis.v2.scr.kaspersky-labs.com/7D8B79A2-8974-4D7B-A76A-F4F29624C06BOSxDTLheSV66Hsf0i1yRUXAy8NkjYorxIG_uaN1dmJ5Wvd2xA3apQXvET0QVAF1JEaoPV6BKADfMsM6k4U-tLg/init?data=eyJ1cmwiOiJodHRwczovL2FwcHN0b3JlY29ubmVjdC5hcHBsZS5jb20vYXBwcy82Nzg5OTEzMTg2L2Rpc3RyaWJ1dGlvbi9pb3MvdmVyc2lvbi9pbmZsaWdodCIsInBsdWdpbnMiOiJ3c20mY2EmdnMmd250JnVhJmFibiZhYm5fc2hhZG93JmNiIiwiZGF0YSI6eyJkYXRhIjpbeyJwbHVnaW4iOiJ3c20iLCJwYXJhbWV0ZXJzIjoie1wicmVmZXJyZXJcIjpcIlwiLFwic3R1YklkXCI6XCJcIn0ifSx7InBsdWdpbiI6IndudCIsInBhcmFtZXRlcnMiOiJ7XCJyZWZlcnJlclwiOlwiXCJ9In0seyJwbHVnaW4iOiJ1YSIsInBhcmFtZXRlcnMiOiJ7fSJ9LHsicGx1Z2luIjoiYWJuIiwicGFyYW1ldGVycyI6IntcImlzQ3NzVXJsSW5qZWN0ZWRcIjpmYWxzZX0ifSx7InBsdWdpbiI6ImFibl9zaGFkb3ciLCJwYXJhbWV0ZXJzIjoie1wiaXNDc3NVcmxJbmplY3RlZFwiOmZhbHNlfSJ9XX0sImlzVG9wTGV2ZWwiOnRydWUsInBhZ2VTdGFydFRpbWUiOjE3ODUxMDYyNzYyNjEsIm5hdmlnYXRpb25TdGFydFRpbWUiOjE3ODUxMDYyNzU1MzB9&nocache=1b1cd&tm=2026-07-27T03%3A15%3A34.679Z&second=true:0
[15979166ms] [ERROR] Failed to load resource: net::ERR_FAILED @ https://gc.kis.v2.scr.kaspersky-labs.com/7D8B79A2-8974-4D7B-A76A-F4F29624C06BOSxDTLheSV66Hsf0i1yRUXAy8NkjYorxIG_uaN1dmJ5Wvd2xA3apQXvET0QVAF1JEaoPV6BKADfMsM6k4U-tLg/init?data=eyJ1cmwiOiJodHRwczovL2FwcHN0b3JlY29ubmVjdC5hcHBsZS5jb20vYXBwcy82Nzg5OTEzMTg2L2Rpc3RyaWJ1dGlvbi9pb3MvdmVyc2lvbi9pbmZsaWdodCIsInBsdWdpbnMiOiJ3c20mY2EmdnMmd250JnVhJmFibiZhYm5fc2hhZG93JmNiIiwiZGF0YSI6eyJkYXRhIjpbeyJwbHVnaW4iOiJ3c20iLCJwYXJhbWV0ZXJzIjoie1wicmVmZXJyZXJcIjpcIlwiLFwic3R1YklkXCI6XCJcIn0ifSx7InBsdWdpbiI6IndudCIsInBhcmFtZXRlcnMiOiJ7XCJyZWZlcnJlclwiOlwiXCJ9In0seyJwbHVnaW4iOiJ1YSIsInBhcmFtZXRlcnMiOiJ7fSJ9LHsicGx1Z2luIjoiYWJuIiwicGFyYW1ldGVycyI6IntcImlzQ3NzVXJsSW5qZWN0ZWRcIjpmYWxzZX0ifSx7InBsdWdpbiI6ImFibl9zaGFkb3ciLCJwYXJhbWV0ZXJzIjoie1wiaXNDc3NVcmxJbmplY3RlZFwiOmZhbHNlfSJ9XX0sImlzVG9wTGV2ZWwiOnRydWUsInBhZ2VTdGFydFRpbWUiOjE3ODUxMDYyNzYyNjEsIm5hdmlnYXRpb25TdGFydFRpbWUiOjE3ODUxMDYyNzU1MzB9&nocache=1da01&tm=2026-07-27T03%3A17%3A34.668Z:0
[15979181ms] [ERROR] Failed to load resource: net::ERR_FAILED @ https://gc.kis.v2.scr.kaspersky-labs.com/7D8B79A2-8974-4D7B-A76A-F4F29624C06BOSxDTLheSV66Hsf0i1yRUXAy8NkjYorxIG_uaN1dmJ5Wvd2xA3apQXvET0QVAF1JEaoPV6BKADfMsM6k4U-tLg/init?data=eyJ1cmwiOiJodHRwczovL2FwcHN0b3JlY29ubmVjdC5hcHBsZS5jb20vYXBwcy82Nzg5OTEzMTg2L2Rpc3RyaWJ1dGlvbi9pb3MvdmVyc2lvbi9pbmZsaWdodCIsInBsdWdpbnMiOiJ3c20mY2EmdnMmd250JnVhJmFibiZhYm5fc2hhZG93JmNiIiwiZGF0YSI6eyJkYXRhIjpbeyJwbHVnaW4iOiJ3c20iLCJwYXJhbWV0ZXJzIjoie1wicmVmZXJyZXJcIjpcIlwiLFwic3R1YklkXCI6XCJcIn0ifSx7InBsdWdpbiI6IndudCIsInBhcmFtZXRlcnMiOiJ7XCJyZWZlcnJlclwiOlwiXCJ9In0seyJwbHVnaW4iOiJ1YSIsInBhcmFtZXRlcnMiOiJ7fSJ9LHsicGx1Z2luIjoiYWJuIiwicGFyYW1ldGVycyI6IntcImlzQ3NzVXJsSW5qZWN0ZWRcIjpmYWxzZX0ifSx7InBsdWdpbiI6ImFibl9zaGFkb3ciLCJwYXJhbWV0ZXJzIjoie1wiaXNDc3NVcmxJbmplY3RlZFwiOmZhbHNlfSJ9XX0sImlzVG9wTGV2ZWwiOnRydWUsInBhZ2VTdGFydFRpbWUiOjE3ODUxMDYyNzYyNjEsIm5hdmlnYXRpb25TdGFydFRpbWUiOjE3ODUxMDYyNzU1MzB9&nocache=1a346&tm=2026-07-27T03%3A17%3A34.688Z&second=true:0
[16099155ms] [ERROR] Failed to load resource: net::ERR_FAILED @ https://gc.kis.v2.scr.kaspersky-labs.com/7D8B79A2-8974-4D7B-A76A-F4F29624C06BOSxDTLheSV66Hsf0i1yRUXAy8NkjYorxIG_uaN1dmJ5Wvd2xA3apQXvET0QVAF1JEaoPV6BKADfMsM6k4U-tLg/init?data=eyJ1cmwiOiJodHRwczovL2FwcHN0b3JlY29ubmVjdC5hcHBsZS5jb20vYXBwcy82Nzg5OTEzMTg2L2Rpc3RyaWJ1dGlvbi9pb3MvdmVyc2lvbi9pbmZsaWdodCIsInBsdWdpbnMiOiJ3c20mY2EmdnMmd250JnVhJmFibiZhYm5fc2hhZG93JmNiIiwiZGF0YSI6eyJkYXRhIjpbeyJwbHVnaW4iOiJ3c20iLCJwYXJhbWV0ZXJzIjoie1wicmVmZXJyZXJcIjpcIlwiLFwic3R1YklkXCI6XCJcIn0ifSx7InBsdWdpbiI6IndudCIsInBhcmFtZXRlcnMiOiJ7XCJyZWZlcnJlclwiOlwiXCJ9In0seyJwbHVnaW4iOiJ1YSIsInBhcmFtZXRlcnMiOiJ7fSJ9LHsicGx1Z2luIjoiYWJuIiwicGFyYW1ldGVycyI6IntcImlzQ3NzVXJsSW5qZWN0ZWRcIjpmYWxzZX0ifSx7InBsdWdpbiI6ImFibl9zaGFkb3ciLCJwYXJhbWV0ZXJzIjoie1wiaXNDc3NVcmxJbmplY3RlZFwiOmZhbHNlfSJ9XX0sImlzVG9wTGV2ZWwiOnRydWUsInBhZ2VTdGFydFRpbWUiOjE3ODUxMDYyNzYyNjEsIm5hdmlnYXRpb25TdGFydFRpbWUiOjE3ODUxMDYyNzU1MzB9&nocache=106e8&tm=2026-07-27T03%3A19%3A34.668Z:0
[16099166ms] [ERROR] Failed to load resource: net::ERR_FAILED @ https://gc.kis.v2.scr.kaspersky-labs.com/7D8B79A2-8974-4D7B-A76A-F4F29624C06BOSxDTLheSV66Hsf0i1yRUXAy8NkjYorxIG_uaN1dmJ5Wvd2xA3apQXvET0QVAF1JEaoPV6BKADfMsM6k4U-tLg/init?data=eyJ1cmwiOiJodHRwczovL2FwcHN0b3JlY29ubmVjdC5hcHBsZS5jb20vYXBwcy82Nzg5OTEzMTg2L2Rpc3RyaWJ1dGlvbi9pb3MvdmVyc2lvbi9pbmZsaWdodCIsInBsdWdpbnMiOiJ3c20mY2EmdnMmd250JnVhJmFibiZhYm5fc2hhZG93JmNiIiwiZGF0YSI6eyJkYXRhIjpbeyJwbHVnaW4iOiJ3c20iLCJwYXJhbWV0ZXJzIjoie1wicmVmZXJyZXJcIjpcIlwiLFwic3R1YklkXCI6XCJcIn0ifSx7InBsdWdpbiI6IndudCIsInBhcmFtZXRlcnMiOiJ7XCJyZWZlcnJlclwiOlwiXCJ9In0seyJwbHVnaW4iOiJ1YSIsInBhcmFtZXRlcnMiOiJ7fSJ9LHsicGx1Z2luIjoiYWJuIiwicGFyYW1ldGVycyI6IntcImlzQ3NzVXJsSW5qZWN0ZWRcIjpmYWxzZX0ifSx7InBsdWdpbiI6ImFibl9zaGFkb3ciLCJwYXJhbWV0ZXJzIjoie1wiaXNDc3NVcmxJbmplY3RlZFwiOmZhbHNlfSJ9XX0sImlzVG9wTGV2ZWwiOnRydWUsInBhZ2VTdGFydFRpbWUiOjE3ODUxMDYyNzYyNjEsIm5hdmlnYXRpb25TdGFydFRpbWUiOjE3ODUxMDYyNzU1MzB9&nocache=1857e&tm=2026-07-27T03%3A19%3A34.678Z&second=true:0
[16219156ms] [ERROR] Failed to load resource: net::ERR_FAILED @ https://gc.kis.v2.scr.kaspersky-labs.com/7D8B79A2-8974-4D7B-A76A-F4F29624C06BOSxDTLheSV66Hsf0i1yRUXAy8NkjYorxIG_uaN1dmJ5Wvd2xA3apQXvET0QVAF1JEaoPV6BKADfMsM6k4U-tLg/init?data=eyJ1cmwiOiJodHRwczovL2FwcHN0b3JlY29ubmVjdC5hcHBsZS5jb20vYXBwcy82Nzg5OTEzMTg2L2Rpc3RyaWJ1dGlvbi9pb3MvdmVyc2lvbi9pbmZsaWdodCIsInBsdWdpbnMiOiJ3c20mY2EmdnMmd250JnVhJmFibiZhYm5fc2hhZG93JmNiIiwiZGF0YSI6eyJkYXRhIjpbeyJwbHVnaW4iOiJ3c20iLCJwYXJhbWV0ZXJzIjoie1wicmVmZXJyZXJcIjpcIlwiLFwic3R1YklkXCI6XCJcIn0ifSx7InBsdWdpbiI6IndudCIsInBhcmFtZXRlcnMiOiJ7XCJyZWZlcnJlclwiOlwiXCJ9In0seyJwbHVnaW4iOiJ1YSIsInBhcmFtZXRlcnMiOiJ7fSJ9LHsicGx1Z2luIjoiYWJuIiwicGFyYW1ldGVycyI6IntcImlzQ3NzVXJsSW5qZWN0ZWRcIjpmYWxzZX0ifSx7InBsdWdpbiI6ImFibl9zaGFkb3ciLCJwYXJhbWV0ZXJzIjoie1wiaXNDc3NVcmxJbmplY3RlZFwiOmZhbHNlfSJ9XX0sImlzVG9wTGV2ZWwiOnRydWUsInBhZ2VTdGFydFRpbWUiOjE3ODUxMDYyNzYyNjEsIm5hdmlnYXRpb25TdGFydFRpbWUiOjE3ODUxMDYyNzU1MzB9&nocache=137ba&tm=2026-07-27T03%3A21%3A34.663Z:0
[16219166ms] [ERROR] Failed to load resource: net::ERR_FAILED @ https://gc.kis.v2.scr.kaspersky-labs.com/7D8B79A2-8974-4D7B-A76A-F4F29624C06BOSxDTLheSV66Hsf0i1yRUXAy8NkjYorxIG_uaN1dmJ5Wvd2xA3apQXvET0QVAF1JEaoPV6BKADfMsM6k4U-tLg/init?data=eyJ1cmwiOiJodHRwczovL2FwcHN0b3JlY29ubmVjdC5hcHBsZS5jb20vYXBwcy82Nzg5OTEzMTg2L2Rpc3RyaWJ1dGlvbi9pb3MvdmVyc2lvbi9pbmZsaWdodCIsInBsdWdpbnMiOiJ3c20mY2EmdnMmd250JnVhJmFibiZhYm5fc2hhZG93JmNiIiwiZGF0YSI6eyJkYXRhIjpbeyJwbHVnaW4iOiJ3c20iLCJwYXJhbWV0ZXJzIjoie1wicmVmZXJyZXJcIjpcIlwiLFwic3R1YklkXCI6XCJcIn0ifSx7InBsdWdpbiI6IndudCIsInBhcmFtZXRlcnMiOiJ7XCJyZWZlcnJlclwiOlwiXCJ9In0seyJwbHVnaW4iOiJ1YSIsInBhcmFtZXRlcnMiOiJ7fSJ9LHsicGx1Z2luIjoiYWJuIiwicGFyYW1ldGVycyI6IntcImlzQ3NzVXJsSW5qZWN0ZWRcIjpmYWxzZX0ifSx7InBsdWdpbiI6ImFibl9zaGFkb3ciLCJwYXJhbWV0ZXJzIjoie1wiaXNDc3NVcmxJbmplY3RlZFwiOmZhbHNlfSJ9XX0sImlzVG9wTGV2ZWwiOnRydWUsInBhZ2VTdGFydFRpbWUiOjE3ODUxMDYyNzYyNjEsIm5hdmlnYXRpb25TdGFydFRpbWUiOjE3ODUxMDYyNzU1MzB9&nocache=110bc&tm=2026-07-27T03%3A21%3A34.678Z&second=true:0
[16339149ms] [ERROR] Failed to load resource: net::ERR_FAILED @ https://gc.kis.v2.scr.kaspersky-labs.com/7D8B79A2-8974-4D7B-A76A-F4F29624C06BOSxDTLheSV66Hsf0i1yRUXAy8NkjYorxIG_uaN1dmJ5Wvd2xA3apQXvET0QVAF1JEaoPV6BKADfMsM6k4U-tLg/init?data=eyJ1cmwiOiJodHRwczovL2FwcHN0b3JlY29ubmVjdC5hcHBsZS5jb20vYXBwcy82Nzg5OTEzMTg2L2Rpc3RyaWJ1dGlvbi9pb3MvdmVyc2lvbi9pbmZsaWdodCIsInBsdWdpbnMiOiJ3c20mY2EmdnMmd250JnVhJmFibiZhYm5fc2hhZG93JmNiIiwiZGF0YSI6eyJkYXRhIjpbeyJwbHVnaW4iOiJ3c20iLCJwYXJhbWV0ZXJzIjoie1wicmVmZXJyZXJcIjpcIlwiLFwic3R1YklkXCI6XCJcIn0ifSx7InBsdWdpbiI6IndudCIsInBhcmFtZXRlcnMiOiJ7XCJyZWZlcnJlclwiOlwiXCJ9In0seyJwbHVnaW4iOiJ1YSIsInBhcmFtZXRlcnMiOiJ7fSJ9LHsicGx1Z2luIjoiYWJuIiwicGFyYW1ldGVycyI6IntcImlzQ3NzVXJsSW5qZWN0ZWRcIjpmYWxzZX0ifSx7InBsdWdpbiI6ImFibl9zaGFkb3ciLCJwYXJhbWV0ZXJzIjoie1wiaXNDc3NVcmxJbmplY3RlZFwiOmZhbHNlfSJ9XX0sImlzVG9wTGV2ZWwiOnRydWUsInBhZ2VTdGFydFRpbWUiOjE3ODUxMDYyNzYyNjEsIm5hdmlnYXRpb25TdGFydFRpbWUiOjE3ODUxMDYyNzU1MzB9&nocache=18ae3&tm=2026-07-27T03%3A23%3A34.661Z:0
[16339160ms] [ERROR] Failed to load resource: net::ERR_FAILED @ https://gc.kis.v2.scr.kaspersky-labs.com/7D8B79A2-8974-4D7B-A76A-F4F29624C06BOSxDTLheSV66Hsf0i1yRUXAy8NkjYorxIG_uaN1dmJ5Wvd2xA3apQXvET0QVAF1JEaoPV6BKADfMsM6k4U-tLg/init?data=eyJ1cmwiOiJodHRwczovL2FwcHN0b3JlY29ubmVjdC5hcHBsZS5jb20vYXBwcy82Nzg5OTEzMTg2L2Rpc3RyaWJ1dGlvbi9pb3MvdmVyc2lvbi9pbmZsaWdodCIsInBsdWdpbnMiOiJ3c20mY2EmdnMmd250JnVhJmFibiZhYm5fc2hhZG93JmNiIiwiZGF0YSI6eyJkYXRhIjpbeyJwbHVnaW4iOiJ3c20iLCJwYXJhbWV0ZXJzIjoie1wicmVmZXJyZXJcIjpcIlwiLFwic3R1YklkXCI6XCJcIn0ifSx7InBsdWdpbiI6IndudCIsInBhcmFtZXRlcnMiOiJ7XCJyZWZlcnJlclwiOlwiXCJ9In0seyJwbHVnaW4iOiJ1YSIsInBhcmFtZXRlcnMiOiJ7fSJ9LHsicGx1Z2luIjoiYWJuIiwicGFyYW1ldGVycyI6IntcImlzQ3NzVXJsSW5qZWN0ZWRcIjpmYWxzZX0ifSx7InBsdWdpbiI6ImFibl9zaGFkb3ciLCJwYXJhbWV0ZXJzIjoie1wiaXNDc3NVcmxJbmplY3RlZFwiOmZhbHNlfSJ9XX0sImlzVG9wTGV2ZWwiOnRydWUsInBhZ2VTdGFydFRpbWUiOjE3ODUxMDYyNzYyNjEsIm5hdmlnYXRpb25TdGFydFRpbWUiOjE3ODUxMDYyNzU1MzB9&nocache=1fff2&tm=2026-07-27T03%3A23%3A34.672Z&second=true:0
[16459160ms] [ERROR] Failed to load resource: net::ERR_FAILED @ https://gc.kis.v2.scr.kaspersky-labs.com/7D8B79A2-8974-4D7B-A76A-F4F29624C06BOSxDTLheSV66Hsf0i1yRUXAy8NkjYorxIG_uaN1dmJ5Wvd2xA3apQXvET0QVAF1JEaoPV6BKADfMsM6k4U-tLg/init?data=eyJ1cmwiOiJodHRwczovL2FwcHN0b3JlY29ubmVjdC5hcHBsZS5jb20vYXBwcy82Nzg5OTEzMTg2L2Rpc3RyaWJ1dGlvbi9pb3MvdmVyc2lvbi9pbmZsaWdodCIsInBsdWdpbnMiOiJ3c20mY2EmdnMmd250JnVhJmFibiZhYm5fc2hhZG93JmNiIiwiZGF0YSI6eyJkYXRhIjpbeyJwbHVnaW4iOiJ3c20iLCJwYXJhbWV0ZXJzIjoie1wicmVmZXJyZXJcIjpcIlwiLFwic3R1YklkXCI6XCJcIn0ifSx7InBsdWdpbiI6IndudCIsInBhcmFtZXRlcnMiOiJ7XCJyZWZlcnJlclwiOlwiXCJ9In0seyJwbHVnaW4iOiJ1YSIsInBhcmFtZXRlcnMiOiJ7fSJ9LHsicGx1Z2luIjoiYWJuIiwicGFyYW1ldGVycyI6IntcImlzQ3NzVXJsSW5qZWN0ZWRcIjpmYWxzZX0ifSx7InBsdWdpbiI6ImFibl9zaGFkb3ciLCJwYXJhbWV0ZXJzIjoie1wiaXNDc3NVcmxJbmplY3RlZFwiOmZhbHNlfSJ9XX0sImlzVG9wTGV2ZWwiOnRydWUsInBhZ2VTdGFydFRpbWUiOjE3ODUxMDYyNzYyNjEsIm5hdmlnYXRpb25TdGFydFRpbWUiOjE3ODUxMDYyNzU1MzB9&nocache=159c4&tm=2026-07-27T03%3A25%3A34.669Z:0
[16459179ms] [ERROR] Failed to load resource: net::ERR_FAILED @ https://gc.kis.v2.scr.kaspersky-labs.com/7D8B79A2-8974-4D7B-A76A-F4F29624C06BOSxDTLheSV66Hsf0i1yRUXAy8NkjYorxIG_uaN1dmJ5Wvd2xA3apQXvET0QVAF1JEaoPV6BKADfMsM6k4U-tLg/init?data=eyJ1cmwiOiJodHRwczovL2FwcHN0b3JlY29ubmVjdC5hcHBsZS5jb20vYXBwcy82Nzg5OTEzMTg2L2Rpc3RyaWJ1dGlvbi9pb3MvdmVyc2lvbi9pbmZsaWdodCIsInBsdWdpbnMiOiJ3c20mY2EmdnMmd250JnVhJmFibiZhYm5fc2hhZG93JmNiIiwiZGF0YSI6eyJkYXRhIjpbeyJwbHVnaW4iOiJ3c20iLCJwYXJhbWV0ZXJzIjoie1wicmVmZXJyZXJcIjpcIlwiLFwic3R1YklkXCI6XCJcIn0ifSx7InBsdWdpbiI6IndudCIsInBhcmFtZXRlcnMiOiJ7XCJyZWZlcnJlclwiOlwiXCJ9In0seyJwbHVnaW4iOiJ1YSIsInBhcmFtZXRlcnMiOiJ7fSJ9LHsicGx1Z2luIjoiYWJuIiwicGFyYW1ldGVycyI6IntcImlzQ3NzVXJsSW5qZWN0ZWRcIjpmYWxzZX0ifSx7InBsdWdpbiI6ImFibl9zaGFkb3ciLCJwYXJhbWV0ZXJzIjoie1wiaXNDc3NVcmxJbmplY3RlZFwiOmZhbHNlfSJ9XX0sImlzVG9wTGV2ZWwiOnRydWUsInBhZ2VTdGFydFRpbWUiOjE3ODUxMDYyNzYyNjEsIm5hdmlnYXRpb25TdGFydFRpbWUiOjE3ODUxMDYyNzU1MzB9&nocache=173d4&tm=2026-07-27T03%3A25%3A34.683Z&second=true:0
[16579154ms] [ERROR] Failed to load resource: net::ERR_FAILED @ https://gc.kis.v2.scr.kaspersky-labs.com/7D8B79A2-8974-4D7B-A76A-F4F29624C06BOSxDTLheSV66Hsf0i1yRUXAy8NkjYorxIG_uaN1dmJ5Wvd2xA3apQXvET0QVAF1JEaoPV6BKADfMsM6k4U-tLg/init?data=eyJ1cmwiOiJodHRwczovL2FwcHN0b3JlY29ubmVjdC5hcHBsZS5jb20vYXBwcy82Nzg5OTEzMTg2L2Rpc3RyaWJ1dGlvbi9pb3MvdmVyc2lvbi9pbmZsaWdodCIsInBsdWdpbnMiOiJ3c20mY2EmdnMmd250JnVhJmFibiZhYm5fc2hhZG93JmNiIiwiZGF0YSI6eyJkYXRhIjpbeyJwbHVnaW4iOiJ3c20iLCJwYXJhbWV0ZXJzIjoie1wicmVmZXJyZXJcIjpcIlwiLFwic3R1YklkXCI6XCJcIn0ifSx7InBsdWdpbiI6IndudCIsInBhcmFtZXRlcnMiOiJ7XCJyZWZlcnJlclwiOlwiXCJ9In0seyJwbHVnaW4iOiJ1YSIsInBhcmFtZXRlcnMiOiJ7fSJ9LHsicGx1Z2luIjoiYWJuIiwicGFyYW1ldGVycyI6IntcImlzQ3NzVXJsSW5qZWN0ZWRcIjpmYWxzZX0ifSx7InBsdWdpbiI6ImFibl9zaGFkb3ciLCJwYXJhbWV0ZXJzIjoie1wiaXNDc3NVcmxJbmplY3RlZFwiOmZhbHNlfSJ9XX0sImlzVG9wTGV2ZWwiOnRydWUsInBhZ2VTdGFydFRpbWUiOjE3ODUxMDYyNzYyNjEsIm5hdmlnYXRpb25TdGFydFRpbWUiOjE3ODUxMDYyNzU1MzB9&nocache=1ecc0&tm=2026-07-27T03%3A27%3A34.665Z:0
[16579192ms] [ERROR] Failed to load resource: net::ERR_FAILED @ https://gc.kis.v2.scr.kaspersky-labs.com/7D8B79A2-8974-4D7B-A76A-F4F29624C06BOSxDTLheSV66Hsf0i1yRUXAy8NkjYorxIG_uaN1dmJ5Wvd2xA3apQXvET0QVAF1JEaoPV6BKADfMsM6k4U-tLg/init?data=eyJ1cmwiOiJodHRwczovL2FwcHN0b3JlY29ubmVjdC5hcHBsZS5jb20vYXBwcy82Nzg5OTEzMTg2L2Rpc3RyaWJ1dGlvbi9pb3MvdmVyc2lvbi9pbmZsaWdodCIsInBsdWdpbnMiOiJ3c20mY2EmdnMmd250JnVhJmFibiZhYm5fc2hhZG93JmNiIiwiZGF0YSI6eyJkYXRhIjpbeyJwbHVnaW4iOiJ3c20iLCJwYXJhbWV0ZXJzIjoie1wicmVmZXJyZXJcIjpcIlwiLFwic3R1YklkXCI6XCJcIn0ifSx7InBsdWdpbiI6IndudCIsInBhcmFtZXRlcnMiOiJ7XCJyZWZlcnJlclwiOlwiXCJ9In0seyJwbHVnaW4iOiJ1YSIsInBhcmFtZXRlcnMiOiJ7fSJ9LHsicGx1Z2luIjoiYWJuIiwicGFyYW1ldGVycyI6IntcImlzQ3NzVXJsSW5qZWN0ZWRcIjpmYWxzZX0ifSx7InBsdWdpbiI6ImFibl9zaGFkb3ciLCJwYXJhbWV0ZXJzIjoie1wiaXNDc3NVcmxJbmplY3RlZFwiOmZhbHNlfSJ9XX0sImlzVG9wTGV2ZWwiOnRydWUsInBhZ2VTdGFydFRpbWUiOjE3ODUxMDYyNzYyNjEsIm5hdmlnYXRpb25TdGFydFRpbWUiOjE3ODUxMDYyNzU1MzB9&nocache=17c53&tm=2026-07-27T03%3A27%3A34.677Z&second=true:0
[16699156ms] [ERROR] Failed to load resource: net::ERR_FAILED @ https://gc.kis.v2.scr.kaspersky-labs.com/7D8B79A2-8974-4D7B-A76A-F4F29624C06BOSxDTLheSV66Hsf0i1yRUXAy8NkjYorxIG_uaN1dmJ5Wvd2xA3apQXvET0QVAF1JEaoPV6BKADfMsM6k4U-tLg/init?data=eyJ1cmwiOiJodHRwczovL2FwcHN0b3JlY29ubmVjdC5hcHBsZS5jb20vYXBwcy82Nzg5OTEzMTg2L2Rpc3RyaWJ1dGlvbi9pb3MvdmVyc2lvbi9pbmZsaWdodCIsInBsdWdpbnMiOiJ3c20mY2EmdnMmd250JnVhJmFibiZhYm5fc2hhZG93JmNiIiwiZGF0YSI6eyJkYXRhIjpbeyJwbHVnaW4iOiJ3c20iLCJwYXJhbWV0ZXJzIjoie1wicmVmZXJyZXJcIjpcIlwiLFwic3R1YklkXCI6XCJcIn0ifSx7InBsdWdpbiI6IndudCIsInBhcmFtZXRlcnMiOiJ7XCJyZWZlcnJlclwiOlwiXCJ9In0seyJwbHVnaW4iOiJ1YSIsInBhcmFtZXRlcnMiOiJ7fSJ9LHsicGx1Z2luIjoiYWJuIiwicGFyYW1ldGVycyI6IntcImlzQ3NzVXJsSW5qZWN0ZWRcIjpmYWxzZX0ifSx7InBsdWdpbiI6ImFibl9zaGFkb3ciLCJwYXJhbWV0ZXJzIjoie1wiaXNDc3NVcmxJbmplY3RlZFwiOmZhbHNlfSJ9XX0sImlzVG9wTGV2ZWwiOnRydWUsInBhZ2VTdGFydFRpbWUiOjE3ODUxMDYyNzYyNjEsIm5hdmlnYXRpb25TdGFydFRpbWUiOjE3ODUxMDYyNzU1MzB9&nocache=176ad&tm=2026-07-27T03%3A29%3A34.665Z:0
[16699163ms] [ERROR] Failed to load resource: net::ERR_FAILED @ https://gc.kis.v2.scr.kaspersky-labs.com/7D8B79A2-8974-4D7B-A76A-F4F29624C06BOSxDTLheSV66Hsf0i1yRUXAy8NkjYorxIG_uaN1dmJ5Wvd2xA3apQXvET0QVAF1JEaoPV6BKADfMsM6k4U-tLg/init?data=eyJ1cmwiOiJodHRwczovL2FwcHN0b3JlY29ubmVjdC5hcHBsZS5jb20vYXBwcy82Nzg5OTEzMTg2L2Rpc3RyaWJ1dGlvbi9pb3MvdmVyc2lvbi9pbmZsaWdodCIsInBsdWdpbnMiOiJ3c20mY2EmdnMmd250JnVhJmFibiZhYm5fc2hhZG93JmNiIiwiZGF0YSI6eyJkYXRhIjpbeyJwbHVnaW4iOiJ3c20iLCJwYXJhbWV0ZXJzIjoie1wicmVmZXJyZXJcIjpcIlwiLFwic3R1YklkXCI6XCJcIn0ifSx7InBsdWdpbiI6IndudCIsInBhcmFtZXRlcnMiOiJ7XCJyZWZlcnJlclwiOlwiXCJ9In0seyJwbHVnaW4iOiJ1YSIsInBhcmFtZXRlcnMiOiJ7fSJ9LHsicGx1Z2luIjoiYWJuIiwicGFyYW1ldGVycyI6IntcImlzQ3NzVXJsSW5qZWN0ZWRcIjpmYWxzZX0ifSx7InBsdWdpbiI6ImFibl9zaGFkb3ciLCJwYXJhbWV0ZXJzIjoie1wiaXNDc3NVcmxJbmplY3RlZFwiOmZhbHNlfSJ9XX0sImlzVG9wTGV2ZWwiOnRydWUsInBhZ2VTdGFydFRpbWUiOjE3ODUxMDYyNzYyNjEsIm5hdmlnYXRpb25TdGFydFRpbWUiOjE3ODUxMDYyNzU1MzB9&nocache=1472f&tm=2026-07-27T03%3A29%3A34.678Z&second=true:0
[16819154ms] [ERROR] Failed to load resource: net::ERR_FAILED @ https://gc.kis.v2.scr.kaspersky-labs.com/7D8B79A2-8974-4D7B-A76A-F4F29624C06BOSxDTLheSV66Hsf0i1yRUXAy8NkjYorxIG_uaN1dmJ5Wvd2xA3apQXvET0QVAF1JEaoPV6BKADfMsM6k4U-tLg/init?data=eyJ1cmwiOiJodHRwczovL2FwcHN0b3JlY29ubmVjdC5hcHBsZS5jb20vYXBwcy82Nzg5OTEzMTg2L2Rpc3RyaWJ1dGlvbi9pb3MvdmVyc2lvbi9pbmZsaWdodCIsInBsdWdpbnMiOiJ3c20mY2EmdnMmd250JnVhJmFibiZhYm5fc2hhZG93JmNiIiwiZGF0YSI6eyJkYXRhIjpbeyJwbHVnaW4iOiJ3c20iLCJwYXJhbWV0ZXJzIjoie1wicmVmZXJyZXJcIjpcIlwiLFwic3R1YklkXCI6XCJcIn0ifSx7InBsdWdpbiI6IndudCIsInBhcmFtZXRlcnMiOiJ7XCJyZWZlcnJlclwiOlwiXCJ9In0seyJwbHVnaW4iOiJ1YSIsInBhcmFtZXRlcnMiOiJ7fSJ9LHsicGx1Z2luIjoiYWJuIiwicGFyYW1ldGVycyI6IntcImlzQ3NzVXJsSW5qZWN0ZWRcIjpmYWxzZX0ifSx7InBsdWdpbiI6ImFibl9zaGFkb3ciLCJwYXJhbWV0ZXJzIjoie1wiaXNDc3NVcmxJbmplY3RlZFwiOmZhbHNlfSJ9XX0sImlzVG9wTGV2ZWwiOnRydWUsInBhZ2VTdGFydFRpbWUiOjE3ODUxMDYyNzYyNjEsIm5hdmlnYXRpb25TdGFydFRpbWUiOjE3ODUxMDYyNzU1MzB9&nocache=1d143&tm=2026-07-27T03%3A31%3A34.664Z:0
[16819162ms] [ERROR] Failed to load resource: net::ERR_FAILED @ https://gc.kis.v2.scr.kaspersky-labs.com/7D8B79A2-8974-4D7B-A76A-F4F29624C06BOSxDTLheSV66Hsf0i1yRUXAy8NkjYorxIG_uaN1dmJ5Wvd2xA3apQXvET0QVAF1JEaoPV6BKADfMsM6k4U-tLg/init?data=eyJ1cmwiOiJodHRwczovL2FwcHN0b3JlY29ubmVjdC5hcHBsZS5jb20vYXBwcy82Nzg5OTEzMTg2L2Rpc3RyaWJ1dGlvbi9pb3MvdmVyc2lvbi9pbmZsaWdodCIsInBsdWdpbnMiOiJ3c20mY2EmdnMmd250JnVhJmFibiZhYm5fc2hhZG93JmNiIiwiZGF0YSI6eyJkYXRhIjpbeyJwbHVnaW4iOiJ3c20iLCJwYXJhbWV0ZXJzIjoie1wicmVmZXJyZXJcIjpcIlwiLFwic3R1YklkXCI6XCJcIn0ifSx7InBsdWdpbiI6IndudCIsInBhcmFtZXRlcnMiOiJ7XCJyZWZlcnJlclwiOlwiXCJ9In0seyJwbHVnaW4iOiJ1YSIsInBhcmFtZXRlcnMiOiJ7fSJ9LHsicGx1Z2luIjoiYWJuIiwicGFyYW1ldGVycyI6IntcImlzQ3NzVXJsSW5qZWN0ZWRcIjpmYWxzZX0ifSx7InBsdWdpbiI6ImFibl9zaGFkb3ciLCJwYXJhbWV0ZXJzIjoie1wiaXNDc3NVcmxJbmplY3RlZFwiOmZhbHNlfSJ9XX0sImlzVG9wTGV2ZWwiOnRydWUsInBhZ2VTdGFydFRpbWUiOjE3ODUxMDYyNzYyNjEsIm5hdmlnYXRpb25TdGFydFRpbWUiOjE3ODUxMDYyNzU1MzB9&nocache=1ee23&tm=2026-07-27T03%3A31%3A34.676Z&second=true:0
[16939147ms] [ERROR] Failed to load resource: net::ERR_FAILED @ https://gc.kis.v2.scr.kaspersky-labs.com/7D8B79A2-8974-4D7B-A76A-F4F29624C06BOSxDTLheSV66Hsf0i1yRUXAy8NkjYorxIG_uaN1dmJ5Wvd2xA3apQXvET0QVAF1JEaoPV6BKADfMsM6k4U-tLg/init?data=eyJ1cmwiOiJodHRwczovL2FwcHN0b3JlY29ubmVjdC5hcHBsZS5jb20vYXBwcy82Nzg5OTEzMTg2L2Rpc3RyaWJ1dGlvbi9pb3MvdmVyc2lvbi9pbmZsaWdodCIsInBsdWdpbnMiOiJ3c20mY2EmdnMmd250JnVhJmFibiZhYm5fc2hhZG93JmNiIiwiZGF0YSI6eyJkYXRhIjpbeyJwbHVnaW4iOiJ3c20iLCJwYXJhbWV0ZXJzIjoie1wicmVmZXJyZXJcIjpcIlwiLFwic3R1YklkXCI6XCJcIn0ifSx7InBsdWdpbiI6IndudCIsInBhcmFtZXRlcnMiOiJ7XCJyZWZlcnJlclwiOlwiXCJ9In0seyJwbHVnaW4iOiJ1YSIsInBhcmFtZXRlcnMiOiJ7fSJ9LHsicGx1Z2luIjoiYWJuIiwicGFyYW1ldGVycyI6IntcImlzQ3NzVXJsSW5qZWN0ZWRcIjpmYWxzZX0ifSx7InBsdWdpbiI6ImFibl9zaGFkb3ciLCJwYXJhbWV0ZXJzIjoie1wiaXNDc3NVcmxJbmplY3RlZFwiOmZhbHNlfSJ9XX0sImlzVG9wTGV2ZWwiOnRydWUsInBhZ2VTdGFydFRpbWUiOjE3ODUxMDYyNzYyNjEsIm5hdmlnYXRpb25TdGFydFRpbWUiOjE3ODUxMDYyNzU1MzB9&nocache=10346&tm=2026-07-27T03%3A33%3A34.658Z:0
[16939153ms] [ERROR] Failed to load resource: net::ERR_FAILED @ https://gc.kis.v2.scr.kaspersky-labs.com/7D8B79A2-8974-4D7B-A76A-F4F29624C06BOSxDTLheSV66Hsf0i1yRUXAy8NkjYorxIG_uaN1dmJ5Wvd2xA3apQXvET0QVAF1JEaoPV6BKADfMsM6k4U-tLg/init?data=eyJ1cmwiOiJodHRwczovL2FwcHN0b3JlY29ubmVjdC5hcHBsZS5jb20vYXBwcy82Nzg5OTEzMTg2L2Rpc3RyaWJ1dGlvbi9pb3MvdmVyc2lvbi9pbmZsaWdodCIsInBsdWdpbnMiOiJ3c20mY2EmdnMmd250JnVhJmFibiZhYm5fc2hhZG93JmNiIiwiZGF0YSI6eyJkYXRhIjpbeyJwbHVnaW4iOiJ3c20iLCJwYXJhbWV0ZXJzIjoie1wicmVmZXJyZXJcIjpcIlwiLFwic3R1YklkXCI6XCJcIn0ifSx7InBsdWdpbiI6IndudCIsInBhcmFtZXRlcnMiOiJ7XCJyZWZlcnJlclwiOlwiXCJ9In0seyJwbHVnaW4iOiJ1YSIsInBhcmFtZXRlcnMiOiJ7fSJ9LHsicGx1Z2luIjoiYWJuIiwicGFyYW1ldGVycyI6IntcImlzQ3NzVXJsSW5qZWN0ZWRcIjpmYWxzZX0ifSx7InBsdWdpbiI6ImFibl9zaGFkb3ciLCJwYXJhbWV0ZXJzIjoie1wiaXNDc3NVcmxJbmplY3RlZFwiOmZhbHNlfSJ9XX0sImlzVG9wTGV2ZWwiOnRydWUsInBhZ2VTdGFydFRpbWUiOjE3ODUxMDYyNzYyNjEsIm5hdmlnYXRpb25TdGFydFRpbWUiOjE3ODUxMDYyNzU1MzB9&nocache=1481c&tm=2026-07-27T03%3A33%3A34.669Z&second=true:0
[17059148ms] [ERROR] Failed to load resource: net::ERR_FAILED @ https://gc.kis.v2.scr.kaspersky-labs.com/7D8B79A2-8974-4D7B-A76A-F4F29624C06BOSxDTLheSV66Hsf0i1yRUXAy8NkjYorxIG_uaN1dmJ5Wvd2xA3apQXvET0QVAF1JEaoPV6BKADfMsM6k4U-tLg/init?data=eyJ1cmwiOiJodHRwczovL2FwcHN0b3JlY29ubmVjdC5hcHBsZS5jb20vYXBwcy82Nzg5OTEzMTg2L2Rpc3RyaWJ1dGlvbi9pb3MvdmVyc2lvbi9pbmZsaWdodCIsInBsdWdpbnMiOiJ3c20mY2EmdnMmd250JnVhJmFibiZhYm5fc2hhZG93JmNiIiwiZGF0YSI6eyJkYXRhIjpbeyJwbHVnaW4iOiJ3c20iLCJwYXJhbWV0ZXJzIjoie1wicmVmZXJyZXJcIjpcIlwiLFwic3R1YklkXCI6XCJcIn0ifSx7InBsdWdpbiI6IndudCIsInBhcmFtZXRlcnMiOiJ7XCJyZWZlcnJlclwiOlwiXCJ9In0seyJwbHVnaW4iOiJ1YSIsInBhcmFtZXRlcnMiOiJ7fSJ9LHsicGx1Z2luIjoiYWJuIiwicGFyYW1ldGVycyI6IntcImlzQ3NzVXJsSW5qZWN0ZWRcIjpmYWxzZX0ifSx7InBsdWdpbiI6ImFibl9zaGFkb3ciLCJwYXJhbWV0ZXJzIjoie1wiaXNDc3NVcmxJbmplY3RlZFwiOmZhbHNlfSJ9XX0sImlzVG9wTGV2ZWwiOnRydWUsInBhZ2VTdGFydFRpbWUiOjE3ODUxMDYyNzYyNjEsIm5hdmlnYXRpb25TdGFydFRpbWUiOjE3ODUxMDYyNzU1MzB9&nocache=1c5cb&tm=2026-07-27T03%3A35%3A34.659Z:0
[17059160ms] [ERROR] Failed to load resource: net::ERR_FAILED @ https://gc.kis.v2.scr.kaspersky-labs.com/7D8B79A2-8974-4D7B-A76A-F4F29624C06BOSxDTLheSV66Hsf0i1yRUXAy8NkjYorxIG_uaN1dmJ5Wvd2xA3apQXvET0QVAF1JEaoPV6BKADfMsM6k4U-tLg/init?data=eyJ1cmwiOiJodHRwczovL2FwcHN0b3JlY29ubmVjdC5hcHBsZS5jb20vYXBwcy82Nzg5OTEzMTg2L2Rpc3RyaWJ1dGlvbi9pb3MvdmVyc2lvbi9pbmZsaWdodCIsInBsdWdpbnMiOiJ3c20mY2EmdnMmd250JnVhJmFibiZhYm5fc2hhZG93JmNiIiwiZGF0YSI6eyJkYXRhIjpbeyJwbHVnaW4iOiJ3c20iLCJwYXJhbWV0ZXJzIjoie1wicmVmZXJyZXJcIjpcIlwiLFwic3R1YklkXCI6XCJcIn0ifSx7InBsdWdpbiI6IndudCIsInBhcmFtZXRlcnMiOiJ7XCJyZWZlcnJlclwiOlwiXCJ9In0seyJwbHVnaW4iOiJ1YSIsInBhcmFtZXRlcnMiOiJ7fSJ9LHsicGx1Z2luIjoiYWJuIiwicGFyYW1ldGVycyI6IntcImlzQ3NzVXJsSW5qZWN0ZWRcIjpmYWxzZX0ifSx7InBsdWdpbiI6ImFibl9zaGFkb3ciLCJwYXJhbWV0ZXJzIjoie1wiaXNDc3NVcmxJbmplY3RlZFwiOmZhbHNlfSJ9XX0sImlzVG9wTGV2ZWwiOnRydWUsInBhZ2VTdGFydFRpbWUiOjE3ODUxMDYyNzYyNjEsIm5hdmlnYXRpb25TdGFydFRpbWUiOjE3ODUxMDYyNzU1MzB9&nocache=15916&tm=2026-07-27T03%3A35%3A34.671Z&second=true:0
[17077630ms] [ERROR] Failed to load resource: net::ERR_FAILED @ https://gc.kis.v2.scr.kaspersky-labs.com/7D8B79A2-8974-4D7B-A76A-F4F29624C06BOSxDTLheSV66Hsf0i1yRUXAy8NkjYorxIG_uaN1dmJ5Wvd2xA3apQXvET0QVAF1JEaoPV6BKADfMsM6k4U-tLg/init?data=eyJ1cmwiOiJodHRwczovL2FwcHN0b3JlY29ubmVjdC5hcHBsZS5jb20vYXBwcy82Nzg5OTEzMTg2L2Rpc3RyaWJ1dGlvbi9pb3MvdmVyc2lvbi9pbmZsaWdodCIsInBsdWdpbnMiOiJ3c20mY2EmdnMmd250JnVhJmFibiZhYm5fc2hhZG93JmNiIiwiZGF0YSI6eyJkYXRhIjpbeyJwbHVnaW4iOiJ3c20iLCJwYXJhbWV0ZXJzIjoie1wicmVmZXJyZXJcIjpcIlwiLFwic3R1YklkXCI6XCJcIn0ifSx7InBsdWdpbiI6IndudCIsInBhcmFtZXRlcnMiOiJ7XCJyZWZlcnJlclwiOlwiXCJ9In0seyJwbHVnaW4iOiJ1YSIsInBhcmFtZXRlcnMiOiJ7fSJ9LHsicGx1Z2luIjoiYWJuIiwicGFyYW1ldGVycyI6IntcImlzQ3NzVXJsSW5qZWN0ZWRcIjpmYWxzZX0ifSx7InBsdWdpbiI6ImFibl9zaGFkb3ciLCJwYXJhbWV0ZXJzIjoie1wiaXNDc3NVcmxJbmplY3RlZFwiOmZhbHNlfSJ9XX0sImlzVG9wTGV2ZWwiOnRydWUsInBhZ2VTdGFydFRpbWUiOjE3ODUxMDYyNzYyNjEsIm5hdmlnYXRpb25TdGFydFRpbWUiOjE3ODUxMDYyNzU1MzB9&nocache=11163&tm=2026-07-27T03%3A35%3A53.148Z:0
[17077636ms] [ERROR] Failed to load resource: net::ERR_FAILED @ https://gc.kis.v2.scr.kaspersky-labs.com/7D8B79A2-8974-4D7B-A76A-F4F29624C06BOSxDTLheSV66Hsf0i1yRUXAy8NkjYorxIG_uaN1dmJ5Wvd2xA3apQXvET0QVAF1JEaoPV6BKADfMsM6k4U-tLg/init?data=eyJ1cmwiOiJodHRwczovL2FwcHN0b3JlY29ubmVjdC5hcHBsZS5jb20vYXBwcy82Nzg5OTEzMTg2L2Rpc3RyaWJ1dGlvbi9pb3MvdmVyc2lvbi9pbmZsaWdodCIsInBsdWdpbnMiOiJ3c20mY2EmdnMmd250JnVhJmFibiZhYm5fc2hhZG93JmNiIiwiZGF0YSI6eyJkYXRhIjpbeyJwbHVnaW4iOiJ3c20iLCJwYXJhbWV0ZXJzIjoie1wicmVmZXJyZXJcIjpcIlwiLFwic3R1YklkXCI6XCJcIn0ifSx7InBsdWdpbiI6IndudCIsInBhcmFtZXRlcnMiOiJ7XCJyZWZlcnJlclwiOlwiXCJ9In0seyJwbHVnaW4iOiJ1YSIsInBhcmFtZXRlcnMiOiJ7fSJ9LHsicGx1Z2luIjoiYWJuIiwicGFyYW1ldGVycyI6IntcImlzQ3NzVXJsSW5qZWN0ZWRcIjpmYWxzZX0ifSx7InBsdWdpbiI6ImFibl9zaGFkb3ciLCJwYXJhbWV0ZXJzIjoie1wiaXNDc3NVcmxJbmplY3RlZFwiOmZhbHNlfSJ9XX0sImlzVG9wTGV2ZWwiOnRydWUsInBhZ2VTdGFydFRpbWUiOjE3ODUxMDYyNzYyNjEsIm5hdmlnYXRpb25TdGFydFRpbWUiOjE3ODUxMDYyNzU1MzB9&nocache=17b1a&tm=2026-07-27T03%3A35%3A53.152Z&second=true:0
[17102147ms] [ERROR] Failed to load resource: net::ERR_FAILED @ https://gc.kis.v2.scr.kaspersky-labs.com/7D8B79A2-8974-4D7B-A76A-F4F29624C06BOSxDTLheSV66Hsf0i1yRUXAy8NkjYorxIG_uaN1dmJ5Wvd2xA3apQXvET0QVAF1JEaoPV6BKADfMsM6k4U-tLg/init?data=eyJ1cmwiOiJodHRwczovL2FwcHN0b3JlY29ubmVjdC5hcHBsZS5jb20vYXBwcy82Nzg5OTEzMTg2L2Rpc3RyaWJ1dGlvbi9pb3MvdmVyc2lvbi9pbmZsaWdodCIsInBsdWdpbnMiOiJ3c20mY2EmdnMmd250JnVhJmFibiZhYm5fc2hhZG93JmNiIiwiZGF0YSI6eyJkYXRhIjpbeyJwbHVnaW4iOiJ3c20iLCJwYXJhbWV0ZXJzIjoie1wicmVmZXJyZXJcIjpcIlwiLFwic3R1YklkXCI6XCJcIn0ifSx7InBsdWdpbiI6IndudCIsInBhcmFtZXRlcnMiOiJ7XCJyZWZlcnJlclwiOlwiXCJ9In0seyJwbHVnaW4iOiJ1YSIsInBhcmFtZXRlcnMiOiJ7fSJ9LHsicGx1Z2luIjoiYWJuIiwicGFyYW1ldGVycyI6IntcImlzQ3NzVXJsSW5qZWN0ZWRcIjpmYWxzZX0ifSx7InBsdWdpbiI6ImFibl9zaGFkb3ciLCJwYXJhbWV0ZXJzIjoie1wiaXNDc3NVcmxJbmplY3RlZFwiOmZhbHNlfSJ9XX0sImlzVG9wTGV2ZWwiOnRydWUsInBhZ2VTdGFydFRpbWUiOjE3ODUxMDYyNzYyNjEsIm5hdmlnYXRpb25TdGFydFRpbWUiOjE3ODUxMDYyNzU1MzB9&nocache=1ca89&tm=2026-07-27T03%3A36%3A17.656Z:0
[17102172ms] [ERROR] Failed to load resource: net::ERR_FAILED @ https://gc.kis.v2.scr.kaspersky-labs.com/7D8B79A2-8974-4D7B-A76A-F4F29624C06BOSxDTLheSV66Hsf0i1yRUXAy8NkjYorxIG_uaN1dmJ5Wvd2xA3apQXvET0QVAF1JEaoPV6BKADfMsM6k4U-tLg/init?data=eyJ1cmwiOiJodHRwczovL2FwcHN0b3JlY29ubmVjdC5hcHBsZS5jb20vYXBwcy82Nzg5OTEzMTg2L2Rpc3RyaWJ1dGlvbi9pb3MvdmVyc2lvbi9pbmZsaWdodCIsInBsdWdpbnMiOiJ3c20mY2EmdnMmd250JnVhJmFibiZhYm5fc2hhZG93JmNiIiwiZGF0YSI6eyJkYXRhIjpbeyJwbHVnaW4iOiJ3c20iLCJwYXJhbWV0ZXJzIjoie1wicmVmZXJyZXJcIjpcIlwiLFwic3R1YklkXCI6XCJcIn0ifSx7InBsdWdpbiI6IndudCIsInBhcmFtZXRlcnMiOiJ7XCJyZWZlcnJlclwiOlwiXCJ9In0seyJwbHVnaW4iOiJ1YSIsInBhcmFtZXRlcnMiOiJ7fSJ9LHsicGx1Z2luIjoiYWJuIiwicGFyYW1ldGVycyI6IntcImlzQ3NzVXJsSW5qZWN0ZWRcIjpmYWxzZX0ifSx7InBsdWdpbiI6ImFibl9zaGFkb3ciLCJwYXJhbWV0ZXJzIjoie1wiaXNDc3NVcmxJbmplY3RlZFwiOmZhbHNlfSJ9XX0sImlzVG9wTGV2ZWwiOnRydWUsInBhZ2VTdGFydFRpbWUiOjE3ODUxMDYyNzYyNjEsIm5hdmlnYXRpb25TdGFydFRpbWUiOjE3ODUxMDYyNzU1MzB9&nocache=112e2&tm=2026-07-27T03%3A36%3A17.669Z&second=true:0
[17132147ms] [ERROR] Failed to load resource: net::ERR_FAILED @ https://gc.kis.v2.scr.kaspersky-labs.com/7D8B79A2-8974-4D7B-A76A-F4F29624C06BOSxDTLheSV66Hsf0i1yRUXAy8NkjYorxIG_uaN1dmJ5Wvd2xA3apQXvET0QVAF1JEaoPV6BKADfMsM6k4U-tLg/init?data=eyJ1cmwiOiJodHRwczovL2FwcHN0b3JlY29ubmVjdC5hcHBsZS5jb20vYXBwcy82Nzg5OTEzMTg2L2Rpc3RyaWJ1dGlvbi9pb3MvdmVyc2lvbi9pbmZsaWdodCIsInBsdWdpbnMiOiJ3c20mY2EmdnMmd250JnVhJmFibiZhYm5fc2hhZG93JmNiIiwiZGF0YSI6eyJkYXRhIjpbeyJwbHVnaW4iOiJ3c20iLCJwYXJhbWV0ZXJzIjoie1wicmVmZXJyZXJcIjpcIlwiLFwic3R1YklkXCI6XCJcIn0ifSx7InBsdWdpbiI6IndudCIsInBhcmFtZXRlcnMiOiJ7XCJyZWZlcnJlclwiOlwiXCJ9In0seyJwbHVnaW4iOiJ1YSIsInBhcmFtZXRlcnMiOiJ7fSJ9LHsicGx1Z2luIjoiYWJuIiwicGFyYW1ldGVycyI6IntcImlzQ3NzVXJsSW5qZWN0ZWRcIjpmYWxzZX0ifSx7InBsdWdpbiI6ImFibl9zaGFkb3ciLCJwYXJhbWV0ZXJzIjoie1wiaXNDc3NVcmxJbmplY3RlZFwiOmZhbHNlfSJ9XX0sImlzVG9wTGV2ZWwiOnRydWUsInBhZ2VTdGFydFRpbWUiOjE3ODUxMDYyNzYyNjEsIm5hdmlnYXRpb25TdGFydFRpbWUiOjE3ODUxMDYyNzU1MzB9&nocache=1c453&tm=2026-07-27T03%3A36%3A47.658Z:0
[17132185ms] [ERROR] Failed to load resource: net::ERR_FAILED @ https://gc.kis.v2.scr.kaspersky-labs.com/7D8B79A2-8974-4D7B-A76A-F4F29624C06BOSxDTLheSV66Hsf0i1yRUXAy8NkjYorxIG_uaN1dmJ5Wvd2xA3apQXvET0QVAF1JEaoPV6BKADfMsM6k4U-tLg/init?data=eyJ1cmwiOiJodHRwczovL2FwcHN0b3JlY29ubmVjdC5hcHBsZS5jb20vYXBwcy82Nzg5OTEzMTg2L2Rpc3RyaWJ1dGlvbi9pb3MvdmVyc2lvbi9pbmZsaWdodCIsInBsdWdpbnMiOiJ3c20mY2EmdnMmd250JnVhJmFibiZhYm5fc2hhZG93JmNiIiwiZGF0YSI6eyJkYXRhIjpbeyJwbHVnaW4iOiJ3c20iLCJwYXJhbWV0ZXJzIjoie1wicmVmZXJyZXJcIjpcIlwiLFwic3R1YklkXCI6XCJcIn0ifSx7InBsdWdpbiI6IndudCIsInBhcmFtZXRlcnMiOiJ7XCJyZWZlcnJlclwiOlwiXCJ9In0seyJwbHVnaW4iOiJ1YSIsInBhcmFtZXRlcnMiOiJ7fSJ9LHsicGx1Z2luIjoiYWJuIiwicGFyYW1ldGVycyI6IntcImlzQ3NzVXJsSW5qZWN0ZWRcIjpmYWxzZX0ifSx7InBsdWdpbiI6ImFibl9zaGFkb3ciLCJwYXJhbWV0ZXJzIjoie1wiaXNDc3NVcmxJbmplY3RlZFwiOmZhbHNlfSJ9XX0sImlzVG9wTGV2ZWwiOnRydWUsInBhZ2VTdGFydFRpbWUiOjE3ODUxMDYyNzYyNjEsIm5hdmlnYXRpb25TdGFydFRpbWUiOjE3ODUxMDYyNzU1MzB9&nocache=10d9a&tm=2026-07-27T03%3A36%3A47.669Z&second=true:0
[17239184ms] [ERROR] Failed to load resource: net::ERR_FAILED @ https://gc.kis.v2.scr.kaspersky-labs.com/7D8B79A2-8974-4D7B-A76A-F4F29624C06BOSxDTLheSV66Hsf0i1yRUXAy8NkjYorxIG_uaN1dmJ5Wvd2xA3apQXvET0QVAF1JEaoPV6BKADfMsM6k4U-tLg/init?data=eyJ1cmwiOiJodHRwczovL2FwcHN0b3JlY29ubmVjdC5hcHBsZS5jb20vYXBwcy82Nzg5OTEzMTg2L2Rpc3RyaWJ1dGlvbi9pb3MvdmVyc2lvbi9pbmZsaWdodCIsInBsdWdpbnMiOiJ3c20mY2EmdnMmd250JnVhJmFibiZhYm5fc2hhZG93JmNiIiwiZGF0YSI6eyJkYXRhIjpbeyJwbHVnaW4iOiJ3c20iLCJwYXJhbWV0ZXJzIjoie1wicmVmZXJyZXJcIjpcIlwiLFwic3R1YklkXCI6XCJcIn0ifSx7InBsdWdpbiI6IndudCIsInBhcmFtZXRlcnMiOiJ7XCJyZWZlcnJlclwiOlwiXCJ9In0seyJwbHVnaW4iOiJ1YSIsInBhcmFtZXRlcnMiOiJ7fSJ9LHsicGx1Z2luIjoiYWJuIiwicGFyYW1ldGVycyI6IntcImlzQ3NzVXJsSW5qZWN0ZWRcIjpmYWxzZX0ifSx7InBsdWdpbiI6ImFibl9zaGFkb3ciLCJwYXJhbWV0ZXJzIjoie1wiaXNDc3NVcmxJbmplY3RlZFwiOmZhbHNlfSJ9XX0sImlzVG9wTGV2ZWwiOnRydWUsInBhZ2VTdGFydFRpbWUiOjE3ODUxMDYyNzYyNjEsIm5hdmlnYXRpb25TdGFydFRpbWUiOjE3ODUxMDYyNzU1MzB9&nocache=1c71b&tm=2026-07-27T03%3A38%3A34.664Z:0
[17239193ms] [ERROR] Failed to load resource: net::ERR_FAILED @ https://gc.kis.v2.scr.kaspersky-labs.com/7D8B79A2-8974-4D7B-A76A-F4F29624C06BOSxDTLheSV66Hsf0i1yRUXAy8NkjYorxIG_uaN1dmJ5Wvd2xA3apQXvET0QVAF1JEaoPV6BKADfMsM6k4U-tLg/init?data=eyJ1cmwiOiJodHRwczovL2FwcHN0b3JlY29ubmVjdC5hcHBsZS5jb20vYXBwcy82Nzg5OTEzMTg2L2Rpc3RyaWJ1dGlvbi9pb3MvdmVyc2lvbi9pbmZsaWdodCIsInBsdWdpbnMiOiJ3c20mY2EmdnMmd250JnVhJmFibiZhYm5fc2hhZG93JmNiIiwiZGF0YSI6eyJkYXRhIjpbeyJwbHVnaW4iOiJ3c20iLCJwYXJhbWV0ZXJzIjoie1wicmVmZXJyZXJcIjpcIlwiLFwic3R1YklkXCI6XCJcIn0ifSx7InBsdWdpbiI6IndudCIsInBhcmFtZXRlcnMiOiJ7XCJyZWZlcnJlclwiOlwiXCJ9In0seyJwbHVnaW4iOiJ1YSIsInBhcmFtZXRlcnMiOiJ7fSJ9LHsicGx1Z2luIjoiYWJuIiwicGFyYW1ldGVycyI6IntcImlzQ3NzVXJsSW5qZWN0ZWRcIjpmYWxzZX0ifSx7InBsdWdpbiI6ImFibl9zaGFkb3ciLCJwYXJhbWV0ZXJzIjoie1wiaXNDc3NVcmxJbmplY3RlZFwiOmZhbHNlfSJ9XX0sImlzVG9wTGV2ZWwiOnRydWUsInBhZ2VTdGFydFRpbWUiOjE3ODUxMDYyNzYyNjEsIm5hdmlnYXRpb25TdGFydFRpbWUiOjE3ODUxMDYyNzU1MzB9&nocache=146b8&tm=2026-07-27T03%3A38%3A34.707Z&second=true:0
[17359157ms] [ERROR] Failed to load resource: net::ERR_FAILED @ https://gc.kis.v2.scr.kaspersky-labs.com/7D8B79A2-8974-4D7B-A76A-F4F29624C06BOSxDTLheSV66Hsf0i1yRUXAy8NkjYorxIG_uaN1dmJ5Wvd2xA3apQXvET0QVAF1JEaoPV6BKADfMsM6k4U-tLg/init?data=eyJ1cmwiOiJodHRwczovL2FwcHN0b3JlY29ubmVjdC5hcHBsZS5jb20vYXBwcy82Nzg5OTEzMTg2L2Rpc3RyaWJ1dGlvbi9pb3MvdmVyc2lvbi9pbmZsaWdodCIsInBsdWdpbnMiOiJ3c20mY2EmdnMmd250JnVhJmFibiZhYm5fc2hhZG93JmNiIiwiZGF0YSI6eyJkYXRhIjpbeyJwbHVnaW4iOiJ3c20iLCJwYXJhbWV0ZXJzIjoie1wicmVmZXJyZXJcIjpcIlwiLFwic3R1YklkXCI6XCJcIn0ifSx7InBsdWdpbiI6IndudCIsInBhcmFtZXRlcnMiOiJ7XCJyZWZlcnJlclwiOlwiXCJ9In0seyJwbHVnaW4iOiJ1YSIsInBhcmFtZXRlcnMiOiJ7fSJ9LHsicGx1Z2luIjoiYWJuIiwicGFyYW1ldGVycyI6IntcImlzQ3NzVXJsSW5qZWN0ZWRcIjpmYWxzZX0ifSx7InBsdWdpbiI6ImFibl9zaGFkb3ciLCJwYXJhbWV0ZXJzIjoie1wiaXNDc3NVcmxJbmplY3RlZFwiOmZhbHNlfSJ9XX0sImlzVG9wTGV2ZWwiOnRydWUsInBhZ2VTdGFydFRpbWUiOjE3ODUxMDYyNzYyNjEsIm5hdmlnYXRpb25TdGFydFRpbWUiOjE3ODUxMDYyNzU1MzB9&nocache=12a0a&tm=2026-07-27T03%3A40%3A34.668Z:0
[17359171ms] [ERROR] Failed to load resource: net::ERR_FAILED @ https://gc.kis.v2.scr.kaspersky-labs.com/7D8B79A2-8974-4D7B-A76A-F4F29624C06BOSxDTLheSV66Hsf0i1yRUXAy8NkjYorxIG_uaN1dmJ5Wvd2xA3apQXvET0QVAF1JEaoPV6BKADfMsM6k4U-tLg/init?data=eyJ1cmwiOiJodHRwczovL2FwcHN0b3JlY29ubmVjdC5hcHBsZS5jb20vYXBwcy82Nzg5OTEzMTg2L2Rpc3RyaWJ1dGlvbi9pb3MvdmVyc2lvbi9pbmZsaWdodCIsInBsdWdpbnMiOiJ3c20mY2EmdnMmd250JnVhJmFibiZhYm5fc2hhZG93JmNiIiwiZGF0YSI6eyJkYXRhIjpbeyJwbHVnaW4iOiJ3c20iLCJwYXJhbWV0ZXJzIjoie1wicmVmZXJyZXJcIjpcIlwiLFwic3R1YklkXCI6XCJcIn0ifSx7InBsdWdpbiI6IndudCIsInBhcmFtZXRlcnMiOiJ7XCJyZWZlcnJlclwiOlwiXCJ9In0seyJwbHVnaW4iOiJ1YSIsInBhcmFtZXRlcnMiOiJ7fSJ9LHsicGx1Z2luIjoiYWJuIiwicGFyYW1ldGVycyI6IntcImlzQ3NzVXJsSW5qZWN0ZWRcIjpmYWxzZX0ifSx7InBsdWdpbiI6ImFibl9zaGFkb3ciLCJwYXJhbWV0ZXJzIjoie1wiaXNDc3NVcmxJbmplY3RlZFwiOmZhbHNlfSJ9XX0sImlzVG9wTGV2ZWwiOnRydWUsInBhZ2VTdGFydFRpbWUiOjE3ODUxMDYyNzYyNjEsIm5hdmlnYXRpb25TdGFydFRpbWUiOjE3ODUxMDYyNzU1MzB9&nocache=130f6&tm=2026-07-27T03%3A40%3A34.679Z&second=true:0
[17479150ms] [ERROR] Failed to load resource: net::ERR_FAILED @ https://gc.kis.v2.scr.kaspersky-labs.com/7D8B79A2-8974-4D7B-A76A-F4F29624C06BOSxDTLheSV66Hsf0i1yRUXAy8NkjYorxIG_uaN1dmJ5Wvd2xA3apQXvET0QVAF1JEaoPV6BKADfMsM6k4U-tLg/init?data=eyJ1cmwiOiJodHRwczovL2FwcHN0b3JlY29ubmVjdC5hcHBsZS5jb20vYXBwcy82Nzg5OTEzMTg2L2Rpc3RyaWJ1dGlvbi9pb3MvdmVyc2lvbi9pbmZsaWdodCIsInBsdWdpbnMiOiJ3c20mY2EmdnMmd250JnVhJmFibiZhYm5fc2hhZG93JmNiIiwiZGF0YSI6eyJkYXRhIjpbeyJwbHVnaW4iOiJ3c20iLCJwYXJhbWV0ZXJzIjoie1wicmVmZXJyZXJcIjpcIlwiLFwic3R1YklkXCI6XCJcIn0ifSx7InBsdWdpbiI6IndudCIsInBhcmFtZXRlcnMiOiJ7XCJyZWZlcnJlclwiOlwiXCJ9In0seyJwbHVnaW4iOiJ1YSIsInBhcmFtZXRlcnMiOiJ7fSJ9LHsicGx1Z2luIjoiYWJuIiwicGFyYW1ldGVycyI6IntcImlzQ3NzVXJsSW5qZWN0ZWRcIjpmYWxzZX0ifSx7InBsdWdpbiI6ImFibl9zaGFkb3ciLCJwYXJhbWV0ZXJzIjoie1wiaXNDc3NVcmxJbmplY3RlZFwiOmZhbHNlfSJ9XX0sImlzVG9wTGV2ZWwiOnRydWUsInBhZ2VTdGFydFRpbWUiOjE3ODUxMDYyNzYyNjEsIm5hdmlnYXRpb25TdGFydFRpbWUiOjE3ODUxMDYyNzU1MzB9&nocache=17bef&tm=2026-07-27T03%3A42%3A34.658Z:0
[17479159ms] [ERROR] Failed to load resource: net::ERR_FAILED @ https://gc.kis.v2.scr.kaspersky-labs.com/7D8B79A2-8974-4D7B-A76A-F4F29624C06BOSxDTLheSV66Hsf0i1yRUXAy8NkjYorxIG_uaN1dmJ5Wvd2xA3apQXvET0QVAF1JEaoPV6BKADfMsM6k4U-tLg/init?data=eyJ1cmwiOiJodHRwczovL2FwcHN0b3JlY29ubmVjdC5hcHBsZS5jb20vYXBwcy82Nzg5OTEzMTg2L2Rpc3RyaWJ1dGlvbi9pb3MvdmVyc2lvbi9pbmZsaWdodCIsInBsdWdpbnMiOiJ3c20mY2EmdnMmd250JnVhJmFibiZhYm5fc2hhZG93JmNiIiwiZGF0YSI6eyJkYXRhIjpbeyJwbHVnaW4iOiJ3c20iLCJwYXJhbWV0ZXJzIjoie1wicmVmZXJyZXJcIjpcIlwiLFwic3R1YklkXCI6XCJcIn0ifSx7InBsdWdpbiI6IndudCIsInBhcmFtZXRlcnMiOiJ7XCJyZWZlcnJlclwiOlwiXCJ9In0seyJwbHVnaW4iOiJ1YSIsInBhcmFtZXRlcnMiOiJ7fSJ9LHsicGx1Z2luIjoiYWJuIiwicGFyYW1ldGVycyI6IntcImlzQ3NzVXJsSW5qZWN0ZWRcIjpmYWxzZX0ifSx7InBsdWdpbiI6ImFibl9zaGFkb3ciLCJwYXJhbWV0ZXJzIjoie1wiaXNDc3NVcmxJbmplY3RlZFwiOmZhbHNlfSJ9XX0sImlzVG9wTGV2ZWwiOnRydWUsInBhZ2VTdGFydFRpbWUiOjE3ODUxMDYyNzYyNjEsIm5hdmlnYXRpb25TdGFydFRpbWUiOjE3ODUxMDYyNzU1MzB9&nocache=15906&tm=2026-07-27T03%3A42%3A34.672Z&second=true:0
[17599154ms] [ERROR] Failed to load resource: net::ERR_FAILED @ https://gc.kis.v2.scr.kaspersky-labs.com/7D8B79A2-8974-4D7B-A76A-F4F29624C06BOSxDTLheSV66Hsf0i1yRUXAy8NkjYorxIG_uaN1dmJ5Wvd2xA3apQXvET0QVAF1JEaoPV6BKADfMsM6k4U-tLg/init?data=eyJ1cmwiOiJodHRwczovL2FwcHN0b3JlY29ubmVjdC5hcHBsZS5jb20vYXBwcy82Nzg5OTEzMTg2L2Rpc3RyaWJ1dGlvbi9pb3MvdmVyc2lvbi9pbmZsaWdodCIsInBsdWdpbnMiOiJ3c20mY2EmdnMmd250JnVhJmFibiZhYm5fc2hhZG93JmNiIiwiZGF0YSI6eyJkYXRhIjpbeyJwbHVnaW4iOiJ3c20iLCJwYXJhbWV0ZXJzIjoie1wicmVmZXJyZXJcIjpcIlwiLFwic3R1YklkXCI6XCJcIn0ifSx7InBsdWdpbiI6IndudCIsInBhcmFtZXRlcnMiOiJ7XCJyZWZlcnJlclwiOlwiXCJ9In0seyJwbHVnaW4iOiJ1YSIsInBhcmFtZXRlcnMiOiJ7fSJ9LHsicGx1Z2luIjoiYWJuIiwicGFyYW1ldGVycyI6IntcImlzQ3NzVXJsSW5qZWN0ZWRcIjpmYWxzZX0ifSx7InBsdWdpbiI6ImFibl9zaGFkb3ciLCJwYXJhbWV0ZXJzIjoie1wiaXNDc3NVcmxJbmplY3RlZFwiOmZhbHNlfSJ9XX0sImlzVG9wTGV2ZWwiOnRydWUsInBhZ2VTdGFydFRpbWUiOjE3ODUxMDYyNzYyNjEsIm5hdmlnYXRpb25TdGFydFRpbWUiOjE3ODUxMDYyNzU1MzB9&nocache=13c4a&tm=2026-07-27T03%3A44%3A34.662Z:0
[17599162ms] [ERROR] Failed to load resource: net::ERR_FAILED @ https://gc.kis.v2.scr.kaspersky-labs.com/7D8B79A2-8974-4D7B-A76A-F4F29624C06BOSxDTLheSV66Hsf0i1yRUXAy8NkjYorxIG_uaN1dmJ5Wvd2xA3apQXvET0QVAF1JEaoPV6BKADfMsM6k4U-tLg/init?data=eyJ1cmwiOiJodHRwczovL2FwcHN0b3JlY29ubmVjdC5hcHBsZS5jb20vYXBwcy82Nzg5OTEzMTg2L2Rpc3RyaWJ1dGlvbi9pb3MvdmVyc2lvbi9pbmZsaWdodCIsInBsdWdpbnMiOiJ3c20mY2EmdnMmd250JnVhJmFibiZhYm5fc2hhZG93JmNiIiwiZGF0YSI6eyJkYXRhIjpbeyJwbHVnaW4iOiJ3c20iLCJwYXJhbWV0ZXJzIjoie1wicmVmZXJyZXJcIjpcIlwiLFwic3R1YklkXCI6XCJcIn0ifSx7InBsdWdpbiI6IndudCIsInBhcmFtZXRlcnMiOiJ7XCJyZWZlcnJlclwiOlwiXCJ9In0seyJwbHVnaW4iOiJ1YSIsInBhcmFtZXRlcnMiOiJ7fSJ9LHsicGx1Z2luIjoiYWJuIiwicGFyYW1ldGVycyI6IntcImlzQ3NzVXJsSW5qZWN0ZWRcIjpmYWxzZX0ifSx7InBsdWdpbiI6ImFibl9zaGFkb3ciLCJwYXJhbWV0ZXJzIjoie1wiaXNDc3NVcmxJbmplY3RlZFwiOmZhbHNlfSJ9XX0sImlzVG9wTGV2ZWwiOnRydWUsInBhZ2VTdGFydFRpbWUiOjE3ODUxMDYyNzYyNjEsIm5hdmlnYXRpb25TdGFydFRpbWUiOjE3ODUxMDYyNzU1MzB9&nocache=18f72&tm=2026-07-27T03%3A44%3A34.676Z&second=true:0
[17719155ms] [ERROR] Failed to load resource: net::ERR_FAILED @ https://gc.kis.v2.scr.kaspersky-labs.com/7D8B79A2-8974-4D7B-A76A-F4F29624C06BOSxDTLheSV66Hsf0i1yRUXAy8NkjYorxIG_uaN1dmJ5Wvd2xA3apQXvET0QVAF1JEaoPV6BKADfMsM6k4U-tLg/init?data=eyJ1cmwiOiJodHRwczovL2FwcHN0b3JlY29ubmVjdC5hcHBsZS5jb20vYXBwcy82Nzg5OTEzMTg2L2Rpc3RyaWJ1dGlvbi9pb3MvdmVyc2lvbi9pbmZsaWdodCIsInBsdWdpbnMiOiJ3c20mY2EmdnMmd250JnVhJmFibiZhYm5fc2hhZG93JmNiIiwiZGF0YSI6eyJkYXRhIjpbeyJwbHVnaW4iOiJ3c20iLCJwYXJhbWV0ZXJzIjoie1wicmVmZXJyZXJcIjpcIlwiLFwic3R1YklkXCI6XCJcIn0ifSx7InBsdWdpbiI6IndudCIsInBhcmFtZXRlcnMiOiJ7XCJyZWZlcnJlclwiOlwiXCJ9In0seyJwbHVnaW4iOiJ1YSIsInBhcmFtZXRlcnMiOiJ7fSJ9LHsicGx1Z2luIjoiYWJuIiwicGFyYW1ldGVycyI6IntcImlzQ3NzVXJsSW5qZWN0ZWRcIjpmYWxzZX0ifSx7InBsdWdpbiI6ImFibl9zaGFkb3ciLCJwYXJhbWV0ZXJzIjoie1wiaXNDc3NVcmxJbmplY3RlZFwiOmZhbHNlfSJ9XX0sImlzVG9wTGV2ZWwiOnRydWUsInBhZ2VTdGFydFRpbWUiOjE3ODUxMDYyNzYyNjEsIm5hdmlnYXRpb25TdGFydFRpbWUiOjE3ODUxMDYyNzU1MzB9&nocache=18d24&tm=2026-07-27T03%3A46%3A34.661Z:0
[17719168ms] [ERROR] Failed to load resource: net::ERR_FAILED @ https://gc.kis.v2.scr.kaspersky-labs.com/7D8B79A2-8974-4D7B-A76A-F4F29624C06BOSxDTLheSV66Hsf0i1yRUXAy8NkjYorxIG_uaN1dmJ5Wvd2xA3apQXvET0QVAF1JEaoPV6BKADfMsM6k4U-tLg/init?data=eyJ1cmwiOiJodHRwczovL2FwcHN0b3JlY29ubmVjdC5hcHBsZS5jb20vYXBwcy82Nzg5OTEzMTg2L2Rpc3RyaWJ1dGlvbi9pb3MvdmVyc2lvbi9pbmZsaWdodCIsInBsdWdpbnMiOiJ3c20mY2EmdnMmd250JnVhJmFibiZhYm5fc2hhZG93JmNiIiwiZGF0YSI6eyJkYXRhIjpbeyJwbHVnaW4iOiJ3c20iLCJwYXJhbWV0ZXJzIjoie1wicmVmZXJyZXJcIjpcIlwiLFwic3R1YklkXCI6XCJcIn0ifSx7InBsdWdpbiI6IndudCIsInBhcmFtZXRlcnMiOiJ7XCJyZWZlcnJlclwiOlwiXCJ9In0seyJwbHVnaW4iOiJ1YSIsInBhcmFtZXRlcnMiOiJ7fSJ9LHsicGx1Z2luIjoiYWJuIiwicGFyYW1ldGVycyI6IntcImlzQ3NzVXJsSW5qZWN0ZWRcIjpmYWxzZX0ifSx7InBsdWdpbiI6ImFibl9zaGFkb3ciLCJwYXJhbWV0ZXJzIjoie1wiaXNDc3NVcmxJbmplY3RlZFwiOmZhbHNlfSJ9XX0sImlzVG9wTGV2ZWwiOnRydWUsInBhZ2VTdGFydFRpbWUiOjE3ODUxMDYyNzYyNjEsIm5hdmlnYXRpb25TdGFydFRpbWUiOjE3ODUxMDYyNzU1MzB9&nocache=1dd26&tm=2026-07-27T03%3A46%3A34.677Z&second=true:0
[17839343ms] [ERROR] Failed to load resource: net::ERR_FAILED @ https://gc.kis.v2.scr.kaspersky-labs.com/7D8B79A2-8974-4D7B-A76A-F4F29624C06BOSxDTLheSV66Hsf0i1yRUXAy8NkjYorxIG_uaN1dmJ5Wvd2xA3apQXvET0QVAF1JEaoPV6BKADfMsM6k4U-tLg/init?data=eyJ1cmwiOiJodHRwczovL2FwcHN0b3JlY29ubmVjdC5hcHBsZS5jb20vYXBwcy82Nzg5OTEzMTg2L2Rpc3RyaWJ1dGlvbi9pb3MvdmVyc2lvbi9pbmZsaWdodCIsInBsdWdpbnMiOiJ3c20mY2EmdnMmd250JnVhJmFibiZhYm5fc2hhZG93JmNiIiwiZGF0YSI6eyJkYXRhIjpbeyJwbHVnaW4iOiJ3c20iLCJwYXJhbWV0ZXJzIjoie1wicmVmZXJyZXJcIjpcIlwiLFwic3R1YklkXCI6XCJcIn0ifSx7InBsdWdpbiI6IndudCIsInBhcmFtZXRlcnMiOiJ7XCJyZWZlcnJlclwiOlwiXCJ9In0seyJwbHVnaW4iOiJ1YSIsInBhcmFtZXRlcnMiOiJ7fSJ9LHsicGx1Z2luIjoiYWJuIiwicGFyYW1ldGVycyI6IntcImlzQ3NzVXJsSW5qZWN0ZWRcIjpmYWxzZX0ifSx7InBsdWdpbiI6ImFibl9zaGFkb3ciLCJwYXJhbWV0ZXJzIjoie1wiaXNDc3NVcmxJbmplY3RlZFwiOmZhbHNlfSJ9XX0sImlzVG9wTGV2ZWwiOnRydWUsInBhZ2VTdGFydFRpbWUiOjE3ODUxMDYyNzYyNjEsIm5hdmlnYXRpb25TdGFydFRpbWUiOjE3ODUxMDYyNzU1MzB9&nocache=17280&tm=2026-07-27T03%3A48%3A34.850Z:0
[17839351ms] [ERROR] Failed to load resource: net::ERR_FAILED @ https://gc.kis.v2.scr.kaspersky-labs.com/7D8B79A2-8974-4D7B-A76A-F4F29624C06BOSxDTLheSV66Hsf0i1yRUXAy8NkjYorxIG_uaN1dmJ5Wvd2xA3apQXvET0QVAF1JEaoPV6BKADfMsM6k4U-tLg/init?data=eyJ1cmwiOiJodHRwczovL2FwcHN0b3JlY29ubmVjdC5hcHBsZS5jb20vYXBwcy82Nzg5OTEzMTg2L2Rpc3RyaWJ1dGlvbi9pb3MvdmVyc2lvbi9pbmZsaWdodCIsInBsdWdpbnMiOiJ3c20mY2EmdnMmd250JnVhJmFibiZhYm5fc2hhZG93JmNiIiwiZGF0YSI6eyJkYXRhIjpbeyJwbHVnaW4iOiJ3c20iLCJwYXJhbWV0ZXJzIjoie1wicmVmZXJyZXJcIjpcIlwiLFwic3R1YklkXCI6XCJcIn0ifSx7InBsdWdpbiI6IndudCIsInBhcmFtZXRlcnMiOiJ7XCJyZWZlcnJlclwiOlwiXCJ9In0seyJwbHVnaW4iOiJ1YSIsInBhcmFtZXRlcnMiOiJ7fSJ9LHsicGx1Z2luIjoiYWJuIiwicGFyYW1ldGVycyI6IntcImlzQ3NzVXJsSW5qZWN0ZWRcIjpmYWxzZX0ifSx7InBsdWdpbiI6ImFibl9zaGFkb3ciLCJwYXJhbWV0ZXJzIjoie1wiaXNDc3NVcmxJbmplY3RlZFwiOmZhbHNlfSJ9XX0sImlzVG9wTGV2ZWwiOnRydWUsInBhZ2VTdGFydFRpbWUiOjE3ODUxMDYyNzYyNjEsIm5hdmlnYXRpb25TdGFydFRpbWUiOjE3ODUxMDYyNzU1MzB9&nocache=12540&tm=2026-07-27T03%3A48%3A34.866Z&second=true:0
[17959150ms] [ERROR] Failed to load resource: net::ERR_FAILED @ https://gc.kis.v2.scr.kaspersky-labs.com/7D8B79A2-8974-4D7B-A76A-F4F29624C06BOSxDTLheSV66Hsf0i1yRUXAy8NkjYorxIG_uaN1dmJ5Wvd2xA3apQXvET0QVAF1JEaoPV6BKADfMsM6k4U-tLg/init?data=eyJ1cmwiOiJodHRwczovL2FwcHN0b3JlY29ubmVjdC5hcHBsZS5jb20vYXBwcy82Nzg5OTEzMTg2L2Rpc3RyaWJ1dGlvbi9pb3MvdmVyc2lvbi9pbmZsaWdodCIsInBsdWdpbnMiOiJ3c20mY2EmdnMmd250JnVhJmFibiZhYm5fc2hhZG93JmNiIiwiZGF0YSI6eyJkYXRhIjpbeyJwbHVnaW4iOiJ3c20iLCJwYXJhbWV0ZXJzIjoie1wicmVmZXJyZXJcIjpcIlwiLFwic3R1YklkXCI6XCJcIn0ifSx7InBsdWdpbiI6IndudCIsInBhcmFtZXRlcnMiOiJ7XCJyZWZlcnJlclwiOlwiXCJ9In0seyJwbHVnaW4iOiJ1YSIsInBhcmFtZXRlcnMiOiJ7fSJ9LHsicGx1Z2luIjoiYWJuIiwicGFyYW1ldGVycyI6IntcImlzQ3NzVXJsSW5qZWN0ZWRcIjpmYWxzZX0ifSx7InBsdWdpbiI6ImFibl9zaGFkb3ciLCJwYXJhbWV0ZXJzIjoie1wiaXNDc3NVcmxJbmplY3RlZFwiOmZhbHNlfSJ9XX0sImlzVG9wTGV2ZWwiOnRydWUsInBhZ2VTdGFydFRpbWUiOjE3ODUxMDYyNzYyNjEsIm5hdmlnYXRpb25TdGFydFRpbWUiOjE3ODUxMDYyNzU1MzB9&nocache=1b830&tm=2026-07-27T03%3A50%3A34.658Z:0
[17959161ms] [ERROR] Failed to load resource: net::ERR_FAILED @ https://gc.kis.v2.scr.kaspersky-labs.com/7D8B79A2-8974-4D7B-A76A-F4F29624C06BOSxDTLheSV66Hsf0i1yRUXAy8NkjYorxIG_uaN1dmJ5Wvd2xA3apQXvET0QVAF1JEaoPV6BKADfMsM6k4U-tLg/init?data=eyJ1cmwiOiJodHRwczovL2FwcHN0b3JlY29ubmVjdC5hcHBsZS5jb20vYXBwcy82Nzg5OTEzMTg2L2Rpc3RyaWJ1dGlvbi9pb3MvdmVyc2lvbi9pbmZsaWdodCIsInBsdWdpbnMiOiJ3c20mY2EmdnMmd250JnVhJmFibiZhYm5fc2hhZG93JmNiIiwiZGF0YSI6eyJkYXRhIjpbeyJwbHVnaW4iOiJ3c20iLCJwYXJhbWV0ZXJzIjoie1wicmVmZXJyZXJcIjpcIlwiLFwic3R1YklkXCI6XCJcIn0ifSx7InBsdWdpbiI6IndudCIsInBhcmFtZXRlcnMiOiJ7XCJyZWZlcnJlclwiOlwiXCJ9In0seyJwbHVnaW4iOiJ1YSIsInBhcmFtZXRlcnMiOiJ7fSJ9LHsicGx1Z2luIjoiYWJuIiwicGFyYW1ldGVycyI6IntcImlzQ3NzVXJsSW5qZWN0ZWRcIjpmYWxzZX0ifSx7InBsdWdpbiI6ImFibl9zaGFkb3ciLCJwYXJhbWV0ZXJzIjoie1wiaXNDc3NVcmxJbmplY3RlZFwiOmZhbHNlfSJ9XX0sImlzVG9wTGV2ZWwiOnRydWUsInBhZ2VTdGFydFRpbWUiOjE3ODUxMDYyNzYyNjEsIm5hdmlnYXRpb25TdGFydFRpbWUiOjE3ODUxMDYyNzU1MzB9&nocache=185a4&tm=2026-07-27T03%3A50%3A34.672Z&second=true:0
[18079145ms] [ERROR] Failed to load resource: net::ERR_FAILED @ https://gc.kis.v2.scr.kaspersky-labs.com/7D8B79A2-8974-4D7B-A76A-F4F29624C06BOSxDTLheSV66Hsf0i1yRUXAy8NkjYorxIG_uaN1dmJ5Wvd2xA3apQXvET0QVAF1JEaoPV6BKADfMsM6k4U-tLg/init?data=eyJ1cmwiOiJodHRwczovL2FwcHN0b3JlY29ubmVjdC5hcHBsZS5jb20vYXBwcy82Nzg5OTEzMTg2L2Rpc3RyaWJ1dGlvbi9pb3MvdmVyc2lvbi9pbmZsaWdodCIsInBsdWdpbnMiOiJ3c20mY2EmdnMmd250JnVhJmFibiZhYm5fc2hhZG93JmNiIiwiZGF0YSI6eyJkYXRhIjpbeyJwbHVnaW4iOiJ3c20iLCJwYXJhbWV0ZXJzIjoie1wicmVmZXJyZXJcIjpcIlwiLFwic3R1YklkXCI6XCJcIn0ifSx7InBsdWdpbiI6IndudCIsInBhcmFtZXRlcnMiOiJ7XCJyZWZlcnJlclwiOlwiXCJ9In0seyJwbHVnaW4iOiJ1YSIsInBhcmFtZXRlcnMiOiJ7fSJ9LHsicGx1Z2luIjoiYWJuIiwicGFyYW1ldGVycyI6IntcImlzQ3NzVXJsSW5qZWN0ZWRcIjpmYWxzZX0ifSx7InBsdWdpbiI6ImFibl9zaGFkb3ciLCJwYXJhbWV0ZXJzIjoie1wiaXNDc3NVcmxJbmplY3RlZFwiOmZhbHNlfSJ9XX0sImlzVG9wTGV2ZWwiOnRydWUsInBhZ2VTdGFydFRpbWUiOjE3ODUxMDYyNzYyNjEsIm5hdmlnYXRpb25TdGFydFRpbWUiOjE3ODUxMDYyNzU1MzB9&nocache=1372d&tm=2026-07-27T03%3A52%3A34.659Z:0
[18079152ms] [ERROR] Failed to load resource: net::ERR_FAILED @ https://gc.kis.v2.scr.kaspersky-labs.com/7D8B79A2-8974-4D7B-A76A-F4F29624C06BOSxDTLheSV66Hsf0i1yRUXAy8NkjYorxIG_uaN1dmJ5Wvd2xA3apQXvET0QVAF1JEaoPV6BKADfMsM6k4U-tLg/init?data=eyJ1cmwiOiJodHRwczovL2FwcHN0b3JlY29ubmVjdC5hcHBsZS5jb20vYXBwcy82Nzg5OTEzMTg2L2Rpc3RyaWJ1dGlvbi9pb3MvdmVyc2lvbi9pbmZsaWdodCIsInBsdWdpbnMiOiJ3c20mY2EmdnMmd250JnVhJmFibiZhYm5fc2hhZG93JmNiIiwiZGF0YSI6eyJkYXRhIjpbeyJwbHVnaW4iOiJ3c20iLCJwYXJhbWV0ZXJzIjoie1wicmVmZXJyZXJcIjpcIlwiLFwic3R1YklkXCI6XCJcIn0ifSx7InBsdWdpbiI6IndudCIsInBhcmFtZXRlcnMiOiJ7XCJyZWZlcnJlclwiOlwiXCJ9In0seyJwbHVnaW4iOiJ1YSIsInBhcmFtZXRlcnMiOiJ7fSJ9LHsicGx1Z2luIjoiYWJuIiwicGFyYW1ldGVycyI6IntcImlzQ3NzVXJsSW5qZWN0ZWRcIjpmYWxzZX0ifSx7InBsdWdpbiI6ImFibl9zaGFkb3ciLCJwYXJhbWV0ZXJzIjoie1wiaXNDc3NVcmxJbmplY3RlZFwiOmZhbHNlfSJ9XX0sImlzVG9wTGV2ZWwiOnRydWUsInBhZ2VTdGFydFRpbWUiOjE3ODUxMDYyNzYyNjEsIm5hdmlnYXRpb25TdGFydFRpbWUiOjE3ODUxMDYyNzU1MzB9&nocache=1ec90&tm=2026-07-27T03%3A52%3A34.668Z&second=true:0
[18199148ms] [ERROR] Failed to load resource: net::ERR_FAILED @ https://gc.kis.v2.scr.kaspersky-labs.com/7D8B79A2-8974-4D7B-A76A-F4F29624C06BOSxDTLheSV66Hsf0i1yRUXAy8NkjYorxIG_uaN1dmJ5Wvd2xA3apQXvET0QVAF1JEaoPV6BKADfMsM6k4U-tLg/init?data=eyJ1cmwiOiJodHRwczovL2FwcHN0b3JlY29ubmVjdC5hcHBsZS5jb20vYXBwcy82Nzg5OTEzMTg2L2Rpc3RyaWJ1dGlvbi9pb3MvdmVyc2lvbi9pbmZsaWdodCIsInBsdWdpbnMiOiJ3c20mY2EmdnMmd250JnVhJmFibiZhYm5fc2hhZG93JmNiIiwiZGF0YSI6eyJkYXRhIjpbeyJwbHVnaW4iOiJ3c20iLCJwYXJhbWV0ZXJzIjoie1wicmVmZXJyZXJcIjpcIlwiLFwic3R1YklkXCI6XCJcIn0ifSx7InBsdWdpbiI6IndudCIsInBhcmFtZXRlcnMiOiJ7XCJyZWZlcnJlclwiOlwiXCJ9In0seyJwbHVnaW4iOiJ1YSIsInBhcmFtZXRlcnMiOiJ7fSJ9LHsicGx1Z2luIjoiYWJuIiwicGFyYW1ldGVycyI6IntcImlzQ3NzVXJsSW5qZWN0ZWRcIjpmYWxzZX0ifSx7InBsdWdpbiI6ImFibl9zaGFkb3ciLCJwYXJhbWV0ZXJzIjoie1wiaXNDc3NVcmxJbmplY3RlZFwiOmZhbHNlfSJ9XX0sImlzVG9wTGV2ZWwiOnRydWUsInBhZ2VTdGFydFRpbWUiOjE3ODUxMDYyNzYyNjEsIm5hdmlnYXRpb25TdGFydFRpbWUiOjE3ODUxMDYyNzU1MzB9&nocache=1fafc&tm=2026-07-27T03%3A54%3A34.660Z:0
[18199155ms] [ERROR] Failed to load resource: net::ERR_FAILED @ https://gc.kis.v2.scr.kaspersky-labs.com/7D8B79A2-8974-4D7B-A76A-F4F29624C06BOSxDTLheSV66Hsf0i1yRUXAy8NkjYorxIG_uaN1dmJ5Wvd2xA3apQXvET0QVAF1JEaoPV6BKADfMsM6k4U-tLg/init?data=eyJ1cmwiOiJodHRwczovL2FwcHN0b3JlY29ubmVjdC5hcHBsZS5jb20vYXBwcy82Nzg5OTEzMTg2L2Rpc3RyaWJ1dGlvbi9pb3MvdmVyc2lvbi9pbmZsaWdodCIsInBsdWdpbnMiOiJ3c20mY2EmdnMmd250JnVhJmFibiZhYm5fc2hhZG93JmNiIiwiZGF0YSI6eyJkYXRhIjpbeyJwbHVnaW4iOiJ3c20iLCJwYXJhbWV0ZXJzIjoie1wicmVmZXJyZXJcIjpcIlwiLFwic3R1YklkXCI6XCJcIn0ifSx7InBsdWdpbiI6IndudCIsInBhcmFtZXRlcnMiOiJ7XCJyZWZlcnJlclwiOlwiXCJ9In0seyJwbHVnaW4iOiJ1YSIsInBhcmFtZXRlcnMiOiJ7fSJ9LHsicGx1Z2luIjoiYWJuIiwicGFyYW1ldGVycyI6IntcImlzQ3NzVXJsSW5qZWN0ZWRcIjpmYWxzZX0ifSx7InBsdWdpbiI6ImFibl9zaGFkb3ciLCJwYXJhbWV0ZXJzIjoie1wiaXNDc3NVcmxJbmplY3RlZFwiOmZhbHNlfSJ9XX0sImlzVG9wTGV2ZWwiOnRydWUsInBhZ2VTdGFydFRpbWUiOjE3ODUxMDYyNzYyNjEsIm5hdmlnYXRpb25TdGFydFRpbWUiOjE3ODUxMDYyNzU1MzB9&nocache=143bd&tm=2026-07-27T03%3A54%3A34.670Z&second=true:0
[18319156ms] [ERROR] Failed to load resource: net::ERR_FAILED @ https://gc.kis.v2.scr.kaspersky-labs.com/7D8B79A2-8974-4D7B-A76A-F4F29624C06BOSxDTLheSV66Hsf0i1yRUXAy8NkjYorxIG_uaN1dmJ5Wvd2xA3apQXvET0QVAF1JEaoPV6BKADfMsM6k4U-tLg/init?data=eyJ1cmwiOiJodHRwczovL2FwcHN0b3JlY29ubmVjdC5hcHBsZS5jb20vYXBwcy82Nzg5OTEzMTg2L2Rpc3RyaWJ1dGlvbi9pb3MvdmVyc2lvbi9pbmZsaWdodCIsInBsdWdpbnMiOiJ3c20mY2EmdnMmd250JnVhJmFibiZhYm5fc2hhZG93JmNiIiwiZGF0YSI6eyJkYXRhIjpbeyJwbHVnaW4iOiJ3c20iLCJwYXJhbWV0ZXJzIjoie1wicmVmZXJyZXJcIjpcIlwiLFwic3R1YklkXCI6XCJcIn0ifSx7InBsdWdpbiI6IndudCIsInBhcmFtZXRlcnMiOiJ7XCJyZWZlcnJlclwiOlwiXCJ9In0seyJwbHVnaW4iOiJ1YSIsInBhcmFtZXRlcnMiOiJ7fSJ9LHsicGx1Z2luIjoiYWJuIiwicGFyYW1ldGVycyI6IntcImlzQ3NzVXJsSW5qZWN0ZWRcIjpmYWxzZX0ifSx7InBsdWdpbiI6ImFibl9zaGFkb3ciLCJwYXJhbWV0ZXJzIjoie1wiaXNDc3NVcmxJbmplY3RlZFwiOmZhbHNlfSJ9XX0sImlzVG9wTGV2ZWwiOnRydWUsInBhZ2VTdGFydFRpbWUiOjE3ODUxMDYyNzYyNjEsIm5hdmlnYXRpb25TdGFydFRpbWUiOjE3ODUxMDYyNzU1MzB9&nocache=1f7c3&tm=2026-07-27T03%3A56%3A34.663Z:0
[18319162ms] [ERROR] Failed to load resource: net::ERR_FAILED @ https://gc.kis.v2.scr.kaspersky-labs.com/7D8B79A2-8974-4D7B-A76A-F4F29624C06BOSxDTLheSV66Hsf0i1yRUXAy8NkjYorxIG_uaN1dmJ5Wvd2xA3apQXvET0QVAF1JEaoPV6BKADfMsM6k4U-tLg/init?data=eyJ1cmwiOiJodHRwczovL2FwcHN0b3JlY29ubmVjdC5hcHBsZS5jb20vYXBwcy82Nzg5OTEzMTg2L2Rpc3RyaWJ1dGlvbi9pb3MvdmVyc2lvbi9pbmZsaWdodCIsInBsdWdpbnMiOiJ3c20mY2EmdnMmd250JnVhJmFibiZhYm5fc2hhZG93JmNiIiwiZGF0YSI6eyJkYXRhIjpbeyJwbHVnaW4iOiJ3c20iLCJwYXJhbWV0ZXJzIjoie1wicmVmZXJyZXJcIjpcIlwiLFwic3R1YklkXCI6XCJcIn0ifSx7InBsdWdpbiI6IndudCIsInBhcmFtZXRlcnMiOiJ7XCJyZWZlcnJlclwiOlwiXCJ9In0seyJwbHVnaW4iOiJ1YSIsInBhcmFtZXRlcnMiOiJ7fSJ9LHsicGx1Z2luIjoiYWJuIiwicGFyYW1ldGVycyI6IntcImlzQ3NzVXJsSW5qZWN0ZWRcIjpmYWxzZX0ifSx7InBsdWdpbiI6ImFibl9zaGFkb3ciLCJwYXJhbWV0ZXJzIjoie1wiaXNDc3NVcmxJbmplY3RlZFwiOmZhbHNlfSJ9XX0sImlzVG9wTGV2ZWwiOnRydWUsInBhZ2VTdGFydFRpbWUiOjE3ODUxMDYyNzYyNjEsIm5hdmlnYXRpb25TdGFydFRpbWUiOjE3ODUxMDYyNzU1MzB9&nocache=19440&tm=2026-07-27T03%3A56%3A34.678Z&second=true:0
[18439156ms] [ERROR] Failed to load resource: net::ERR_FAILED @ https://gc.kis.v2.scr.kaspersky-labs.com/7D8B79A2-8974-4D7B-A76A-F4F29624C06BOSxDTLheSV66Hsf0i1yRUXAy8NkjYorxIG_uaN1dmJ5Wvd2xA3apQXvET0QVAF1JEaoPV6BKADfMsM6k4U-tLg/init?data=eyJ1cmwiOiJodHRwczovL2FwcHN0b3JlY29ubmVjdC5hcHBsZS5jb20vYXBwcy82Nzg5OTEzMTg2L2Rpc3RyaWJ1dGlvbi9pb3MvdmVyc2lvbi9pbmZsaWdodCIsInBsdWdpbnMiOiJ3c20mY2EmdnMmd250JnVhJmFibiZhYm5fc2hhZG93JmNiIiwiZGF0YSI6eyJkYXRhIjpbeyJwbHVnaW4iOiJ3c20iLCJwYXJhbWV0ZXJzIjoie1wicmVmZXJyZXJcIjpcIlwiLFwic3R1YklkXCI6XCJcIn0ifSx7InBsdWdpbiI6IndudCIsInBhcmFtZXRlcnMiOiJ7XCJyZWZlcnJlclwiOlwiXCJ9In0seyJwbHVnaW4iOiJ1YSIsInBhcmFtZXRlcnMiOiJ7fSJ9LHsicGx1Z2luIjoiYWJuIiwicGFyYW1ldGVycyI6IntcImlzQ3NzVXJsSW5qZWN0ZWRcIjpmYWxzZX0ifSx7InBsdWdpbiI6ImFibl9zaGFkb3ciLCJwYXJhbWV0ZXJzIjoie1wiaXNDc3NVcmxJbmplY3RlZFwiOmZhbHNlfSJ9XX0sImlzVG9wTGV2ZWwiOnRydWUsInBhZ2VTdGFydFRpbWUiOjE3ODUxMDYyNzYyNjEsIm5hdmlnYXRpb25TdGFydFRpbWUiOjE3ODUxMDYyNzU1MzB9&nocache=139df&tm=2026-07-27T03%3A58%3A34.666Z:0
[18439170ms] [ERROR] Failed to load resource: net::ERR_FAILED @ https://gc.kis.v2.scr.kaspersky-labs.com/7D8B79A2-8974-4D7B-A76A-F4F29624C06BOSxDTLheSV66Hsf0i1yRUXAy8NkjYorxIG_uaN1dmJ5Wvd2xA3apQXvET0QVAF1JEaoPV6BKADfMsM6k4U-tLg/init?data=eyJ1cmwiOiJodHRwczovL2FwcHN0b3JlY29ubmVjdC5hcHBsZS5jb20vYXBwcy82Nzg5OTEzMTg2L2Rpc3RyaWJ1dGlvbi9pb3MvdmVyc2lvbi9pbmZsaWdodCIsInBsdWdpbnMiOiJ3c20mY2EmdnMmd250JnVhJmFibiZhYm5fc2hhZG93JmNiIiwiZGF0YSI6eyJkYXRhIjpbeyJwbHVnaW4iOiJ3c20iLCJwYXJhbWV0ZXJzIjoie1wicmVmZXJyZXJcIjpcIlwiLFwic3R1YklkXCI6XCJcIn0ifSx7InBsdWdpbiI6IndudCIsInBhcmFtZXRlcnMiOiJ7XCJyZWZlcnJlclwiOlwiXCJ9In0seyJwbHVnaW4iOiJ1YSIsInBhcmFtZXRlcnMiOiJ7fSJ9LHsicGx1Z2luIjoiYWJuIiwicGFyYW1ldGVycyI6IntcImlzQ3NzVXJsSW5qZWN0ZWRcIjpmYWxzZX0ifSx7InBsdWdpbiI6ImFibl9zaGFkb3ciLCJwYXJhbWV0ZXJzIjoie1wiaXNDc3NVcmxJbmplY3RlZFwiOmZhbHNlfSJ9XX0sImlzVG9wTGV2ZWwiOnRydWUsInBhZ2VTdGFydFRpbWUiOjE3ODUxMDYyNzYyNjEsIm5hdmlnYXRpb25TdGFydFRpbWUiOjE3ODUxMDYyNzU1MzB9&nocache=11202&tm=2026-07-27T03%3A58%3A34.678Z&second=true:0
[18559155ms] [ERROR] Failed to load resource: net::ERR_FAILED @ https://gc.kis.v2.scr.kaspersky-labs.com/7D8B79A2-8974-4D7B-A76A-F4F29624C06BOSxDTLheSV66Hsf0i1yRUXAy8NkjYorxIG_uaN1dmJ5Wvd2xA3apQXvET0QVAF1JEaoPV6BKADfMsM6k4U-tLg/init?data=eyJ1cmwiOiJodHRwczovL2FwcHN0b3JlY29ubmVjdC5hcHBsZS5jb20vYXBwcy82Nzg5OTEzMTg2L2Rpc3RyaWJ1dGlvbi9pb3MvdmVyc2lvbi9pbmZsaWdodCIsInBsdWdpbnMiOiJ3c20mY2EmdnMmd250JnVhJmFibiZhYm5fc2hhZG93JmNiIiwiZGF0YSI6eyJkYXRhIjpbeyJwbHVnaW4iOiJ3c20iLCJwYXJhbWV0ZXJzIjoie1wicmVmZXJyZXJcIjpcIlwiLFwic3R1YklkXCI6XCJcIn0ifSx7InBsdWdpbiI6IndudCIsInBhcmFtZXRlcnMiOiJ7XCJyZWZlcnJlclwiOlwiXCJ9In0seyJwbHVnaW4iOiJ1YSIsInBhcmFtZXRlcnMiOiJ7fSJ9LHsicGx1Z2luIjoiYWJuIiwicGFyYW1ldGVycyI6IntcImlzQ3NzVXJsSW5qZWN0ZWRcIjpmYWxzZX0ifSx7InBsdWdpbiI6ImFibl9zaGFkb3ciLCJwYXJhbWV0ZXJzIjoie1wiaXNDc3NVcmxJbmplY3RlZFwiOmZhbHNlfSJ9XX0sImlzVG9wTGV2ZWwiOnRydWUsInBhZ2VTdGFydFRpbWUiOjE3ODUxMDYyNzYyNjEsIm5hdmlnYXRpb25TdGFydFRpbWUiOjE3ODUxMDYyNzU1MzB9&nocache=1d584&tm=2026-07-27T04%3A00%3A34.669Z:0
[18559162ms] [ERROR] Failed to load resource: net::ERR_FAILED @ https://gc.kis.v2.scr.kaspersky-labs.com/7D8B79A2-8974-4D7B-A76A-F4F29624C06BOSxDTLheSV66Hsf0i1yRUXAy8NkjYorxIG_uaN1dmJ5Wvd2xA3apQXvET0QVAF1JEaoPV6BKADfMsM6k4U-tLg/init?data=eyJ1cmwiOiJodHRwczovL2FwcHN0b3JlY29ubmVjdC5hcHBsZS5jb20vYXBwcy82Nzg5OTEzMTg2L2Rpc3RyaWJ1dGlvbi9pb3MvdmVyc2lvbi9pbmZsaWdodCIsInBsdWdpbnMiOiJ3c20mY2EmdnMmd250JnVhJmFibiZhYm5fc2hhZG93JmNiIiwiZGF0YSI6eyJkYXRhIjpbeyJwbHVnaW4iOiJ3c20iLCJwYXJhbWV0ZXJzIjoie1wicmVmZXJyZXJcIjpcIlwiLFwic3R1YklkXCI6XCJcIn0ifSx7InBsdWdpbiI6IndudCIsInBhcmFtZXRlcnMiOiJ7XCJyZWZlcnJlclwiOlwiXCJ9In0seyJwbHVnaW4iOiJ1YSIsInBhcmFtZXRlcnMiOiJ7fSJ9LHsicGx1Z2luIjoiYWJuIiwicGFyYW1ldGVycyI6IntcImlzQ3NzVXJsSW5qZWN0ZWRcIjpmYWxzZX0ifSx7InBsdWdpbiI6ImFibl9zaGFkb3ciLCJwYXJhbWV0ZXJzIjoie1wiaXNDc3NVcmxJbmplY3RlZFwiOmZhbHNlfSJ9XX0sImlzVG9wTGV2ZWwiOnRydWUsInBhZ2VTdGFydFRpbWUiOjE3ODUxMDYyNzYyNjEsIm5hdmlnYXRpb25TdGFydFRpbWUiOjE3ODUxMDYyNzU1MzB9&nocache=18457&tm=2026-07-27T04%3A00%3A34.677Z&second=true:0
[18679154ms] [ERROR] Failed to load resource: net::ERR_FAILED @ https://gc.kis.v2.scr.kaspersky-labs.com/7D8B79A2-8974-4D7B-A76A-F4F29624C06BOSxDTLheSV66Hsf0i1yRUXAy8NkjYorxIG_uaN1dmJ5Wvd2xA3apQXvET0QVAF1JEaoPV6BKADfMsM6k4U-tLg/init?data=eyJ1cmwiOiJodHRwczovL2FwcHN0b3JlY29ubmVjdC5hcHBsZS5jb20vYXBwcy82Nzg5OTEzMTg2L2Rpc3RyaWJ1dGlvbi9pb3MvdmVyc2lvbi9pbmZsaWdodCIsInBsdWdpbnMiOiJ3c20mY2EmdnMmd250JnVhJmFibiZhYm5fc2hhZG93JmNiIiwiZGF0YSI6eyJkYXRhIjpbeyJwbHVnaW4iOiJ3c20iLCJwYXJhbWV0ZXJzIjoie1wicmVmZXJyZXJcIjpcIlwiLFwic3R1YklkXCI6XCJcIn0ifSx7InBsdWdpbiI6IndudCIsInBhcmFtZXRlcnMiOiJ7XCJyZWZlcnJlclwiOlwiXCJ9In0seyJwbHVnaW4iOiJ1YSIsInBhcmFtZXRlcnMiOiJ7fSJ9LHsicGx1Z2luIjoiYWJuIiwicGFyYW1ldGVycyI6IntcImlzQ3NzVXJsSW5qZWN0ZWRcIjpmYWxzZX0ifSx7InBsdWdpbiI6ImFibl9zaGFkb3ciLCJwYXJhbWV0ZXJzIjoie1wiaXNDc3NVcmxJbmplY3RlZFwiOmZhbHNlfSJ9XX0sImlzVG9wTGV2ZWwiOnRydWUsInBhZ2VTdGFydFRpbWUiOjE3ODUxMDYyNzYyNjEsIm5hdmlnYXRpb25TdGFydFRpbWUiOjE3ODUxMDYyNzU1MzB9&nocache=1a95d&tm=2026-07-27T04%3A02%3A34.656Z:0
[18679163ms] [ERROR] Failed to load resource: net::ERR_FAILED @ https://gc.kis.v2.scr.kaspersky-labs.com/7D8B79A2-8974-4D7B-A76A-F4F29624C06BOSxDTLheSV66Hsf0i1yRUXAy8NkjYorxIG_uaN1dmJ5Wvd2xA3apQXvET0QVAF1JEaoPV6BKADfMsM6k4U-tLg/init?data=eyJ1cmwiOiJodHRwczovL2FwcHN0b3JlY29ubmVjdC5hcHBsZS5jb20vYXBwcy82Nzg5OTEzMTg2L2Rpc3RyaWJ1dGlvbi9pb3MvdmVyc2lvbi9pbmZsaWdodCIsInBsdWdpbnMiOiJ3c20mY2EmdnMmd250JnVhJmFibiZhYm5fc2hhZG93JmNiIiwiZGF0YSI6eyJkYXRhIjpbeyJwbHVnaW4iOiJ3c20iLCJwYXJhbWV0ZXJzIjoie1wicmVmZXJyZXJcIjpcIlwiLFwic3R1YklkXCI6XCJcIn0ifSx7InBsdWdpbiI6IndudCIsInBhcmFtZXRlcnMiOiJ7XCJyZWZlcnJlclwiOlwiXCJ9In0seyJwbHVnaW4iOiJ1YSIsInBhcmFtZXRlcnMiOiJ7fSJ9LHsicGx1Z2luIjoiYWJuIiwicGFyYW1ldGVycyI6IntcImlzQ3NzVXJsSW5qZWN0ZWRcIjpmYWxzZX0ifSx7InBsdWdpbiI6ImFibl9zaGFkb3ciLCJwYXJhbWV0ZXJzIjoie1wiaXNDc3NVcmxJbmplY3RlZFwiOmZhbHNlfSJ9XX0sImlzVG9wTGV2ZWwiOnRydWUsInBhZ2VTdGFydFRpbWUiOjE3ODUxMDYyNzYyNjEsIm5hdmlnYXRpb25TdGFydFRpbWUiOjE3ODUxMDYyNzU1MzB9&nocache=14140&tm=2026-07-27T04%3A02%3A34.676Z&second=true:0
[18799156ms] [ERROR] Failed to load resource: net::ERR_FAILED @ https://gc.kis.v2.scr.kaspersky-labs.com/7D8B79A2-8974-4D7B-A76A-F4F29624C06BOSxDTLheSV66Hsf0i1yRUXAy8NkjYorxIG_uaN1dmJ5Wvd2xA3apQXvET0QVAF1JEaoPV6BKADfMsM6k4U-tLg/init?data=eyJ1cmwiOiJodHRwczovL2FwcHN0b3JlY29ubmVjdC5hcHBsZS5jb20vYXBwcy82Nzg5OTEzMTg2L2Rpc3RyaWJ1dGlvbi9pb3MvdmVyc2lvbi9pbmZsaWdodCIsInBsdWdpbnMiOiJ3c20mY2EmdnMmd250JnVhJmFibiZhYm5fc2hhZG93JmNiIiwiZGF0YSI6eyJkYXRhIjpbeyJwbHVnaW4iOiJ3c20iLCJwYXJhbWV0ZXJzIjoie1wicmVmZXJyZXJcIjpcIlwiLFwic3R1YklkXCI6XCJcIn0ifSx7InBsdWdpbiI6IndudCIsInBhcmFtZXRlcnMiOiJ7XCJyZWZlcnJlclwiOlwiXCJ9In0seyJwbHVnaW4iOiJ1YSIsInBhcmFtZXRlcnMiOiJ7fSJ9LHsicGx1Z2luIjoiYWJuIiwicGFyYW1ldGVycyI6IntcImlzQ3NzVXJsSW5qZWN0ZWRcIjpmYWxzZX0ifSx7InBsdWdpbiI6ImFibl9zaGFkb3ciLCJwYXJhbWV0ZXJzIjoie1wiaXNDc3NVcmxJbmplY3RlZFwiOmZhbHNlfSJ9XX0sImlzVG9wTGV2ZWwiOnRydWUsInBhZ2VTdGFydFRpbWUiOjE3ODUxMDYyNzYyNjEsIm5hdmlnYXRpb25TdGFydFRpbWUiOjE3ODUxMDYyNzU1MzB9&nocache=1bccd&tm=2026-07-27T04%3A04%3A34.656Z:0
[18799163ms] [ERROR] Failed to load resource: net::ERR_FAILED @ https://gc.kis.v2.scr.kaspersky-labs.com/7D8B79A2-8974-4D7B-A76A-F4F29624C06BOSxDTLheSV66Hsf0i1yRUXAy8NkjYorxIG_uaN1dmJ5Wvd2xA3apQXvET0QVAF1JEaoPV6BKADfMsM6k4U-tLg/init?data=eyJ1cmwiOiJodHRwczovL2FwcHN0b3JlY29ubmVjdC5hcHBsZS5jb20vYXBwcy82Nzg5OTEzMTg2L2Rpc3RyaWJ1dGlvbi9pb3MvdmVyc2lvbi9pbmZsaWdodCIsInBsdWdpbnMiOiJ3c20mY2EmdnMmd250JnVhJmFibiZhYm5fc2hhZG93JmNiIiwiZGF0YSI6eyJkYXRhIjpbeyJwbHVnaW4iOiJ3c20iLCJwYXJhbWV0ZXJzIjoie1wicmVmZXJyZXJcIjpcIlwiLFwic3R1YklkXCI6XCJcIn0ifSx7InBsdWdpbiI6IndudCIsInBhcmFtZXRlcnMiOiJ7XCJyZWZlcnJlclwiOlwiXCJ9In0seyJwbHVnaW4iOiJ1YSIsInBhcmFtZXRlcnMiOiJ7fSJ9LHsicGx1Z2luIjoiYWJuIiwicGFyYW1ldGVycyI6IntcImlzQ3NzVXJsSW5qZWN0ZWRcIjpmYWxzZX0ifSx7InBsdWdpbiI6ImFibl9zaGFkb3ciLCJwYXJhbWV0ZXJzIjoie1wiaXNDc3NVcmxJbmplY3RlZFwiOmZhbHNlfSJ9XX0sImlzVG9wTGV2ZWwiOnRydWUsInBhZ2VTdGFydFRpbWUiOjE3ODUxMDYyNzYyNjEsIm5hdmlnYXRpb25TdGFydFRpbWUiOjE3ODUxMDYyNzU1MzB9&nocache=19558&tm=2026-07-27T04%3A04%3A34.678Z&second=true:0
[18919156ms] [ERROR] Failed to load resource: net::ERR_FAILED @ https://gc.kis.v2.scr.kaspersky-labs.com/7D8B79A2-8974-4D7B-A76A-F4F29624C06BOSxDTLheSV66Hsf0i1yRUXAy8NkjYorxIG_uaN1dmJ5Wvd2xA3apQXvET0QVAF1JEaoPV6BKADfMsM6k4U-tLg/init?data=eyJ1cmwiOiJodHRwczovL2FwcHN0b3JlY29ubmVjdC5hcHBsZS5jb20vYXBwcy82Nzg5OTEzMTg2L2Rpc3RyaWJ1dGlvbi9pb3MvdmVyc2lvbi9pbmZsaWdodCIsInBsdWdpbnMiOiJ3c20mY2EmdnMmd250JnVhJmFibiZhYm5fc2hhZG93JmNiIiwiZGF0YSI6eyJkYXRhIjpbeyJwbHVnaW4iOiJ3c20iLCJwYXJhbWV0ZXJzIjoie1wicmVmZXJyZXJcIjpcIlwiLFwic3R1YklkXCI6XCJcIn0ifSx7InBsdWdpbiI6IndudCIsInBhcmFtZXRlcnMiOiJ7XCJyZWZlcnJlclwiOlwiXCJ9In0seyJwbHVnaW4iOiJ1YSIsInBhcmFtZXRlcnMiOiJ7fSJ9LHsicGx1Z2luIjoiYWJuIiwicGFyYW1ldGVycyI6IntcImlzQ3NzVXJsSW5qZWN0ZWRcIjpmYWxzZX0ifSx7InBsdWdpbiI6ImFibl9zaGFkb3ciLCJwYXJhbWV0ZXJzIjoie1wiaXNDc3NVcmxJbmplY3RlZFwiOmZhbHNlfSJ9XX0sImlzVG9wTGV2ZWwiOnRydWUsInBhZ2VTdGFydFRpbWUiOjE3ODUxMDYyNzYyNjEsIm5hdmlnYXRpb25TdGFydFRpbWUiOjE3ODUxMDYyNzU1MzB9&nocache=10e4a&tm=2026-07-27T04%3A06%3A34.665Z:0
[18919162ms] [ERROR] Failed to load resource: net::ERR_FAILED @ https://gc.kis.v2.scr.kaspersky-labs.com/7D8B79A2-8974-4D7B-A76A-F4F29624C06BOSxDTLheSV66Hsf0i1yRUXAy8NkjYorxIG_uaN1dmJ5Wvd2xA3apQXvET0QVAF1JEaoPV6BKADfMsM6k4U-tLg/init?data=eyJ1cmwiOiJodHRwczovL2FwcHN0b3JlY29ubmVjdC5hcHBsZS5jb20vYXBwcy82Nzg5OTEzMTg2L2Rpc3RyaWJ1dGlvbi9pb3MvdmVyc2lvbi9pbmZsaWdodCIsInBsdWdpbnMiOiJ3c20mY2EmdnMmd250JnVhJmFibiZhYm5fc2hhZG93JmNiIiwiZGF0YSI6eyJkYXRhIjpbeyJwbHVnaW4iOiJ3c20iLCJwYXJhbWV0ZXJzIjoie1wicmVmZXJyZXJcIjpcIlwiLFwic3R1YklkXCI6XCJcIn0ifSx7InBsdWdpbiI6IndudCIsInBhcmFtZXRlcnMiOiJ7XCJyZWZlcnJlclwiOlwiXCJ9In0seyJwbHVnaW4iOiJ1YSIsInBhcmFtZXRlcnMiOiJ7fSJ9LHsicGx1Z2luIjoiYWJuIiwicGFyYW1ldGVycyI6IntcImlzQ3NzVXJsSW5qZWN0ZWRcIjpmYWxzZX0ifSx7InBsdWdpbiI6ImFibl9zaGFkb3ciLCJwYXJhbWV0ZXJzIjoie1wiaXNDc3NVcmxJbmplY3RlZFwiOmZhbHNlfSJ9XX0sImlzVG9wTGV2ZWwiOnRydWUsInBhZ2VTdGFydFRpbWUiOjE3ODUxMDYyNzYyNjEsIm5hdmlnYXRpb25TdGFydFRpbWUiOjE3ODUxMDYyNzU1MzB9&nocache=17774&tm=2026-07-27T04%3A06%3A34.678Z&second=true:0
[19039160ms] [ERROR] Failed to load resource: net::ERR_FAILED @ https://gc.kis.v2.scr.kaspersky-labs.com/7D8B79A2-8974-4D7B-A76A-F4F29624C06BOSxDTLheSV66Hsf0i1yRUXAy8NkjYorxIG_uaN1dmJ5Wvd2xA3apQXvET0QVAF1JEaoPV6BKADfMsM6k4U-tLg/init?data=eyJ1cmwiOiJodHRwczovL2FwcHN0b3JlY29ubmVjdC5hcHBsZS5jb20vYXBwcy82Nzg5OTEzMTg2L2Rpc3RyaWJ1dGlvbi9pb3MvdmVyc2lvbi9pbmZsaWdodCIsInBsdWdpbnMiOiJ3c20mY2EmdnMmd250JnVhJmFibiZhYm5fc2hhZG93JmNiIiwiZGF0YSI6eyJkYXRhIjpbeyJwbHVnaW4iOiJ3c20iLCJwYXJhbWV0ZXJzIjoie1wicmVmZXJyZXJcIjpcIlwiLFwic3R1YklkXCI6XCJcIn0ifSx7InBsdWdpbiI6IndudCIsInBhcmFtZXRlcnMiOiJ7XCJyZWZlcnJlclwiOlwiXCJ9In0seyJwbHVnaW4iOiJ1YSIsInBhcmFtZXRlcnMiOiJ7fSJ9LHsicGx1Z2luIjoiYWJuIiwicGFyYW1ldGVycyI6IntcImlzQ3NzVXJsSW5qZWN0ZWRcIjpmYWxzZX0ifSx7InBsdWdpbiI6ImFibl9zaGFkb3ciLCJwYXJhbWV0ZXJzIjoie1wiaXNDc3NVcmxJbmplY3RlZFwiOmZhbHNlfSJ9XX0sImlzVG9wTGV2ZWwiOnRydWUsInBhZ2VTdGFydFRpbWUiOjE3ODUxMDYyNzYyNjEsIm5hdmlnYXRpb25TdGFydFRpbWUiOjE3ODUxMDYyNzU1MzB9&nocache=1e686&tm=2026-07-27T04%3A08%3A34.656Z:0
[19039171ms] [ERROR] Failed to load resource: net::ERR_FAILED @ https://gc.kis.v2.scr.kaspersky-labs.com/7D8B79A2-8974-4D7B-A76A-F4F29624C06BOSxDTLheSV66Hsf0i1yRUXAy8NkjYorxIG_uaN1dmJ5Wvd2xA3apQXvET0QVAF1JEaoPV6BKADfMsM6k4U-tLg/init?data=eyJ1cmwiOiJodHRwczovL2FwcHN0b3JlY29ubmVjdC5hcHBsZS5jb20vYXBwcy82Nzg5OTEzMTg2L2Rpc3RyaWJ1dGlvbi9pb3MvdmVyc2lvbi9pbmZsaWdodCIsInBsdWdpbnMiOiJ3c20mY2EmdnMmd250JnVhJmFibiZhYm5fc2hhZG93JmNiIiwiZGF0YSI6eyJkYXRhIjpbeyJwbHVnaW4iOiJ3c20iLCJwYXJhbWV0ZXJzIjoie1wicmVmZXJyZXJcIjpcIlwiLFwic3R1YklkXCI6XCJcIn0ifSx7InBsdWdpbiI6IndudCIsInBhcmFtZXRlcnMiOiJ7XCJyZWZlcnJlclwiOlwiXCJ9In0seyJwbHVnaW4iOiJ1YSIsInBhcmFtZXRlcnMiOiJ7fSJ9LHsicGx1Z2luIjoiYWJuIiwicGFyYW1ldGVycyI6IntcImlzQ3NzVXJsSW5qZWN0ZWRcIjpmYWxzZX0ifSx7InBsdWdpbiI6ImFibl9zaGFkb3ciLCJwYXJhbWV0ZXJzIjoie1wiaXNDc3NVcmxJbmplY3RlZFwiOmZhbHNlfSJ9XX0sImlzVG9wTGV2ZWwiOnRydWUsInBhZ2VTdGFydFRpbWUiOjE3ODUxMDYyNzYyNjEsIm5hdmlnYXRpb25TdGFydFRpbWUiOjE3ODUxMDYyNzU1MzB9&nocache=1a739&tm=2026-07-27T04%3A08%3A34.682Z&second=true:0
[19159150ms] [ERROR] Failed to load resource: net::ERR_FAILED @ https://gc.kis.v2.scr.kaspersky-labs.com/7D8B79A2-8974-4D7B-A76A-F4F29624C06BOSxDTLheSV66Hsf0i1yRUXAy8NkjYorxIG_uaN1dmJ5Wvd2xA3apQXvET0QVAF1JEaoPV6BKADfMsM6k4U-tLg/init?data=eyJ1cmwiOiJodHRwczovL2FwcHN0b3JlY29ubmVjdC5hcHBsZS5jb20vYXBwcy82Nzg5OTEzMTg2L2Rpc3RyaWJ1dGlvbi9pb3MvdmVyc2lvbi9pbmZsaWdodCIsInBsdWdpbnMiOiJ3c20mY2EmdnMmd250JnVhJmFibiZhYm5fc2hhZG93JmNiIiwiZGF0YSI6eyJkYXRhIjpbeyJwbHVnaW4iOiJ3c20iLCJwYXJhbWV0ZXJzIjoie1wicmVmZXJyZXJcIjpcIlwiLFwic3R1YklkXCI6XCJcIn0ifSx7InBsdWdpbiI6IndudCIsInBhcmFtZXRlcnMiOiJ7XCJyZWZlcnJlclwiOlwiXCJ9In0seyJwbHVnaW4iOiJ1YSIsInBhcmFtZXRlcnMiOiJ7fSJ9LHsicGx1Z2luIjoiYWJuIiwicGFyYW1ldGVycyI6IntcImlzQ3NzVXJsSW5qZWN0ZWRcIjpmYWxzZX0ifSx7InBsdWdpbiI6ImFibl9zaGFkb3ciLCJwYXJhbWV0ZXJzIjoie1wiaXNDc3NVcmxJbmplY3RlZFwiOmZhbHNlfSJ9XX0sImlzVG9wTGV2ZWwiOnRydWUsInBhZ2VTdGFydFRpbWUiOjE3ODUxMDYyNzYyNjEsIm5hdmlnYXRpb25TdGFydFRpbWUiOjE3ODUxMDYyNzU1MzB9&nocache=17647&tm=2026-07-27T04%3A10%3A34.662Z:0
[19159158ms] [ERROR] Failed to load resource: net::ERR_FAILED @ https://gc.kis.v2.scr.kaspersky-labs.com/7D8B79A2-8974-4D7B-A76A-F4F29624C06BOSxDTLheSV66Hsf0i1yRUXAy8NkjYorxIG_uaN1dmJ5Wvd2xA3apQXvET0QVAF1JEaoPV6BKADfMsM6k4U-tLg/init?data=eyJ1cmwiOiJodHRwczovL2FwcHN0b3JlY29ubmVjdC5hcHBsZS5jb20vYXBwcy82Nzg5OTEzMTg2L2Rpc3RyaWJ1dGlvbi9pb3MvdmVyc2lvbi9pbmZsaWdodCIsInBsdWdpbnMiOiJ3c20mY2EmdnMmd250JnVhJmFibiZhYm5fc2hhZG93JmNiIiwiZGF0YSI6eyJkYXRhIjpbeyJwbHVnaW4iOiJ3c20iLCJwYXJhbWV0ZXJzIjoie1wicmVmZXJyZXJcIjpcIlwiLFwic3R1YklkXCI6XCJcIn0ifSx7InBsdWdpbiI6IndudCIsInBhcmFtZXRlcnMiOiJ7XCJyZWZlcnJlclwiOlwiXCJ9In0seyJwbHVnaW4iOiJ1YSIsInBhcmFtZXRlcnMiOiJ7fSJ9LHsicGx1Z2luIjoiYWJuIiwicGFyYW1ldGVycyI6IntcImlzQ3NzVXJsSW5qZWN0ZWRcIjpmYWxzZX0ifSx7InBsdWdpbiI6ImFibl9zaGFkb3ciLCJwYXJhbWV0ZXJzIjoie1wiaXNDc3NVcmxJbmplY3RlZFwiOmZhbHNlfSJ9XX0sImlzVG9wTGV2ZWwiOnRydWUsInBhZ2VTdGFydFRpbWUiOjE3ODUxMDYyNzYyNjEsIm5hdmlnYXRpb25TdGFydFRpbWUiOjE3ODUxMDYyNzU1MzB9&nocache=1c701&tm=2026-07-27T04%3A10%3A34.672Z&second=true:0
[19279156ms] [ERROR] Failed to load resource: net::ERR_FAILED @ https://gc.kis.v2.scr.kaspersky-labs.com/7D8B79A2-8974-4D7B-A76A-F4F29624C06BOSxDTLheSV66Hsf0i1yRUXAy8NkjYorxIG_uaN1dmJ5Wvd2xA3apQXvET0QVAF1JEaoPV6BKADfMsM6k4U-tLg/init?data=eyJ1cmwiOiJodHRwczovL2FwcHN0b3JlY29ubmVjdC5hcHBsZS5jb20vYXBwcy82Nzg5OTEzMTg2L2Rpc3RyaWJ1dGlvbi9pb3MvdmVyc2lvbi9pbmZsaWdodCIsInBsdWdpbnMiOiJ3c20mY2EmdnMmd250JnVhJmFibiZhYm5fc2hhZG93JmNiIiwiZGF0YSI6eyJkYXRhIjpbeyJwbHVnaW4iOiJ3c20iLCJwYXJhbWV0ZXJzIjoie1wicmVmZXJyZXJcIjpcIlwiLFwic3R1YklkXCI6XCJcIn0ifSx7InBsdWdpbiI6IndudCIsInBhcmFtZXRlcnMiOiJ7XCJyZWZlcnJlclwiOlwiXCJ9In0seyJwbHVnaW4iOiJ1YSIsInBhcmFtZXRlcnMiOiJ7fSJ9LHsicGx1Z2luIjoiYWJuIiwicGFyYW1ldGVycyI6IntcImlzQ3NzVXJsSW5qZWN0ZWRcIjpmYWxzZX0ifSx7InBsdWdpbiI6ImFibl9zaGFkb3ciLCJwYXJhbWV0ZXJzIjoie1wiaXNDc3NVcmxJbmplY3RlZFwiOmZhbHNlfSJ9XX0sImlzVG9wTGV2ZWwiOnRydWUsInBhZ2VTdGFydFRpbWUiOjE3ODUxMDYyNzYyNjEsIm5hdmlnYXRpb25TdGFydFRpbWUiOjE3ODUxMDYyNzU1MzB9&nocache=12cd2&tm=2026-07-27T04%3A12%3A34.667Z:0
[19279161ms] [ERROR] Failed to load resource: net::ERR_FAILED @ https://gc.kis.v2.scr.kaspersky-labs.com/7D8B79A2-8974-4D7B-A76A-F4F29624C06BOSxDTLheSV66Hsf0i1yRUXAy8NkjYorxIG_uaN1dmJ5Wvd2xA3apQXvET0QVAF1JEaoPV6BKADfMsM6k4U-tLg/init?data=eyJ1cmwiOiJodHRwczovL2FwcHN0b3JlY29ubmVjdC5hcHBsZS5jb20vYXBwcy82Nzg5OTEzMTg2L2Rpc3RyaWJ1dGlvbi9pb3MvdmVyc2lvbi9pbmZsaWdodCIsInBsdWdpbnMiOiJ3c20mY2EmdnMmd250JnVhJmFibiZhYm5fc2hhZG93JmNiIiwiZGF0YSI6eyJkYXRhIjpbeyJwbHVnaW4iOiJ3c20iLCJwYXJhbWV0ZXJzIjoie1wicmVmZXJyZXJcIjpcIlwiLFwic3R1YklkXCI6XCJcIn0ifSx7InBsdWdpbiI6IndudCIsInBhcmFtZXRlcnMiOiJ7XCJyZWZlcnJlclwiOlwiXCJ9In0seyJwbHVnaW4iOiJ1YSIsInBhcmFtZXRlcnMiOiJ7fSJ9LHsicGx1Z2luIjoiYWJuIiwicGFyYW1ldGVycyI6IntcImlzQ3NzVXJsSW5qZWN0ZWRcIjpmYWxzZX0ifSx7InBsdWdpbiI6ImFibl9zaGFkb3ciLCJwYXJhbWV0ZXJzIjoie1wiaXNDc3NVcmxJbmplY3RlZFwiOmZhbHNlfSJ9XX0sImlzVG9wTGV2ZWwiOnRydWUsInBhZ2VTdGFydFRpbWUiOjE3ODUxMDYyNzYyNjEsIm5hdmlnYXRpb25TdGFydFRpbWUiOjE3ODUxMDYyNzU1MzB9&nocache=1f286&tm=2026-07-27T04%3A12%3A34.678Z&second=true:0
[19399220ms] [ERROR] Failed to load resource: net::ERR_FAILED @ https://gc.kis.v2.scr.kaspersky-labs.com/7D8B79A2-8974-4D7B-A76A-F4F29624C06BOSxDTLheSV66Hsf0i1yRUXAy8NkjYorxIG_uaN1dmJ5Wvd2xA3apQXvET0QVAF1JEaoPV6BKADfMsM6k4U-tLg/init?data=eyJ1cmwiOiJodHRwczovL2FwcHN0b3JlY29ubmVjdC5hcHBsZS5jb20vYXBwcy82Nzg5OTEzMTg2L2Rpc3RyaWJ1dGlvbi9pb3MvdmVyc2lvbi9pbmZsaWdodCIsInBsdWdpbnMiOiJ3c20mY2EmdnMmd250JnVhJmFibiZhYm5fc2hhZG93JmNiIiwiZGF0YSI6eyJkYXRhIjpbeyJwbHVnaW4iOiJ3c20iLCJwYXJhbWV0ZXJzIjoie1wicmVmZXJyZXJcIjpcIlwiLFwic3R1YklkXCI6XCJcIn0ifSx7InBsdWdpbiI6IndudCIsInBhcmFtZXRlcnMiOiJ7XCJyZWZlcnJlclwiOlwiXCJ9In0seyJwbHVnaW4iOiJ1YSIsInBhcmFtZXRlcnMiOiJ7fSJ9LHsicGx1Z2luIjoiYWJuIiwicGFyYW1ldGVycyI6IntcImlzQ3NzVXJsSW5qZWN0ZWRcIjpmYWxzZX0ifSx7InBsdWdpbiI6ImFibl9zaGFkb3ciLCJwYXJhbWV0ZXJzIjoie1wiaXNDc3NVcmxJbmplY3RlZFwiOmZhbHNlfSJ9XX0sImlzVG9wTGV2ZWwiOnRydWUsInBhZ2VTdGFydFRpbWUiOjE3ODUxMDYyNzYyNjEsIm5hdmlnYXRpb25TdGFydFRpbWUiOjE3ODUxMDYyNzU1MzB9&nocache=1ce7e&tm=2026-07-27T04%3A14%3A34.676Z:0
[19399234ms] [ERROR] Failed to load resource: net::ERR_FAILED @ https://gc.kis.v2.scr.kaspersky-labs.com/7D8B79A2-8974-4D7B-A76A-F4F29624C06BOSxDTLheSV66Hsf0i1yRUXAy8NkjYorxIG_uaN1dmJ5Wvd2xA3apQXvET0QVAF1JEaoPV6BKADfMsM6k4U-tLg/init?data=eyJ1cmwiOiJodHRwczovL2FwcHN0b3JlY29ubmVjdC5hcHBsZS5jb20vYXBwcy82Nzg5OTEzMTg2L2Rpc3RyaWJ1dGlvbi9pb3MvdmVyc2lvbi9pbmZsaWdodCIsInBsdWdpbnMiOiJ3c20mY2EmdnMmd250JnVhJmFibiZhYm5fc2hhZG93JmNiIiwiZGF0YSI6eyJkYXRhIjpbeyJwbHVnaW4iOiJ3c20iLCJwYXJhbWV0ZXJzIjoie1wicmVmZXJyZXJcIjpcIlwiLFwic3R1YklkXCI6XCJcIn0ifSx7InBsdWdpbiI6IndudCIsInBhcmFtZXRlcnMiOiJ7XCJyZWZlcnJlclwiOlwiXCJ9In0seyJwbHVnaW4iOiJ1YSIsInBhcmFtZXRlcnMiOiJ7fSJ9LHsicGx1Z2luIjoiYWJuIiwicGFyYW1ldGVycyI6IntcImlzQ3NzVXJsSW5qZWN0ZWRcIjpmYWxzZX0ifSx7InBsdWdpbiI6ImFibl9zaGFkb3ciLCJwYXJhbWV0ZXJzIjoie1wiaXNDc3NVcmxJbmplY3RlZFwiOmZhbHNlfSJ9XX0sImlzVG9wTGV2ZWwiOnRydWUsInBhZ2VTdGFydFRpbWUiOjE3ODUxMDYyNzYyNjEsIm5hdmlnYXRpb25TdGFydFRpbWUiOjE3ODUxMDYyNzU1MzB9&nocache=1b4c4&tm=2026-07-27T04%3A14%3A34.742Z&second=true:0
[19519150ms] [ERROR] Failed to load resource: net::ERR_FAILED @ https://gc.kis.v2.scr.kaspersky-labs.com/7D8B79A2-8974-4D7B-A76A-F4F29624C06BOSxDTLheSV66Hsf0i1yRUXAy8NkjYorxIG_uaN1dmJ5Wvd2xA3apQXvET0QVAF1JEaoPV6BKADfMsM6k4U-tLg/init?data=eyJ1cmwiOiJodHRwczovL2FwcHN0b3JlY29ubmVjdC5hcHBsZS5jb20vYXBwcy82Nzg5OTEzMTg2L2Rpc3RyaWJ1dGlvbi9pb3MvdmVyc2lvbi9pbmZsaWdodCIsInBsdWdpbnMiOiJ3c20mY2EmdnMmd250JnVhJmFibiZhYm5fc2hhZG93JmNiIiwiZGF0YSI6eyJkYXRhIjpbeyJwbHVnaW4iOiJ3c20iLCJwYXJhbWV0ZXJzIjoie1wicmVmZXJyZXJcIjpcIlwiLFwic3R1YklkXCI6XCJcIn0ifSx7InBsdWdpbiI6IndudCIsInBhcmFtZXRlcnMiOiJ7XCJyZWZlcnJlclwiOlwiXCJ9In0seyJwbHVnaW4iOiJ1YSIsInBhcmFtZXRlcnMiOiJ7fSJ9LHsicGx1Z2luIjoiYWJuIiwicGFyYW1ldGVycyI6IntcImlzQ3NzVXJsSW5qZWN0ZWRcIjpmYWxzZX0ifSx7InBsdWdpbiI6ImFibl9zaGFkb3ciLCJwYXJhbWV0ZXJzIjoie1wiaXNDc3NVcmxJbmplY3RlZFwiOmZhbHNlfSJ9XX0sImlzVG9wTGV2ZWwiOnRydWUsInBhZ2VTdGFydFRpbWUiOjE3ODUxMDYyNzYyNjEsIm5hdmlnYXRpb25TdGFydFRpbWUiOjE3ODUxMDYyNzU1MzB9&nocache=17438&tm=2026-07-27T04%3A16%3A34.657Z:0
[19519158ms] [ERROR] Failed to load resource: net::ERR_FAILED @ https://gc.kis.v2.scr.kaspersky-labs.com/7D8B79A2-8974-4D7B-A76A-F4F29624C06BOSxDTLheSV66Hsf0i1yRUXAy8NkjYorxIG_uaN1dmJ5Wvd2xA3apQXvET0QVAF1JEaoPV6BKADfMsM6k4U-tLg/init?data=eyJ1cmwiOiJodHRwczovL2FwcHN0b3JlY29ubmVjdC5hcHBsZS5jb20vYXBwcy82Nzg5OTEzMTg2L2Rpc3RyaWJ1dGlvbi9pb3MvdmVyc2lvbi9pbmZsaWdodCIsInBsdWdpbnMiOiJ3c20mY2EmdnMmd250JnVhJmFibiZhYm5fc2hhZG93JmNiIiwiZGF0YSI6eyJkYXRhIjpbeyJwbHVnaW4iOiJ3c20iLCJwYXJhbWV0ZXJzIjoie1wicmVmZXJyZXJcIjpcIlwiLFwic3R1YklkXCI6XCJcIn0ifSx7InBsdWdpbiI6IndudCIsInBhcmFtZXRlcnMiOiJ7XCJyZWZlcnJlclwiOlwiXCJ9In0seyJwbHVnaW4iOiJ1YSIsInBhcmFtZXRlcnMiOiJ7fSJ9LHsicGx1Z2luIjoiYWJuIiwicGFyYW1ldGVycyI6IntcImlzQ3NzVXJsSW5qZWN0ZWRcIjpmYWxzZX0ifSx7InBsdWdpbiI6ImFibl9zaGFkb3ciLCJwYXJhbWV0ZXJzIjoie1wiaXNDc3NVcmxJbmplY3RlZFwiOmZhbHNlfSJ9XX0sImlzVG9wTGV2ZWwiOnRydWUsInBhZ2VTdGFydFRpbWUiOjE3ODUxMDYyNzYyNjEsIm5hdmlnYXRpb25TdGFydFRpbWUiOjE3ODUxMDYyNzU1MzB9&nocache=1f842&tm=2026-07-27T04%3A16%3A34.672Z&second=true:0
[19639158ms] [ERROR] Failed to load resource: net::ERR_FAILED @ https://gc.kis.v2.scr.kaspersky-labs.com/7D8B79A2-8974-4D7B-A76A-F4F29624C06BOSxDTLheSV66Hsf0i1yRUXAy8NkjYorxIG_uaN1dmJ5Wvd2xA3apQXvET0QVAF1JEaoPV6BKADfMsM6k4U-tLg/init?data=eyJ1cmwiOiJodHRwczovL2FwcHN0b3JlY29ubmVjdC5hcHBsZS5jb20vYXBwcy82Nzg5OTEzMTg2L2Rpc3RyaWJ1dGlvbi9pb3MvdmVyc2lvbi9pbmZsaWdodCIsInBsdWdpbnMiOiJ3c20mY2EmdnMmd250JnVhJmFibiZhYm5fc2hhZG93JmNiIiwiZGF0YSI6eyJkYXRhIjpbeyJwbHVnaW4iOiJ3c20iLCJwYXJhbWV0ZXJzIjoie1wicmVmZXJyZXJcIjpcIlwiLFwic3R1YklkXCI6XCJcIn0ifSx7InBsdWdpbiI6IndudCIsInBhcmFtZXRlcnMiOiJ7XCJyZWZlcnJlclwiOlwiXCJ9In0seyJwbHVnaW4iOiJ1YSIsInBhcmFtZXRlcnMiOiJ7fSJ9LHsicGx1Z2luIjoiYWJuIiwicGFyYW1ldGVycyI6IntcImlzQ3NzVXJsSW5qZWN0ZWRcIjpmYWxzZX0ifSx7InBsdWdpbiI6ImFibl9zaGFkb3ciLCJwYXJhbWV0ZXJzIjoie1wiaXNDc3NVcmxJbmplY3RlZFwiOmZhbHNlfSJ9XX0sImlzVG9wTGV2ZWwiOnRydWUsInBhZ2VTdGFydFRpbWUiOjE3ODUxMDYyNzYyNjEsIm5hdmlnYXRpb25TdGFydFRpbWUiOjE3ODUxMDYyNzU1MzB9&nocache=14883&tm=2026-07-27T04%3A18%3A34.667Z:0
[19639173ms] [ERROR] Failed to load resource: net::ERR_FAILED @ https://gc.kis.v2.scr.kaspersky-labs.com/7D8B79A2-8974-4D7B-A76A-F4F29624C06BOSxDTLheSV66Hsf0i1yRUXAy8NkjYorxIG_uaN1dmJ5Wvd2xA3apQXvET0QVAF1JEaoPV6BKADfMsM6k4U-tLg/init?data=eyJ1cmwiOiJodHRwczovL2FwcHN0b3JlY29ubmVjdC5hcHBsZS5jb20vYXBwcy82Nzg5OTEzMTg2L2Rpc3RyaWJ1dGlvbi9pb3MvdmVyc2lvbi9pbmZsaWdodCIsInBsdWdpbnMiOiJ3c20mY2EmdnMmd250JnVhJmFibiZhYm5fc2hhZG93JmNiIiwiZGF0YSI6eyJkYXRhIjpbeyJwbHVnaW4iOiJ3c20iLCJwYXJhbWV0ZXJzIjoie1wicmVmZXJyZXJcIjpcIlwiLFwic3R1YklkXCI6XCJcIn0ifSx7InBsdWdpbiI6IndudCIsInBhcmFtZXRlcnMiOiJ7XCJyZWZlcnJlclwiOlwiXCJ9In0seyJwbHVnaW4iOiJ1YSIsInBhcmFtZXRlcnMiOiJ7fSJ9LHsicGx1Z2luIjoiYWJuIiwicGFyYW1ldGVycyI6IntcImlzQ3NzVXJsSW5qZWN0ZWRcIjpmYWxzZX0ifSx7InBsdWdpbiI6ImFibl9zaGFkb3ciLCJwYXJhbWV0ZXJzIjoie1wiaXNDc3NVcmxJbmplY3RlZFwiOmZhbHNlfSJ9XX0sImlzVG9wTGV2ZWwiOnRydWUsInBhZ2VTdGFydFRpbWUiOjE3ODUxMDYyNzYyNjEsIm5hdmlnYXRpb25TdGFydFRpbWUiOjE3ODUxMDYyNzU1MzB9&nocache=1a8d4&tm=2026-07-27T04%3A18%3A34.680Z&second=true:0
[19759142ms] [ERROR] Failed to load resource: net::ERR_FAILED @ https://gc.kis.v2.scr.kaspersky-labs.com/7D8B79A2-8974-4D7B-A76A-F4F29624C06BOSxDTLheSV66Hsf0i1yRUXAy8NkjYorxIG_uaN1dmJ5Wvd2xA3apQXvET0QVAF1JEaoPV6BKADfMsM6k4U-tLg/init?data=eyJ1cmwiOiJodHRwczovL2FwcHN0b3JlY29ubmVjdC5hcHBsZS5jb20vYXBwcy82Nzg5OTEzMTg2L2Rpc3RyaWJ1dGlvbi9pb3MvdmVyc2lvbi9pbmZsaWdodCIsInBsdWdpbnMiOiJ3c20mY2EmdnMmd250JnVhJmFibiZhYm5fc2hhZG93JmNiIiwiZGF0YSI6eyJkYXRhIjpbeyJwbHVnaW4iOiJ3c20iLCJwYXJhbWV0ZXJzIjoie1wicmVmZXJyZXJcIjpcIlwiLFwic3R1YklkXCI6XCJcIn0ifSx7InBsdWdpbiI6IndudCIsInBhcmFtZXRlcnMiOiJ7XCJyZWZlcnJlclwiOlwiXCJ9In0seyJwbHVnaW4iOiJ1YSIsInBhcmFtZXRlcnMiOiJ7fSJ9LHsicGx1Z2luIjoiYWJuIiwicGFyYW1ldGVycyI6IntcImlzQ3NzVXJsSW5qZWN0ZWRcIjpmYWxzZX0ifSx7InBsdWdpbiI6ImFibl9zaGFkb3ciLCJwYXJhbWV0ZXJzIjoie1wiaXNDc3NVcmxJbmplY3RlZFwiOmZhbHNlfSJ9XX0sImlzVG9wTGV2ZWwiOnRydWUsInBhZ2VTdGFydFRpbWUiOjE3ODUxMDYyNzYyNjEsIm5hdmlnYXRpb25TdGFydFRpbWUiOjE3ODUxMDYyNzU1MzB9&nocache=1c3d7&tm=2026-07-27T04%3A20%3A34.657Z:0
[19759148ms] [ERROR] Failed to load resource: net::ERR_FAILED @ https://gc.kis.v2.scr.kaspersky-labs.com/7D8B79A2-8974-4D7B-A76A-F4F29624C06BOSxDTLheSV66Hsf0i1yRUXAy8NkjYorxIG_uaN1dmJ5Wvd2xA3apQXvET0QVAF1JEaoPV6BKADfMsM6k4U-tLg/init?data=eyJ1cmwiOiJodHRwczovL2FwcHN0b3JlY29ubmVjdC5hcHBsZS5jb20vYXBwcy82Nzg5OTEzMTg2L2Rpc3RyaWJ1dGlvbi9pb3MvdmVyc2lvbi9pbmZsaWdodCIsInBsdWdpbnMiOiJ3c20mY2EmdnMmd250JnVhJmFibiZhYm5fc2hhZG93JmNiIiwiZGF0YSI6eyJkYXRhIjpbeyJwbHVnaW4iOiJ3c20iLCJwYXJhbWV0ZXJzIjoie1wicmVmZXJyZXJcIjpcIlwiLFwic3R1YklkXCI6XCJcIn0ifSx7InBsdWdpbiI6IndudCIsInBhcmFtZXRlcnMiOiJ7XCJyZWZlcnJlclwiOlwiXCJ9In0seyJwbHVnaW4iOiJ1YSIsInBhcmFtZXRlcnMiOiJ7fSJ9LHsicGx1Z2luIjoiYWJuIiwicGFyYW1ldGVycyI6IntcImlzQ3NzVXJsSW5qZWN0ZWRcIjpmYWxzZX0ifSx7InBsdWdpbiI6ImFibl9zaGFkb3ciLCJwYXJhbWV0ZXJzIjoie1wiaXNDc3NVcmxJbmplY3RlZFwiOmZhbHNlfSJ9XX0sImlzVG9wTGV2ZWwiOnRydWUsInBhZ2VTdGFydFRpbWUiOjE3ODUxMDYyNzYyNjEsIm5hdmlnYXRpb25TdGFydFRpbWUiOjE3ODUxMDYyNzU1MzB9&nocache=10433&tm=2026-07-27T04%3A20%3A34.665Z&second=true:0
[19879156ms] [ERROR] Failed to load resource: net::ERR_FAILED @ https://gc.kis.v2.scr.kaspersky-labs.com/7D8B79A2-8974-4D7B-A76A-F4F29624C06BOSxDTLheSV66Hsf0i1yRUXAy8NkjYorxIG_uaN1dmJ5Wvd2xA3apQXvET0QVAF1JEaoPV6BKADfMsM6k4U-tLg/init?data=eyJ1cmwiOiJodHRwczovL2FwcHN0b3JlY29ubmVjdC5hcHBsZS5jb20vYXBwcy82Nzg5OTEzMTg2L2Rpc3RyaWJ1dGlvbi9pb3MvdmVyc2lvbi9pbmZsaWdodCIsInBsdWdpbnMiOiJ3c20mY2EmdnMmd250JnVhJmFibiZhYm5fc2hhZG93JmNiIiwiZGF0YSI6eyJkYXRhIjpbeyJwbHVnaW4iOiJ3c20iLCJwYXJhbWV0ZXJzIjoie1wicmVmZXJyZXJcIjpcIlwiLFwic3R1YklkXCI6XCJcIn0ifSx7InBsdWdpbiI6IndudCIsInBhcmFtZXRlcnMiOiJ7XCJyZWZlcnJlclwiOlwiXCJ9In0seyJwbHVnaW4iOiJ1YSIsInBhcmFtZXRlcnMiOiJ7fSJ9LHsicGx1Z2luIjoiYWJuIiwicGFyYW1ldGVycyI6IntcImlzQ3NzVXJsSW5qZWN0ZWRcIjpmYWxzZX0ifSx7InBsdWdpbiI6ImFibl9zaGFkb3ciLCJwYXJhbWV0ZXJzIjoie1wiaXNDc3NVcmxJbmplY3RlZFwiOmZhbHNlfSJ9XX0sImlzVG9wTGV2ZWwiOnRydWUsInBhZ2VTdGFydFRpbWUiOjE3ODUxMDYyNzYyNjEsIm5hdmlnYXRpb25TdGFydFRpbWUiOjE3ODUxMDYyNzU1MzB9&nocache=1ddcb&tm=2026-07-27T04%3A22%3A34.662Z:0
[19879168ms] [ERROR] Failed to load resource: net::ERR_FAILED @ https://gc.kis.v2.scr.kaspersky-labs.com/7D8B79A2-8974-4D7B-A76A-F4F29624C06BOSxDTLheSV66Hsf0i1yRUXAy8NkjYorxIG_uaN1dmJ5Wvd2xA3apQXvET0QVAF1JEaoPV6BKADfMsM6k4U-tLg/init?data=eyJ1cmwiOiJodHRwczovL2FwcHN0b3JlY29ubmVjdC5hcHBsZS5jb20vYXBwcy82Nzg5OTEzMTg2L2Rpc3RyaWJ1dGlvbi9pb3MvdmVyc2lvbi9pbmZsaWdodCIsInBsdWdpbnMiOiJ3c20mY2EmdnMmd250JnVhJmFibiZhYm5fc2hhZG93JmNiIiwiZGF0YSI6eyJkYXRhIjpbeyJwbHVnaW4iOiJ3c20iLCJwYXJhbWV0ZXJzIjoie1wicmVmZXJyZXJcIjpcIlwiLFwic3R1YklkXCI6XCJcIn0ifSx7InBsdWdpbiI6IndudCIsInBhcmFtZXRlcnMiOiJ7XCJyZWZlcnJlclwiOlwiXCJ9In0seyJwbHVnaW4iOiJ1YSIsInBhcmFtZXRlcnMiOiJ7fSJ9LHsicGx1Z2luIjoiYWJuIiwicGFyYW1ldGVycyI6IntcImlzQ3NzVXJsSW5qZWN0ZWRcIjpmYWxzZX0ifSx7InBsdWdpbiI6ImFibl9zaGFkb3ciLCJwYXJhbWV0ZXJzIjoie1wiaXNDc3NVcmxJbmplY3RlZFwiOmZhbHNlfSJ9XX0sImlzVG9wTGV2ZWwiOnRydWUsInBhZ2VTdGFydFRpbWUiOjE3ODUxMDYyNzYyNjEsIm5hdmlnYXRpb25TdGFydFRpbWUiOjE3ODUxMDYyNzU1MzB9&nocache=172f4&tm=2026-07-27T04%3A22%3A34.678Z&second=true:0
[19999169ms] [ERROR] Failed to load resource: net::ERR_FAILED @ https://gc.kis.v2.scr.kaspersky-labs.com/7D8B79A2-8974-4D7B-A76A-F4F29624C06BOSxDTLheSV66Hsf0i1yRUXAy8NkjYorxIG_uaN1dmJ5Wvd2xA3apQXvET0QVAF1JEaoPV6BKADfMsM6k4U-tLg/init?data=eyJ1cmwiOiJodHRwczovL2FwcHN0b3JlY29ubmVjdC5hcHBsZS5jb20vYXBwcy82Nzg5OTEzMTg2L2Rpc3RyaWJ1dGlvbi9pb3MvdmVyc2lvbi9pbmZsaWdodCIsInBsdWdpbnMiOiJ3c20mY2EmdnMmd250JnVhJmFibiZhYm5fc2hhZG93JmNiIiwiZGF0YSI6eyJkYXRhIjpbeyJwbHVnaW4iOiJ3c20iLCJwYXJhbWV0ZXJzIjoie1wicmVmZXJyZXJcIjpcIlwiLFwic3R1YklkXCI6XCJcIn0ifSx7InBsdWdpbiI6IndudCIsInBhcmFtZXRlcnMiOiJ7XCJyZWZlcnJlclwiOlwiXCJ9In0seyJwbHVnaW4iOiJ1YSIsInBhcmFtZXRlcnMiOiJ7fSJ9LHsicGx1Z2luIjoiYWJuIiwicGFyYW1ldGVycyI6IntcImlzQ3NzVXJsSW5qZWN0ZWRcIjpmYWxzZX0ifSx7InBsdWdpbiI6ImFibl9zaGFkb3ciLCJwYXJhbWV0ZXJzIjoie1wiaXNDc3NVcmxJbmplY3RlZFwiOmZhbHNlfSJ9XX0sImlzVG9wTGV2ZWwiOnRydWUsInBhZ2VTdGFydFRpbWUiOjE3ODUxMDYyNzYyNjEsIm5hdmlnYXRpb25TdGFydFRpbWUiOjE3ODUxMDYyNzU1MzB9&nocache=13a3b&tm=2026-07-27T04%3A24%3A34.664Z:0
[19999185ms] [ERROR] Failed to load resource: net::ERR_FAILED @ https://gc.kis.v2.scr.kaspersky-labs.com/7D8B79A2-8974-4D7B-A76A-F4F29624C06BOSxDTLheSV66Hsf0i1yRUXAy8NkjYorxIG_uaN1dmJ5Wvd2xA3apQXvET0QVAF1JEaoPV6BKADfMsM6k4U-tLg/init?data=eyJ1cmwiOiJodHRwczovL2FwcHN0b3JlY29ubmVjdC5hcHBsZS5jb20vYXBwcy82Nzg5OTEzMTg2L2Rpc3RyaWJ1dGlvbi9pb3MvdmVyc2lvbi9pbmZsaWdodCIsInBsdWdpbnMiOiJ3c20mY2EmdnMmd250JnVhJmFibiZhYm5fc2hhZG93JmNiIiwiZGF0YSI6eyJkYXRhIjpbeyJwbHVnaW4iOiJ3c20iLCJwYXJhbWV0ZXJzIjoie1wicmVmZXJyZXJcIjpcIlwiLFwic3R1YklkXCI6XCJcIn0ifSx7InBsdWdpbiI6IndudCIsInBhcmFtZXRlcnMiOiJ7XCJyZWZlcnJlclwiOlwiXCJ9In0seyJwbHVnaW4iOiJ1YSIsInBhcmFtZXRlcnMiOiJ7fSJ9LHsicGx1Z2luIjoiYWJuIiwicGFyYW1ldGVycyI6IntcImlzQ3NzVXJsSW5qZWN0ZWRcIjpmYWxzZX0ifSx7InBsdWdpbiI6ImFibl9zaGFkb3ciLCJwYXJhbWV0ZXJzIjoie1wiaXNDc3NVcmxJbmplY3RlZFwiOmZhbHNlfSJ9XX0sImlzVG9wTGV2ZWwiOnRydWUsInBhZ2VTdGFydFRpbWUiOjE3ODUxMDYyNzYyNjEsIm5hdmlnYXRpb25TdGFydFRpbWUiOjE3ODUxMDYyNzU1MzB9&nocache=120e1&tm=2026-07-27T04%3A24%3A34.691Z&second=true:0
[20119155ms] [ERROR] Failed to load resource: net::ERR_FAILED @ https://gc.kis.v2.scr.kaspersky-labs.com/7D8B79A2-8974-4D7B-A76A-F4F29624C06BOSxDTLheSV66Hsf0i1yRUXAy8NkjYorxIG_uaN1dmJ5Wvd2xA3apQXvET0QVAF1JEaoPV6BKADfMsM6k4U-tLg/init?data=eyJ1cmwiOiJodHRwczovL2FwcHN0b3JlY29ubmVjdC5hcHBsZS5jb20vYXBwcy82Nzg5OTEzMTg2L2Rpc3RyaWJ1dGlvbi9pb3MvdmVyc2lvbi9pbmZsaWdodCIsInBsdWdpbnMiOiJ3c20mY2EmdnMmd250JnVhJmFibiZhYm5fc2hhZG93JmNiIiwiZGF0YSI6eyJkYXRhIjpbeyJwbHVnaW4iOiJ3c20iLCJwYXJhbWV0ZXJzIjoie1wicmVmZXJyZXJcIjpcIlwiLFwic3R1YklkXCI6XCJcIn0ifSx7InBsdWdpbiI6IndudCIsInBhcmFtZXRlcnMiOiJ7XCJyZWZlcnJlclwiOlwiXCJ9In0seyJwbHVnaW4iOiJ1YSIsInBhcmFtZXRlcnMiOiJ7fSJ9LHsicGx1Z2luIjoiYWJuIiwicGFyYW1ldGVycyI6IntcImlzQ3NzVXJsSW5qZWN0ZWRcIjpmYWxzZX0ifSx7InBsdWdpbiI6ImFibl9zaGFkb3ciLCJwYXJhbWV0ZXJzIjoie1wiaXNDc3NVcmxJbmplY3RlZFwiOmZhbHNlfSJ9XX0sImlzVG9wTGV2ZWwiOnRydWUsInBhZ2VTdGFydFRpbWUiOjE3ODUxMDYyNzYyNjEsIm5hdmlnYXRpb25TdGFydFRpbWUiOjE3ODUxMDYyNzU1MzB9&nocache=17f02&tm=2026-07-27T04%3A26%3A34.663Z:0
[20119161ms] [ERROR] Failed to load resource: net::ERR_FAILED @ https://gc.kis.v2.scr.kaspersky-labs.com/7D8B79A2-8974-4D7B-A76A-F4F29624C06BOSxDTLheSV66Hsf0i1yRUXAy8NkjYorxIG_uaN1dmJ5Wvd2xA3apQXvET0QVAF1JEaoPV6BKADfMsM6k4U-tLg/init?data=eyJ1cmwiOiJodHRwczovL2FwcHN0b3JlY29ubmVjdC5hcHBsZS5jb20vYXBwcy82Nzg5OTEzMTg2L2Rpc3RyaWJ1dGlvbi9pb3MvdmVyc2lvbi9pbmZsaWdodCIsInBsdWdpbnMiOiJ3c20mY2EmdnMmd250JnVhJmFibiZhYm5fc2hhZG93JmNiIiwiZGF0YSI6eyJkYXRhIjpbeyJwbHVnaW4iOiJ3c20iLCJwYXJhbWV0ZXJzIjoie1wicmVmZXJyZXJcIjpcIlwiLFwic3R1YklkXCI6XCJcIn0ifSx7InBsdWdpbiI6IndudCIsInBhcmFtZXRlcnMiOiJ7XCJyZWZlcnJlclwiOlwiXCJ9In0seyJwbHVnaW4iOiJ1YSIsInBhcmFtZXRlcnMiOiJ7fSJ9LHsicGx1Z2luIjoiYWJuIiwicGFyYW1ldGVycyI6IntcImlzQ3NzVXJsSW5qZWN0ZWRcIjpmYWxzZX0ifSx7InBsdWdpbiI6ImFibl9zaGFkb3ciLCJwYXJhbWV0ZXJzIjoie1wiaXNDc3NVcmxJbmplY3RlZFwiOmZhbHNlfSJ9XX0sImlzVG9wTGV2ZWwiOnRydWUsInBhZ2VTdGFydFRpbWUiOjE3ODUxMDYyNzYyNjEsIm5hdmlnYXRpb25TdGFydFRpbWUiOjE3ODUxMDYyNzU1MzB9&nocache=11fac&tm=2026-07-27T04%3A26%3A34.677Z&second=true:0
[20239155ms] [ERROR] Failed to load resource: net::ERR_FAILED @ https://gc.kis.v2.scr.kaspersky-labs.com/7D8B79A2-8974-4D7B-A76A-F4F29624C06BOSxDTLheSV66Hsf0i1yRUXAy8NkjYorxIG_uaN1dmJ5Wvd2xA3apQXvET0QVAF1JEaoPV6BKADfMsM6k4U-tLg/init?data=eyJ1cmwiOiJodHRwczovL2FwcHN0b3JlY29ubmVjdC5hcHBsZS5jb20vYXBwcy82Nzg5OTEzMTg2L2Rpc3RyaWJ1dGlvbi9pb3MvdmVyc2lvbi9pbmZsaWdodCIsInBsdWdpbnMiOiJ3c20mY2EmdnMmd250JnVhJmFibiZhYm5fc2hhZG93JmNiIiwiZGF0YSI6eyJkYXRhIjpbeyJwbHVnaW4iOiJ3c20iLCJwYXJhbWV0ZXJzIjoie1wicmVmZXJyZXJcIjpcIlwiLFwic3R1YklkXCI6XCJcIn0ifSx7InBsdWdpbiI6IndudCIsInBhcmFtZXRlcnMiOiJ7XCJyZWZlcnJlclwiOlwiXCJ9In0seyJwbHVnaW4iOiJ1YSIsInBhcmFtZXRlcnMiOiJ7fSJ9LHsicGx1Z2luIjoiYWJuIiwicGFyYW1ldGVycyI6IntcImlzQ3NzVXJsSW5qZWN0ZWRcIjpmYWxzZX0ifSx7InBsdWdpbiI6ImFibl9zaGFkb3ciLCJwYXJhbWV0ZXJzIjoie1wiaXNDc3NVcmxJbmplY3RlZFwiOmZhbHNlfSJ9XX0sImlzVG9wTGV2ZWwiOnRydWUsInBhZ2VTdGFydFRpbWUiOjE3ODUxMDYyNzYyNjEsIm5hdmlnYXRpb25TdGFydFRpbWUiOjE3ODUxMDYyNzU1MzB9&nocache=1f0d6&tm=2026-07-27T04%3A28%3A34.668Z:0
[20239164ms] [ERROR] Failed to load resource: net::ERR_FAILED @ https://gc.kis.v2.scr.kaspersky-labs.com/7D8B79A2-8974-4D7B-A76A-F4F29624C06BOSxDTLheSV66Hsf0i1yRUXAy8NkjYorxIG_uaN1dmJ5Wvd2xA3apQXvET0QVAF1JEaoPV6BKADfMsM6k4U-tLg/init?data=eyJ1cmwiOiJodHRwczovL2FwcHN0b3JlY29ubmVjdC5hcHBsZS5jb20vYXBwcy82Nzg5OTEzMTg2L2Rpc3RyaWJ1dGlvbi9pb3MvdmVyc2lvbi9pbmZsaWdodCIsInBsdWdpbnMiOiJ3c20mY2EmdnMmd250JnVhJmFibiZhYm5fc2hhZG93JmNiIiwiZGF0YSI6eyJkYXRhIjpbeyJwbHVnaW4iOiJ3c20iLCJwYXJhbWV0ZXJzIjoie1wicmVmZXJyZXJcIjpcIlwiLFwic3R1YklkXCI6XCJcIn0ifSx7InBsdWdpbiI6IndudCIsInBhcmFtZXRlcnMiOiJ7XCJyZWZlcnJlclwiOlwiXCJ9In0seyJwbHVnaW4iOiJ1YSIsInBhcmFtZXRlcnMiOiJ7fSJ9LHsicGx1Z2luIjoiYWJuIiwicGFyYW1ldGVycyI6IntcImlzQ3NzVXJsSW5qZWN0ZWRcIjpmYWxzZX0ifSx7InBsdWdpbiI6ImFibl9zaGFkb3ciLCJwYXJhbWV0ZXJzIjoie1wiaXNDc3NVcmxJbmplY3RlZFwiOmZhbHNlfSJ9XX0sImlzVG9wTGV2ZWwiOnRydWUsInBhZ2VTdGFydFRpbWUiOjE3ODUxMDYyNzYyNjEsIm5hdmlnYXRpb25TdGFydFRpbWUiOjE3ODUxMDYyNzU1MzB9&nocache=10858&tm=2026-07-27T04%3A28%3A34.678Z&second=true:0
[20359146ms] [ERROR] Failed to load resource: net::ERR_FAILED @ https://gc.kis.v2.scr.kaspersky-labs.com/7D8B79A2-8974-4D7B-A76A-F4F29624C06BOSxDTLheSV66Hsf0i1yRUXAy8NkjYorxIG_uaN1dmJ5Wvd2xA3apQXvET0QVAF1JEaoPV6BKADfMsM6k4U-tLg/init?data=eyJ1cmwiOiJodHRwczovL2FwcHN0b3JlY29ubmVjdC5hcHBsZS5jb20vYXBwcy82Nzg5OTEzMTg2L2Rpc3RyaWJ1dGlvbi9pb3MvdmVyc2lvbi9pbmZsaWdodCIsInBsdWdpbnMiOiJ3c20mY2EmdnMmd250JnVhJmFibiZhYm5fc2hhZG93JmNiIiwiZGF0YSI6eyJkYXRhIjpbeyJwbHVnaW4iOiJ3c20iLCJwYXJhbWV0ZXJzIjoie1wicmVmZXJyZXJcIjpcIlwiLFwic3R1YklkXCI6XCJcIn0ifSx7InBsdWdpbiI6IndudCIsInBhcmFtZXRlcnMiOiJ7XCJyZWZlcnJlclwiOlwiXCJ9In0seyJwbHVnaW4iOiJ1YSIsInBhcmFtZXRlcnMiOiJ7fSJ9LHsicGx1Z2luIjoiYWJuIiwicGFyYW1ldGVycyI6IntcImlzQ3NzVXJsSW5qZWN0ZWRcIjpmYWxzZX0ifSx7InBsdWdpbiI6ImFibl9zaGFkb3ciLCJwYXJhbWV0ZXJzIjoie1wiaXNDc3NVcmxJbmplY3RlZFwiOmZhbHNlfSJ9XX0sImlzVG9wTGV2ZWwiOnRydWUsInBhZ2VTdGFydFRpbWUiOjE3ODUxMDYyNzYyNjEsIm5hdmlnYXRpb25TdGFydFRpbWUiOjE3ODUxMDYyNzU1MzB9&nocache=1f15b&tm=2026-07-27T04%3A30%3A34.658Z:0
[20359155ms] [ERROR] Failed to load resource: net::ERR_FAILED @ https://gc.kis.v2.scr.kaspersky-labs.com/7D8B79A2-8974-4D7B-A76A-F4F29624C06BOSxDTLheSV66Hsf0i1yRUXAy8NkjYorxIG_uaN1dmJ5Wvd2xA3apQXvET0QVAF1JEaoPV6BKADfMsM6k4U-tLg/init?data=eyJ1cmwiOiJodHRwczovL2FwcHN0b3JlY29ubmVjdC5hcHBsZS5jb20vYXBwcy82Nzg5OTEzMTg2L2Rpc3RyaWJ1dGlvbi9pb3MvdmVyc2lvbi9pbmZsaWdodCIsInBsdWdpbnMiOiJ3c20mY2EmdnMmd250JnVhJmFibiZhYm5fc2hhZG93JmNiIiwiZGF0YSI6eyJkYXRhIjpbeyJwbHVnaW4iOiJ3c20iLCJwYXJhbWV0ZXJzIjoie1wicmVmZXJyZXJcIjpcIlwiLFwic3R1YklkXCI6XCJcIn0ifSx7InBsdWdpbiI6IndudCIsInBhcmFtZXRlcnMiOiJ7XCJyZWZlcnJlclwiOlwiXCJ9In0seyJwbHVnaW4iOiJ1YSIsInBhcmFtZXRlcnMiOiJ7fSJ9LHsicGx1Z2luIjoiYWJuIiwicGFyYW1ldGVycyI6IntcImlzQ3NzVXJsSW5qZWN0ZWRcIjpmYWxzZX0ifSx7InBsdWdpbiI6ImFibl9zaGFkb3ciLCJwYXJhbWV0ZXJzIjoie1wiaXNDc3NVcmxJbmplY3RlZFwiOmZhbHNlfSJ9XX0sImlzVG9wTGV2ZWwiOnRydWUsInBhZ2VTdGFydFRpbWUiOjE3ODUxMDYyNzYyNjEsIm5hdmlnYXRpb25TdGFydFRpbWUiOjE3ODUxMDYyNzU1MzB9&nocache=10d35&tm=2026-07-27T04%3A30%3A34.668Z&second=true:0
[20479148ms] [ERROR] Failed to load resource: net::ERR_FAILED @ https://gc.kis.v2.scr.kaspersky-labs.com/7D8B79A2-8974-4D7B-A76A-F4F29624C06BOSxDTLheSV66Hsf0i1yRUXAy8NkjYorxIG_uaN1dmJ5Wvd2xA3apQXvET0QVAF1JEaoPV6BKADfMsM6k4U-tLg/init?data=eyJ1cmwiOiJodHRwczovL2FwcHN0b3JlY29ubmVjdC5hcHBsZS5jb20vYXBwcy82Nzg5OTEzMTg2L2Rpc3RyaWJ1dGlvbi9pb3MvdmVyc2lvbi9pbmZsaWdodCIsInBsdWdpbnMiOiJ3c20mY2EmdnMmd250JnVhJmFibiZhYm5fc2hhZG93JmNiIiwiZGF0YSI6eyJkYXRhIjpbeyJwbHVnaW4iOiJ3c20iLCJwYXJhbWV0ZXJzIjoie1wicmVmZXJyZXJcIjpcIlwiLFwic3R1YklkXCI6XCJcIn0ifSx7InBsdWdpbiI6IndudCIsInBhcmFtZXRlcnMiOiJ7XCJyZWZlcnJlclwiOlwiXCJ9In0seyJwbHVnaW4iOiJ1YSIsInBhcmFtZXRlcnMiOiJ7fSJ9LHsicGx1Z2luIjoiYWJuIiwicGFyYW1ldGVycyI6IntcImlzQ3NzVXJsSW5qZWN0ZWRcIjpmYWxzZX0ifSx7InBsdWdpbiI6ImFibl9zaGFkb3ciLCJwYXJhbWV0ZXJzIjoie1wiaXNDc3NVcmxJbmplY3RlZFwiOmZhbHNlfSJ9XX0sImlzVG9wTGV2ZWwiOnRydWUsInBhZ2VTdGFydFRpbWUiOjE3ODUxMDYyNzYyNjEsIm5hdmlnYXRpb25TdGFydFRpbWUiOjE3ODUxMDYyNzU1MzB9&nocache=100dc&tm=2026-07-27T04%3A32%3A34.660Z:0
[20479159ms] [ERROR] Failed to load resource: net::ERR_FAILED @ https://gc.kis.v2.scr.kaspersky-labs.com/7D8B79A2-8974-4D7B-A76A-F4F29624C06BOSxDTLheSV66Hsf0i1yRUXAy8NkjYorxIG_uaN1dmJ5Wvd2xA3apQXvET0QVAF1JEaoPV6BKADfMsM6k4U-tLg/init?data=eyJ1cmwiOiJodHRwczovL2FwcHN0b3JlY29ubmVjdC5hcHBsZS5jb20vYXBwcy82Nzg5OTEzMTg2L2Rpc3RyaWJ1dGlvbi9pb3MvdmVyc2lvbi9pbmZsaWdodCIsInBsdWdpbnMiOiJ3c20mY2EmdnMmd250JnVhJmFibiZhYm5fc2hhZG93JmNiIiwiZGF0YSI6eyJkYXRhIjpbeyJwbHVnaW4iOiJ3c20iLCJwYXJhbWV0ZXJzIjoie1wicmVmZXJyZXJcIjpcIlwiLFwic3R1YklkXCI6XCJcIn0ifSx7InBsdWdpbiI6IndudCIsInBhcmFtZXRlcnMiOiJ7XCJyZWZlcnJlclwiOlwiXCJ9In0seyJwbHVnaW4iOiJ1YSIsInBhcmFtZXRlcnMiOiJ7fSJ9LHsicGx1Z2luIjoiYWJuIiwicGFyYW1ldGVycyI6IntcImlzQ3NzVXJsSW5qZWN0ZWRcIjpmYWxzZX0ifSx7InBsdWdpbiI6ImFibl9zaGFkb3ciLCJwYXJhbWV0ZXJzIjoie1wiaXNDc3NVcmxJbmplY3RlZFwiOmZhbHNlfSJ9XX0sImlzVG9wTGV2ZWwiOnRydWUsInBhZ2VTdGFydFRpbWUiOjE3ODUxMDYyNzYyNjEsIm5hdmlnYXRpb25TdGFydFRpbWUiOjE3ODUxMDYyNzU1MzB9&nocache=1305d&tm=2026-07-27T04%3A32%3A34.670Z&second=true:0
[20599158ms] [ERROR] Failed to load resource: net::ERR_FAILED @ https://gc.kis.v2.scr.kaspersky-labs.com/7D8B79A2-8974-4D7B-A76A-F4F29624C06BOSxDTLheSV66Hsf0i1yRUXAy8NkjYorxIG_uaN1dmJ5Wvd2xA3apQXvET0QVAF1JEaoPV6BKADfMsM6k4U-tLg/init?data=eyJ1cmwiOiJodHRwczovL2FwcHN0b3JlY29ubmVjdC5hcHBsZS5jb20vYXBwcy82Nzg5OTEzMTg2L2Rpc3RyaWJ1dGlvbi9pb3MvdmVyc2lvbi9pbmZsaWdodCIsInBsdWdpbnMiOiJ3c20mY2EmdnMmd250JnVhJmFibiZhYm5fc2hhZG93JmNiIiwiZGF0YSI6eyJkYXRhIjpbeyJwbHVnaW4iOiJ3c20iLCJwYXJhbWV0ZXJzIjoie1wicmVmZXJyZXJcIjpcIlwiLFwic3R1YklkXCI6XCJcIn0ifSx7InBsdWdpbiI6IndudCIsInBhcmFtZXRlcnMiOiJ7XCJyZWZlcnJlclwiOlwiXCJ9In0seyJwbHVnaW4iOiJ1YSIsInBhcmFtZXRlcnMiOiJ7fSJ9LHsicGx1Z2luIjoiYWJuIiwicGFyYW1ldGVycyI6IntcImlzQ3NzVXJsSW5qZWN0ZWRcIjpmYWxzZX0ifSx7InBsdWdpbiI6ImFibl9zaGFkb3ciLCJwYXJhbWV0ZXJzIjoie1wiaXNDc3NVcmxJbmplY3RlZFwiOmZhbHNlfSJ9XX0sImlzVG9wTGV2ZWwiOnRydWUsInBhZ2VTdGFydFRpbWUiOjE3ODUxMDYyNzYyNjEsIm5hdmlnYXRpb25TdGFydFRpbWUiOjE3ODUxMDYyNzU1MzB9&nocache=1ca7f&tm=2026-07-27T04%3A34%3A34.668Z:0
[20599166ms] [ERROR] Failed to load resource: net::ERR_FAILED @ https://gc.kis.v2.scr.kaspersky-labs.com/7D8B79A2-8974-4D7B-A76A-F4F29624C06BOSxDTLheSV66Hsf0i1yRUXAy8NkjYorxIG_uaN1dmJ5Wvd2xA3apQXvET0QVAF1JEaoPV6BKADfMsM6k4U-tLg/init?data=eyJ1cmwiOiJodHRwczovL2FwcHN0b3JlY29ubmVjdC5hcHBsZS5jb20vYXBwcy82Nzg5OTEzMTg2L2Rpc3RyaWJ1dGlvbi9pb3MvdmVyc2lvbi9pbmZsaWdodCIsInBsdWdpbnMiOiJ3c20mY2EmdnMmd250JnVhJmFibiZhYm5fc2hhZG93JmNiIiwiZGF0YSI6eyJkYXRhIjpbeyJwbHVnaW4iOiJ3c20iLCJwYXJhbWV0ZXJzIjoie1wicmVmZXJyZXJcIjpcIlwiLFwic3R1YklkXCI6XCJcIn0ifSx7InBsdWdpbiI6IndudCIsInBhcmFtZXRlcnMiOiJ7XCJyZWZlcnJlclwiOlwiXCJ9In0seyJwbHVnaW4iOiJ1YSIsInBhcmFtZXRlcnMiOiJ7fSJ9LHsicGx1Z2luIjoiYWJuIiwicGFyYW1ldGVycyI6IntcImlzQ3NzVXJsSW5qZWN0ZWRcIjpmYWxzZX0ifSx7InBsdWdpbiI6ImFibl9zaGFkb3ciLCJwYXJhbWV0ZXJzIjoie1wiaXNDc3NVcmxJbmplY3RlZFwiOmZhbHNlfSJ9XX0sImlzVG9wTGV2ZWwiOnRydWUsInBhZ2VTdGFydFRpbWUiOjE3ODUxMDYyNzYyNjEsIm5hdmlnYXRpb25TdGFydFRpbWUiOjE3ODUxMDYyNzU1MzB9&nocache=15d06&tm=2026-07-27T04%3A34%3A34.681Z&second=true:0
[20719153ms] [ERROR] Failed to load resource: net::ERR_FAILED @ https://gc.kis.v2.scr.kaspersky-labs.com/7D8B79A2-8974-4D7B-A76A-F4F29624C06BOSxDTLheSV66Hsf0i1yRUXAy8NkjYorxIG_uaN1dmJ5Wvd2xA3apQXvET0QVAF1JEaoPV6BKADfMsM6k4U-tLg/init?data=eyJ1cmwiOiJodHRwczovL2FwcHN0b3JlY29ubmVjdC5hcHBsZS5jb20vYXBwcy82Nzg5OTEzMTg2L2Rpc3RyaWJ1dGlvbi9pb3MvdmVyc2lvbi9pbmZsaWdodCIsInBsdWdpbnMiOiJ3c20mY2EmdnMmd250JnVhJmFibiZhYm5fc2hhZG93JmNiIiwiZGF0YSI6eyJkYXRhIjpbeyJwbHVnaW4iOiJ3c20iLCJwYXJhbWV0ZXJzIjoie1wicmVmZXJyZXJcIjpcIlwiLFwic3R1YklkXCI6XCJcIn0ifSx7InBsdWdpbiI6IndudCIsInBhcmFtZXRlcnMiOiJ7XCJyZWZlcnJlclwiOlwiXCJ9In0seyJwbHVnaW4iOiJ1YSIsInBhcmFtZXRlcnMiOiJ7fSJ9LHsicGx1Z2luIjoiYWJuIiwicGFyYW1ldGVycyI6IntcImlzQ3NzVXJsSW5qZWN0ZWRcIjpmYWxzZX0ifSx7InBsdWdpbiI6ImFibl9zaGFkb3ciLCJwYXJhbWV0ZXJzIjoie1wiaXNDc3NVcmxJbmplY3RlZFwiOmZhbHNlfSJ9XX0sImlzVG9wTGV2ZWwiOnRydWUsInBhZ2VTdGFydFRpbWUiOjE3ODUxMDYyNzYyNjEsIm5hdmlnYXRpb25TdGFydFRpbWUiOjE3ODUxMDYyNzU1MzB9&nocache=1d394&tm=2026-07-27T04%3A36%3A34.665Z:0
[20719163ms] [ERROR] Failed to load resource: net::ERR_FAILED @ https://gc.kis.v2.scr.kaspersky-labs.com/7D8B79A2-8974-4D7B-A76A-F4F29624C06BOSxDTLheSV66Hsf0i1yRUXAy8NkjYorxIG_uaN1dmJ5Wvd2xA3apQXvET0QVAF1JEaoPV6BKADfMsM6k4U-tLg/init?data=eyJ1cmwiOiJodHRwczovL2FwcHN0b3JlY29ubmVjdC5hcHBsZS5jb20vYXBwcy82Nzg5OTEzMTg2L2Rpc3RyaWJ1dGlvbi9pb3MvdmVyc2lvbi9pbmZsaWdodCIsInBsdWdpbnMiOiJ3c20mY2EmdnMmd250JnVhJmFibiZhYm5fc2hhZG93JmNiIiwiZGF0YSI6eyJkYXRhIjpbeyJwbHVnaW4iOiJ3c20iLCJwYXJhbWV0ZXJzIjoie1wicmVmZXJyZXJcIjpcIlwiLFwic3R1YklkXCI6XCJcIn0ifSx7InBsdWdpbiI6IndudCIsInBhcmFtZXRlcnMiOiJ7XCJyZWZlcnJlclwiOlwiXCJ9In0seyJwbHVnaW4iOiJ1YSIsInBhcmFtZXRlcnMiOiJ7fSJ9LHsicGx1Z2luIjoiYWJuIiwicGFyYW1ldGVycyI6IntcImlzQ3NzVXJsSW5qZWN0ZWRcIjpmYWxzZX0ifSx7InBsdWdpbiI6ImFibl9zaGFkb3ciLCJwYXJhbWV0ZXJzIjoie1wiaXNDc3NVcmxJbmplY3RlZFwiOmZhbHNlfSJ9XX0sImlzVG9wTGV2ZWwiOnRydWUsInBhZ2VTdGFydFRpbWUiOjE3ODUxMDYyNzYyNjEsIm5hdmlnYXRpb25TdGFydFRpbWUiOjE3ODUxMDYyNzU1MzB9&nocache=1ee42&tm=2026-07-27T04%3A36%3A34.675Z&second=true:0
[20839175ms] [ERROR] Failed to load resource: net::ERR_FAILED @ https://gc.kis.v2.scr.kaspersky-labs.com/7D8B79A2-8974-4D7B-A76A-F4F29624C06BOSxDTLheSV66Hsf0i1yRUXAy8NkjYorxIG_uaN1dmJ5Wvd2xA3apQXvET0QVAF1JEaoPV6BKADfMsM6k4U-tLg/init?data=eyJ1cmwiOiJodHRwczovL2FwcHN0b3JlY29ubmVjdC5hcHBsZS5jb20vYXBwcy82Nzg5OTEzMTg2L2Rpc3RyaWJ1dGlvbi9pb3MvdmVyc2lvbi9pbmZsaWdodCIsInBsdWdpbnMiOiJ3c20mY2EmdnMmd250JnVhJmFibiZhYm5fc2hhZG93JmNiIiwiZGF0YSI6eyJkYXRhIjpbeyJwbHVnaW4iOiJ3c20iLCJwYXJhbWV0ZXJzIjoie1wicmVmZXJyZXJcIjpcIlwiLFwic3R1YklkXCI6XCJcIn0ifSx7InBsdWdpbiI6IndudCIsInBhcmFtZXRlcnMiOiJ7XCJyZWZlcnJlclwiOlwiXCJ9In0seyJwbHVnaW4iOiJ1YSIsInBhcmFtZXRlcnMiOiJ7fSJ9LHsicGx1Z2luIjoiYWJuIiwicGFyYW1ldGVycyI6IntcImlzQ3NzVXJsSW5qZWN0ZWRcIjpmYWxzZX0ifSx7InBsdWdpbiI6ImFibl9zaGFkb3ciLCJwYXJhbWV0ZXJzIjoie1wiaXNDc3NVcmxJbmplY3RlZFwiOmZhbHNlfSJ9XX0sImlzVG9wTGV2ZWwiOnRydWUsInBhZ2VTdGFydFRpbWUiOjE3ODUxMDYyNzYyNjEsIm5hdmlnYXRpb25TdGFydFRpbWUiOjE3ODUxMDYyNzU1MzB9&nocache=1d6c4&tm=2026-07-27T04%3A38%3A34.655Z:0
[20839182ms] [ERROR] Failed to load resource: net::ERR_FAILED @ https://gc.kis.v2.scr.kaspersky-labs.com/7D8B79A2-8974-4D7B-A76A-F4F29624C06BOSxDTLheSV66Hsf0i1yRUXAy8NkjYorxIG_uaN1dmJ5Wvd2xA3apQXvET0QVAF1JEaoPV6BKADfMsM6k4U-tLg/init?data=eyJ1cmwiOiJodHRwczovL2FwcHN0b3JlY29ubmVjdC5hcHBsZS5jb20vYXBwcy82Nzg5OTEzMTg2L2Rpc3RyaWJ1dGlvbi9pb3MvdmVyc2lvbi9pbmZsaWdodCIsInBsdWdpbnMiOiJ3c20mY2EmdnMmd250JnVhJmFibiZhYm5fc2hhZG93JmNiIiwiZGF0YSI6eyJkYXRhIjpbeyJwbHVnaW4iOiJ3c20iLCJwYXJhbWV0ZXJzIjoie1wicmVmZXJyZXJcIjpcIlwiLFwic3R1YklkXCI6XCJcIn0ifSx7InBsdWdpbiI6IndudCIsInBhcmFtZXRlcnMiOiJ7XCJyZWZlcnJlclwiOlwiXCJ9In0seyJwbHVnaW4iOiJ1YSIsInBhcmFtZXRlcnMiOiJ7fSJ9LHsicGx1Z2luIjoiYWJuIiwicGFyYW1ldGVycyI6IntcImlzQ3NzVXJsSW5qZWN0ZWRcIjpmYWxzZX0ifSx7InBsdWdpbiI6ImFibl9zaGFkb3ciLCJwYXJhbWV0ZXJzIjoie1wiaXNDc3NVcmxJbmplY3RlZFwiOmZhbHNlfSJ9XX0sImlzVG9wTGV2ZWwiOnRydWUsInBhZ2VTdGFydFRpbWUiOjE3ODUxMDYyNzYyNjEsIm5hdmlnYXRpb25TdGFydFRpbWUiOjE3ODUxMDYyNzU1MzB9&nocache=114a9&tm=2026-07-27T04%3A38%3A34.697Z&second=true:0
[20959151ms] [ERROR] Failed to load resource: net::ERR_FAILED @ https://gc.kis.v2.scr.kaspersky-labs.com/7D8B79A2-8974-4D7B-A76A-F4F29624C06BOSxDTLheSV66Hsf0i1yRUXAy8NkjYorxIG_uaN1dmJ5Wvd2xA3apQXvET0QVAF1JEaoPV6BKADfMsM6k4U-tLg/init?data=eyJ1cmwiOiJodHRwczovL2FwcHN0b3JlY29ubmVjdC5hcHBsZS5jb20vYXBwcy82Nzg5OTEzMTg2L2Rpc3RyaWJ1dGlvbi9pb3MvdmVyc2lvbi9pbmZsaWdodCIsInBsdWdpbnMiOiJ3c20mY2EmdnMmd250JnVhJmFibiZhYm5fc2hhZG93JmNiIiwiZGF0YSI6eyJkYXRhIjpbeyJwbHVnaW4iOiJ3c20iLCJwYXJhbWV0ZXJzIjoie1wicmVmZXJyZXJcIjpcIlwiLFwic3R1YklkXCI6XCJcIn0ifSx7InBsdWdpbiI6IndudCIsInBhcmFtZXRlcnMiOiJ7XCJyZWZlcnJlclwiOlwiXCJ9In0seyJwbHVnaW4iOiJ1YSIsInBhcmFtZXRlcnMiOiJ7fSJ9LHsicGx1Z2luIjoiYWJuIiwicGFyYW1ldGVycyI6IntcImlzQ3NzVXJsSW5qZWN0ZWRcIjpmYWxzZX0ifSx7InBsdWdpbiI6ImFibl9zaGFkb3ciLCJwYXJhbWV0ZXJzIjoie1wiaXNDc3NVcmxJbmplY3RlZFwiOmZhbHNlfSJ9XX0sImlzVG9wTGV2ZWwiOnRydWUsInBhZ2VTdGFydFRpbWUiOjE3ODUxMDYyNzYyNjEsIm5hdmlnYXRpb25TdGFydFRpbWUiOjE3ODUxMDYyNzU1MzB9&nocache=1d64b&tm=2026-07-27T04%3A40%3A34.655Z:0
[20959159ms] [ERROR] Failed to load resource: net::ERR_FAILED @ https://gc.kis.v2.scr.kaspersky-labs.com/7D8B79A2-8974-4D7B-A76A-F4F29624C06BOSxDTLheSV66Hsf0i1yRUXAy8NkjYorxIG_uaN1dmJ5Wvd2xA3apQXvET0QVAF1JEaoPV6BKADfMsM6k4U-tLg/init?data=eyJ1cmwiOiJodHRwczovL2FwcHN0b3JlY29ubmVjdC5hcHBsZS5jb20vYXBwcy82Nzg5OTEzMTg2L2Rpc3RyaWJ1dGlvbi9pb3MvdmVyc2lvbi9pbmZsaWdodCIsInBsdWdpbnMiOiJ3c20mY2EmdnMmd250JnVhJmFibiZhYm5fc2hhZG93JmNiIiwiZGF0YSI6eyJkYXRhIjpbeyJwbHVnaW4iOiJ3c20iLCJwYXJhbWV0ZXJzIjoie1wicmVmZXJyZXJcIjpcIlwiLFwic3R1YklkXCI6XCJcIn0ifSx7InBsdWdpbiI6IndudCIsInBhcmFtZXRlcnMiOiJ7XCJyZWZlcnJlclwiOlwiXCJ9In0seyJwbHVnaW4iOiJ1YSIsInBhcmFtZXRlcnMiOiJ7fSJ9LHsicGx1Z2luIjoiYWJuIiwicGFyYW1ldGVycyI6IntcImlzQ3NzVXJsSW5qZWN0ZWRcIjpmYWxzZX0ifSx7InBsdWdpbiI6ImFibl9zaGFkb3ciLCJwYXJhbWV0ZXJzIjoie1wiaXNDc3NVcmxJbmplY3RlZFwiOmZhbHNlfSJ9XX0sImlzVG9wTGV2ZWwiOnRydWUsInBhZ2VTdGFydFRpbWUiOjE3ODUxMDYyNzYyNjEsIm5hdmlnYXRpb25TdGFydFRpbWUiOjE3ODUxMDYyNzU1MzB9&nocache=16485&tm=2026-07-27T04%3A40%3A34.673Z&second=true:0
[21079141ms] [ERROR] Failed to load resource: net::ERR_FAILED @ https://gc.kis.v2.scr.kaspersky-labs.com/7D8B79A2-8974-4D7B-A76A-F4F29624C06BOSxDTLheSV66Hsf0i1yRUXAy8NkjYorxIG_uaN1dmJ5Wvd2xA3apQXvET0QVAF1JEaoPV6BKADfMsM6k4U-tLg/init?data=eyJ1cmwiOiJodHRwczovL2FwcHN0b3JlY29ubmVjdC5hcHBsZS5jb20vYXBwcy82Nzg5OTEzMTg2L2Rpc3RyaWJ1dGlvbi9pb3MvdmVyc2lvbi9pbmZsaWdodCIsInBsdWdpbnMiOiJ3c20mY2EmdnMmd250JnVhJmFibiZhYm5fc2hhZG93JmNiIiwiZGF0YSI6eyJkYXRhIjpbeyJwbHVnaW4iOiJ3c20iLCJwYXJhbWV0ZXJzIjoie1wicmVmZXJyZXJcIjpcIlwiLFwic3R1YklkXCI6XCJcIn0ifSx7InBsdWdpbiI6IndudCIsInBhcmFtZXRlcnMiOiJ7XCJyZWZlcnJlclwiOlwiXCJ9In0seyJwbHVnaW4iOiJ1YSIsInBhcmFtZXRlcnMiOiJ7fSJ9LHsicGx1Z2luIjoiYWJuIiwicGFyYW1ldGVycyI6IntcImlzQ3NzVXJsSW5qZWN0ZWRcIjpmYWxzZX0ifSx7InBsdWdpbiI6ImFibl9zaGFkb3ciLCJwYXJhbWV0ZXJzIjoie1wiaXNDc3NVcmxJbmplY3RlZFwiOmZhbHNlfSJ9XX0sImlzVG9wTGV2ZWwiOnRydWUsInBhZ2VTdGFydFRpbWUiOjE3ODUxMDYyNzYyNjEsIm5hdmlnYXRpb25TdGFydFRpbWUiOjE3ODUxMDYyNzU1MzB9&nocache=127d6&tm=2026-07-27T04%3A42%3A34.655Z:0
[21079147ms] [ERROR] Failed to load resource: net::ERR_FAILED @ https://gc.kis.v2.scr.kaspersky-labs.com/7D8B79A2-8974-4D7B-A76A-F4F29624C06BOSxDTLheSV66Hsf0i1yRUXAy8NkjYorxIG_uaN1dmJ5Wvd2xA3apQXvET0QVAF1JEaoPV6BKADfMsM6k4U-tLg/init?data=eyJ1cmwiOiJodHRwczovL2FwcHN0b3JlY29ubmVjdC5hcHBsZS5jb20vYXBwcy82Nzg5OTEzMTg2L2Rpc3RyaWJ1dGlvbi9pb3MvdmVyc2lvbi9pbmZsaWdodCIsInBsdWdpbnMiOiJ3c20mY2EmdnMmd250JnVhJmFibiZhYm5fc2hhZG93JmNiIiwiZGF0YSI6eyJkYXRhIjpbeyJwbHVnaW4iOiJ3c20iLCJwYXJhbWV0ZXJzIjoie1wicmVmZXJyZXJcIjpcIlwiLFwic3R1YklkXCI6XCJcIn0ifSx7InBsdWdpbiI6IndudCIsInBhcmFtZXRlcnMiOiJ7XCJyZWZlcnJlclwiOlwiXCJ9In0seyJwbHVnaW4iOiJ1YSIsInBhcmFtZXRlcnMiOiJ7fSJ9LHsicGx1Z2luIjoiYWJuIiwicGFyYW1ldGVycyI6IntcImlzQ3NzVXJsSW5qZWN0ZWRcIjpmYWxzZX0ifSx7InBsdWdpbiI6ImFibl9zaGFkb3ciLCJwYXJhbWV0ZXJzIjoie1wiaXNDc3NVcmxJbmplY3RlZFwiOmZhbHNlfSJ9XX0sImlzVG9wTGV2ZWwiOnRydWUsInBhZ2VTdGFydFRpbWUiOjE3ODUxMDYyNzYyNjEsIm5hdmlnYXRpb25TdGFydFRpbWUiOjE3ODUxMDYyNzU1MzB9&nocache=197f7&tm=2026-07-27T04%3A42%3A34.663Z&second=true:0
[21199155ms] [ERROR] Failed to load resource: net::ERR_FAILED @ https://gc.kis.v2.scr.kaspersky-labs.com/7D8B79A2-8974-4D7B-A76A-F4F29624C06BOSxDTLheSV66Hsf0i1yRUXAy8NkjYorxIG_uaN1dmJ5Wvd2xA3apQXvET0QVAF1JEaoPV6BKADfMsM6k4U-tLg/init?data=eyJ1cmwiOiJodHRwczovL2FwcHN0b3JlY29ubmVjdC5hcHBsZS5jb20vYXBwcy82Nzg5OTEzMTg2L2Rpc3RyaWJ1dGlvbi9pb3MvdmVyc2lvbi9pbmZsaWdodCIsInBsdWdpbnMiOiJ3c20mY2EmdnMmd250JnVhJmFibiZhYm5fc2hhZG93JmNiIiwiZGF0YSI6eyJkYXRhIjpbeyJwbHVnaW4iOiJ3c20iLCJwYXJhbWV0ZXJzIjoie1wicmVmZXJyZXJcIjpcIlwiLFwic3R1YklkXCI6XCJcIn0ifSx7InBsdWdpbiI6IndudCIsInBhcmFtZXRlcnMiOiJ7XCJyZWZlcnJlclwiOlwiXCJ9In0seyJwbHVnaW4iOiJ1YSIsInBhcmFtZXRlcnMiOiJ7fSJ9LHsicGx1Z2luIjoiYWJuIiwicGFyYW1ldGVycyI6IntcImlzQ3NzVXJsSW5qZWN0ZWRcIjpmYWxzZX0ifSx7InBsdWdpbiI6ImFibl9zaGFkb3ciLCJwYXJhbWV0ZXJzIjoie1wiaXNDc3NVcmxJbmplY3RlZFwiOmZhbHNlfSJ9XX0sImlzVG9wTGV2ZWwiOnRydWUsInBhZ2VTdGFydFRpbWUiOjE3ODUxMDYyNzYyNjEsIm5hdmlnYXRpb25TdGFydFRpbWUiOjE3ODUxMDYyNzU1MzB9&nocache=19dad&tm=2026-07-27T04%3A44%3A34.667Z:0
[21199162ms] [ERROR] Failed to load resource: net::ERR_FAILED @ https://gc.kis.v2.scr.kaspersky-labs.com/7D8B79A2-8974-4D7B-A76A-F4F29624C06BOSxDTLheSV66Hsf0i1yRUXAy8NkjYorxIG_uaN1dmJ5Wvd2xA3apQXvET0QVAF1JEaoPV6BKADfMsM6k4U-tLg/init?data=eyJ1cmwiOiJodHRwczovL2FwcHN0b3JlY29ubmVjdC5hcHBsZS5jb20vYXBwcy82Nzg5OTEzMTg2L2Rpc3RyaWJ1dGlvbi9pb3MvdmVyc2lvbi9pbmZsaWdodCIsInBsdWdpbnMiOiJ3c20mY2EmdnMmd250JnVhJmFibiZhYm5fc2hhZG93JmNiIiwiZGF0YSI6eyJkYXRhIjpbeyJwbHVnaW4iOiJ3c20iLCJwYXJhbWV0ZXJzIjoie1wicmVmZXJyZXJcIjpcIlwiLFwic3R1YklkXCI6XCJcIn0ifSx7InBsdWdpbiI6IndudCIsInBhcmFtZXRlcnMiOiJ7XCJyZWZlcnJlclwiOlwiXCJ9In0seyJwbHVnaW4iOiJ1YSIsInBhcmFtZXRlcnMiOiJ7fSJ9LHsicGx1Z2luIjoiYWJuIiwicGFyYW1ldGVycyI6IntcImlzQ3NzVXJsSW5qZWN0ZWRcIjpmYWxzZX0ifSx7InBsdWdpbiI6ImFibl9zaGFkb3ciLCJwYXJhbWV0ZXJzIjoie1wiaXNDc3NVcmxJbmplY3RlZFwiOmZhbHNlfSJ9XX0sImlzVG9wTGV2ZWwiOnRydWUsInBhZ2VTdGFydFRpbWUiOjE3ODUxMDYyNzYyNjEsIm5hdmlnYXRpb25TdGFydFRpbWUiOjE3ODUxMDYyNzU1MzB9&nocache=1bf26&tm=2026-07-27T04%3A44%3A34.677Z&second=true:0
[21319154ms] [ERROR] Failed to load resource: net::ERR_FAILED @ https://gc.kis.v2.scr.kaspersky-labs.com/7D8B79A2-8974-4D7B-A76A-F4F29624C06BOSxDTLheSV66Hsf0i1yRUXAy8NkjYorxIG_uaN1dmJ5Wvd2xA3apQXvET0QVAF1JEaoPV6BKADfMsM6k4U-tLg/init?data=eyJ1cmwiOiJodHRwczovL2FwcHN0b3JlY29ubmVjdC5hcHBsZS5jb20vYXBwcy82Nzg5OTEzMTg2L2Rpc3RyaWJ1dGlvbi9pb3MvdmVyc2lvbi9pbmZsaWdodCIsInBsdWdpbnMiOiJ3c20mY2EmdnMmd250JnVhJmFibiZhYm5fc2hhZG93JmNiIiwiZGF0YSI6eyJkYXRhIjpbeyJwbHVnaW4iOiJ3c20iLCJwYXJhbWV0ZXJzIjoie1wicmVmZXJyZXJcIjpcIlwiLFwic3R1YklkXCI6XCJcIn0ifSx7InBsdWdpbiI6IndudCIsInBhcmFtZXRlcnMiOiJ7XCJyZWZlcnJlclwiOlwiXCJ9In0seyJwbHVnaW4iOiJ1YSIsInBhcmFtZXRlcnMiOiJ7fSJ9LHsicGx1Z2luIjoiYWJuIiwicGFyYW1ldGVycyI6IntcImlzQ3NzVXJsSW5qZWN0ZWRcIjpmYWxzZX0ifSx7InBsdWdpbiI6ImFibl9zaGFkb3ciLCJwYXJhbWV0ZXJzIjoie1wiaXNDc3NVcmxJbmplY3RlZFwiOmZhbHNlfSJ9XX0sImlzVG9wTGV2ZWwiOnRydWUsInBhZ2VTdGFydFRpbWUiOjE3ODUxMDYyNzYyNjEsIm5hdmlnYXRpb25TdGFydFRpbWUiOjE3ODUxMDYyNzU1MzB9&nocache=143c0&tm=2026-07-27T04%3A46%3A34.665Z:0
[21319162ms] [ERROR] Failed to load resource: net::ERR_FAILED @ https://gc.kis.v2.scr.kaspersky-labs.com/7D8B79A2-8974-4D7B-A76A-F4F29624C06BOSxDTLheSV66Hsf0i1yRUXAy8NkjYorxIG_uaN1dmJ5Wvd2xA3apQXvET0QVAF1JEaoPV6BKADfMsM6k4U-tLg/init?data=eyJ1cmwiOiJodHRwczovL2FwcHN0b3JlY29ubmVjdC5hcHBsZS5jb20vYXBwcy82Nzg5OTEzMTg2L2Rpc3RyaWJ1dGlvbi9pb3MvdmVyc2lvbi9pbmZsaWdodCIsInBsdWdpbnMiOiJ3c20mY2EmdnMmd250JnVhJmFibiZhYm5fc2hhZG93JmNiIiwiZGF0YSI6eyJkYXRhIjpbeyJwbHVnaW4iOiJ3c20iLCJwYXJhbWV0ZXJzIjoie1wicmVmZXJyZXJcIjpcIlwiLFwic3R1YklkXCI6XCJcIn0ifSx7InBsdWdpbiI6IndudCIsInBhcmFtZXRlcnMiOiJ7XCJyZWZlcnJlclwiOlwiXCJ9In0seyJwbHVnaW4iOiJ1YSIsInBhcmFtZXRlcnMiOiJ7fSJ9LHsicGx1Z2luIjoiYWJuIiwicGFyYW1ldGVycyI6IntcImlzQ3NzVXJsSW5qZWN0ZWRcIjpmYWxzZX0ifSx7InBsdWdpbiI6ImFibl9zaGFkb3ciLCJwYXJhbWV0ZXJzIjoie1wiaXNDc3NVcmxJbmplY3RlZFwiOmZhbHNlfSJ9XX0sImlzVG9wTGV2ZWwiOnRydWUsInBhZ2VTdGFydFRpbWUiOjE3ODUxMDYyNzYyNjEsIm5hdmlnYXRpb25TdGFydFRpbWUiOjE3ODUxMDYyNzU1MzB9&nocache=1587e&tm=2026-07-27T04%3A46%3A34.676Z&second=true:0
[21439152ms] [ERROR] Failed to load resource: net::ERR_FAILED @ https://gc.kis.v2.scr.kaspersky-labs.com/7D8B79A2-8974-4D7B-A76A-F4F29624C06BOSxDTLheSV66Hsf0i1yRUXAy8NkjYorxIG_uaN1dmJ5Wvd2xA3apQXvET0QVAF1JEaoPV6BKADfMsM6k4U-tLg/init?data=eyJ1cmwiOiJodHRwczovL2FwcHN0b3JlY29ubmVjdC5hcHBsZS5jb20vYXBwcy82Nzg5OTEzMTg2L2Rpc3RyaWJ1dGlvbi9pb3MvdmVyc2lvbi9pbmZsaWdodCIsInBsdWdpbnMiOiJ3c20mY2EmdnMmd250JnVhJmFibiZhYm5fc2hhZG93JmNiIiwiZGF0YSI6eyJkYXRhIjpbeyJwbHVnaW4iOiJ3c20iLCJwYXJhbWV0ZXJzIjoie1wicmVmZXJyZXJcIjpcIlwiLFwic3R1YklkXCI6XCJcIn0ifSx7InBsdWdpbiI6IndudCIsInBhcmFtZXRlcnMiOiJ7XCJyZWZlcnJlclwiOlwiXCJ9In0seyJwbHVnaW4iOiJ1YSIsInBhcmFtZXRlcnMiOiJ7fSJ9LHsicGx1Z2luIjoiYWJuIiwicGFyYW1ldGVycyI6IntcImlzQ3NzVXJsSW5qZWN0ZWRcIjpmYWxzZX0ifSx7InBsdWdpbiI6ImFibl9zaGFkb3ciLCJwYXJhbWV0ZXJzIjoie1wiaXNDc3NVcmxJbmplY3RlZFwiOmZhbHNlfSJ9XX0sImlzVG9wTGV2ZWwiOnRydWUsInBhZ2VTdGFydFRpbWUiOjE3ODUxMDYyNzYyNjEsIm5hdmlnYXRpb25TdGFydFRpbWUiOjE3ODUxMDYyNzU1MzB9&nocache=1ec44&tm=2026-07-27T04%3A48%3A34.662Z:0
[21439161ms] [ERROR] Failed to load resource: net::ERR_FAILED @ https://gc.kis.v2.scr.kaspersky-labs.com/7D8B79A2-8974-4D7B-A76A-F4F29624C06BOSxDTLheSV66Hsf0i1yRUXAy8NkjYorxIG_uaN1dmJ5Wvd2xA3apQXvET0QVAF1JEaoPV6BKADfMsM6k4U-tLg/init?data=eyJ1cmwiOiJodHRwczovL2FwcHN0b3JlY29ubmVjdC5hcHBsZS5jb20vYXBwcy82Nzg5OTEzMTg2L2Rpc3RyaWJ1dGlvbi9pb3MvdmVyc2lvbi9pbmZsaWdodCIsInBsdWdpbnMiOiJ3c20mY2EmdnMmd250JnVhJmFibiZhYm5fc2hhZG93JmNiIiwiZGF0YSI6eyJkYXRhIjpbeyJwbHVnaW4iOiJ3c20iLCJwYXJhbWV0ZXJzIjoie1wicmVmZXJyZXJcIjpcIlwiLFwic3R1YklkXCI6XCJcIn0ifSx7InBsdWdpbiI6IndudCIsInBhcmFtZXRlcnMiOiJ7XCJyZWZlcnJlclwiOlwiXCJ9In0seyJwbHVnaW4iOiJ1YSIsInBhcmFtZXRlcnMiOiJ7fSJ9LHsicGx1Z2luIjoiYWJuIiwicGFyYW1ldGVycyI6IntcImlzQ3NzVXJsSW5qZWN0ZWRcIjpmYWxzZX0ifSx7InBsdWdpbiI6ImFibl9zaGFkb3ciLCJwYXJhbWV0ZXJzIjoie1wiaXNDc3NVcmxJbmplY3RlZFwiOmZhbHNlfSJ9XX0sImlzVG9wTGV2ZWwiOnRydWUsInBhZ2VTdGFydFRpbWUiOjE3ODUxMDYyNzYyNjEsIm5hdmlnYXRpb25TdGFydFRpbWUiOjE3ODUxMDYyNzU1MzB9&nocache=18062&tm=2026-07-27T04%3A48%3A34.674Z&second=true:0
[21559152ms] [ERROR] Failed to load resource: net::ERR_FAILED @ https://gc.kis.v2.scr.kaspersky-labs.com/7D8B79A2-8974-4D7B-A76A-F4F29624C06BOSxDTLheSV66Hsf0i1yRUXAy8NkjYorxIG_uaN1dmJ5Wvd2xA3apQXvET0QVAF1JEaoPV6BKADfMsM6k4U-tLg/init?data=eyJ1cmwiOiJodHRwczovL2FwcHN0b3JlY29ubmVjdC5hcHBsZS5jb20vYXBwcy82Nzg5OTEzMTg2L2Rpc3RyaWJ1dGlvbi9pb3MvdmVyc2lvbi9pbmZsaWdodCIsInBsdWdpbnMiOiJ3c20mY2EmdnMmd250JnVhJmFibiZhYm5fc2hhZG93JmNiIiwiZGF0YSI6eyJkYXRhIjpbeyJwbHVnaW4iOiJ3c20iLCJwYXJhbWV0ZXJzIjoie1wicmVmZXJyZXJcIjpcIlwiLFwic3R1YklkXCI6XCJcIn0ifSx7InBsdWdpbiI6IndudCIsInBhcmFtZXRlcnMiOiJ7XCJyZWZlcnJlclwiOlwiXCJ9In0seyJwbHVnaW4iOiJ1YSIsInBhcmFtZXRlcnMiOiJ7fSJ9LHsicGx1Z2luIjoiYWJuIiwicGFyYW1ldGVycyI6IntcImlzQ3NzVXJsSW5qZWN0ZWRcIjpmYWxzZX0ifSx7InBsdWdpbiI6ImFibl9zaGFkb3ciLCJwYXJhbWV0ZXJzIjoie1wiaXNDc3NVcmxJbmplY3RlZFwiOmZhbHNlfSJ9XX0sImlzVG9wTGV2ZWwiOnRydWUsInBhZ2VTdGFydFRpbWUiOjE3ODUxMDYyNzYyNjEsIm5hdmlnYXRpb25TdGFydFRpbWUiOjE3ODUxMDYyNzU1MzB9&nocache=1aa70&tm=2026-07-27T04%3A50%3A34.664Z:0
[21559158ms] [ERROR] Failed to load resource: net::ERR_FAILED @ https://gc.kis.v2.scr.kaspersky-labs.com/7D8B79A2-8974-4D7B-A76A-F4F29624C06BOSxDTLheSV66Hsf0i1yRUXAy8NkjYorxIG_uaN1dmJ5Wvd2xA3apQXvET0QVAF1JEaoPV6BKADfMsM6k4U-tLg/init?data=eyJ1cmwiOiJodHRwczovL2FwcHN0b3JlY29ubmVjdC5hcHBsZS5jb20vYXBwcy82Nzg5OTEzMTg2L2Rpc3RyaWJ1dGlvbi9pb3MvdmVyc2lvbi9pbmZsaWdodCIsInBsdWdpbnMiOiJ3c20mY2EmdnMmd250JnVhJmFibiZhYm5fc2hhZG93JmNiIiwiZGF0YSI6eyJkYXRhIjpbeyJwbHVnaW4iOiJ3c20iLCJwYXJhbWV0ZXJzIjoie1wicmVmZXJyZXJcIjpcIlwiLFwic3R1YklkXCI6XCJcIn0ifSx7InBsdWdpbiI6IndudCIsInBhcmFtZXRlcnMiOiJ7XCJyZWZlcnJlclwiOlwiXCJ9In0seyJwbHVnaW4iOiJ1YSIsInBhcmFtZXRlcnMiOiJ7fSJ9LHsicGx1Z2luIjoiYWJuIiwicGFyYW1ldGVycyI6IntcImlzQ3NzVXJsSW5qZWN0ZWRcIjpmYWxzZX0ifSx7InBsdWdpbiI6ImFibl9zaGFkb3ciLCJwYXJhbWV0ZXJzIjoie1wiaXNDc3NVcmxJbmplY3RlZFwiOmZhbHNlfSJ9XX0sImlzVG9wTGV2ZWwiOnRydWUsInBhZ2VTdGFydFRpbWUiOjE3ODUxMDYyNzYyNjEsIm5hdmlnYXRpb25TdGFydFRpbWUiOjE3ODUxMDYyNzU1MzB9&nocache=13870&tm=2026-07-27T04%3A50%3A34.674Z&second=true:0
[21679155ms] [ERROR] Failed to load resource: net::ERR_FAILED @ https://gc.kis.v2.scr.kaspersky-labs.com/7D8B79A2-8974-4D7B-A76A-F4F29624C06BOSxDTLheSV66Hsf0i1yRUXAy8NkjYorxIG_uaN1dmJ5Wvd2xA3apQXvET0QVAF1JEaoPV6BKADfMsM6k4U-tLg/init?data=eyJ1cmwiOiJodHRwczovL2FwcHN0b3JlY29ubmVjdC5hcHBsZS5jb20vYXBwcy82Nzg5OTEzMTg2L2Rpc3RyaWJ1dGlvbi9pb3MvdmVyc2lvbi9pbmZsaWdodCIsInBsdWdpbnMiOiJ3c20mY2EmdnMmd250JnVhJmFibiZhYm5fc2hhZG93JmNiIiwiZGF0YSI6eyJkYXRhIjpbeyJwbHVnaW4iOiJ3c20iLCJwYXJhbWV0ZXJzIjoie1wicmVmZXJyZXJcIjpcIlwiLFwic3R1YklkXCI6XCJcIn0ifSx7InBsdWdpbiI6IndudCIsInBhcmFtZXRlcnMiOiJ7XCJyZWZlcnJlclwiOlwiXCJ9In0seyJwbHVnaW4iOiJ1YSIsInBhcmFtZXRlcnMiOiJ7fSJ9LHsicGx1Z2luIjoiYWJuIiwicGFyYW1ldGVycyI6IntcImlzQ3NzVXJsSW5qZWN0ZWRcIjpmYWxzZX0ifSx7InBsdWdpbiI6ImFibl9zaGFkb3ciLCJwYXJhbWV0ZXJzIjoie1wiaXNDc3NVcmxJbmplY3RlZFwiOmZhbHNlfSJ9XX0sImlzVG9wTGV2ZWwiOnRydWUsInBhZ2VTdGFydFRpbWUiOjE3ODUxMDYyNzYyNjEsIm5hdmlnYXRpb25TdGFydFRpbWUiOjE3ODUxMDYyNzU1MzB9&nocache=16e89&tm=2026-07-27T04%3A52%3A34.665Z:0
[21679164ms] [ERROR] Failed to load resource: net::ERR_FAILED @ https://gc.kis.v2.scr.kaspersky-labs.com/7D8B79A2-8974-4D7B-A76A-F4F29624C06BOSxDTLheSV66Hsf0i1yRUXAy8NkjYorxIG_uaN1dmJ5Wvd2xA3apQXvET0QVAF1JEaoPV6BKADfMsM6k4U-tLg/init?data=eyJ1cmwiOiJodHRwczovL2FwcHN0b3JlY29ubmVjdC5hcHBsZS5jb20vYXBwcy82Nzg5OTEzMTg2L2Rpc3RyaWJ1dGlvbi9pb3MvdmVyc2lvbi9pbmZsaWdodCIsInBsdWdpbnMiOiJ3c20mY2EmdnMmd250JnVhJmFibiZhYm5fc2hhZG93JmNiIiwiZGF0YSI6eyJkYXRhIjpbeyJwbHVnaW4iOiJ3c20iLCJwYXJhbWV0ZXJzIjoie1wicmVmZXJyZXJcIjpcIlwiLFwic3R1YklkXCI6XCJcIn0ifSx7InBsdWdpbiI6IndudCIsInBhcmFtZXRlcnMiOiJ7XCJyZWZlcnJlclwiOlwiXCJ9In0seyJwbHVnaW4iOiJ1YSIsInBhcmFtZXRlcnMiOiJ7fSJ9LHsicGx1Z2luIjoiYWJuIiwicGFyYW1ldGVycyI6IntcImlzQ3NzVXJsSW5qZWN0ZWRcIjpmYWxzZX0ifSx7InBsdWdpbiI6ImFibl9zaGFkb3ciLCJwYXJhbWV0ZXJzIjoie1wiaXNDc3NVcmxJbmplY3RlZFwiOmZhbHNlfSJ9XX0sImlzVG9wTGV2ZWwiOnRydWUsInBhZ2VTdGFydFRpbWUiOjE3ODUxMDYyNzYyNjEsIm5hdmlnYXRpb25TdGFydFRpbWUiOjE3ODUxMDYyNzU1MzB9&nocache=15244&tm=2026-07-27T04%3A52%3A34.677Z&second=true:0
[21799147ms] [ERROR] Failed to load resource: net::ERR_FAILED @ https://gc.kis.v2.scr.kaspersky-labs.com/7D8B79A2-8974-4D7B-A76A-F4F29624C06BOSxDTLheSV66Hsf0i1yRUXAy8NkjYorxIG_uaN1dmJ5Wvd2xA3apQXvET0QVAF1JEaoPV6BKADfMsM6k4U-tLg/init?data=eyJ1cmwiOiJodHRwczovL2FwcHN0b3JlY29ubmVjdC5hcHBsZS5jb20vYXBwcy82Nzg5OTEzMTg2L2Rpc3RyaWJ1dGlvbi9pb3MvdmVyc2lvbi9pbmZsaWdodCIsInBsdWdpbnMiOiJ3c20mY2EmdnMmd250JnVhJmFibiZhYm5fc2hhZG93JmNiIiwiZGF0YSI6eyJkYXRhIjpbeyJwbHVnaW4iOiJ3c20iLCJwYXJhbWV0ZXJzIjoie1wicmVmZXJyZXJcIjpcIlwiLFwic3R1YklkXCI6XCJcIn0ifSx7InBsdWdpbiI6IndudCIsInBhcmFtZXRlcnMiOiJ7XCJyZWZlcnJlclwiOlwiXCJ9In0seyJwbHVnaW4iOiJ1YSIsInBhcmFtZXRlcnMiOiJ7fSJ9LHsicGx1Z2luIjoiYWJuIiwicGFyYW1ldGVycyI6IntcImlzQ3NzVXJsSW5qZWN0ZWRcIjpmYWxzZX0ifSx7InBsdWdpbiI6ImFibl9zaGFkb3ciLCJwYXJhbWV0ZXJzIjoie1wiaXNDc3NVcmxJbmplY3RlZFwiOmZhbHNlfSJ9XX0sImlzVG9wTGV2ZWwiOnRydWUsInBhZ2VTdGFydFRpbWUiOjE3ODUxMDYyNzYyNjEsIm5hdmlnYXRpb25TdGFydFRpbWUiOjE3ODUxMDYyNzU1MzB9&nocache=15081&tm=2026-07-27T04%3A54%3A34.658Z:0
[21799156ms] [ERROR] Failed to load resource: net::ERR_FAILED @ https://gc.kis.v2.scr.kaspersky-labs.com/7D8B79A2-8974-4D7B-A76A-F4F29624C06BOSxDTLheSV66Hsf0i1yRUXAy8NkjYorxIG_uaN1dmJ5Wvd2xA3apQXvET0QVAF1JEaoPV6BKADfMsM6k4U-tLg/init?data=eyJ1cmwiOiJodHRwczovL2FwcHN0b3JlY29ubmVjdC5hcHBsZS5jb20vYXBwcy82Nzg5OTEzMTg2L2Rpc3RyaWJ1dGlvbi9pb3MvdmVyc2lvbi9pbmZsaWdodCIsInBsdWdpbnMiOiJ3c20mY2EmdnMmd250JnVhJmFibiZhYm5fc2hhZG93JmNiIiwiZGF0YSI6eyJkYXRhIjpbeyJwbHVnaW4iOiJ3c20iLCJwYXJhbWV0ZXJzIjoie1wicmVmZXJyZXJcIjpcIlwiLFwic3R1YklkXCI6XCJcIn0ifSx7InBsdWdpbiI6IndudCIsInBhcmFtZXRlcnMiOiJ7XCJyZWZlcnJlclwiOlwiXCJ9In0seyJwbHVnaW4iOiJ1YSIsInBhcmFtZXRlcnMiOiJ7fSJ9LHsicGx1Z2luIjoiYWJuIiwicGFyYW1ldGVycyI6IntcImlzQ3NzVXJsSW5qZWN0ZWRcIjpmYWxzZX0ifSx7InBsdWdpbiI6ImFibl9zaGFkb3ciLCJwYXJhbWV0ZXJzIjoie1wiaXNDc3NVcmxJbmplY3RlZFwiOmZhbHNlfSJ9XX0sImlzVG9wTGV2ZWwiOnRydWUsInBhZ2VTdGFydFRpbWUiOjE3ODUxMDYyNzYyNjEsIm5hdmlnYXRpb25TdGFydFRpbWUiOjE3ODUxMDYyNzU1MzB9&nocache=190c2&tm=2026-07-27T04%3A54%3A34.669Z&second=true:0
[21919145ms] [ERROR] Failed to load resource: net::ERR_FAILED @ https://gc.kis.v2.scr.kaspersky-labs.com/7D8B79A2-8974-4D7B-A76A-F4F29624C06BOSxDTLheSV66Hsf0i1yRUXAy8NkjYorxIG_uaN1dmJ5Wvd2xA3apQXvET0QVAF1JEaoPV6BKADfMsM6k4U-tLg/init?data=eyJ1cmwiOiJodHRwczovL2FwcHN0b3JlY29ubmVjdC5hcHBsZS5jb20vYXBwcy82Nzg5OTEzMTg2L2Rpc3RyaWJ1dGlvbi9pb3MvdmVyc2lvbi9pbmZsaWdodCIsInBsdWdpbnMiOiJ3c20mY2EmdnMmd250JnVhJmFibiZhYm5fc2hhZG93JmNiIiwiZGF0YSI6eyJkYXRhIjpbeyJwbHVnaW4iOiJ3c20iLCJwYXJhbWV0ZXJzIjoie1wicmVmZXJyZXJcIjpcIlwiLFwic3R1YklkXCI6XCJcIn0ifSx7InBsdWdpbiI6IndudCIsInBhcmFtZXRlcnMiOiJ7XCJyZWZlcnJlclwiOlwiXCJ9In0seyJwbHVnaW4iOiJ1YSIsInBhcmFtZXRlcnMiOiJ7fSJ9LHsicGx1Z2luIjoiYWJuIiwicGFyYW1ldGVycyI6IntcImlzQ3NzVXJsSW5qZWN0ZWRcIjpmYWxzZX0ifSx7InBsdWdpbiI6ImFibl9zaGFkb3ciLCJwYXJhbWV0ZXJzIjoie1wiaXNDc3NVcmxJbmplY3RlZFwiOmZhbHNlfSJ9XX0sImlzVG9wTGV2ZWwiOnRydWUsInBhZ2VTdGFydFRpbWUiOjE3ODUxMDYyNzYyNjEsIm5hdmlnYXRpb25TdGFydFRpbWUiOjE3ODUxMDYyNzU1MzB9&nocache=1f258&tm=2026-07-27T04%3A56%3A34.658Z:0
[21919152ms] [ERROR] Failed to load resource: net::ERR_FAILED @ https://gc.kis.v2.scr.kaspersky-labs.com/7D8B79A2-8974-4D7B-A76A-F4F29624C06BOSxDTLheSV66Hsf0i1yRUXAy8NkjYorxIG_uaN1dmJ5Wvd2xA3apQXvET0QVAF1JEaoPV6BKADfMsM6k4U-tLg/init?data=eyJ1cmwiOiJodHRwczovL2FwcHN0b3JlY29ubmVjdC5hcHBsZS5jb20vYXBwcy82Nzg5OTEzMTg2L2Rpc3RyaWJ1dGlvbi9pb3MvdmVyc2lvbi9pbmZsaWdodCIsInBsdWdpbnMiOiJ3c20mY2EmdnMmd250JnVhJmFibiZhYm5fc2hhZG93JmNiIiwiZGF0YSI6eyJkYXRhIjpbeyJwbHVnaW4iOiJ3c20iLCJwYXJhbWV0ZXJzIjoie1wicmVmZXJyZXJcIjpcIlwiLFwic3R1YklkXCI6XCJcIn0ifSx7InBsdWdpbiI6IndudCIsInBhcmFtZXRlcnMiOiJ7XCJyZWZlcnJlclwiOlwiXCJ9In0seyJwbHVnaW4iOiJ1YSIsInBhcmFtZXRlcnMiOiJ7fSJ9LHsicGx1Z2luIjoiYWJuIiwicGFyYW1ldGVycyI6IntcImlzQ3NzVXJsSW5qZWN0ZWRcIjpmYWxzZX0ifSx7InBsdWdpbiI6ImFibl9zaGFkb3ciLCJwYXJhbWV0ZXJzIjoie1wiaXNDc3NVcmxJbmplY3RlZFwiOmZhbHNlfSJ9XX0sImlzVG9wTGV2ZWwiOnRydWUsInBhZ2VTdGFydFRpbWUiOjE3ODUxMDYyNzYyNjEsIm5hdmlnYXRpb25TdGFydFRpbWUiOjE3ODUxMDYyNzU1MzB9&nocache=1373d&tm=2026-07-27T04%3A56%3A34.667Z&second=true:0
[22039153ms] [ERROR] Failed to load resource: net::ERR_FAILED @ https://gc.kis.v2.scr.kaspersky-labs.com/7D8B79A2-8974-4D7B-A76A-F4F29624C06BOSxDTLheSV66Hsf0i1yRUXAy8NkjYorxIG_uaN1dmJ5Wvd2xA3apQXvET0QVAF1JEaoPV6BKADfMsM6k4U-tLg/init?data=eyJ1cmwiOiJodHRwczovL2FwcHN0b3JlY29ubmVjdC5hcHBsZS5jb20vYXBwcy82Nzg5OTEzMTg2L2Rpc3RyaWJ1dGlvbi9pb3MvdmVyc2lvbi9pbmZsaWdodCIsInBsdWdpbnMiOiJ3c20mY2EmdnMmd250JnVhJmFibiZhYm5fc2hhZG93JmNiIiwiZGF0YSI6eyJkYXRhIjpbeyJwbHVnaW4iOiJ3c20iLCJwYXJhbWV0ZXJzIjoie1wicmVmZXJyZXJcIjpcIlwiLFwic3R1YklkXCI6XCJcIn0ifSx7InBsdWdpbiI6IndudCIsInBhcmFtZXRlcnMiOiJ7XCJyZWZlcnJlclwiOlwiXCJ9In0seyJwbHVnaW4iOiJ1YSIsInBhcmFtZXRlcnMiOiJ7fSJ9LHsicGx1Z2luIjoiYWJuIiwicGFyYW1ldGVycyI6IntcImlzQ3NzVXJsSW5qZWN0ZWRcIjpmYWxzZX0ifSx7InBsdWdpbiI6ImFibl9zaGFkb3ciLCJwYXJhbWV0ZXJzIjoie1wiaXNDc3NVcmxJbmplY3RlZFwiOmZhbHNlfSJ9XX0sImlzVG9wTGV2ZWwiOnRydWUsInBhZ2VTdGFydFRpbWUiOjE3ODUxMDYyNzYyNjEsIm5hdmlnYXRpb25TdGFydFRpbWUiOjE3ODUxMDYyNzU1MzB9&nocache=1248f&tm=2026-07-27T04%3A58%3A34.666Z:0
[22039161ms] [ERROR] Failed to load resource: net::ERR_FAILED @ https://gc.kis.v2.scr.kaspersky-labs.com/7D8B79A2-8974-4D7B-A76A-F4F29624C06BOSxDTLheSV66Hsf0i1yRUXAy8NkjYorxIG_uaN1dmJ5Wvd2xA3apQXvET0QVAF1JEaoPV6BKADfMsM6k4U-tLg/init?data=eyJ1cmwiOiJodHRwczovL2FwcHN0b3JlY29ubmVjdC5hcHBsZS5jb20vYXBwcy82Nzg5OTEzMTg2L2Rpc3RyaWJ1dGlvbi9pb3MvdmVyc2lvbi9pbmZsaWdodCIsInBsdWdpbnMiOiJ3c20mY2EmdnMmd250JnVhJmFibiZhYm5fc2hhZG93JmNiIiwiZGF0YSI6eyJkYXRhIjpbeyJwbHVnaW4iOiJ3c20iLCJwYXJhbWV0ZXJzIjoie1wicmVmZXJyZXJcIjpcIlwiLFwic3R1YklkXCI6XCJcIn0ifSx7InBsdWdpbiI6IndudCIsInBhcmFtZXRlcnMiOiJ7XCJyZWZlcnJlclwiOlwiXCJ9In0seyJwbHVnaW4iOiJ1YSIsInBhcmFtZXRlcnMiOiJ7fSJ9LHsicGx1Z2luIjoiYWJuIiwicGFyYW1ldGVycyI6IntcImlzQ3NzVXJsSW5qZWN0ZWRcIjpmYWxzZX0ifSx7InBsdWdpbiI6ImFibl9zaGFkb3ciLCJwYXJhbWV0ZXJzIjoie1wiaXNDc3NVcmxJbmplY3RlZFwiOmZhbHNlfSJ9XX0sImlzVG9wTGV2ZWwiOnRydWUsInBhZ2VTdGFydFRpbWUiOjE3ODUxMDYyNzYyNjEsIm5hdmlnYXRpb25TdGFydFRpbWUiOjE3ODUxMDYyNzU1MzB9&nocache=1d783&tm=2026-07-27T04%3A58%3A34.675Z&second=true:0
[22159148ms] [ERROR] Failed to load resource: net::ERR_FAILED @ https://gc.kis.v2.scr.kaspersky-labs.com/7D8B79A2-8974-4D7B-A76A-F4F29624C06BOSxDTLheSV66Hsf0i1yRUXAy8NkjYorxIG_uaN1dmJ5Wvd2xA3apQXvET0QVAF1JEaoPV6BKADfMsM6k4U-tLg/init?data=eyJ1cmwiOiJodHRwczovL2FwcHN0b3JlY29ubmVjdC5hcHBsZS5jb20vYXBwcy82Nzg5OTEzMTg2L2Rpc3RyaWJ1dGlvbi9pb3MvdmVyc2lvbi9pbmZsaWdodCIsInBsdWdpbnMiOiJ3c20mY2EmdnMmd250JnVhJmFibiZhYm5fc2hhZG93JmNiIiwiZGF0YSI6eyJkYXRhIjpbeyJwbHVnaW4iOiJ3c20iLCJwYXJhbWV0ZXJzIjoie1wicmVmZXJyZXJcIjpcIlwiLFwic3R1YklkXCI6XCJcIn0ifSx7InBsdWdpbiI6IndudCIsInBhcmFtZXRlcnMiOiJ7XCJyZWZlcnJlclwiOlwiXCJ9In0seyJwbHVnaW4iOiJ1YSIsInBhcmFtZXRlcnMiOiJ7fSJ9LHsicGx1Z2luIjoiYWJuIiwicGFyYW1ldGVycyI6IntcImlzQ3NzVXJsSW5qZWN0ZWRcIjpmYWxzZX0ifSx7InBsdWdpbiI6ImFibl9zaGFkb3ciLCJwYXJhbWV0ZXJzIjoie1wiaXNDc3NVcmxJbmplY3RlZFwiOmZhbHNlfSJ9XX0sImlzVG9wTGV2ZWwiOnRydWUsInBhZ2VTdGFydFRpbWUiOjE3ODUxMDYyNzYyNjEsIm5hdmlnYXRpb25TdGFydFRpbWUiOjE3ODUxMDYyNzU1MzB9&nocache=151b1&tm=2026-07-27T05%3A00%3A34.660Z:0
[22159156ms] [ERROR] Failed to load resource: net::ERR_FAILED @ https://gc.kis.v2.scr.kaspersky-labs.com/7D8B79A2-8974-4D7B-A76A-F4F29624C06BOSxDTLheSV66Hsf0i1yRUXAy8NkjYorxIG_uaN1dmJ5Wvd2xA3apQXvET0QVAF1JEaoPV6BKADfMsM6k4U-tLg/init?data=eyJ1cmwiOiJodHRwczovL2FwcHN0b3JlY29ubmVjdC5hcHBsZS5jb20vYXBwcy82Nzg5OTEzMTg2L2Rpc3RyaWJ1dGlvbi9pb3MvdmVyc2lvbi9pbmZsaWdodCIsInBsdWdpbnMiOiJ3c20mY2EmdnMmd250JnVhJmFibiZhYm5fc2hhZG93JmNiIiwiZGF0YSI6eyJkYXRhIjpbeyJwbHVnaW4iOiJ3c20iLCJwYXJhbWV0ZXJzIjoie1wicmVmZXJyZXJcIjpcIlwiLFwic3R1YklkXCI6XCJcIn0ifSx7InBsdWdpbiI6IndudCIsInBhcmFtZXRlcnMiOiJ7XCJyZWZlcnJlclwiOlwiXCJ9In0seyJwbHVnaW4iOiJ1YSIsInBhcmFtZXRlcnMiOiJ7fSJ9LHsicGx1Z2luIjoiYWJuIiwicGFyYW1ldGVycyI6IntcImlzQ3NzVXJsSW5qZWN0ZWRcIjpmYWxzZX0ifSx7InBsdWdpbiI6ImFibl9zaGFkb3ciLCJwYXJhbWV0ZXJzIjoie1wiaXNDc3NVcmxJbmplY3RlZFwiOmZhbHNlfSJ9XX0sImlzVG9wTGV2ZWwiOnRydWUsInBhZ2VTdGFydFRpbWUiOjE3ODUxMDYyNzYyNjEsIm5hdmlnYXRpb25TdGFydFRpbWUiOjE3ODUxMDYyNzU1MzB9&nocache=19c1c&tm=2026-07-27T05%3A00%3A34.671Z&second=true:0
[22279158ms] [ERROR] Failed to load resource: net::ERR_FAILED @ https://gc.kis.v2.scr.kaspersky-labs.com/7D8B79A2-8974-4D7B-A76A-F4F29624C06BOSxDTLheSV66Hsf0i1yRUXAy8NkjYorxIG_uaN1dmJ5Wvd2xA3apQXvET0QVAF1JEaoPV6BKADfMsM6k4U-tLg/init?data=eyJ1cmwiOiJodHRwczovL2FwcHN0b3JlY29ubmVjdC5hcHBsZS5jb20vYXBwcy82Nzg5OTEzMTg2L2Rpc3RyaWJ1dGlvbi9pb3MvdmVyc2lvbi9pbmZsaWdodCIsInBsdWdpbnMiOiJ3c20mY2EmdnMmd250JnVhJmFibiZhYm5fc2hhZG93JmNiIiwiZGF0YSI6eyJkYXRhIjpbeyJwbHVnaW4iOiJ3c20iLCJwYXJhbWV0ZXJzIjoie1wicmVmZXJyZXJcIjpcIlwiLFwic3R1YklkXCI6XCJcIn0ifSx7InBsdWdpbiI6IndudCIsInBhcmFtZXRlcnMiOiJ7XCJyZWZlcnJlclwiOlwiXCJ9In0seyJwbHVnaW4iOiJ1YSIsInBhcmFtZXRlcnMiOiJ7fSJ9LHsicGx1Z2luIjoiYWJuIiwicGFyYW1ldGVycyI6IntcImlzQ3NzVXJsSW5qZWN0ZWRcIjpmYWxzZX0ifSx7InBsdWdpbiI6ImFibl9zaGFkb3ciLCJwYXJhbWV0ZXJzIjoie1wiaXNDc3NVcmxJbmplY3RlZFwiOmZhbHNlfSJ9XX0sImlzVG9wTGV2ZWwiOnRydWUsInBhZ2VTdGFydFRpbWUiOjE3ODUxMDYyNzYyNjEsIm5hdmlnYXRpb25TdGFydFRpbWUiOjE3ODUxMDYyNzU1MzB9&nocache=19ba8&tm=2026-07-27T05%3A02%3A34.664Z:0
[22279166ms] [ERROR] Failed to load resource: net::ERR_FAILED @ https://gc.kis.v2.scr.kaspersky-labs.com/7D8B79A2-8974-4D7B-A76A-F4F29624C06BOSxDTLheSV66Hsf0i1yRUXAy8NkjYorxIG_uaN1dmJ5Wvd2xA3apQXvET0QVAF1JEaoPV6BKADfMsM6k4U-tLg/init?data=eyJ1cmwiOiJodHRwczovL2FwcHN0b3JlY29ubmVjdC5hcHBsZS5jb20vYXBwcy82Nzg5OTEzMTg2L2Rpc3RyaWJ1dGlvbi9pb3MvdmVyc2lvbi9pbmZsaWdodCIsInBsdWdpbnMiOiJ3c20mY2EmdnMmd250JnVhJmFibiZhYm5fc2hhZG93JmNiIiwiZGF0YSI6eyJkYXRhIjpbeyJwbHVnaW4iOiJ3c20iLCJwYXJhbWV0ZXJzIjoie1wicmVmZXJyZXJcIjpcIlwiLFwic3R1YklkXCI6XCJcIn0ifSx7InBsdWdpbiI6IndudCIsInBhcmFtZXRlcnMiOiJ7XCJyZWZlcnJlclwiOlwiXCJ9In0seyJwbHVnaW4iOiJ1YSIsInBhcmFtZXRlcnMiOiJ7fSJ9LHsicGx1Z2luIjoiYWJuIiwicGFyYW1ldGVycyI6IntcImlzQ3NzVXJsSW5qZWN0ZWRcIjpmYWxzZX0ifSx7InBsdWdpbiI6ImFibl9zaGFkb3ciLCJwYXJhbWV0ZXJzIjoie1wiaXNDc3NVcmxJbmplY3RlZFwiOmZhbHNlfSJ9XX0sImlzVG9wTGV2ZWwiOnRydWUsInBhZ2VTdGFydFRpbWUiOjE3ODUxMDYyNzYyNjEsIm5hdmlnYXRpb25TdGFydFRpbWUiOjE3ODUxMDYyNzU1MzB9&nocache=12a58&tm=2026-07-27T05%3A02%3A34.680Z&second=true:0
[22399166ms] [ERROR] Failed to load resource: net::ERR_FAILED @ https://gc.kis.v2.scr.kaspersky-labs.com/7D8B79A2-8974-4D7B-A76A-F4F29624C06BOSxDTLheSV66Hsf0i1yRUXAy8NkjYorxIG_uaN1dmJ5Wvd2xA3apQXvET0QVAF1JEaoPV6BKADfMsM6k4U-tLg/init?data=eyJ1cmwiOiJodHRwczovL2FwcHN0b3JlY29ubmVjdC5hcHBsZS5jb20vYXBwcy82Nzg5OTEzMTg2L2Rpc3RyaWJ1dGlvbi9pb3MvdmVyc2lvbi9pbmZsaWdodCIsInBsdWdpbnMiOiJ3c20mY2EmdnMmd250JnVhJmFibiZhYm5fc2hhZG93JmNiIiwiZGF0YSI6eyJkYXRhIjpbeyJwbHVnaW4iOiJ3c20iLCJwYXJhbWV0ZXJzIjoie1wicmVmZXJyZXJcIjpcIlwiLFwic3R1YklkXCI6XCJcIn0ifSx7InBsdWdpbiI6IndudCIsInBhcmFtZXRlcnMiOiJ7XCJyZWZlcnJlclwiOlwiXCJ9In0seyJwbHVnaW4iOiJ1YSIsInBhcmFtZXRlcnMiOiJ7fSJ9LHsicGx1Z2luIjoiYWJuIiwicGFyYW1ldGVycyI6IntcImlzQ3NzVXJsSW5qZWN0ZWRcIjpmYWxzZX0ifSx7InBsdWdpbiI6ImFibl9zaGFkb3ciLCJwYXJhbWV0ZXJzIjoie1wiaXNDc3NVcmxJbmplY3RlZFwiOmZhbHNlfSJ9XX0sImlzVG9wTGV2ZWwiOnRydWUsInBhZ2VTdGFydFRpbWUiOjE3ODUxMDYyNzYyNjEsIm5hdmlnYXRpb25TdGFydFRpbWUiOjE3ODUxMDYyNzU1MzB9&nocache=11107&tm=2026-07-27T05%3A04%3A34.666Z:0
[22399183ms] [ERROR] Failed to load resource: net::ERR_FAILED @ https://gc.kis.v2.scr.kaspersky-labs.com/7D8B79A2-8974-4D7B-A76A-F4F29624C06BOSxDTLheSV66Hsf0i1yRUXAy8NkjYorxIG_uaN1dmJ5Wvd2xA3apQXvET0QVAF1JEaoPV6BKADfMsM6k4U-tLg/init?data=eyJ1cmwiOiJodHRwczovL2FwcHN0b3JlY29ubmVjdC5hcHBsZS5jb20vYXBwcy82Nzg5OTEzMTg2L2Rpc3RyaWJ1dGlvbi9pb3MvdmVyc2lvbi9pbmZsaWdodCIsInBsdWdpbnMiOiJ3c20mY2EmdnMmd250JnVhJmFibiZhYm5fc2hhZG93JmNiIiwiZGF0YSI6eyJkYXRhIjpbeyJwbHVnaW4iOiJ3c20iLCJwYXJhbWV0ZXJzIjoie1wicmVmZXJyZXJcIjpcIlwiLFwic3R1YklkXCI6XCJcIn0ifSx7InBsdWdpbiI6IndudCIsInBhcmFtZXRlcnMiOiJ7XCJyZWZlcnJlclwiOlwiXCJ9In0seyJwbHVnaW4iOiJ1YSIsInBhcmFtZXRlcnMiOiJ7fSJ9LHsicGx1Z2luIjoiYWJuIiwicGFyYW1ldGVycyI6IntcImlzQ3NzVXJsSW5qZWN0ZWRcIjpmYWxzZX0ifSx7InBsdWdpbiI6ImFibl9zaGFkb3ciLCJwYXJhbWV0ZXJzIjoie1wiaXNDc3NVcmxJbmplY3RlZFwiOmZhbHNlfSJ9XX0sImlzVG9wTGV2ZWwiOnRydWUsInBhZ2VTdGFydFRpbWUiOjE3ODUxMDYyNzYyNjEsIm5hdmlnYXRpb25TdGFydFRpbWUiOjE3ODUxMDYyNzU1MzB9&nocache=155dc&tm=2026-07-27T05%3A04%3A34.688Z&second=true:0
[22519157ms] [ERROR] Failed to load resource: net::ERR_FAILED @ https://gc.kis.v2.scr.kaspersky-labs.com/7D8B79A2-8974-4D7B-A76A-F4F29624C06BOSxDTLheSV66Hsf0i1yRUXAy8NkjYorxIG_uaN1dmJ5Wvd2xA3apQXvET0QVAF1JEaoPV6BKADfMsM6k4U-tLg/init?data=eyJ1cmwiOiJodHRwczovL2FwcHN0b3JlY29ubmVjdC5hcHBsZS5jb20vYXBwcy82Nzg5OTEzMTg2L2Rpc3RyaWJ1dGlvbi9pb3MvdmVyc2lvbi9pbmZsaWdodCIsInBsdWdpbnMiOiJ3c20mY2EmdnMmd250JnVhJmFibiZhYm5fc2hhZG93JmNiIiwiZGF0YSI6eyJkYXRhIjpbeyJwbHVnaW4iOiJ3c20iLCJwYXJhbWV0ZXJzIjoie1wicmVmZXJyZXJcIjpcIlwiLFwic3R1YklkXCI6XCJcIn0ifSx7InBsdWdpbiI6IndudCIsInBhcmFtZXRlcnMiOiJ7XCJyZWZlcnJlclwiOlwiXCJ9In0seyJwbHVnaW4iOiJ1YSIsInBhcmFtZXRlcnMiOiJ7fSJ9LHsicGx1Z2luIjoiYWJuIiwicGFyYW1ldGVycyI6IntcImlzQ3NzVXJsSW5qZWN0ZWRcIjpmYWxzZX0ifSx7InBsdWdpbiI6ImFibl9zaGFkb3ciLCJwYXJhbWV0ZXJzIjoie1wiaXNDc3NVcmxJbmplY3RlZFwiOmZhbHNlfSJ9XX0sImlzVG9wTGV2ZWwiOnRydWUsInBhZ2VTdGFydFRpbWUiOjE3ODUxMDYyNzYyNjEsIm5hdmlnYXRpb25TdGFydFRpbWUiOjE3ODUxMDYyNzU1MzB9&nocache=15005&tm=2026-07-27T05%3A06%3A34.668Z:0
[22519165ms] [ERROR] Failed to load resource: net::ERR_FAILED @ https://gc.kis.v2.scr.kaspersky-labs.com/7D8B79A2-8974-4D7B-A76A-F4F29624C06BOSxDTLheSV66Hsf0i1yRUXAy8NkjYorxIG_uaN1dmJ5Wvd2xA3apQXvET0QVAF1JEaoPV6BKADfMsM6k4U-tLg/init?data=eyJ1cmwiOiJodHRwczovL2FwcHN0b3JlY29ubmVjdC5hcHBsZS5jb20vYXBwcy82Nzg5OTEzMTg2L2Rpc3RyaWJ1dGlvbi9pb3MvdmVyc2lvbi9pbmZsaWdodCIsInBsdWdpbnMiOiJ3c20mY2EmdnMmd250JnVhJmFibiZhYm5fc2hhZG93JmNiIiwiZGF0YSI6eyJkYXRhIjpbeyJwbHVnaW4iOiJ3c20iLCJwYXJhbWV0ZXJzIjoie1wicmVmZXJyZXJcIjpcIlwiLFwic3R1YklkXCI6XCJcIn0ifSx7InBsdWdpbiI6IndudCIsInBhcmFtZXRlcnMiOiJ7XCJyZWZlcnJlclwiOlwiXCJ9In0seyJwbHVnaW4iOiJ1YSIsInBhcmFtZXRlcnMiOiJ7fSJ9LHsicGx1Z2luIjoiYWJuIiwicGFyYW1ldGVycyI6IntcImlzQ3NzVXJsSW5qZWN0ZWRcIjpmYWxzZX0ifSx7InBsdWdpbiI6ImFibl9zaGFkb3ciLCJwYXJhbWV0ZXJzIjoie1wiaXNDc3NVcmxJbmplY3RlZFwiOmZhbHNlfSJ9XX0sImlzVG9wTGV2ZWwiOnRydWUsInBhZ2VTdGFydFRpbWUiOjE3ODUxMDYyNzYyNjEsIm5hdmlnYXRpb25TdGFydFRpbWUiOjE3ODUxMDYyNzU1MzB9&nocache=15146&tm=2026-07-27T05%3A06%3A34.679Z&second=true:0
[22639186ms] [ERROR] Failed to load resource: net::ERR_FAILED @ https://gc.kis.v2.scr.kaspersky-labs.com/7D8B79A2-8974-4D7B-A76A-F4F29624C06BOSxDTLheSV66Hsf0i1yRUXAy8NkjYorxIG_uaN1dmJ5Wvd2xA3apQXvET0QVAF1JEaoPV6BKADfMsM6k4U-tLg/init?data=eyJ1cmwiOiJodHRwczovL2FwcHN0b3JlY29ubmVjdC5hcHBsZS5jb20vYXBwcy82Nzg5OTEzMTg2L2Rpc3RyaWJ1dGlvbi9pb3MvdmVyc2lvbi9pbmZsaWdodCIsInBsdWdpbnMiOiJ3c20mY2EmdnMmd250JnVhJmFibiZhYm5fc2hhZG93JmNiIiwiZGF0YSI6eyJkYXRhIjpbeyJwbHVnaW4iOiJ3c20iLCJwYXJhbWV0ZXJzIjoie1wicmVmZXJyZXJcIjpcIlwiLFwic3R1YklkXCI6XCJcIn0ifSx7InBsdWdpbiI6IndudCIsInBhcmFtZXRlcnMiOiJ7XCJyZWZlcnJlclwiOlwiXCJ9In0seyJwbHVnaW4iOiJ1YSIsInBhcmFtZXRlcnMiOiJ7fSJ9LHsicGx1Z2luIjoiYWJuIiwicGFyYW1ldGVycyI6IntcImlzQ3NzVXJsSW5qZWN0ZWRcIjpmYWxzZX0ifSx7InBsdWdpbiI6ImFibl9zaGFkb3ciLCJwYXJhbWV0ZXJzIjoie1wiaXNDc3NVcmxJbmplY3RlZFwiOmZhbHNlfSJ9XX0sImlzVG9wTGV2ZWwiOnRydWUsInBhZ2VTdGFydFRpbWUiOjE3ODUxMDYyNzYyNjEsIm5hdmlnYXRpb25TdGFydFRpbWUiOjE3ODUxMDYyNzU1MzB9&nocache=1a290&tm=2026-07-27T05%3A08%3A34.665Z:0
[22639197ms] [ERROR] Failed to load resource: net::ERR_FAILED @ https://gc.kis.v2.scr.kaspersky-labs.com/7D8B79A2-8974-4D7B-A76A-F4F29624C06BOSxDTLheSV66Hsf0i1yRUXAy8NkjYorxIG_uaN1dmJ5Wvd2xA3apQXvET0QVAF1JEaoPV6BKADfMsM6k4U-tLg/init?data=eyJ1cmwiOiJodHRwczovL2FwcHN0b3JlY29ubmVjdC5hcHBsZS5jb20vYXBwcy82Nzg5OTEzMTg2L2Rpc3RyaWJ1dGlvbi9pb3MvdmVyc2lvbi9pbmZsaWdodCIsInBsdWdpbnMiOiJ3c20mY2EmdnMmd250JnVhJmFibiZhYm5fc2hhZG93JmNiIiwiZGF0YSI6eyJkYXRhIjpbeyJwbHVnaW4iOiJ3c20iLCJwYXJhbWV0ZXJzIjoie1wicmVmZXJyZXJcIjpcIlwiLFwic3R1YklkXCI6XCJcIn0ifSx7InBsdWdpbiI6IndudCIsInBhcmFtZXRlcnMiOiJ7XCJyZWZlcnJlclwiOlwiXCJ9In0seyJwbHVnaW4iOiJ1YSIsInBhcmFtZXRlcnMiOiJ7fSJ9LHsicGx1Z2luIjoiYWJuIiwicGFyYW1ldGVycyI6IntcImlzQ3NzVXJsSW5qZWN0ZWRcIjpmYWxzZX0ifSx7InBsdWdpbiI6ImFibl9zaGFkb3ciLCJwYXJhbWV0ZXJzIjoie1wiaXNDc3NVcmxJbmplY3RlZFwiOmZhbHNlfSJ9XX0sImlzVG9wTGV2ZWwiOnRydWUsInBhZ2VTdGFydFRpbWUiOjE3ODUxMDYyNzYyNjEsIm5hdmlnYXRpb25TdGFydFRpbWUiOjE3ODUxMDYyNzU1MzB9&nocache=15925&tm=2026-07-27T05%3A08%3A34.709Z&second=true:0
[22759158ms] [ERROR] Failed to load resource: net::ERR_FAILED @ https://gc.kis.v2.scr.kaspersky-labs.com/7D8B79A2-8974-4D7B-A76A-F4F29624C06BOSxDTLheSV66Hsf0i1yRUXAy8NkjYorxIG_uaN1dmJ5Wvd2xA3apQXvET0QVAF1JEaoPV6BKADfMsM6k4U-tLg/init?data=eyJ1cmwiOiJodHRwczovL2FwcHN0b3JlY29ubmVjdC5hcHBsZS5jb20vYXBwcy82Nzg5OTEzMTg2L2Rpc3RyaWJ1dGlvbi9pb3MvdmVyc2lvbi9pbmZsaWdodCIsInBsdWdpbnMiOiJ3c20mY2EmdnMmd250JnVhJmFibiZhYm5fc2hhZG93JmNiIiwiZGF0YSI6eyJkYXRhIjpbeyJwbHVnaW4iOiJ3c20iLCJwYXJhbWV0ZXJzIjoie1wicmVmZXJyZXJcIjpcIlwiLFwic3R1YklkXCI6XCJcIn0ifSx7InBsdWdpbiI6IndudCIsInBhcmFtZXRlcnMiOiJ7XCJyZWZlcnJlclwiOlwiXCJ9In0seyJwbHVnaW4iOiJ1YSIsInBhcmFtZXRlcnMiOiJ7fSJ9LHsicGx1Z2luIjoiYWJuIiwicGFyYW1ldGVycyI6IntcImlzQ3NzVXJsSW5qZWN0ZWRcIjpmYWxzZX0ifSx7InBsdWdpbiI6ImFibl9zaGFkb3ciLCJwYXJhbWV0ZXJzIjoie1wiaXNDc3NVcmxJbmplY3RlZFwiOmZhbHNlfSJ9XX0sImlzVG9wTGV2ZWwiOnRydWUsInBhZ2VTdGFydFRpbWUiOjE3ODUxMDYyNzYyNjEsIm5hdmlnYXRpb25TdGFydFRpbWUiOjE3ODUxMDYyNzU1MzB9&nocache=195e0&tm=2026-07-27T05%3A10%3A34.668Z:0
[22759167ms] [ERROR] Failed to load resource: net::ERR_FAILED @ https://gc.kis.v2.scr.kaspersky-labs.com/7D8B79A2-8974-4D7B-A76A-F4F29624C06BOSxDTLheSV66Hsf0i1yRUXAy8NkjYorxIG_uaN1dmJ5Wvd2xA3apQXvET0QVAF1JEaoPV6BKADfMsM6k4U-tLg/init?data=eyJ1cmwiOiJodHRwczovL2FwcHN0b3JlY29ubmVjdC5hcHBsZS5jb20vYXBwcy82Nzg5OTEzMTg2L2Rpc3RyaWJ1dGlvbi9pb3MvdmVyc2lvbi9pbmZsaWdodCIsInBsdWdpbnMiOiJ3c20mY2EmdnMmd250JnVhJmFibiZhYm5fc2hhZG93JmNiIiwiZGF0YSI6eyJkYXRhIjpbeyJwbHVnaW4iOiJ3c20iLCJwYXJhbWV0ZXJzIjoie1wicmVmZXJyZXJcIjpcIlwiLFwic3R1YklkXCI6XCJcIn0ifSx7InBsdWdpbiI6IndudCIsInBhcmFtZXRlcnMiOiJ7XCJyZWZlcnJlclwiOlwiXCJ9In0seyJwbHVnaW4iOiJ1YSIsInBhcmFtZXRlcnMiOiJ7fSJ9LHsicGx1Z2luIjoiYWJuIiwicGFyYW1ldGVycyI6IntcImlzQ3NzVXJsSW5qZWN0ZWRcIjpmYWxzZX0ifSx7InBsdWdpbiI6ImFibl9zaGFkb3ciLCJwYXJhbWV0ZXJzIjoie1wiaXNDc3NVcmxJbmplY3RlZFwiOmZhbHNlfSJ9XX0sImlzVG9wTGV2ZWwiOnRydWUsInBhZ2VTdGFydFRpbWUiOjE3ODUxMDYyNzYyNjEsIm5hdmlnYXRpb25TdGFydFRpbWUiOjE3ODUxMDYyNzU1MzB9&nocache=10149&tm=2026-07-27T05%3A10%3A34.680Z&second=true:0
[22879155ms] [ERROR] Failed to load resource: net::ERR_FAILED @ https://gc.kis.v2.scr.kaspersky-labs.com/7D8B79A2-8974-4D7B-A76A-F4F29624C06BOSxDTLheSV66Hsf0i1yRUXAy8NkjYorxIG_uaN1dmJ5Wvd2xA3apQXvET0QVAF1JEaoPV6BKADfMsM6k4U-tLg/init?data=eyJ1cmwiOiJodHRwczovL2FwcHN0b3JlY29ubmVjdC5hcHBsZS5jb20vYXBwcy82Nzg5OTEzMTg2L2Rpc3RyaWJ1dGlvbi9pb3MvdmVyc2lvbi9pbmZsaWdodCIsInBsdWdpbnMiOiJ3c20mY2EmdnMmd250JnVhJmFibiZhYm5fc2hhZG93JmNiIiwiZGF0YSI6eyJkYXRhIjpbeyJwbHVnaW4iOiJ3c20iLCJwYXJhbWV0ZXJzIjoie1wicmVmZXJyZXJcIjpcIlwiLFwic3R1YklkXCI6XCJcIn0ifSx7InBsdWdpbiI6IndudCIsInBhcmFtZXRlcnMiOiJ7XCJyZWZlcnJlclwiOlwiXCJ9In0seyJwbHVnaW4iOiJ1YSIsInBhcmFtZXRlcnMiOiJ7fSJ9LHsicGx1Z2luIjoiYWJuIiwicGFyYW1ldGVycyI6IntcImlzQ3NzVXJsSW5qZWN0ZWRcIjpmYWxzZX0ifSx7InBsdWdpbiI6ImFibl9zaGFkb3ciLCJwYXJhbWV0ZXJzIjoie1wiaXNDc3NVcmxJbmplY3RlZFwiOmZhbHNlfSJ9XX0sImlzVG9wTGV2ZWwiOnRydWUsInBhZ2VTdGFydFRpbWUiOjE3ODUxMDYyNzYyNjEsIm5hdmlnYXRpb25TdGFydFRpbWUiOjE3ODUxMDYyNzU1MzB9&nocache=10319&tm=2026-07-27T05%3A12%3A34.667Z:0
[22879162ms] [ERROR] Failed to load resource: net::ERR_FAILED @ https://gc.kis.v2.scr.kaspersky-labs.com/7D8B79A2-8974-4D7B-A76A-F4F29624C06BOSxDTLheSV66Hsf0i1yRUXAy8NkjYorxIG_uaN1dmJ5Wvd2xA3apQXvET0QVAF1JEaoPV6BKADfMsM6k4U-tLg/init?data=eyJ1cmwiOiJodHRwczovL2FwcHN0b3JlY29ubmVjdC5hcHBsZS5jb20vYXBwcy82Nzg5OTEzMTg2L2Rpc3RyaWJ1dGlvbi9pb3MvdmVyc2lvbi9pbmZsaWdodCIsInBsdWdpbnMiOiJ3c20mY2EmdnMmd250JnVhJmFibiZhYm5fc2hhZG93JmNiIiwiZGF0YSI6eyJkYXRhIjpbeyJwbHVnaW4iOiJ3c20iLCJwYXJhbWV0ZXJzIjoie1wicmVmZXJyZXJcIjpcIlwiLFwic3R1YklkXCI6XCJcIn0ifSx7InBsdWdpbiI6IndudCIsInBhcmFtZXRlcnMiOiJ7XCJyZWZlcnJlclwiOlwiXCJ9In0seyJwbHVnaW4iOiJ1YSIsInBhcmFtZXRlcnMiOiJ7fSJ9LHsicGx1Z2luIjoiYWJuIiwicGFyYW1ldGVycyI6IntcImlzQ3NzVXJsSW5qZWN0ZWRcIjpmYWxzZX0ifSx7InBsdWdpbiI6ImFibl9zaGFkb3ciLCJwYXJhbWV0ZXJzIjoie1wiaXNDc3NVcmxJbmplY3RlZFwiOmZhbHNlfSJ9XX0sImlzVG9wTGV2ZWwiOnRydWUsInBhZ2VTdGFydFRpbWUiOjE3ODUxMDYyNzYyNjEsIm5hdmlnYXRpb25TdGFydFRpbWUiOjE3ODUxMDYyNzU1MzB9&nocache=19097&tm=2026-07-27T05%3A12%3A34.677Z&second=true:0
[22999156ms] [ERROR] Failed to load resource: net::ERR_FAILED @ https://gc.kis.v2.scr.kaspersky-labs.com/7D8B79A2-8974-4D7B-A76A-F4F29624C06BOSxDTLheSV66Hsf0i1yRUXAy8NkjYorxIG_uaN1dmJ5Wvd2xA3apQXvET0QVAF1JEaoPV6BKADfMsM6k4U-tLg/init?data=eyJ1cmwiOiJodHRwczovL2FwcHN0b3JlY29ubmVjdC5hcHBsZS5jb20vYXBwcy82Nzg5OTEzMTg2L2Rpc3RyaWJ1dGlvbi9pb3MvdmVyc2lvbi9pbmZsaWdodCIsInBsdWdpbnMiOiJ3c20mY2EmdnMmd250JnVhJmFibiZhYm5fc2hhZG93JmNiIiwiZGF0YSI6eyJkYXRhIjpbeyJwbHVnaW4iOiJ3c20iLCJwYXJhbWV0ZXJzIjoie1wicmVmZXJyZXJcIjpcIlwiLFwic3R1YklkXCI6XCJcIn0ifSx7InBsdWdpbiI6IndudCIsInBhcmFtZXRlcnMiOiJ7XCJyZWZlcnJlclwiOlwiXCJ9In0seyJwbHVnaW4iOiJ1YSIsInBhcmFtZXRlcnMiOiJ7fSJ9LHsicGx1Z2luIjoiYWJuIiwicGFyYW1ldGVycyI6IntcImlzQ3NzVXJsSW5qZWN0ZWRcIjpmYWxzZX0ifSx7InBsdWdpbiI6ImFibl9zaGFkb3ciLCJwYXJhbWV0ZXJzIjoie1wiaXNDc3NVcmxJbmplY3RlZFwiOmZhbHNlfSJ9XX0sImlzVG9wTGV2ZWwiOnRydWUsInBhZ2VTdGFydFRpbWUiOjE3ODUxMDYyNzYyNjEsIm5hdmlnYXRpb25TdGFydFRpbWUiOjE3ODUxMDYyNzU1MzB9&nocache=1ccab&tm=2026-07-27T05%3A14%3A34.664Z:0
[22999163ms] [ERROR] Failed to load resource: net::ERR_FAILED @ https://gc.kis.v2.scr.kaspersky-labs.com/7D8B79A2-8974-4D7B-A76A-F4F29624C06BOSxDTLheSV66Hsf0i1yRUXAy8NkjYorxIG_uaN1dmJ5Wvd2xA3apQXvET0QVAF1JEaoPV6BKADfMsM6k4U-tLg/init?data=eyJ1cmwiOiJodHRwczovL2FwcHN0b3JlY29ubmVjdC5hcHBsZS5jb20vYXBwcy82Nzg5OTEzMTg2L2Rpc3RyaWJ1dGlvbi9pb3MvdmVyc2lvbi9pbmZsaWdodCIsInBsdWdpbnMiOiJ3c20mY2EmdnMmd250JnVhJmFibiZhYm5fc2hhZG93JmNiIiwiZGF0YSI6eyJkYXRhIjpbeyJwbHVnaW4iOiJ3c20iLCJwYXJhbWV0ZXJzIjoie1wicmVmZXJyZXJcIjpcIlwiLFwic3R1YklkXCI6XCJcIn0ifSx7InBsdWdpbiI6IndudCIsInBhcmFtZXRlcnMiOiJ7XCJyZWZlcnJlclwiOlwiXCJ9In0seyJwbHVnaW4iOiJ1YSIsInBhcmFtZXRlcnMiOiJ7fSJ9LHsicGx1Z2luIjoiYWJuIiwicGFyYW1ldGVycyI6IntcImlzQ3NzVXJsSW5qZWN0ZWRcIjpmYWxzZX0ifSx7InBsdWdpbiI6ImFibl9zaGFkb3ciLCJwYXJhbWV0ZXJzIjoie1wiaXNDc3NVcmxJbmplY3RlZFwiOmZhbHNlfSJ9XX0sImlzVG9wTGV2ZWwiOnRydWUsInBhZ2VTdGFydFRpbWUiOjE3ODUxMDYyNzYyNjEsIm5hdmlnYXRpb25TdGFydFRpbWUiOjE3ODUxMDYyNzU1MzB9&nocache=1e14c&tm=2026-07-27T05%3A14%3A34.678Z&second=true:0
[23119146ms] [ERROR] Failed to load resource: net::ERR_FAILED @ https://gc.kis.v2.scr.kaspersky-labs.com/7D8B79A2-8974-4D7B-A76A-F4F29624C06BOSxDTLheSV66Hsf0i1yRUXAy8NkjYorxIG_uaN1dmJ5Wvd2xA3apQXvET0QVAF1JEaoPV6BKADfMsM6k4U-tLg/init?data=eyJ1cmwiOiJodHRwczovL2FwcHN0b3JlY29ubmVjdC5hcHBsZS5jb20vYXBwcy82Nzg5OTEzMTg2L2Rpc3RyaWJ1dGlvbi9pb3MvdmVyc2lvbi9pbmZsaWdodCIsInBsdWdpbnMiOiJ3c20mY2EmdnMmd250JnVhJmFibiZhYm5fc2hhZG93JmNiIiwiZGF0YSI6eyJkYXRhIjpbeyJwbHVnaW4iOiJ3c20iLCJwYXJhbWV0ZXJzIjoie1wicmVmZXJyZXJcIjpcIlwiLFwic3R1YklkXCI6XCJcIn0ifSx7InBsdWdpbiI6IndudCIsInBhcmFtZXRlcnMiOiJ7XCJyZWZlcnJlclwiOlwiXCJ9In0seyJwbHVnaW4iOiJ1YSIsInBhcmFtZXRlcnMiOiJ7fSJ9LHsicGx1Z2luIjoiYWJuIiwicGFyYW1ldGVycyI6IntcImlzQ3NzVXJsSW5qZWN0ZWRcIjpmYWxzZX0ifSx7InBsdWdpbiI6ImFibl9zaGFkb3ciLCJwYXJhbWV0ZXJzIjoie1wiaXNDc3NVcmxJbmplY3RlZFwiOmZhbHNlfSJ9XX0sImlzVG9wTGV2ZWwiOnRydWUsInBhZ2VTdGFydFRpbWUiOjE3ODUxMDYyNzYyNjEsIm5hdmlnYXRpb25TdGFydFRpbWUiOjE3ODUxMDYyNzU1MzB9&nocache=11045&tm=2026-07-27T05%3A16%3A34.660Z:0
[23119154ms] [ERROR] Failed to load resource: net::ERR_FAILED @ https://gc.kis.v2.scr.kaspersky-labs.com/7D8B79A2-8974-4D7B-A76A-F4F29624C06BOSxDTLheSV66Hsf0i1yRUXAy8NkjYorxIG_uaN1dmJ5Wvd2xA3apQXvET0QVAF1JEaoPV6BKADfMsM6k4U-tLg/init?data=eyJ1cmwiOiJodHRwczovL2FwcHN0b3JlY29ubmVjdC5hcHBsZS5jb20vYXBwcy82Nzg5OTEzMTg2L2Rpc3RyaWJ1dGlvbi9pb3MvdmVyc2lvbi9pbmZsaWdodCIsInBsdWdpbnMiOiJ3c20mY2EmdnMmd250JnVhJmFibiZhYm5fc2hhZG93JmNiIiwiZGF0YSI6eyJkYXRhIjpbeyJwbHVnaW4iOiJ3c20iLCJwYXJhbWV0ZXJzIjoie1wicmVmZXJyZXJcIjpcIlwiLFwic3R1YklkXCI6XCJcIn0ifSx7InBsdWdpbiI6IndudCIsInBhcmFtZXRlcnMiOiJ7XCJyZWZlcnJlclwiOlwiXCJ9In0seyJwbHVnaW4iOiJ1YSIsInBhcmFtZXRlcnMiOiJ7fSJ9LHsicGx1Z2luIjoiYWJuIiwicGFyYW1ldGVycyI6IntcImlzQ3NzVXJsSW5qZWN0ZWRcIjpmYWxzZX0ifSx7InBsdWdpbiI6ImFibl9zaGFkb3ciLCJwYXJhbWV0ZXJzIjoie1wiaXNDc3NVcmxJbmplY3RlZFwiOmZhbHNlfSJ9XX0sImlzVG9wTGV2ZWwiOnRydWUsInBhZ2VTdGFydFRpbWUiOjE3ODUxMDYyNzYyNjEsIm5hdmlnYXRpb25TdGFydFRpbWUiOjE3ODUxMDYyNzU1MzB9&nocache=1a7b8&tm=2026-07-27T05%3A16%3A34.668Z&second=true:0
[23239154ms] [ERROR] Failed to load resource: net::ERR_FAILED @ https://gc.kis.v2.scr.kaspersky-labs.com/7D8B79A2-8974-4D7B-A76A-F4F29624C06BOSxDTLheSV66Hsf0i1yRUXAy8NkjYorxIG_uaN1dmJ5Wvd2xA3apQXvET0QVAF1JEaoPV6BKADfMsM6k4U-tLg/init?data=eyJ1cmwiOiJodHRwczovL2FwcHN0b3JlY29ubmVjdC5hcHBsZS5jb20vYXBwcy82Nzg5OTEzMTg2L2Rpc3RyaWJ1dGlvbi9pb3MvdmVyc2lvbi9pbmZsaWdodCIsInBsdWdpbnMiOiJ3c20mY2EmdnMmd250JnVhJmFibiZhYm5fc2hhZG93JmNiIiwiZGF0YSI6eyJkYXRhIjpbeyJwbHVnaW4iOiJ3c20iLCJwYXJhbWV0ZXJzIjoie1wicmVmZXJyZXJcIjpcIlwiLFwic3R1YklkXCI6XCJcIn0ifSx7InBsdWdpbiI6IndudCIsInBhcmFtZXRlcnMiOiJ7XCJyZWZlcnJlclwiOlwiXCJ9In0seyJwbHVnaW4iOiJ1YSIsInBhcmFtZXRlcnMiOiJ7fSJ9LHsicGx1Z2luIjoiYWJuIiwicGFyYW1ldGVycyI6IntcImlzQ3NzVXJsSW5qZWN0ZWRcIjpmYWxzZX0ifSx7InBsdWdpbiI6ImFibl9zaGFkb3ciLCJwYXJhbWV0ZXJzIjoie1wiaXNDc3NVcmxJbmplY3RlZFwiOmZhbHNlfSJ9XX0sImlzVG9wTGV2ZWwiOnRydWUsInBhZ2VTdGFydFRpbWUiOjE3ODUxMDYyNzYyNjEsIm5hdmlnYXRpb25TdGFydFRpbWUiOjE3ODUxMDYyNzU1MzB9&nocache=1b732&tm=2026-07-27T05%3A18%3A34.668Z:0
[23239161ms] [ERROR] Failed to load resource: net::ERR_FAILED @ https://gc.kis.v2.scr.kaspersky-labs.com/7D8B79A2-8974-4D7B-A76A-F4F29624C06BOSxDTLheSV66Hsf0i1yRUXAy8NkjYorxIG_uaN1dmJ5Wvd2xA3apQXvET0QVAF1JEaoPV6BKADfMsM6k4U-tLg/init?data=eyJ1cmwiOiJodHRwczovL2FwcHN0b3JlY29ubmVjdC5hcHBsZS5jb20vYXBwcy82Nzg5OTEzMTg2L2Rpc3RyaWJ1dGlvbi9pb3MvdmVyc2lvbi9pbmZsaWdodCIsInBsdWdpbnMiOiJ3c20mY2EmdnMmd250JnVhJmFibiZhYm5fc2hhZG93JmNiIiwiZGF0YSI6eyJkYXRhIjpbeyJwbHVnaW4iOiJ3c20iLCJwYXJhbWV0ZXJzIjoie1wicmVmZXJyZXJcIjpcIlwiLFwic3R1YklkXCI6XCJcIn0ifSx7InBsdWdpbiI6IndudCIsInBhcmFtZXRlcnMiOiJ7XCJyZWZlcnJlclwiOlwiXCJ9In0seyJwbHVnaW4iOiJ1YSIsInBhcmFtZXRlcnMiOiJ7fSJ9LHsicGx1Z2luIjoiYWJuIiwicGFyYW1ldGVycyI6IntcImlzQ3NzVXJsSW5qZWN0ZWRcIjpmYWxzZX0ifSx7InBsdWdpbiI6ImFibl9zaGFkb3ciLCJwYXJhbWV0ZXJzIjoie1wiaXNDc3NVcmxJbmplY3RlZFwiOmZhbHNlfSJ9XX0sImlzVG9wTGV2ZWwiOnRydWUsInBhZ2VTdGFydFRpbWUiOjE3ODUxMDYyNzYyNjEsIm5hdmlnYXRpb25TdGFydFRpbWUiOjE3ODUxMDYyNzU1MzB9&nocache=121f7&tm=2026-07-27T05%3A18%3A34.676Z&second=true:0
[23359146ms] [ERROR] Failed to load resource: net::ERR_FAILED @ https://gc.kis.v2.scr.kaspersky-labs.com/7D8B79A2-8974-4D7B-A76A-F4F29624C06BOSxDTLheSV66Hsf0i1yRUXAy8NkjYorxIG_uaN1dmJ5Wvd2xA3apQXvET0QVAF1JEaoPV6BKADfMsM6k4U-tLg/init?data=eyJ1cmwiOiJodHRwczovL2FwcHN0b3JlY29ubmVjdC5hcHBsZS5jb20vYXBwcy82Nzg5OTEzMTg2L2Rpc3RyaWJ1dGlvbi9pb3MvdmVyc2lvbi9pbmZsaWdodCIsInBsdWdpbnMiOiJ3c20mY2EmdnMmd250JnVhJmFibiZhYm5fc2hhZG93JmNiIiwiZGF0YSI6eyJkYXRhIjpbeyJwbHVnaW4iOiJ3c20iLCJwYXJhbWV0ZXJzIjoie1wicmVmZXJyZXJcIjpcIlwiLFwic3R1YklkXCI6XCJcIn0ifSx7InBsdWdpbiI6IndudCIsInBhcmFtZXRlcnMiOiJ7XCJyZWZlcnJlclwiOlwiXCJ9In0seyJwbHVnaW4iOiJ1YSIsInBhcmFtZXRlcnMiOiJ7fSJ9LHsicGx1Z2luIjoiYWJuIiwicGFyYW1ldGVycyI6IntcImlzQ3NzVXJsSW5qZWN0ZWRcIjpmYWxzZX0ifSx7InBsdWdpbiI6ImFibl9zaGFkb3ciLCJwYXJhbWV0ZXJzIjoie1wiaXNDc3NVcmxJbmplY3RlZFwiOmZhbHNlfSJ9XX0sImlzVG9wTGV2ZWwiOnRydWUsInBhZ2VTdGFydFRpbWUiOjE3ODUxMDYyNzYyNjEsIm5hdmlnYXRpb25TdGFydFRpbWUiOjE3ODUxMDYyNzU1MzB9&nocache=1827d&tm=2026-07-27T05%3A20%3A34.657Z:0
[23359155ms] [ERROR] Failed to load resource: net::ERR_FAILED @ https://gc.kis.v2.scr.kaspersky-labs.com/7D8B79A2-8974-4D7B-A76A-F4F29624C06BOSxDTLheSV66Hsf0i1yRUXAy8NkjYorxIG_uaN1dmJ5Wvd2xA3apQXvET0QVAF1JEaoPV6BKADfMsM6k4U-tLg/init?data=eyJ1cmwiOiJodHRwczovL2FwcHN0b3JlY29ubmVjdC5hcHBsZS5jb20vYXBwcy82Nzg5OTEzMTg2L2Rpc3RyaWJ1dGlvbi9pb3MvdmVyc2lvbi9pbmZsaWdodCIsInBsdWdpbnMiOiJ3c20mY2EmdnMmd250JnVhJmFibiZhYm5fc2hhZG93JmNiIiwiZGF0YSI6eyJkYXRhIjpbeyJwbHVnaW4iOiJ3c20iLCJwYXJhbWV0ZXJzIjoie1wicmVmZXJyZXJcIjpcIlwiLFwic3R1YklkXCI6XCJcIn0ifSx7InBsdWdpbiI6IndudCIsInBhcmFtZXRlcnMiOiJ7XCJyZWZlcnJlclwiOlwiXCJ9In0seyJwbHVnaW4iOiJ1YSIsInBhcmFtZXRlcnMiOiJ7fSJ9LHsicGx1Z2luIjoiYWJuIiwicGFyYW1ldGVycyI6IntcImlzQ3NzVXJsSW5qZWN0ZWRcIjpmYWxzZX0ifSx7InBsdWdpbiI6ImFibl9zaGFkb3ciLCJwYXJhbWV0ZXJzIjoie1wiaXNDc3NVcmxJbmplY3RlZFwiOmZhbHNlfSJ9XX0sImlzVG9wTGV2ZWwiOnRydWUsInBhZ2VTdGFydFRpbWUiOjE3ODUxMDYyNzYyNjEsIm5hdmlnYXRpb25TdGFydFRpbWUiOjE3ODUxMDYyNzU1MzB9&nocache=1ad83&tm=2026-07-27T05%3A20%3A34.668Z&second=true:0
[23479157ms] [ERROR] Failed to load resource: net::ERR_FAILED @ https://gc.kis.v2.scr.kaspersky-labs.com/7D8B79A2-8974-4D7B-A76A-F4F29624C06BOSxDTLheSV66Hsf0i1yRUXAy8NkjYorxIG_uaN1dmJ5Wvd2xA3apQXvET0QVAF1JEaoPV6BKADfMsM6k4U-tLg/init?data=eyJ1cmwiOiJodHRwczovL2FwcHN0b3JlY29ubmVjdC5hcHBsZS5jb20vYXBwcy82Nzg5OTEzMTg2L2Rpc3RyaWJ1dGlvbi9pb3MvdmVyc2lvbi9pbmZsaWdodCIsInBsdWdpbnMiOiJ3c20mY2EmdnMmd250JnVhJmFibiZhYm5fc2hhZG93JmNiIiwiZGF0YSI6eyJkYXRhIjpbeyJwbHVnaW4iOiJ3c20iLCJwYXJhbWV0ZXJzIjoie1wicmVmZXJyZXJcIjpcIlwiLFwic3R1YklkXCI6XCJcIn0ifSx7InBsdWdpbiI6IndudCIsInBhcmFtZXRlcnMiOiJ7XCJyZWZlcnJlclwiOlwiXCJ9In0seyJwbHVnaW4iOiJ1YSIsInBhcmFtZXRlcnMiOiJ7fSJ9LHsicGx1Z2luIjoiYWJuIiwicGFyYW1ldGVycyI6IntcImlzQ3NzVXJsSW5qZWN0ZWRcIjpmYWxzZX0ifSx7InBsdWdpbiI6ImFibl9zaGFkb3ciLCJwYXJhbWV0ZXJzIjoie1wiaXNDc3NVcmxJbmplY3RlZFwiOmZhbHNlfSJ9XX0sImlzVG9wTGV2ZWwiOnRydWUsInBhZ2VTdGFydFRpbWUiOjE3ODUxMDYyNzYyNjEsIm5hdmlnYXRpb25TdGFydFRpbWUiOjE3ODUxMDYyNzU1MzB9&nocache=1df10&tm=2026-07-27T05%3A22%3A34.670Z:0
[23479167ms] [ERROR] Failed to load resource: net::ERR_FAILED @ https://gc.kis.v2.scr.kaspersky-labs.com/7D8B79A2-8974-4D7B-A76A-F4F29624C06BOSxDTLheSV66Hsf0i1yRUXAy8NkjYorxIG_uaN1dmJ5Wvd2xA3apQXvET0QVAF1JEaoPV6BKADfMsM6k4U-tLg/init?data=eyJ1cmwiOiJodHRwczovL2FwcHN0b3JlY29ubmVjdC5hcHBsZS5jb20vYXBwcy82Nzg5OTEzMTg2L2Rpc3RyaWJ1dGlvbi9pb3MvdmVyc2lvbi9pbmZsaWdodCIsInBsdWdpbnMiOiJ3c20mY2EmdnMmd250JnVhJmFibiZhYm5fc2hhZG93JmNiIiwiZGF0YSI6eyJkYXRhIjpbeyJwbHVnaW4iOiJ3c20iLCJwYXJhbWV0ZXJzIjoie1wicmVmZXJyZXJcIjpcIlwiLFwic3R1YklkXCI6XCJcIn0ifSx7InBsdWdpbiI6IndudCIsInBhcmFtZXRlcnMiOiJ7XCJyZWZlcnJlclwiOlwiXCJ9In0seyJwbHVnaW4iOiJ1YSIsInBhcmFtZXRlcnMiOiJ7fSJ9LHsicGx1Z2luIjoiYWJuIiwicGFyYW1ldGVycyI6IntcImlzQ3NzVXJsSW5qZWN0ZWRcIjpmYWxzZX0ifSx7InBsdWdpbiI6ImFibl9zaGFkb3ciLCJwYXJhbWV0ZXJzIjoie1wiaXNDc3NVcmxJbmplY3RlZFwiOmZhbHNlfSJ9XX0sImlzVG9wTGV2ZWwiOnRydWUsInBhZ2VTdGFydFRpbWUiOjE3ODUxMDYyNzYyNjEsIm5hdmlnYXRpb25TdGFydFRpbWUiOjE3ODUxMDYyNzU1MzB9&nocache=1c71d&tm=2026-07-27T05%3A22%3A34.680Z&second=true:0
[23599148ms] [ERROR] Failed to load resource: net::ERR_FAILED @ https://gc.kis.v2.scr.kaspersky-labs.com/7D8B79A2-8974-4D7B-A76A-F4F29624C06BOSxDTLheSV66Hsf0i1yRUXAy8NkjYorxIG_uaN1dmJ5Wvd2xA3apQXvET0QVAF1JEaoPV6BKADfMsM6k4U-tLg/init?data=eyJ1cmwiOiJodHRwczovL2FwcHN0b3JlY29ubmVjdC5hcHBsZS5jb20vYXBwcy82Nzg5OTEzMTg2L2Rpc3RyaWJ1dGlvbi9pb3MvdmVyc2lvbi9pbmZsaWdodCIsInBsdWdpbnMiOiJ3c20mY2EmdnMmd250JnVhJmFibiZhYm5fc2hhZG93JmNiIiwiZGF0YSI6eyJkYXRhIjpbeyJwbHVnaW4iOiJ3c20iLCJwYXJhbWV0ZXJzIjoie1wicmVmZXJyZXJcIjpcIlwiLFwic3R1YklkXCI6XCJcIn0ifSx7InBsdWdpbiI6IndudCIsInBhcmFtZXRlcnMiOiJ7XCJyZWZlcnJlclwiOlwiXCJ9In0seyJwbHVnaW4iOiJ1YSIsInBhcmFtZXRlcnMiOiJ7fSJ9LHsicGx1Z2luIjoiYWJuIiwicGFyYW1ldGVycyI6IntcImlzQ3NzVXJsSW5qZWN0ZWRcIjpmYWxzZX0ifSx7InBsdWdpbiI6ImFibl9zaGFkb3ciLCJwYXJhbWV0ZXJzIjoie1wiaXNDc3NVcmxJbmplY3RlZFwiOmZhbHNlfSJ9XX0sImlzVG9wTGV2ZWwiOnRydWUsInBhZ2VTdGFydFRpbWUiOjE3ODUxMDYyNzYyNjEsIm5hdmlnYXRpb25TdGFydFRpbWUiOjE3ODUxMDYyNzU1MzB9&nocache=14462&tm=2026-07-27T05%3A24%3A34.658Z:0
[23599156ms] [ERROR] Failed to load resource: net::ERR_FAILED @ https://gc.kis.v2.scr.kaspersky-labs.com/7D8B79A2-8974-4D7B-A76A-F4F29624C06BOSxDTLheSV66Hsf0i1yRUXAy8NkjYorxIG_uaN1dmJ5Wvd2xA3apQXvET0QVAF1JEaoPV6BKADfMsM6k4U-tLg/init?data=eyJ1cmwiOiJodHRwczovL2FwcHN0b3JlY29ubmVjdC5hcHBsZS5jb20vYXBwcy82Nzg5OTEzMTg2L2Rpc3RyaWJ1dGlvbi9pb3MvdmVyc2lvbi9pbmZsaWdodCIsInBsdWdpbnMiOiJ3c20mY2EmdnMmd250JnVhJmFibiZhYm5fc2hhZG93JmNiIiwiZGF0YSI6eyJkYXRhIjpbeyJwbHVnaW4iOiJ3c20iLCJwYXJhbWV0ZXJzIjoie1wicmVmZXJyZXJcIjpcIlwiLFwic3R1YklkXCI6XCJcIn0ifSx7InBsdWdpbiI6IndudCIsInBhcmFtZXRlcnMiOiJ7XCJyZWZlcnJlclwiOlwiXCJ9In0seyJwbHVnaW4iOiJ1YSIsInBhcmFtZXRlcnMiOiJ7fSJ9LHsicGx1Z2luIjoiYWJuIiwicGFyYW1ldGVycyI6IntcImlzQ3NzVXJsSW5qZWN0ZWRcIjpmYWxzZX0ifSx7InBsdWdpbiI6ImFibl9zaGFkb3ciLCJwYXJhbWV0ZXJzIjoie1wiaXNDc3NVcmxJbmplY3RlZFwiOmZhbHNlfSJ9XX0sImlzVG9wTGV2ZWwiOnRydWUsInBhZ2VTdGFydFRpbWUiOjE3ODUxMDYyNzYyNjEsIm5hdmlnYXRpb25TdGFydFRpbWUiOjE3ODUxMDYyNzU1MzB9&nocache=1e7ae&tm=2026-07-27T05%3A24%3A34.670Z&second=true:0
[23719159ms] [ERROR] Failed to load resource: net::ERR_FAILED @ https://gc.kis.v2.scr.kaspersky-labs.com/7D8B79A2-8974-4D7B-A76A-F4F29624C06BOSxDTLheSV66Hsf0i1yRUXAy8NkjYorxIG_uaN1dmJ5Wvd2xA3apQXvET0QVAF1JEaoPV6BKADfMsM6k4U-tLg/init?data=eyJ1cmwiOiJodHRwczovL2FwcHN0b3JlY29ubmVjdC5hcHBsZS5jb20vYXBwcy82Nzg5OTEzMTg2L2Rpc3RyaWJ1dGlvbi9pb3MvdmVyc2lvbi9pbmZsaWdodCIsInBsdWdpbnMiOiJ3c20mY2EmdnMmd250JnVhJmFibiZhYm5fc2hhZG93JmNiIiwiZGF0YSI6eyJkYXRhIjpbeyJwbHVnaW4iOiJ3c20iLCJwYXJhbWV0ZXJzIjoie1wicmVmZXJyZXJcIjpcIlwiLFwic3R1YklkXCI6XCJcIn0ifSx7InBsdWdpbiI6IndudCIsInBhcmFtZXRlcnMiOiJ7XCJyZWZlcnJlclwiOlwiXCJ9In0seyJwbHVnaW4iOiJ1YSIsInBhcmFtZXRlcnMiOiJ7fSJ9LHsicGx1Z2luIjoiYWJuIiwicGFyYW1ldGVycyI6IntcImlzQ3NzVXJsSW5qZWN0ZWRcIjpmYWxzZX0ifSx7InBsdWdpbiI6ImFibl9zaGFkb3ciLCJwYXJhbWV0ZXJzIjoie1wiaXNDc3NVcmxJbmplY3RlZFwiOmZhbHNlfSJ9XX0sImlzVG9wTGV2ZWwiOnRydWUsInBhZ2VTdGFydFRpbWUiOjE3ODUxMDYyNzYyNjEsIm5hdmlnYXRpb25TdGFydFRpbWUiOjE3ODUxMDYyNzU1MzB9&nocache=10b18&tm=2026-07-27T05%3A26%3A34.672Z:0
[23719166ms] [ERROR] Failed to load resource: net::ERR_FAILED @ https://gc.kis.v2.scr.kaspersky-labs.com/7D8B79A2-8974-4D7B-A76A-F4F29624C06BOSxDTLheSV66Hsf0i1yRUXAy8NkjYorxIG_uaN1dmJ5Wvd2xA3apQXvET0QVAF1JEaoPV6BKADfMsM6k4U-tLg/init?data=eyJ1cmwiOiJodHRwczovL2FwcHN0b3JlY29ubmVjdC5hcHBsZS5jb20vYXBwcy82Nzg5OTEzMTg2L2Rpc3RyaWJ1dGlvbi9pb3MvdmVyc2lvbi9pbmZsaWdodCIsInBsdWdpbnMiOiJ3c20mY2EmdnMmd250JnVhJmFibiZhYm5fc2hhZG93JmNiIiwiZGF0YSI6eyJkYXRhIjpbeyJwbHVnaW4iOiJ3c20iLCJwYXJhbWV0ZXJzIjoie1wicmVmZXJyZXJcIjpcIlwiLFwic3R1YklkXCI6XCJcIn0ifSx7InBsdWdpbiI6IndudCIsInBhcmFtZXRlcnMiOiJ7XCJyZWZlcnJlclwiOlwiXCJ9In0seyJwbHVnaW4iOiJ1YSIsInBhcmFtZXRlcnMiOiJ7fSJ9LHsicGx1Z2luIjoiYWJuIiwicGFyYW1ldGVycyI6IntcImlzQ3NzVXJsSW5qZWN0ZWRcIjpmYWxzZX0ifSx7InBsdWdpbiI6ImFibl9zaGFkb3ciLCJwYXJhbWV0ZXJzIjoie1wiaXNDc3NVcmxJbmplY3RlZFwiOmZhbHNlfSJ9XX0sImlzVG9wTGV2ZWwiOnRydWUsInBhZ2VTdGFydFRpbWUiOjE3ODUxMDYyNzYyNjEsIm5hdmlnYXRpb25TdGFydFRpbWUiOjE3ODUxMDYyNzU1MzB9&nocache=16b9f&tm=2026-07-27T05%3A26%3A34.681Z&second=true:0
[23839149ms] [ERROR] Failed to load resource: net::ERR_FAILED @ https://gc.kis.v2.scr.kaspersky-labs.com/7D8B79A2-8974-4D7B-A76A-F4F29624C06BOSxDTLheSV66Hsf0i1yRUXAy8NkjYorxIG_uaN1dmJ5Wvd2xA3apQXvET0QVAF1JEaoPV6BKADfMsM6k4U-tLg/init?data=eyJ1cmwiOiJodHRwczovL2FwcHN0b3JlY29ubmVjdC5hcHBsZS5jb20vYXBwcy82Nzg5OTEzMTg2L2Rpc3RyaWJ1dGlvbi9pb3MvdmVyc2lvbi9pbmZsaWdodCIsInBsdWdpbnMiOiJ3c20mY2EmdnMmd250JnVhJmFibiZhYm5fc2hhZG93JmNiIiwiZGF0YSI6eyJkYXRhIjpbeyJwbHVnaW4iOiJ3c20iLCJwYXJhbWV0ZXJzIjoie1wicmVmZXJyZXJcIjpcIlwiLFwic3R1YklkXCI6XCJcIn0ifSx7InBsdWdpbiI6IndudCIsInBhcmFtZXRlcnMiOiJ7XCJyZWZlcnJlclwiOlwiXCJ9In0seyJwbHVnaW4iOiJ1YSIsInBhcmFtZXRlcnMiOiJ7fSJ9LHsicGx1Z2luIjoiYWJuIiwicGFyYW1ldGVycyI6IntcImlzQ3NzVXJsSW5qZWN0ZWRcIjpmYWxzZX0ifSx7InBsdWdpbiI6ImFibl9zaGFkb3ciLCJwYXJhbWV0ZXJzIjoie1wiaXNDc3NVcmxJbmplY3RlZFwiOmZhbHNlfSJ9XX0sImlzVG9wTGV2ZWwiOnRydWUsInBhZ2VTdGFydFRpbWUiOjE3ODUxMDYyNzYyNjEsIm5hdmlnYXRpb25TdGFydFRpbWUiOjE3ODUxMDYyNzU1MzB9&nocache=16bce&tm=2026-07-27T05%3A28%3A34.661Z:0
[23839157ms] [ERROR] Failed to load resource: net::ERR_FAILED @ https://gc.kis.v2.scr.kaspersky-labs.com/7D8B79A2-8974-4D7B-A76A-F4F29624C06BOSxDTLheSV66Hsf0i1yRUXAy8NkjYorxIG_uaN1dmJ5Wvd2xA3apQXvET0QVAF1JEaoPV6BKADfMsM6k4U-tLg/init?data=eyJ1cmwiOiJodHRwczovL2FwcHN0b3JlY29ubmVjdC5hcHBsZS5jb20vYXBwcy82Nzg5OTEzMTg2L2Rpc3RyaWJ1dGlvbi9pb3MvdmVyc2lvbi9pbmZsaWdodCIsInBsdWdpbnMiOiJ3c20mY2EmdnMmd250JnVhJmFibiZhYm5fc2hhZG93JmNiIiwiZGF0YSI6eyJkYXRhIjpbeyJwbHVnaW4iOiJ3c20iLCJwYXJhbWV0ZXJzIjoie1wicmVmZXJyZXJcIjpcIlwiLFwic3R1YklkXCI6XCJcIn0ifSx7InBsdWdpbiI6IndudCIsInBhcmFtZXRlcnMiOiJ7XCJyZWZlcnJlclwiOlwiXCJ9In0seyJwbHVnaW4iOiJ1YSIsInBhcmFtZXRlcnMiOiJ7fSJ9LHsicGx1Z2luIjoiYWJuIiwicGFyYW1ldGVycyI6IntcImlzQ3NzVXJsSW5qZWN0ZWRcIjpmYWxzZX0ifSx7InBsdWdpbiI6ImFibl9zaGFkb3ciLCJwYXJhbWV0ZXJzIjoie1wiaXNDc3NVcmxJbmplY3RlZFwiOmZhbHNlfSJ9XX0sImlzVG9wTGV2ZWwiOnRydWUsInBhZ2VTdGFydFRpbWUiOjE3ODUxMDYyNzYyNjEsIm5hdmlnYXRpb25TdGFydFRpbWUiOjE3ODUxMDYyNzU1MzB9&nocache=13b58&tm=2026-07-27T05%3A28%3A34.671Z&second=true:0
[23959154ms] [ERROR] Failed to load resource: net::ERR_FAILED @ https://gc.kis.v2.scr.kaspersky-labs.com/7D8B79A2-8974-4D7B-A76A-F4F29624C06BOSxDTLheSV66Hsf0i1yRUXAy8NkjYorxIG_uaN1dmJ5Wvd2xA3apQXvET0QVAF1JEaoPV6BKADfMsM6k4U-tLg/init?data=eyJ1cmwiOiJodHRwczovL2FwcHN0b3JlY29ubmVjdC5hcHBsZS5jb20vYXBwcy82Nzg5OTEzMTg2L2Rpc3RyaWJ1dGlvbi9pb3MvdmVyc2lvbi9pbmZsaWdodCIsInBsdWdpbnMiOiJ3c20mY2EmdnMmd250JnVhJmFibiZhYm5fc2hhZG93JmNiIiwiZGF0YSI6eyJkYXRhIjpbeyJwbHVnaW4iOiJ3c20iLCJwYXJhbWV0ZXJzIjoie1wicmVmZXJyZXJcIjpcIlwiLFwic3R1YklkXCI6XCJcIn0ifSx7InBsdWdpbiI6IndudCIsInBhcmFtZXRlcnMiOiJ7XCJyZWZlcnJlclwiOlwiXCJ9In0seyJwbHVnaW4iOiJ1YSIsInBhcmFtZXRlcnMiOiJ7fSJ9LHsicGx1Z2luIjoiYWJuIiwicGFyYW1ldGVycyI6IntcImlzQ3NzVXJsSW5qZWN0ZWRcIjpmYWxzZX0ifSx7InBsdWdpbiI6ImFibl9zaGFkb3ciLCJwYXJhbWV0ZXJzIjoie1wiaXNDc3NVcmxJbmplY3RlZFwiOmZhbHNlfSJ9XX0sImlzVG9wTGV2ZWwiOnRydWUsInBhZ2VTdGFydFRpbWUiOjE3ODUxMDYyNzYyNjEsIm5hdmlnYXRpb25TdGFydFRpbWUiOjE3ODUxMDYyNzU1MzB9&nocache=1377b&tm=2026-07-27T05%3A30%3A34.665Z:0
[23959162ms] [ERROR] Failed to load resource: net::ERR_FAILED @ https://gc.kis.v2.scr.kaspersky-labs.com/7D8B79A2-8974-4D7B-A76A-F4F29624C06BOSxDTLheSV66Hsf0i1yRUXAy8NkjYorxIG_uaN1dmJ5Wvd2xA3apQXvET0QVAF1JEaoPV6BKADfMsM6k4U-tLg/init?data=eyJ1cmwiOiJodHRwczovL2FwcHN0b3JlY29ubmVjdC5hcHBsZS5jb20vYXBwcy82Nzg5OTEzMTg2L2Rpc3RyaWJ1dGlvbi9pb3MvdmVyc2lvbi9pbmZsaWdodCIsInBsdWdpbnMiOiJ3c20mY2EmdnMmd250JnVhJmFibiZhYm5fc2hhZG93JmNiIiwiZGF0YSI6eyJkYXRhIjpbeyJwbHVnaW4iOiJ3c20iLCJwYXJhbWV0ZXJzIjoie1wicmVmZXJyZXJcIjpcIlwiLFwic3R1YklkXCI6XCJcIn0ifSx7InBsdWdpbiI6IndudCIsInBhcmFtZXRlcnMiOiJ7XCJyZWZlcnJlclwiOlwiXCJ9In0seyJwbHVnaW4iOiJ1YSIsInBhcmFtZXRlcnMiOiJ7fSJ9LHsicGx1Z2luIjoiYWJuIiwicGFyYW1ldGVycyI6IntcImlzQ3NzVXJsSW5qZWN0ZWRcIjpmYWxzZX0ifSx7InBsdWdpbiI6ImFibl9zaGFkb3ciLCJwYXJhbWV0ZXJzIjoie1wiaXNDc3NVcmxJbmplY3RlZFwiOmZhbHNlfSJ9XX0sImlzVG9wTGV2ZWwiOnRydWUsInBhZ2VTdGFydFRpbWUiOjE3ODUxMDYyNzYyNjEsIm5hdmlnYXRpb25TdGFydFRpbWUiOjE3ODUxMDYyNzU1MzB9&nocache=18a43&tm=2026-07-27T05%3A30%3A34.676Z&second=true:0
[24079149ms] [ERROR] Failed to load resource: net::ERR_FAILED @ https://gc.kis.v2.scr.kaspersky-labs.com/7D8B79A2-8974-4D7B-A76A-F4F29624C06BOSxDTLheSV66Hsf0i1yRUXAy8NkjYorxIG_uaN1dmJ5Wvd2xA3apQXvET0QVAF1JEaoPV6BKADfMsM6k4U-tLg/init?data=eyJ1cmwiOiJodHRwczovL2FwcHN0b3JlY29ubmVjdC5hcHBsZS5jb20vYXBwcy82Nzg5OTEzMTg2L2Rpc3RyaWJ1dGlvbi9pb3MvdmVyc2lvbi9pbmZsaWdodCIsInBsdWdpbnMiOiJ3c20mY2EmdnMmd250JnVhJmFibiZhYm5fc2hhZG93JmNiIiwiZGF0YSI6eyJkYXRhIjpbeyJwbHVnaW4iOiJ3c20iLCJwYXJhbWV0ZXJzIjoie1wicmVmZXJyZXJcIjpcIlwiLFwic3R1YklkXCI6XCJcIn0ifSx7InBsdWdpbiI6IndudCIsInBhcmFtZXRlcnMiOiJ7XCJyZWZlcnJlclwiOlwiXCJ9In0seyJwbHVnaW4iOiJ1YSIsInBhcmFtZXRlcnMiOiJ7fSJ9LHsicGx1Z2luIjoiYWJuIiwicGFyYW1ldGVycyI6IntcImlzQ3NzVXJsSW5qZWN0ZWRcIjpmYWxzZX0ifSx7InBsdWdpbiI6ImFibl9zaGFkb3ciLCJwYXJhbWV0ZXJzIjoie1wiaXNDc3NVcmxJbmplY3RlZFwiOmZhbHNlfSJ9XX0sImlzVG9wTGV2ZWwiOnRydWUsInBhZ2VTdGFydFRpbWUiOjE3ODUxMDYyNzYyNjEsIm5hdmlnYXRpb25TdGFydFRpbWUiOjE3ODUxMDYyNzU1MzB9&nocache=13dc8&tm=2026-07-27T05%3A32%3A34.659Z:0
[24079157ms] [ERROR] Failed to load resource: net::ERR_FAILED @ https://gc.kis.v2.scr.kaspersky-labs.com/7D8B79A2-8974-4D7B-A76A-F4F29624C06BOSxDTLheSV66Hsf0i1yRUXAy8NkjYorxIG_uaN1dmJ5Wvd2xA3apQXvET0QVAF1JEaoPV6BKADfMsM6k4U-tLg/init?data=eyJ1cmwiOiJodHRwczovL2FwcHN0b3JlY29ubmVjdC5hcHBsZS5jb20vYXBwcy82Nzg5OTEzMTg2L2Rpc3RyaWJ1dGlvbi9pb3MvdmVyc2lvbi9pbmZsaWdodCIsInBsdWdpbnMiOiJ3c20mY2EmdnMmd250JnVhJmFibiZhYm5fc2hhZG93JmNiIiwiZGF0YSI6eyJkYXRhIjpbeyJwbHVnaW4iOiJ3c20iLCJwYXJhbWV0ZXJzIjoie1wicmVmZXJyZXJcIjpcIlwiLFwic3R1YklkXCI6XCJcIn0ifSx7InBsdWdpbiI6IndudCIsInBhcmFtZXRlcnMiOiJ7XCJyZWZlcnJlclwiOlwiXCJ9In0seyJwbHVnaW4iOiJ1YSIsInBhcmFtZXRlcnMiOiJ7fSJ9LHsicGx1Z2luIjoiYWJuIiwicGFyYW1ldGVycyI6IntcImlzQ3NzVXJsSW5qZWN0ZWRcIjpmYWxzZX0ifSx7InBsdWdpbiI6ImFibl9zaGFkb3ciLCJwYXJhbWV0ZXJzIjoie1wiaXNDc3NVcmxJbmplY3RlZFwiOmZhbHNlfSJ9XX0sImlzVG9wTGV2ZWwiOnRydWUsInBhZ2VTdGFydFRpbWUiOjE3ODUxMDYyNzYyNjEsIm5hdmlnYXRpb25TdGFydFRpbWUiOjE3ODUxMDYyNzU1MzB9&nocache=112f9&tm=2026-07-27T05%3A32%3A34.671Z&second=true:0
[24186032ms] [ERROR] Refused to apply style from 'https://appstoreconnect.apple.com/partials/app-store/css/f7dab3ee.9dcfcd00.css' because its MIME type ('text/html') is not a supported stylesheet MIME type, and strict MIME checking is enabled. @ https://appstoreconnect.apple.com/apps/6789913186/distribution/ios/version/inflight:0
[24199146ms] [ERROR] Failed to load resource: net::ERR_FAILED @ https://gc.kis.v2.scr.kaspersky-labs.com/7D8B79A2-8974-4D7B-A76A-F4F29624C06BOSxDTLheSV66Hsf0i1yRUXAy8NkjYorxIG_uaN1dmJ5Wvd2xA3apQXvET0QVAF1JEaoPV6BKADfMsM6k4U-tLg/init?data=eyJ1cmwiOiJodHRwczovL2FwcHN0b3JlY29ubmVjdC5hcHBsZS5jb20vYXBwcy82Nzg5OTEzMTg2L2Rpc3RyaWJ1dGlvbi9pb3MvdmVyc2lvbi9pbmZsaWdodCIsInBsdWdpbnMiOiJ3c20mY2EmdnMmd250JnVhJmFibiZhYm5fc2hhZG93JmNiIiwiZGF0YSI6eyJkYXRhIjpbeyJwbHVnaW4iOiJ3c20iLCJwYXJhbWV0ZXJzIjoie1wicmVmZXJyZXJcIjpcIlwiLFwic3R1YklkXCI6XCJcIn0ifSx7InBsdWdpbiI6IndudCIsInBhcmFtZXRlcnMiOiJ7XCJyZWZlcnJlclwiOlwiXCJ9In0seyJwbHVnaW4iOiJ1YSIsInBhcmFtZXRlcnMiOiJ7fSJ9LHsicGx1Z2luIjoiYWJuIiwicGFyYW1ldGVycyI6IntcImlzQ3NzVXJsSW5qZWN0ZWRcIjpmYWxzZX0ifSx7InBsdWdpbiI6ImFibl9zaGFkb3ciLCJwYXJhbWV0ZXJzIjoie1wiaXNDc3NVcmxJbmplY3RlZFwiOmZhbHNlfSJ9XX0sImlzVG9wTGV2ZWwiOnRydWUsInBhZ2VTdGFydFRpbWUiOjE3ODUxMDYyNzYyNjEsIm5hdmlnYXRpb25TdGFydFRpbWUiOjE3ODUxMDYyNzU1MzB9&nocache=12c8d&tm=2026-07-27T05%3A34%3A34.656Z:0
[24199152ms] [ERROR] Failed to load resource: net::ERR_FAILED @ https://gc.kis.v2.scr.kaspersky-labs.com/7D8B79A2-8974-4D7B-A76A-F4F29624C06BOSxDTLheSV66Hsf0i1yRUXAy8NkjYorxIG_uaN1dmJ5Wvd2xA3apQXvET0QVAF1JEaoPV6BKADfMsM6k4U-tLg/init?data=eyJ1cmwiOiJodHRwczovL2FwcHN0b3JlY29ubmVjdC5hcHBsZS5jb20vYXBwcy82Nzg5OTEzMTg2L2Rpc3RyaWJ1dGlvbi9pb3MvdmVyc2lvbi9pbmZsaWdodCIsInBsdWdpbnMiOiJ3c20mY2EmdnMmd250JnVhJmFibiZhYm5fc2hhZG93JmNiIiwiZGF0YSI6eyJkYXRhIjpbeyJwbHVnaW4iOiJ3c20iLCJwYXJhbWV0ZXJzIjoie1wicmVmZXJyZXJcIjpcIlwiLFwic3R1YklkXCI6XCJcIn0ifSx7InBsdWdpbiI6IndudCIsInBhcmFtZXRlcnMiOiJ7XCJyZWZlcnJlclwiOlwiXCJ9In0seyJwbHVnaW4iOiJ1YSIsInBhcmFtZXRlcnMiOiJ7fSJ9LHsicGx1Z2luIjoiYWJuIiwicGFyYW1ldGVycyI6IntcImlzQ3NzVXJsSW5qZWN0ZWRcIjpmYWxzZX0ifSx7InBsdWdpbiI6ImFibl9zaGFkb3ciLCJwYXJhbWV0ZXJzIjoie1wiaXNDc3NVcmxJbmplY3RlZFwiOmZhbHNlfSJ9XX0sImlzVG9wTGV2ZWwiOnRydWUsInBhZ2VTdGFydFRpbWUiOjE3ODUxMDYyNzYyNjEsIm5hdmlnYXRpb25TdGFydFRpbWUiOjE3ODUxMDYyNzU1MzB9&nocache=1bb13&tm=2026-07-27T05%3A34%3A34.668Z&second=true:0
[24319146ms] [ERROR] Failed to load resource: net::ERR_FAILED @ https://gc.kis.v2.scr.kaspersky-labs.com/7D8B79A2-8974-4D7B-A76A-F4F29624C06BOSxDTLheSV66Hsf0i1yRUXAy8NkjYorxIG_uaN1dmJ5Wvd2xA3apQXvET0QVAF1JEaoPV6BKADfMsM6k4U-tLg/init?data=eyJ1cmwiOiJodHRwczovL2FwcHN0b3JlY29ubmVjdC5hcHBsZS5jb20vYXBwcy82Nzg5OTEzMTg2L2Rpc3RyaWJ1dGlvbi9pb3MvdmVyc2lvbi9pbmZsaWdodCIsInBsdWdpbnMiOiJ3c20mY2EmdnMmd250JnVhJmFibiZhYm5fc2hhZG93JmNiIiwiZGF0YSI6eyJkYXRhIjpbeyJwbHVnaW4iOiJ3c20iLCJwYXJhbWV0ZXJzIjoie1wicmVmZXJyZXJcIjpcIlwiLFwic3R1YklkXCI6XCJcIn0ifSx7InBsdWdpbiI6IndudCIsInBhcmFtZXRlcnMiOiJ7XCJyZWZlcnJlclwiOlwiXCJ9In0seyJwbHVnaW4iOiJ1YSIsInBhcmFtZXRlcnMiOiJ7fSJ9LHsicGx1Z2luIjoiYWJuIiwicGFyYW1ldGVycyI6IntcImlzQ3NzVXJsSW5qZWN0ZWRcIjpmYWxzZX0ifSx7InBsdWdpbiI6ImFibl9zaGFkb3ciLCJwYXJhbWV0ZXJzIjoie1wiaXNDc3NVcmxJbmplY3RlZFwiOmZhbHNlfSJ9XX0sImlzVG9wTGV2ZWwiOnRydWUsInBhZ2VTdGFydFRpbWUiOjE3ODUxMDYyNzYyNjEsIm5hdmlnYXRpb25TdGFydFRpbWUiOjE3ODUxMDYyNzU1MzB9&nocache=15731&tm=2026-07-27T05%3A36%3A34.655Z:0
[24319154ms] [ERROR] Failed to load resource: net::ERR_FAILED @ https://gc.kis.v2.scr.kaspersky-labs.com/7D8B79A2-8974-4D7B-A76A-F4F29624C06BOSxDTLheSV66Hsf0i1yRUXAy8NkjYorxIG_uaN1dmJ5Wvd2xA3apQXvET0QVAF1JEaoPV6BKADfMsM6k4U-tLg/init?data=eyJ1cmwiOiJodHRwczovL2FwcHN0b3JlY29ubmVjdC5hcHBsZS5jb20vYXBwcy82Nzg5OTEzMTg2L2Rpc3RyaWJ1dGlvbi9pb3MvdmVyc2lvbi9pbmZsaWdodCIsInBsdWdpbnMiOiJ3c20mY2EmdnMmd250JnVhJmFibiZhYm5fc2hhZG93JmNiIiwiZGF0YSI6eyJkYXRhIjpbeyJwbHVnaW4iOiJ3c20iLCJwYXJhbWV0ZXJzIjoie1wicmVmZXJyZXJcIjpcIlwiLFwic3R1YklkXCI6XCJcIn0ifSx7InBsdWdpbiI6IndudCIsInBhcmFtZXRlcnMiOiJ7XCJyZWZlcnJlclwiOlwiXCJ9In0seyJwbHVnaW4iOiJ1YSIsInBhcmFtZXRlcnMiOiJ7fSJ9LHsicGx1Z2luIjoiYWJuIiwicGFyYW1ldGVycyI6IntcImlzQ3NzVXJsSW5qZWN0ZWRcIjpmYWxzZX0ifSx7InBsdWdpbiI6ImFibl9zaGFkb3ciLCJwYXJhbWV0ZXJzIjoie1wiaXNDc3NVcmxJbmplY3RlZFwiOmZhbHNlfSJ9XX0sImlzVG9wTGV2ZWwiOnRydWUsInBhZ2VTdGFydFRpbWUiOjE3ODUxMDYyNzYyNjEsIm5hdmlnYXRpb25TdGFydFRpbWUiOjE3ODUxMDYyNzU1MzB9&nocache=176a3&tm=2026-07-27T05%3A36%3A34.669Z&second=true:0
[24439186ms] [ERROR] Failed to load resource: net::ERR_FAILED @ https://gc.kis.v2.scr.kaspersky-labs.com/7D8B79A2-8974-4D7B-A76A-F4F29624C06BOSxDTLheSV66Hsf0i1yRUXAy8NkjYorxIG_uaN1dmJ5Wvd2xA3apQXvET0QVAF1JEaoPV6BKADfMsM6k4U-tLg/init?data=eyJ1cmwiOiJodHRwczovL2FwcHN0b3JlY29ubmVjdC5hcHBsZS5jb20vYXBwcy82Nzg5OTEzMTg2L2Rpc3RyaWJ1dGlvbi9pb3MvdmVyc2lvbi9pbmZsaWdodCIsInBsdWdpbnMiOiJ3c20mY2EmdnMmd250JnVhJmFibiZhYm5fc2hhZG93JmNiIiwiZGF0YSI6eyJkYXRhIjpbeyJwbHVnaW4iOiJ3c20iLCJwYXJhbWV0ZXJzIjoie1wicmVmZXJyZXJcIjpcIlwiLFwic3R1YklkXCI6XCJcIn0ifSx7InBsdWdpbiI6IndudCIsInBhcmFtZXRlcnMiOiJ7XCJyZWZlcnJlclwiOlwiXCJ9In0seyJwbHVnaW4iOiJ1YSIsInBhcmFtZXRlcnMiOiJ7fSJ9LHsicGx1Z2luIjoiYWJuIiwicGFyYW1ldGVycyI6IntcImlzQ3NzVXJsSW5qZWN0ZWRcIjpmYWxzZX0ifSx7InBsdWdpbiI6ImFibl9zaGFkb3ciLCJwYXJhbWV0ZXJzIjoie1wiaXNDc3NVcmxJbmplY3RlZFwiOmZhbHNlfSJ9XX0sImlzVG9wTGV2ZWwiOnRydWUsInBhZ2VTdGFydFRpbWUiOjE3ODUxMDYyNzYyNjEsIm5hdmlnYXRpb25TdGFydFRpbWUiOjE3ODUxMDYyNzU1MzB9&nocache=1adb4&tm=2026-07-27T05%3A38%3A34.666Z:0
[24439195ms] [ERROR] Failed to load resource: net::ERR_FAILED @ https://gc.kis.v2.scr.kaspersky-labs.com/7D8B79A2-8974-4D7B-A76A-F4F29624C06BOSxDTLheSV66Hsf0i1yRUXAy8NkjYorxIG_uaN1dmJ5Wvd2xA3apQXvET0QVAF1JEaoPV6BKADfMsM6k4U-tLg/init?data=eyJ1cmwiOiJodHRwczovL2FwcHN0b3JlY29ubmVjdC5hcHBsZS5jb20vYXBwcy82Nzg5OTEzMTg2L2Rpc3RyaWJ1dGlvbi9pb3MvdmVyc2lvbi9pbmZsaWdodCIsInBsdWdpbnMiOiJ3c20mY2EmdnMmd250JnVhJmFibiZhYm5fc2hhZG93JmNiIiwiZGF0YSI6eyJkYXRhIjpbeyJwbHVnaW4iOiJ3c20iLCJwYXJhbWV0ZXJzIjoie1wicmVmZXJyZXJcIjpcIlwiLFwic3R1YklkXCI6XCJcIn0ifSx7InBsdWdpbiI6IndudCIsInBhcmFtZXRlcnMiOiJ7XCJyZWZlcnJlclwiOlwiXCJ9In0seyJwbHVnaW4iOiJ1YSIsInBhcmFtZXRlcnMiOiJ7fSJ9LHsicGx1Z2luIjoiYWJuIiwicGFyYW1ldGVycyI6IntcImlzQ3NzVXJsSW5qZWN0ZWRcIjpmYWxzZX0ifSx7InBsdWdpbiI6ImFibl9zaGFkb3ciLCJwYXJhbWV0ZXJzIjoie1wiaXNDc3NVcmxJbmplY3RlZFwiOmZhbHNlfSJ9XX0sImlzVG9wTGV2ZWwiOnRydWUsInBhZ2VTdGFydFRpbWUiOjE3ODUxMDYyNzYyNjEsIm5hdmlnYXRpb25TdGFydFRpbWUiOjE3ODUxMDYyNzU1MzB9&nocache=18fdb&tm=2026-07-27T05%3A38%3A34.708Z&second=true:0
[24559151ms] [ERROR] Failed to load resource: net::ERR_FAILED @ https://gc.kis.v2.scr.kaspersky-labs.com/7D8B79A2-8974-4D7B-A76A-F4F29624C06BOSxDTLheSV66Hsf0i1yRUXAy8NkjYorxIG_uaN1dmJ5Wvd2xA3apQXvET0QVAF1JEaoPV6BKADfMsM6k4U-tLg/init?data=eyJ1cmwiOiJodHRwczovL2FwcHN0b3JlY29ubmVjdC5hcHBsZS5jb20vYXBwcy82Nzg5OTEzMTg2L2Rpc3RyaWJ1dGlvbi9pb3MvdmVyc2lvbi9pbmZsaWdodCIsInBsdWdpbnMiOiJ3c20mY2EmdnMmd250JnVhJmFibiZhYm5fc2hhZG93JmNiIiwiZGF0YSI6eyJkYXRhIjpbeyJwbHVnaW4iOiJ3c20iLCJwYXJhbWV0ZXJzIjoie1wicmVmZXJyZXJcIjpcIlwiLFwic3R1YklkXCI6XCJcIn0ifSx7InBsdWdpbiI6IndudCIsInBhcmFtZXRlcnMiOiJ7XCJyZWZlcnJlclwiOlwiXCJ9In0seyJwbHVnaW4iOiJ1YSIsInBhcmFtZXRlcnMiOiJ7fSJ9LHsicGx1Z2luIjoiYWJuIiwicGFyYW1ldGVycyI6IntcImlzQ3NzVXJsSW5qZWN0ZWRcIjpmYWxzZX0ifSx7InBsdWdpbiI6ImFibl9zaGFkb3ciLCJwYXJhbWV0ZXJzIjoie1wiaXNDc3NVcmxJbmplY3RlZFwiOmZhbHNlfSJ9XX0sImlzVG9wTGV2ZWwiOnRydWUsInBhZ2VTdGFydFRpbWUiOjE3ODUxMDYyNzYyNjEsIm5hdmlnYXRpb25TdGFydFRpbWUiOjE3ODUxMDYyNzU1MzB9&nocache=160b2&tm=2026-07-27T05%3A40%3A34.662Z:0
[24559159ms] [ERROR] Failed to load resource: net::ERR_FAILED @ https://gc.kis.v2.scr.kaspersky-labs.com/7D8B79A2-8974-4D7B-A76A-F4F29624C06BOSxDTLheSV66Hsf0i1yRUXAy8NkjYorxIG_uaN1dmJ5Wvd2xA3apQXvET0QVAF1JEaoPV6BKADfMsM6k4U-tLg/init?data=eyJ1cmwiOiJodHRwczovL2FwcHN0b3JlY29ubmVjdC5hcHBsZS5jb20vYXBwcy82Nzg5OTEzMTg2L2Rpc3RyaWJ1dGlvbi9pb3MvdmVyc2lvbi9pbmZsaWdodCIsInBsdWdpbnMiOiJ3c20mY2EmdnMmd250JnVhJmFibiZhYm5fc2hhZG93JmNiIiwiZGF0YSI6eyJkYXRhIjpbeyJwbHVnaW4iOiJ3c20iLCJwYXJhbWV0ZXJzIjoie1wicmVmZXJyZXJcIjpcIlwiLFwic3R1YklkXCI6XCJcIn0ifSx7InBsdWdpbiI6IndudCIsInBhcmFtZXRlcnMiOiJ7XCJyZWZlcnJlclwiOlwiXCJ9In0seyJwbHVnaW4iOiJ1YSIsInBhcmFtZXRlcnMiOiJ7fSJ9LHsicGx1Z2luIjoiYWJuIiwicGFyYW1ldGVycyI6IntcImlzQ3NzVXJsSW5qZWN0ZWRcIjpmYWxzZX0ifSx7InBsdWdpbiI6ImFibl9zaGFkb3ciLCJwYXJhbWV0ZXJzIjoie1wiaXNDc3NVcmxJbmplY3RlZFwiOmZhbHNlfSJ9XX0sImlzVG9wTGV2ZWwiOnRydWUsInBhZ2VTdGFydFRpbWUiOjE3ODUxMDYyNzYyNjEsIm5hdmlnYXRpb25TdGFydFRpbWUiOjE3ODUxMDYyNzU1MzB9&nocache=1ec5e&tm=2026-07-27T05%3A40%3A34.673Z&second=true:0
[24679159ms] [ERROR] Failed to load resource: net::ERR_FAILED @ https://gc.kis.v2.scr.kaspersky-labs.com/7D8B79A2-8974-4D7B-A76A-F4F29624C06BOSxDTLheSV66Hsf0i1yRUXAy8NkjYorxIG_uaN1dmJ5Wvd2xA3apQXvET0QVAF1JEaoPV6BKADfMsM6k4U-tLg/init?data=eyJ1cmwiOiJodHRwczovL2FwcHN0b3JlY29ubmVjdC5hcHBsZS5jb20vYXBwcy82Nzg5OTEzMTg2L2Rpc3RyaWJ1dGlvbi9pb3MvdmVyc2lvbi9pbmZsaWdodCIsInBsdWdpbnMiOiJ3c20mY2EmdnMmd250JnVhJmFibiZhYm5fc2hhZG93JmNiIiwiZGF0YSI6eyJkYXRhIjpbeyJwbHVnaW4iOiJ3c20iLCJwYXJhbWV0ZXJzIjoie1wicmVmZXJyZXJcIjpcIlwiLFwic3R1YklkXCI6XCJcIn0ifSx7InBsdWdpbiI6IndudCIsInBhcmFtZXRlcnMiOiJ7XCJyZWZlcnJlclwiOlwiXCJ9In0seyJwbHVnaW4iOiJ1YSIsInBhcmFtZXRlcnMiOiJ7fSJ9LHsicGx1Z2luIjoiYWJuIiwicGFyYW1ldGVycyI6IntcImlzQ3NzVXJsSW5qZWN0ZWRcIjpmYWxzZX0ifSx7InBsdWdpbiI6ImFibl9zaGFkb3ciLCJwYXJhbWV0ZXJzIjoie1wiaXNDc3NVcmxJbmplY3RlZFwiOmZhbHNlfSJ9XX0sImlzVG9wTGV2ZWwiOnRydWUsInBhZ2VTdGFydFRpbWUiOjE3ODUxMDYyNzYyNjEsIm5hdmlnYXRpb25TdGFydFRpbWUiOjE3ODUxMDYyNzU1MzB9&nocache=10454&tm=2026-07-27T05%3A42%3A34.669Z:0
[24679167ms] [ERROR] Failed to load resource: net::ERR_FAILED @ https://gc.kis.v2.scr.kaspersky-labs.com/7D8B79A2-8974-4D7B-A76A-F4F29624C06BOSxDTLheSV66Hsf0i1yRUXAy8NkjYorxIG_uaN1dmJ5Wvd2xA3apQXvET0QVAF1JEaoPV6BKADfMsM6k4U-tLg/init?data=eyJ1cmwiOiJodHRwczovL2FwcHN0b3JlY29ubmVjdC5hcHBsZS5jb20vYXBwcy82Nzg5OTEzMTg2L2Rpc3RyaWJ1dGlvbi9pb3MvdmVyc2lvbi9pbmZsaWdodCIsInBsdWdpbnMiOiJ3c20mY2EmdnMmd250JnVhJmFibiZhYm5fc2hhZG93JmNiIiwiZGF0YSI6eyJkYXRhIjpbeyJwbHVnaW4iOiJ3c20iLCJwYXJhbWV0ZXJzIjoie1wicmVmZXJyZXJcIjpcIlwiLFwic3R1YklkXCI6XCJcIn0ifSx7InBsdWdpbiI6IndudCIsInBhcmFtZXRlcnMiOiJ7XCJyZWZlcnJlclwiOlwiXCJ9In0seyJwbHVnaW4iOiJ1YSIsInBhcmFtZXRlcnMiOiJ7fSJ9LHsicGx1Z2luIjoiYWJuIiwicGFyYW1ldGVycyI6IntcImlzQ3NzVXJsSW5qZWN0ZWRcIjpmYWxzZX0ifSx7InBsdWdpbiI6ImFibl9zaGFkb3ciLCJwYXJhbWV0ZXJzIjoie1wiaXNDc3NVcmxJbmplY3RlZFwiOmZhbHNlfSJ9XX0sImlzVG9wTGV2ZWwiOnRydWUsInBhZ2VTdGFydFRpbWUiOjE3ODUxMDYyNzYyNjEsIm5hdmlnYXRpb25TdGFydFRpbWUiOjE3ODUxMDYyNzU1MzB9&nocache=11077&tm=2026-07-27T05%3A42%3A34.681Z&second=true:0
[24790092ms] [ERROR] Refused to apply style from 'https://appstoreconnect.apple.com/partials/app-store/css/f7dab3ee.9dcfcd00.css' because its MIME type ('text/html') is not a supported stylesheet MIME type, and strict MIME checking is enabled. @ https://appstoreconnect.apple.com/apps/6789913186/distribution/ios/version/inflight:0
[24799149ms] [ERROR] Failed to load resource: net::ERR_FAILED @ https://gc.kis.v2.scr.kaspersky-labs.com/7D8B79A2-8974-4D7B-A76A-F4F29624C06BOSxDTLheSV66Hsf0i1yRUXAy8NkjYorxIG_uaN1dmJ5Wvd2xA3apQXvET0QVAF1JEaoPV6BKADfMsM6k4U-tLg/init?data=eyJ1cmwiOiJodHRwczovL2FwcHN0b3JlY29ubmVjdC5hcHBsZS5jb20vYXBwcy82Nzg5OTEzMTg2L2Rpc3RyaWJ1dGlvbi9pb3MvdmVyc2lvbi9pbmZsaWdodCIsInBsdWdpbnMiOiJ3c20mY2EmdnMmd250JnVhJmFibiZhYm5fc2hhZG93JmNiIiwiZGF0YSI6eyJkYXRhIjpbeyJwbHVnaW4iOiJ3c20iLCJwYXJhbWV0ZXJzIjoie1wicmVmZXJyZXJcIjpcIlwiLFwic3R1YklkXCI6XCJcIn0ifSx7InBsdWdpbiI6IndudCIsInBhcmFtZXRlcnMiOiJ7XCJyZWZlcnJlclwiOlwiXCJ9In0seyJwbHVnaW4iOiJ1YSIsInBhcmFtZXRlcnMiOiJ7fSJ9LHsicGx1Z2luIjoiYWJuIiwicGFyYW1ldGVycyI6IntcImlzQ3NzVXJsSW5qZWN0ZWRcIjpmYWxzZX0ifSx7InBsdWdpbiI6ImFibl9zaGFkb3ciLCJwYXJhbWV0ZXJzIjoie1wiaXNDc3NVcmxJbmplY3RlZFwiOmZhbHNlfSJ9XX0sImlzVG9wTGV2ZWwiOnRydWUsInBhZ2VTdGFydFRpbWUiOjE3ODUxMDYyNzYyNjEsIm5hdmlnYXRpb25TdGFydFRpbWUiOjE3ODUxMDYyNzU1MzB9&nocache=116ee&tm=2026-07-27T05%3A44%3A34.660Z:0
[24799156ms] [ERROR] Failed to load resource: net::ERR_FAILED @ https://gc.kis.v2.scr.kaspersky-labs.com/7D8B79A2-8974-4D7B-A76A-F4F29624C06BOSxDTLheSV66Hsf0i1yRUXAy8NkjYorxIG_uaN1dmJ5Wvd2xA3apQXvET0QVAF1JEaoPV6BKADfMsM6k4U-tLg/init?data=eyJ1cmwiOiJodHRwczovL2FwcHN0b3JlY29ubmVjdC5hcHBsZS5jb20vYXBwcy82Nzg5OTEzMTg2L2Rpc3RyaWJ1dGlvbi9pb3MvdmVyc2lvbi9pbmZsaWdodCIsInBsdWdpbnMiOiJ3c20mY2EmdnMmd250JnVhJmFibiZhYm5fc2hhZG93JmNiIiwiZGF0YSI6eyJkYXRhIjpbeyJwbHVnaW4iOiJ3c20iLCJwYXJhbWV0ZXJzIjoie1wicmVmZXJyZXJcIjpcIlwiLFwic3R1YklkXCI6XCJcIn0ifSx7InBsdWdpbiI6IndudCIsInBhcmFtZXRlcnMiOiJ7XCJyZWZlcnJlclwiOlwiXCJ9In0seyJwbHVnaW4iOiJ1YSIsInBhcmFtZXRlcnMiOiJ7fSJ9LHsicGx1Z2luIjoiYWJuIiwicGFyYW1ldGVycyI6IntcImlzQ3NzVXJsSW5qZWN0ZWRcIjpmYWxzZX0ifSx7InBsdWdpbiI6ImFibl9zaGFkb3ciLCJwYXJhbWV0ZXJzIjoie1wiaXNDc3NVcmxJbmplY3RlZFwiOmZhbHNlfSJ9XX0sImlzVG9wTGV2ZWwiOnRydWUsInBhZ2VTdGFydFRpbWUiOjE3ODUxMDYyNzYyNjEsIm5hdmlnYXRpb25TdGFydFRpbWUiOjE3ODUxMDYyNzU1MzB9&nocache=1a450&tm=2026-07-27T05%3A44%3A34.671Z&second=true:0
[24919160ms] [ERROR] Failed to load resource: net::ERR_FAILED @ https://gc.kis.v2.scr.kaspersky-labs.com/7D8B79A2-8974-4D7B-A76A-F4F29624C06BOSxDTLheSV66Hsf0i1yRUXAy8NkjYorxIG_uaN1dmJ5Wvd2xA3apQXvET0QVAF1JEaoPV6BKADfMsM6k4U-tLg/init?data=eyJ1cmwiOiJodHRwczovL2FwcHN0b3JlY29ubmVjdC5hcHBsZS5jb20vYXBwcy82Nzg5OTEzMTg2L2Rpc3RyaWJ1dGlvbi9pb3MvdmVyc2lvbi9pbmZsaWdodCIsInBsdWdpbnMiOiJ3c20mY2EmdnMmd250JnVhJmFibiZhYm5fc2hhZG93JmNiIiwiZGF0YSI6eyJkYXRhIjpbeyJwbHVnaW4iOiJ3c20iLCJwYXJhbWV0ZXJzIjoie1wicmVmZXJyZXJcIjpcIlwiLFwic3R1YklkXCI6XCJcIn0ifSx7InBsdWdpbiI6IndudCIsInBhcmFtZXRlcnMiOiJ7XCJyZWZlcnJlclwiOlwiXCJ9In0seyJwbHVnaW4iOiJ1YSIsInBhcmFtZXRlcnMiOiJ7fSJ9LHsicGx1Z2luIjoiYWJuIiwicGFyYW1ldGVycyI6IntcImlzQ3NzVXJsSW5qZWN0ZWRcIjpmYWxzZX0ifSx7InBsdWdpbiI6ImFibl9zaGFkb3ciLCJwYXJhbWV0ZXJzIjoie1wiaXNDc3NVcmxJbmplY3RlZFwiOmZhbHNlfSJ9XX0sImlzVG9wTGV2ZWwiOnRydWUsInBhZ2VTdGFydFRpbWUiOjE3ODUxMDYyNzYyNjEsIm5hdmlnYXRpb25TdGFydFRpbWUiOjE3ODUxMDYyNzU1MzB9&nocache=19d98&tm=2026-07-27T05%3A46%3A34.669Z:0
[24919174ms] [ERROR] Failed to load resource: net::ERR_FAILED @ https://gc.kis.v2.scr.kaspersky-labs.com/7D8B79A2-8974-4D7B-A76A-F4F29624C06BOSxDTLheSV66Hsf0i1yRUXAy8NkjYorxIG_uaN1dmJ5Wvd2xA3apQXvET0QVAF1JEaoPV6BKADfMsM6k4U-tLg/init?data=eyJ1cmwiOiJodHRwczovL2FwcHN0b3JlY29ubmVjdC5hcHBsZS5jb20vYXBwcy82Nzg5OTEzMTg2L2Rpc3RyaWJ1dGlvbi9pb3MvdmVyc2lvbi9pbmZsaWdodCIsInBsdWdpbnMiOiJ3c20mY2EmdnMmd250JnVhJmFibiZhYm5fc2hhZG93JmNiIiwiZGF0YSI6eyJkYXRhIjpbeyJwbHVnaW4iOiJ3c20iLCJwYXJhbWV0ZXJzIjoie1wicmVmZXJyZXJcIjpcIlwiLFwic3R1YklkXCI6XCJcIn0ifSx7InBsdWdpbiI6IndudCIsInBhcmFtZXRlcnMiOiJ7XCJyZWZlcnJlclwiOlwiXCJ9In0seyJwbHVnaW4iOiJ1YSIsInBhcmFtZXRlcnMiOiJ7fSJ9LHsicGx1Z2luIjoiYWJuIiwicGFyYW1ldGVycyI6IntcImlzQ3NzVXJsSW5qZWN0ZWRcIjpmYWxzZX0ifSx7InBsdWdpbiI6ImFibl9zaGFkb3ciLCJwYXJhbWV0ZXJzIjoie1wiaXNDc3NVcmxJbmplY3RlZFwiOmZhbHNlfSJ9XX0sImlzVG9wTGV2ZWwiOnRydWUsInBhZ2VTdGFydFRpbWUiOjE3ODUxMDYyNzYyNjEsIm5hdmlnYXRpb25TdGFydFRpbWUiOjE3ODUxMDYyNzU1MzB9&nocache=1e160&tm=2026-07-27T05%3A46%3A34.682Z&second=true:0
[25039157ms] [ERROR] Failed to load resource: net::ERR_FAILED @ https://gc.kis.v2.scr.kaspersky-labs.com/7D8B79A2-8974-4D7B-A76A-F4F29624C06BOSxDTLheSV66Hsf0i1yRUXAy8NkjYorxIG_uaN1dmJ5Wvd2xA3apQXvET0QVAF1JEaoPV6BKADfMsM6k4U-tLg/init?data=eyJ1cmwiOiJodHRwczovL2FwcHN0b3JlY29ubmVjdC5hcHBsZS5jb20vYXBwcy82Nzg5OTEzMTg2L2Rpc3RyaWJ1dGlvbi9pb3MvdmVyc2lvbi9pbmZsaWdodCIsInBsdWdpbnMiOiJ3c20mY2EmdnMmd250JnVhJmFibiZhYm5fc2hhZG93JmNiIiwiZGF0YSI6eyJkYXRhIjpbeyJwbHVnaW4iOiJ3c20iLCJwYXJhbWV0ZXJzIjoie1wicmVmZXJyZXJcIjpcIlwiLFwic3R1YklkXCI6XCJcIn0ifSx7InBsdWdpbiI6IndudCIsInBhcmFtZXRlcnMiOiJ7XCJyZWZlcnJlclwiOlwiXCJ9In0seyJwbHVnaW4iOiJ1YSIsInBhcmFtZXRlcnMiOiJ7fSJ9LHsicGx1Z2luIjoiYWJuIiwicGFyYW1ldGVycyI6IntcImlzQ3NzVXJsSW5qZWN0ZWRcIjpmYWxzZX0ifSx7InBsdWdpbiI6ImFibl9zaGFkb3ciLCJwYXJhbWV0ZXJzIjoie1wiaXNDc3NVcmxJbmplY3RlZFwiOmZhbHNlfSJ9XX0sImlzVG9wTGV2ZWwiOnRydWUsInBhZ2VTdGFydFRpbWUiOjE3ODUxMDYyNzYyNjEsIm5hdmlnYXRpb25TdGFydFRpbWUiOjE3ODUxMDYyNzU1MzB9&nocache=1b997&tm=2026-07-27T05%3A48%3A34.666Z:0
[25039168ms] [ERROR] Failed to load resource: net::ERR_FAILED @ https://gc.kis.v2.scr.kaspersky-labs.com/7D8B79A2-8974-4D7B-A76A-F4F29624C06BOSxDTLheSV66Hsf0i1yRUXAy8NkjYorxIG_uaN1dmJ5Wvd2xA3apQXvET0QVAF1JEaoPV6BKADfMsM6k4U-tLg/init?data=eyJ1cmwiOiJodHRwczovL2FwcHN0b3JlY29ubmVjdC5hcHBsZS5jb20vYXBwcy82Nzg5OTEzMTg2L2Rpc3RyaWJ1dGlvbi9pb3MvdmVyc2lvbi9pbmZsaWdodCIsInBsdWdpbnMiOiJ3c20mY2EmdnMmd250JnVhJmFibiZhYm5fc2hhZG93JmNiIiwiZGF0YSI6eyJkYXRhIjpbeyJwbHVnaW4iOiJ3c20iLCJwYXJhbWV0ZXJzIjoie1wicmVmZXJyZXJcIjpcIlwiLFwic3R1YklkXCI6XCJcIn0ifSx7InBsdWdpbiI6IndudCIsInBhcmFtZXRlcnMiOiJ7XCJyZWZlcnJlclwiOlwiXCJ9In0seyJwbHVnaW4iOiJ1YSIsInBhcmFtZXRlcnMiOiJ7fSJ9LHsicGx1Z2luIjoiYWJuIiwicGFyYW1ldGVycyI6IntcImlzQ3NzVXJsSW5qZWN0ZWRcIjpmYWxzZX0ifSx7InBsdWdpbiI6ImFibl9zaGFkb3ciLCJwYXJhbWV0ZXJzIjoie1wiaXNDc3NVcmxJbmplY3RlZFwiOmZhbHNlfSJ9XX0sImlzVG9wTGV2ZWwiOnRydWUsInBhZ2VTdGFydFRpbWUiOjE3ODUxMDYyNzYyNjEsIm5hdmlnYXRpb25TdGFydFRpbWUiOjE3ODUxMDYyNzU1MzB9&nocache=10961&tm=2026-07-27T05%3A48%3A34.679Z&second=true:0
[25092046ms] [ERROR] Refused to apply style from 'https://appstoreconnect.apple.com/partials/app-store/css/f7dab3ee.9dcfcd00.css' because its MIME type ('text/html') is not a supported stylesheet MIME type, and strict MIME checking is enabled. @ https://appstoreconnect.apple.com/apps/6789913186/distribution/ios/version/inflight:0
[25159164ms] [ERROR] Failed to load resource: net::ERR_FAILED @ https://gc.kis.v2.scr.kaspersky-labs.com/7D8B79A2-8974-4D7B-A76A-F4F29624C06BOSxDTLheSV66Hsf0i1yRUXAy8NkjYorxIG_uaN1dmJ5Wvd2xA3apQXvET0QVAF1JEaoPV6BKADfMsM6k4U-tLg/init?data=eyJ1cmwiOiJodHRwczovL2FwcHN0b3JlY29ubmVjdC5hcHBsZS5jb20vYXBwcy82Nzg5OTEzMTg2L2Rpc3RyaWJ1dGlvbi9pb3MvdmVyc2lvbi9pbmZsaWdodCIsInBsdWdpbnMiOiJ3c20mY2EmdnMmd250JnVhJmFibiZhYm5fc2hhZG93JmNiIiwiZGF0YSI6eyJkYXRhIjpbeyJwbHVnaW4iOiJ3c20iLCJwYXJhbWV0ZXJzIjoie1wicmVmZXJyZXJcIjpcIlwiLFwic3R1YklkXCI6XCJcIn0ifSx7InBsdWdpbiI6IndudCIsInBhcmFtZXRlcnMiOiJ7XCJyZWZlcnJlclwiOlwiXCJ9In0seyJwbHVnaW4iOiJ1YSIsInBhcmFtZXRlcnMiOiJ7fSJ9LHsicGx1Z2luIjoiYWJuIiwicGFyYW1ldGVycyI6IntcImlzQ3NzVXJsSW5qZWN0ZWRcIjpmYWxzZX0ifSx7InBsdWdpbiI6ImFibl9zaGFkb3ciLCJwYXJhbWV0ZXJzIjoie1wiaXNDc3NVcmxJbmplY3RlZFwiOmZhbHNlfSJ9XX0sImlzVG9wTGV2ZWwiOnRydWUsInBhZ2VTdGFydFRpbWUiOjE3ODUxMDYyNzYyNjEsIm5hdmlnYXRpb25TdGFydFRpbWUiOjE3ODUxMDYyNzU1MzB9&nocache=1b0e3&tm=2026-07-27T05%3A50%3A34.672Z:0
[25159179ms] [ERROR] Failed to load resource: net::ERR_FAILED @ https://gc.kis.v2.scr.kaspersky-labs.com/7D8B79A2-8974-4D7B-A76A-F4F29624C06BOSxDTLheSV66Hsf0i1yRUXAy8NkjYorxIG_uaN1dmJ5Wvd2xA3apQXvET0QVAF1JEaoPV6BKADfMsM6k4U-tLg/init?data=eyJ1cmwiOiJodHRwczovL2FwcHN0b3JlY29ubmVjdC5hcHBsZS5jb20vYXBwcy82Nzg5OTEzMTg2L2Rpc3RyaWJ1dGlvbi9pb3MvdmVyc2lvbi9pbmZsaWdodCIsInBsdWdpbnMiOiJ3c20mY2EmdnMmd250JnVhJmFibiZhYm5fc2hhZG93JmNiIiwiZGF0YSI6eyJkYXRhIjpbeyJwbHVnaW4iOiJ3c20iLCJwYXJhbWV0ZXJzIjoie1wicmVmZXJyZXJcIjpcIlwiLFwic3R1YklkXCI6XCJcIn0ifSx7InBsdWdpbiI6IndudCIsInBhcmFtZXRlcnMiOiJ7XCJyZWZlcnJlclwiOlwiXCJ9In0seyJwbHVnaW4iOiJ1YSIsInBhcmFtZXRlcnMiOiJ7fSJ9LHsicGx1Z2luIjoiYWJuIiwicGFyYW1ldGVycyI6IntcImlzQ3NzVXJsSW5qZWN0ZWRcIjpmYWxzZX0ifSx7InBsdWdpbiI6ImFibl9zaGFkb3ciLCJwYXJhbWV0ZXJzIjoie1wiaXNDc3NVcmxJbmplY3RlZFwiOmZhbHNlfSJ9XX0sImlzVG9wTGV2ZWwiOnRydWUsInBhZ2VTdGFydFRpbWUiOjE3ODUxMDYyNzYyNjEsIm5hdmlnYXRpb25TdGFydFRpbWUiOjE3ODUxMDYyNzU1MzB9&nocache=1c865&tm=2026-07-27T05%3A50%3A34.686Z&second=true:0
[25279152ms] [ERROR] Failed to load resource: net::ERR_FAILED @ https://gc.kis.v2.scr.kaspersky-labs.com/7D8B79A2-8974-4D7B-A76A-F4F29624C06BOSxDTLheSV66Hsf0i1yRUXAy8NkjYorxIG_uaN1dmJ5Wvd2xA3apQXvET0QVAF1JEaoPV6BKADfMsM6k4U-tLg/init?data=eyJ1cmwiOiJodHRwczovL2FwcHN0b3JlY29ubmVjdC5hcHBsZS5jb20vYXBwcy82Nzg5OTEzMTg2L2Rpc3RyaWJ1dGlvbi9pb3MvdmVyc2lvbi9pbmZsaWdodCIsInBsdWdpbnMiOiJ3c20mY2EmdnMmd250JnVhJmFibiZhYm5fc2hhZG93JmNiIiwiZGF0YSI6eyJkYXRhIjpbeyJwbHVnaW4iOiJ3c20iLCJwYXJhbWV0ZXJzIjoie1wicmVmZXJyZXJcIjpcIlwiLFwic3R1YklkXCI6XCJcIn0ifSx7InBsdWdpbiI6IndudCIsInBhcmFtZXRlcnMiOiJ7XCJyZWZlcnJlclwiOlwiXCJ9In0seyJwbHVnaW4iOiJ1YSIsInBhcmFtZXRlcnMiOiJ7fSJ9LHsicGx1Z2luIjoiYWJuIiwicGFyYW1ldGVycyI6IntcImlzQ3NzVXJsSW5qZWN0ZWRcIjpmYWxzZX0ifSx7InBsdWdpbiI6ImFibl9zaGFkb3ciLCJwYXJhbWV0ZXJzIjoie1wiaXNDc3NVcmxJbmplY3RlZFwiOmZhbHNlfSJ9XX0sImlzVG9wTGV2ZWwiOnRydWUsInBhZ2VTdGFydFRpbWUiOjE3ODUxMDYyNzYyNjEsIm5hdmlnYXRpb25TdGFydFRpbWUiOjE3ODUxMDYyNzU1MzB9&nocache=1e5f9&tm=2026-07-27T05%3A52%3A34.660Z:0
[25279160ms] [ERROR] Failed to load resource: net::ERR_FAILED @ https://gc.kis.v2.scr.kaspersky-labs.com/7D8B79A2-8974-4D7B-A76A-F4F29624C06BOSxDTLheSV66Hsf0i1yRUXAy8NkjYorxIG_uaN1dmJ5Wvd2xA3apQXvET0QVAF1JEaoPV6BKADfMsM6k4U-tLg/init?data=eyJ1cmwiOiJodHRwczovL2FwcHN0b3JlY29ubmVjdC5hcHBsZS5jb20vYXBwcy82Nzg5OTEzMTg2L2Rpc3RyaWJ1dGlvbi9pb3MvdmVyc2lvbi9pbmZsaWdodCIsInBsdWdpbnMiOiJ3c20mY2EmdnMmd250JnVhJmFibiZhYm5fc2hhZG93JmNiIiwiZGF0YSI6eyJkYXRhIjpbeyJwbHVnaW4iOiJ3c20iLCJwYXJhbWV0ZXJzIjoie1wicmVmZXJyZXJcIjpcIlwiLFwic3R1YklkXCI6XCJcIn0ifSx7InBsdWdpbiI6IndudCIsInBhcmFtZXRlcnMiOiJ7XCJyZWZlcnJlclwiOlwiXCJ9In0seyJwbHVnaW4iOiJ1YSIsInBhcmFtZXRlcnMiOiJ7fSJ9LHsicGx1Z2luIjoiYWJuIiwicGFyYW1ldGVycyI6IntcImlzQ3NzVXJsSW5qZWN0ZWRcIjpmYWxzZX0ifSx7InBsdWdpbiI6ImFibl9zaGFkb3ciLCJwYXJhbWV0ZXJzIjoie1wiaXNDc3NVcmxJbmplY3RlZFwiOmZhbHNlfSJ9XX0sImlzVG9wTGV2ZWwiOnRydWUsInBhZ2VTdGFydFRpbWUiOjE3ODUxMDYyNzYyNjEsIm5hdmlnYXRpb25TdGFydFRpbWUiOjE3ODUxMDYyNzU1MzB9&nocache=1f0ea&tm=2026-07-27T05%3A52%3A34.675Z&second=true:0
[25399148ms] [ERROR] Failed to load resource: net::ERR_FAILED @ https://gc.kis.v2.scr.kaspersky-labs.com/7D8B79A2-8974-4D7B-A76A-F4F29624C06BOSxDTLheSV66Hsf0i1yRUXAy8NkjYorxIG_uaN1dmJ5Wvd2xA3apQXvET0QVAF1JEaoPV6BKADfMsM6k4U-tLg/init?data=eyJ1cmwiOiJodHRwczovL2FwcHN0b3JlY29ubmVjdC5hcHBsZS5jb20vYXBwcy82Nzg5OTEzMTg2L2Rpc3RyaWJ1dGlvbi9pb3MvdmVyc2lvbi9pbmZsaWdodCIsInBsdWdpbnMiOiJ3c20mY2EmdnMmd250JnVhJmFibiZhYm5fc2hhZG93JmNiIiwiZGF0YSI6eyJkYXRhIjpbeyJwbHVnaW4iOiJ3c20iLCJwYXJhbWV0ZXJzIjoie1wicmVmZXJyZXJcIjpcIlwiLFwic3R1YklkXCI6XCJcIn0ifSx7InBsdWdpbiI6IndudCIsInBhcmFtZXRlcnMiOiJ7XCJyZWZlcnJlclwiOlwiXCJ9In0seyJwbHVnaW4iOiJ1YSIsInBhcmFtZXRlcnMiOiJ7fSJ9LHsicGx1Z2luIjoiYWJuIiwicGFyYW1ldGVycyI6IntcImlzQ3NzVXJsSW5qZWN0ZWRcIjpmYWxzZX0ifSx7InBsdWdpbiI6ImFibl9zaGFkb3ciLCJwYXJhbWV0ZXJzIjoie1wiaXNDc3NVcmxJbmplY3RlZFwiOmZhbHNlfSJ9XX0sImlzVG9wTGV2ZWwiOnRydWUsInBhZ2VTdGFydFRpbWUiOjE3ODUxMDYyNzYyNjEsIm5hdmlnYXRpb25TdGFydFRpbWUiOjE3ODUxMDYyNzU1MzB9&nocache=1962f&tm=2026-07-27T05%3A54%3A34.660Z:0
[25399155ms] [ERROR] Failed to load resource: net::ERR_FAILED @ https://gc.kis.v2.scr.kaspersky-labs.com/7D8B79A2-8974-4D7B-A76A-F4F29624C06BOSxDTLheSV66Hsf0i1yRUXAy8NkjYorxIG_uaN1dmJ5Wvd2xA3apQXvET0QVAF1JEaoPV6BKADfMsM6k4U-tLg/init?data=eyJ1cmwiOiJodHRwczovL2FwcHN0b3JlY29ubmVjdC5hcHBsZS5jb20vYXBwcy82Nzg5OTEzMTg2L2Rpc3RyaWJ1dGlvbi9pb3MvdmVyc2lvbi9pbmZsaWdodCIsInBsdWdpbnMiOiJ3c20mY2EmdnMmd250JnVhJmFibiZhYm5fc2hhZG93JmNiIiwiZGF0YSI6eyJkYXRhIjpbeyJwbHVnaW4iOiJ3c20iLCJwYXJhbWV0ZXJzIjoie1wicmVmZXJyZXJcIjpcIlwiLFwic3R1YklkXCI6XCJcIn0ifSx7InBsdWdpbiI6IndudCIsInBhcmFtZXRlcnMiOiJ7XCJyZWZlcnJlclwiOlwiXCJ9In0seyJwbHVnaW4iOiJ1YSIsInBhcmFtZXRlcnMiOiJ7fSJ9LHsicGx1Z2luIjoiYWJuIiwicGFyYW1ldGVycyI6IntcImlzQ3NzVXJsSW5qZWN0ZWRcIjpmYWxzZX0ifSx7InBsdWdpbiI6ImFibl9zaGFkb3ciLCJwYXJhbWV0ZXJzIjoie1wiaXNDc3NVcmxJbmplY3RlZFwiOmZhbHNlfSJ9XX0sImlzVG9wTGV2ZWwiOnRydWUsInBhZ2VTdGFydFRpbWUiOjE3ODUxMDYyNzYyNjEsIm5hdmlnYXRpb25TdGFydFRpbWUiOjE3ODUxMDYyNzU1MzB9&nocache=1e584&tm=2026-07-27T05%3A54%3A34.670Z&second=true:0
[25519147ms] [ERROR] Failed to load resource: net::ERR_FAILED @ https://gc.kis.v2.scr.kaspersky-labs.com/7D8B79A2-8974-4D7B-A76A-F4F29624C06BOSxDTLheSV66Hsf0i1yRUXAy8NkjYorxIG_uaN1dmJ5Wvd2xA3apQXvET0QVAF1JEaoPV6BKADfMsM6k4U-tLg/init?data=eyJ1cmwiOiJodHRwczovL2FwcHN0b3JlY29ubmVjdC5hcHBsZS5jb20vYXBwcy82Nzg5OTEzMTg2L2Rpc3RyaWJ1dGlvbi9pb3MvdmVyc2lvbi9pbmZsaWdodCIsInBsdWdpbnMiOiJ3c20mY2EmdnMmd250JnVhJmFibiZhYm5fc2hhZG93JmNiIiwiZGF0YSI6eyJkYXRhIjpbeyJwbHVnaW4iOiJ3c20iLCJwYXJhbWV0ZXJzIjoie1wicmVmZXJyZXJcIjpcIlwiLFwic3R1YklkXCI6XCJcIn0ifSx7InBsdWdpbiI6IndudCIsInBhcmFtZXRlcnMiOiJ7XCJyZWZlcnJlclwiOlwiXCJ9In0seyJwbHVnaW4iOiJ1YSIsInBhcmFtZXRlcnMiOiJ7fSJ9LHsicGx1Z2luIjoiYWJuIiwicGFyYW1ldGVycyI6IntcImlzQ3NzVXJsSW5qZWN0ZWRcIjpmYWxzZX0ifSx7InBsdWdpbiI6ImFibl9zaGFkb3ciLCJwYXJhbWV0ZXJzIjoie1wiaXNDc3NVcmxJbmplY3RlZFwiOmZhbHNlfSJ9XX0sImlzVG9wTGV2ZWwiOnRydWUsInBhZ2VTdGFydFRpbWUiOjE3ODUxMDYyNzYyNjEsIm5hdmlnYXRpb25TdGFydFRpbWUiOjE3ODUxMDYyNzU1MzB9&nocache=10603&tm=2026-07-27T05%3A56%3A34.659Z:0
[25519157ms] [ERROR] Failed to load resource: net::ERR_FAILED @ https://gc.kis.v2.scr.kaspersky-labs.com/7D8B79A2-8974-4D7B-A76A-F4F29624C06BOSxDTLheSV66Hsf0i1yRUXAy8NkjYorxIG_uaN1dmJ5Wvd2xA3apQXvET0QVAF1JEaoPV6BKADfMsM6k4U-tLg/init?data=eyJ1cmwiOiJodHRwczovL2FwcHN0b3JlY29ubmVjdC5hcHBsZS5jb20vYXBwcy82Nzg5OTEzMTg2L2Rpc3RyaWJ1dGlvbi9pb3MvdmVyc2lvbi9pbmZsaWdodCIsInBsdWdpbnMiOiJ3c20mY2EmdnMmd250JnVhJmFibiZhYm5fc2hhZG93JmNiIiwiZGF0YSI6eyJkYXRhIjpbeyJwbHVnaW4iOiJ3c20iLCJwYXJhbWV0ZXJzIjoie1wicmVmZXJyZXJcIjpcIlwiLFwic3R1YklkXCI6XCJcIn0ifSx7InBsdWdpbiI6IndudCIsInBhcmFtZXRlcnMiOiJ7XCJyZWZlcnJlclwiOlwiXCJ9In0seyJwbHVnaW4iOiJ1YSIsInBhcmFtZXRlcnMiOiJ7fSJ9LHsicGx1Z2luIjoiYWJuIiwicGFyYW1ldGVycyI6IntcImlzQ3NzVXJsSW5qZWN0ZWRcIjpmYWxzZX0ifSx7InBsdWdpbiI6ImFibl9zaGFkb3ciLCJwYXJhbWV0ZXJzIjoie1wiaXNDc3NVcmxJbmplY3RlZFwiOmZhbHNlfSJ9XX0sImlzVG9wTGV2ZWwiOnRydWUsInBhZ2VTdGFydFRpbWUiOjE3ODUxMDYyNzYyNjEsIm5hdmlnYXRpb25TdGFydFRpbWUiOjE3ODUxMDYyNzU1MzB9&nocache=1874d&tm=2026-07-27T05%3A56%3A34.669Z&second=true:0
[25639146ms] [ERROR] Failed to load resource: net::ERR_FAILED @ https://gc.kis.v2.scr.kaspersky-labs.com/7D8B79A2-8974-4D7B-A76A-F4F29624C06BOSxDTLheSV66Hsf0i1yRUXAy8NkjYorxIG_uaN1dmJ5Wvd2xA3apQXvET0QVAF1JEaoPV6BKADfMsM6k4U-tLg/init?data=eyJ1cmwiOiJodHRwczovL2FwcHN0b3JlY29ubmVjdC5hcHBsZS5jb20vYXBwcy82Nzg5OTEzMTg2L2Rpc3RyaWJ1dGlvbi9pb3MvdmVyc2lvbi9pbmZsaWdodCIsInBsdWdpbnMiOiJ3c20mY2EmdnMmd250JnVhJmFibiZhYm5fc2hhZG93JmNiIiwiZGF0YSI6eyJkYXRhIjpbeyJwbHVnaW4iOiJ3c20iLCJwYXJhbWV0ZXJzIjoie1wicmVmZXJyZXJcIjpcIlwiLFwic3R1YklkXCI6XCJcIn0ifSx7InBsdWdpbiI6IndudCIsInBhcmFtZXRlcnMiOiJ7XCJyZWZlcnJlclwiOlwiXCJ9In0seyJwbHVnaW4iOiJ1YSIsInBhcmFtZXRlcnMiOiJ7fSJ9LHsicGx1Z2luIjoiYWJuIiwicGFyYW1ldGVycyI6IntcImlzQ3NzVXJsSW5qZWN0ZWRcIjpmYWxzZX0ifSx7InBsdWdpbiI6ImFibl9zaGFkb3ciLCJwYXJhbWV0ZXJzIjoie1wiaXNDc3NVcmxJbmplY3RlZFwiOmZhbHNlfSJ9XX0sImlzVG9wTGV2ZWwiOnRydWUsInBhZ2VTdGFydFRpbWUiOjE3ODUxMDYyNzYyNjEsIm5hdmlnYXRpb25TdGFydFRpbWUiOjE3ODUxMDYyNzU1MzB9&nocache=19fbe&tm=2026-07-27T05%3A58%3A34.660Z:0
[25639153ms] [ERROR] Failed to load resource: net::ERR_FAILED @ https://gc.kis.v2.scr.kaspersky-labs.com/7D8B79A2-8974-4D7B-A76A-F4F29624C06BOSxDTLheSV66Hsf0i1yRUXAy8NkjYorxIG_uaN1dmJ5Wvd2xA3apQXvET0QVAF1JEaoPV6BKADfMsM6k4U-tLg/init?data=eyJ1cmwiOiJodHRwczovL2FwcHN0b3JlY29ubmVjdC5hcHBsZS5jb20vYXBwcy82Nzg5OTEzMTg2L2Rpc3RyaWJ1dGlvbi9pb3MvdmVyc2lvbi9pbmZsaWdodCIsInBsdWdpbnMiOiJ3c20mY2EmdnMmd250JnVhJmFibiZhYm5fc2hhZG93JmNiIiwiZGF0YSI6eyJkYXRhIjpbeyJwbHVnaW4iOiJ3c20iLCJwYXJhbWV0ZXJzIjoie1wicmVmZXJyZXJcIjpcIlwiLFwic3R1YklkXCI6XCJcIn0ifSx7InBsdWdpbiI6IndudCIsInBhcmFtZXRlcnMiOiJ7XCJyZWZlcnJlclwiOlwiXCJ9In0seyJwbHVnaW4iOiJ1YSIsInBhcmFtZXRlcnMiOiJ7fSJ9LHsicGx1Z2luIjoiYWJuIiwicGFyYW1ldGVycyI6IntcImlzQ3NzVXJsSW5qZWN0ZWRcIjpmYWxzZX0ifSx7InBsdWdpbiI6ImFibl9zaGFkb3ciLCJwYXJhbWV0ZXJzIjoie1wiaXNDc3NVcmxJbmplY3RlZFwiOmZhbHNlfSJ9XX0sImlzVG9wTGV2ZWwiOnRydWUsInBhZ2VTdGFydFRpbWUiOjE3ODUxMDYyNzYyNjEsIm5hdmlnYXRpb25TdGFydFRpbWUiOjE3ODUxMDYyNzU1MzB9&nocache=1560b&tm=2026-07-27T05%3A58%3A34.668Z&second=true:0
[25759160ms] [ERROR] Failed to load resource: net::ERR_FAILED @ https://gc.kis.v2.scr.kaspersky-labs.com/7D8B79A2-8974-4D7B-A76A-F4F29624C06BOSxDTLheSV66Hsf0i1yRUXAy8NkjYorxIG_uaN1dmJ5Wvd2xA3apQXvET0QVAF1JEaoPV6BKADfMsM6k4U-tLg/init?data=eyJ1cmwiOiJodHRwczovL2FwcHN0b3JlY29ubmVjdC5hcHBsZS5jb20vYXBwcy82Nzg5OTEzMTg2L2Rpc3RyaWJ1dGlvbi9pb3MvdmVyc2lvbi9pbmZsaWdodCIsInBsdWdpbnMiOiJ3c20mY2EmdnMmd250JnVhJmFibiZhYm5fc2hhZG93JmNiIiwiZGF0YSI6eyJkYXRhIjpbeyJwbHVnaW4iOiJ3c20iLCJwYXJhbWV0ZXJzIjoie1wicmVmZXJyZXJcIjpcIlwiLFwic3R1YklkXCI6XCJcIn0ifSx7InBsdWdpbiI6IndudCIsInBhcmFtZXRlcnMiOiJ7XCJyZWZlcnJlclwiOlwiXCJ9In0seyJwbHVnaW4iOiJ1YSIsInBhcmFtZXRlcnMiOiJ7fSJ9LHsicGx1Z2luIjoiYWJuIiwicGFyYW1ldGVycyI6IntcImlzQ3NzVXJsSW5qZWN0ZWRcIjpmYWxzZX0ifSx7InBsdWdpbiI6ImFibl9zaGFkb3ciLCJwYXJhbWV0ZXJzIjoie1wiaXNDc3NVcmxJbmplY3RlZFwiOmZhbHNlfSJ9XX0sImlzVG9wTGV2ZWwiOnRydWUsInBhZ2VTdGFydFRpbWUiOjE3ODUxMDYyNzYyNjEsIm5hdmlnYXRpb25TdGFydFRpbWUiOjE3ODUxMDYyNzU1MzB9&nocache=19db7&tm=2026-07-27T06%3A00%3A34.671Z:0
[25759167ms] [ERROR] Failed to load resource: net::ERR_FAILED @ https://gc.kis.v2.scr.kaspersky-labs.com/7D8B79A2-8974-4D7B-A76A-F4F29624C06BOSxDTLheSV66Hsf0i1yRUXAy8NkjYorxIG_uaN1dmJ5Wvd2xA3apQXvET0QVAF1JEaoPV6BKADfMsM6k4U-tLg/init?data=eyJ1cmwiOiJodHRwczovL2FwcHN0b3JlY29ubmVjdC5hcHBsZS5jb20vYXBwcy82Nzg5OTEzMTg2L2Rpc3RyaWJ1dGlvbi9pb3MvdmVyc2lvbi9pbmZsaWdodCIsInBsdWdpbnMiOiJ3c20mY2EmdnMmd250JnVhJmFibiZhYm5fc2hhZG93JmNiIiwiZGF0YSI6eyJkYXRhIjpbeyJwbHVnaW4iOiJ3c20iLCJwYXJhbWV0ZXJzIjoie1wicmVmZXJyZXJcIjpcIlwiLFwic3R1YklkXCI6XCJcIn0ifSx7InBsdWdpbiI6IndudCIsInBhcmFtZXRlcnMiOiJ7XCJyZWZlcnJlclwiOlwiXCJ9In0seyJwbHVnaW4iOiJ1YSIsInBhcmFtZXRlcnMiOiJ7fSJ9LHsicGx1Z2luIjoiYWJuIiwicGFyYW1ldGVycyI6IntcImlzQ3NzVXJsSW5qZWN0ZWRcIjpmYWxzZX0ifSx7InBsdWdpbiI6ImFibl9zaGFkb3ciLCJwYXJhbWV0ZXJzIjoie1wiaXNDc3NVcmxJbmplY3RlZFwiOmZhbHNlfSJ9XX0sImlzVG9wTGV2ZWwiOnRydWUsInBhZ2VTdGFydFRpbWUiOjE3ODUxMDYyNzYyNjEsIm5hdmlnYXRpb25TdGFydFRpbWUiOjE3ODUxMDYyNzU1MzB9&nocache=11ce7&tm=2026-07-27T06%3A00%3A34.682Z&second=true:0
[25879159ms] [ERROR] Failed to load resource: net::ERR_FAILED @ https://gc.kis.v2.scr.kaspersky-labs.com/7D8B79A2-8974-4D7B-A76A-F4F29624C06BOSxDTLheSV66Hsf0i1yRUXAy8NkjYorxIG_uaN1dmJ5Wvd2xA3apQXvET0QVAF1JEaoPV6BKADfMsM6k4U-tLg/init?data=eyJ1cmwiOiJodHRwczovL2FwcHN0b3JlY29ubmVjdC5hcHBsZS5jb20vYXBwcy82Nzg5OTEzMTg2L2Rpc3RyaWJ1dGlvbi9pb3MvdmVyc2lvbi9pbmZsaWdodCIsInBsdWdpbnMiOiJ3c20mY2EmdnMmd250JnVhJmFibiZhYm5fc2hhZG93JmNiIiwiZGF0YSI6eyJkYXRhIjpbeyJwbHVnaW4iOiJ3c20iLCJwYXJhbWV0ZXJzIjoie1wicmVmZXJyZXJcIjpcIlwiLFwic3R1YklkXCI6XCJcIn0ifSx7InBsdWdpbiI6IndudCIsInBhcmFtZXRlcnMiOiJ7XCJyZWZlcnJlclwiOlwiXCJ9In0seyJwbHVnaW4iOiJ1YSIsInBhcmFtZXRlcnMiOiJ7fSJ9LHsicGx1Z2luIjoiYWJuIiwicGFyYW1ldGVycyI6IntcImlzQ3NzVXJsSW5qZWN0ZWRcIjpmYWxzZX0ifSx7InBsdWdpbiI6ImFibl9zaGFkb3ciLCJwYXJhbWV0ZXJzIjoie1wiaXNDc3NVcmxJbmplY3RlZFwiOmZhbHNlfSJ9XX0sImlzVG9wTGV2ZWwiOnRydWUsInBhZ2VTdGFydFRpbWUiOjE3ODUxMDYyNzYyNjEsIm5hdmlnYXRpb25TdGFydFRpbWUiOjE3ODUxMDYyNzU1MzB9&nocache=1a332&tm=2026-07-27T06%3A02%3A34.669Z:0
[25879167ms] [ERROR] Failed to load resource: net::ERR_FAILED @ https://gc.kis.v2.scr.kaspersky-labs.com/7D8B79A2-8974-4D7B-A76A-F4F29624C06BOSxDTLheSV66Hsf0i1yRUXAy8NkjYorxIG_uaN1dmJ5Wvd2xA3apQXvET0QVAF1JEaoPV6BKADfMsM6k4U-tLg/init?data=eyJ1cmwiOiJodHRwczovL2FwcHN0b3JlY29ubmVjdC5hcHBsZS5jb20vYXBwcy82Nzg5OTEzMTg2L2Rpc3RyaWJ1dGlvbi9pb3MvdmVyc2lvbi9pbmZsaWdodCIsInBsdWdpbnMiOiJ3c20mY2EmdnMmd250JnVhJmFibiZhYm5fc2hhZG93JmNiIiwiZGF0YSI6eyJkYXRhIjpbeyJwbHVnaW4iOiJ3c20iLCJwYXJhbWV0ZXJzIjoie1wicmVmZXJyZXJcIjpcIlwiLFwic3R1YklkXCI6XCJcIn0ifSx7InBsdWdpbiI6IndudCIsInBhcmFtZXRlcnMiOiJ7XCJyZWZlcnJlclwiOlwiXCJ9In0seyJwbHVnaW4iOiJ1YSIsInBhcmFtZXRlcnMiOiJ7fSJ9LHsicGx1Z2luIjoiYWJuIiwicGFyYW1ldGVycyI6IntcImlzQ3NzVXJsSW5qZWN0ZWRcIjpmYWxzZX0ifSx7InBsdWdpbiI6ImFibl9zaGFkb3ciLCJwYXJhbWV0ZXJzIjoie1wiaXNDc3NVcmxJbmplY3RlZFwiOmZhbHNlfSJ9XX0sImlzVG9wTGV2ZWwiOnRydWUsInBhZ2VTdGFydFRpbWUiOjE3ODUxMDYyNzYyNjEsIm5hdmlnYXRpb25TdGFydFRpbWUiOjE3ODUxMDYyNzU1MzB9&nocache=1c73a&tm=2026-07-27T06%3A02%3A34.681Z&second=true:0
[25998221ms] [ERROR] Failed to load resource: the server responded with a status of 401 () @ https://appstoreconnect.apple.com/iris/v1/apps/6789913186/reviewSubmissions?include=appStoreVersionForReview,items,lastUpdatedByActor,submittedByActor,createdByActor&limit=2000&limit[items]=0&filter[state]=READY_FOR_REVIEW,WAITING_FOR_REVIEW,IN_REVIEW,UNRESOLVED_ISSUES,CANCELING,COMPLETING:0
[25998374ms] [ERROR] Failed to load resource: net::ERR_FAILED @ https://gc.kis.v2.scr.kaspersky-labs.com/7D8B79A2-8974-4D7B-A76A-F4F29624C06Beu1ScB50_jBlJEkkhNdFv0LjQF8TJjeCw2KS7xbiOY76PzBl9OGfF9EV1UItEwJkJprBs5PRv8k39jtk7ugPxg/init?data=eyJ1cmwiOiJodHRwczovL2FwcHN0b3JlY29ubmVjdC5hcHBsZS5jb20vbG9naW4iLCJwbHVnaW5zIjoid3NtJmNhJnZzJndudCZ1YSZhYm4mYWJuX3NoYWRvdyZjYiIsImRhdGEiOnsiZGF0YSI6W3sicGx1Z2luIjoid3NtIiwicGFyYW1ldGVycyI6IntcInJlZmVycmVyXCI6XCJodHRwczovL2FwcHN0b3JlY29ubmVjdC5hcHBsZS5jb20vYXBwcy82Nzg5OTEzMTg2L2Rpc3RyaWJ1dGlvbi9pb3MvdmVyc2lvbi9pbmZsaWdodFwiLFwic3R1YklkXCI6XCJcIn0ifSx7InBsdWdpbiI6IndudCIsInBhcmFtZXRlcnMiOiJ7XCJyZWZlcnJlclwiOlwiaHR0cHM6Ly9hcHBzdG9yZWNvbm5lY3QuYXBwbGUuY29tL2FwcHMvNjc4OTkxMzE4Ni9kaXN0cmlidXRpb24vaW9zL3ZlcnNpb24vaW5mbGlnaHRcIn0ifSx7InBsdWdpbiI6InVhIiwicGFyYW1ldGVycyI6Int9In0seyJwbHVnaW4iOiJhYm4iLCJwYXJhbWV0ZXJzIjoie1wiaXNDc3NVcmxJbmplY3RlZFwiOmZhbHNlfSJ9LHsicGx1Z2luIjoiYWJuX3NoYWRvdyIsInBhcmFtZXRlcnMiOiJ7XCJpc0Nzc1VybEluamVjdGVkXCI6ZmFsc2V9In1dfSwiaXNUb3BMZXZlbCI6dHJ1ZSwicGFnZVN0YXJ0VGltZSI6MCwibmF2aWdhdGlvblN0YXJ0VGltZSI6MTc4NTEzMjI3Mzc0OH0%3D&nocache=1936c&tm=2026-07-27T06%3A04%3A33.882Z:0
[25998380ms] [ERROR] Failed to load resource: net::ERR_FAILED @ https://gc.kis.v2.scr.kaspersky-labs.com/7D8B79A2-8974-4D7B-A76A-F4F29624C06Beu1ScB50_jBlJEkkhNdFv0LjQF8TJjeCw2KS7xbiOY76PzBl9OGfF9EV1UItEwJkJprBs5PRv8k39jtk7ugPxg/init?data=eyJ1cmwiOiJodHRwczovL2FwcHN0b3JlY29ubmVjdC5hcHBsZS5jb20vbG9naW4iLCJwbHVnaW5zIjoid3NtJmNhJnZzJndudCZ1YSZhYm4mYWJuX3NoYWRvdyZjYiIsImRhdGEiOnsiZGF0YSI6W3sicGx1Z2luIjoid3NtIiwicGFyYW1ldGVycyI6IntcInJlZmVycmVyXCI6XCJodHRwczovL2FwcHN0b3JlY29ubmVjdC5hcHBsZS5jb20vYXBwcy82Nzg5OTEzMTg2L2Rpc3RyaWJ1dGlvbi9pb3MvdmVyc2lvbi9pbmZsaWdodFwiLFwic3R1YklkXCI6XCJcIn0ifSx7InBsdWdpbiI6IndudCIsInBhcmFtZXRlcnMiOiJ7XCJyZWZlcnJlclwiOlwiaHR0cHM6Ly9hcHBzdG9yZWNvbm5lY3QuYXBwbGUuY29tL2FwcHMvNjc4OTkxMzE4Ni9kaXN0cmlidXRpb24vaW9zL3ZlcnNpb24vaW5mbGlnaHRcIn0ifSx7InBsdWdpbiI6InVhIiwicGFyYW1ldGVycyI6Int9In0seyJwbHVnaW4iOiJhYm4iLCJwYXJhbWV0ZXJzIjoie1wiaXNDc3NVcmxJbmplY3RlZFwiOmZhbHNlfSJ9LHsicGx1Z2luIjoiYWJuX3NoYWRvdyIsInBhcmFtZXRlcnMiOiJ7XCJpc0Nzc1VybEluamVjdGVkXCI6ZmFsc2V9In1dfSwiaXNUb3BMZXZlbCI6dHJ1ZSwicGFnZVN0YXJ0VGltZSI6MCwibmF2aWdhdGlvblN0YXJ0VGltZSI6MTc4NTEzMjI3Mzc0OH0%3D&nocache=1aefb&tm=2026-07-27T06%3A04%3A33.896Z&second=true:0
[26003255ms] [WARNING] An array is needed to render meta tags @ https://unpkg.apple.com/@maison/maison@3.2.6/umd/maison.mjs:0
[26010319ms] [VERBOSE] [DOM] Password field is not contained in a form: (More info: https://goo.gl/9p2vKq) %o @ https://idmsa.apple.com/appleauth/auth/signin?widgetKey=e0b80c3bf78523bfe80974d320935bfa30add02e1bff88ec2166c6bd5a706c42&language=tr_TR&iframeId=auth-van6w7l2-svkh-o0qm-fa09-hbtnh5tu&authVersion=latest:0
[26030162ms] [ERROR] Failed to load resource: net::ERR_FAILED @ https://gc.kis.v2.scr.kaspersky-labs.com/7D8B79A2-8974-4D7B-A76A-F4F29624C06Beu1ScB50_jBlJEkkhNdFv0LjQF8TJjeCw2KS7xbiOY76PzBl9OGfF9EV1UItEwJkJprBs5PRv8k39jtk7ugPxg/init?data=eyJ1cmwiOiJodHRwczovL2FwcHN0b3JlY29ubmVjdC5hcHBsZS5jb20vbG9naW4iLCJwbHVnaW5zIjoid3NtJmNhJnZzJndudCZ1YSZhYm4mYWJuX3NoYWRvdyZjYiIsImRhdGEiOnsiZGF0YSI6W3sicGx1Z2luIjoid3NtIiwicGFyYW1ldGVycyI6IntcInJlZmVycmVyXCI6XCJodHRwczovL2FwcHN0b3JlY29ubmVjdC5hcHBsZS5jb20vYXBwcy82Nzg5OTEzMTg2L2Rpc3RyaWJ1dGlvbi9pb3MvdmVyc2lvbi9pbmZsaWdodFwiLFwic3R1YklkXCI6XCJcIn0ifSx7InBsdWdpbiI6IndudCIsInBhcmFtZXRlcnMiOiJ7XCJyZWZlcnJlclwiOlwiaHR0cHM6Ly9hcHBzdG9yZWNvbm5lY3QuYXBwbGUuY29tL2FwcHMvNjc4OTkxMzE4Ni9kaXN0cmlidXRpb24vaW9zL3ZlcnNpb24vaW5mbGlnaHRcIn0ifSx7InBsdWdpbiI6InVhIiwicGFyYW1ldGVycyI6Int9In0seyJwbHVnaW4iOiJhYm4iLCJwYXJhbWV0ZXJzIjoie1wiaXNDc3NVcmxJbmplY3RlZFwiOmZhbHNlfSJ9LHsicGx1Z2luIjoiYWJuX3NoYWRvdyIsInBhcmFtZXRlcnMiOiJ7XCJpc0Nzc1VybEluamVjdGVkXCI6ZmFsc2V9In1dfSwiaXNUb3BMZXZlbCI6dHJ1ZSwicGFnZVN0YXJ0VGltZSI6MTc4NTEzMjI3NTIyNiwibmF2aWdhdGlvblN0YXJ0VGltZSI6MTc4NTEzMjI3Mzc0OH0%3D&nocache=13793&tm=2026-07-27T06%3A05%3A05.668Z:0
[26030171ms] [ERROR] Failed to load resource: net::ERR_FAILED @ https://gc.kis.v2.scr.kaspersky-labs.com/7D8B79A2-8974-4D7B-A76A-F4F29624C06Beu1ScB50_jBlJEkkhNdFv0LjQF8TJjeCw2KS7xbiOY76PzBl9OGfF9EV1UItEwJkJprBs5PRv8k39jtk7ugPxg/init?data=eyJ1cmwiOiJodHRwczovL2FwcHN0b3JlY29ubmVjdC5hcHBsZS5jb20vbG9naW4iLCJwbHVnaW5zIjoid3NtJmNhJnZzJndudCZ1YSZhYm4mYWJuX3NoYWRvdyZjYiIsImRhdGEiOnsiZGF0YSI6W3sicGx1Z2luIjoid3NtIiwicGFyYW1ldGVycyI6IntcInJlZmVycmVyXCI6XCJodHRwczovL2FwcHN0b3JlY29ubmVjdC5hcHBsZS5jb20vYXBwcy82Nzg5OTEzMTg2L2Rpc3RyaWJ1dGlvbi9pb3MvdmVyc2lvbi9pbmZsaWdodFwiLFwic3R1YklkXCI6XCJcIn0ifSx7InBsdWdpbiI6IndudCIsInBhcmFtZXRlcnMiOiJ7XCJyZWZlcnJlclwiOlwiaHR0cHM6Ly9hcHBzdG9yZWNvbm5lY3QuYXBwbGUuY29tL2FwcHMvNjc4OTkxMzE4Ni9kaXN0cmlidXRpb24vaW9zL3ZlcnNpb24vaW5mbGlnaHRcIn0ifSx7InBsdWdpbiI6InVhIiwicGFyYW1ldGVycyI6Int9In0seyJwbHVnaW4iOiJhYm4iLCJwYXJhbWV0ZXJzIjoie1wiaXNDc3NVcmxJbmplY3RlZFwiOmZhbHNlfSJ9LHsicGx1Z2luIjoiYWJuX3NoYWRvdyIsInBhcmFtZXRlcnMiOiJ7XCJpc0Nzc1VybEluamVjdGVkXCI6ZmFsc2V9In1dfSwiaXNUb3BMZXZlbCI6dHJ1ZSwicGFnZVN0YXJ0VGltZSI6MTc4NTEzMjI3NTIyNiwibmF2aWdhdGlvblN0YXJ0VGltZSI6MTc4NTEzMjI3Mzc0OH0%3D&nocache=140f2&tm=2026-07-27T06%3A05%3A05.684Z&second=true:0
[26060159ms] [ERROR] Failed to load resource: net::ERR_FAILED @ https://gc.kis.v2.scr.kaspersky-labs.com/7D8B79A2-8974-4D7B-A76A-F4F29624C06Beu1ScB50_jBlJEkkhNdFv0LjQF8TJjeCw2KS7xbiOY76PzBl9OGfF9EV1UItEwJkJprBs5PRv8k39jtk7ugPxg/init?data=eyJ1cmwiOiJodHRwczovL2FwcHN0b3JlY29ubmVjdC5hcHBsZS5jb20vbG9naW4iLCJwbHVnaW5zIjoid3NtJmNhJnZzJndudCZ1YSZhYm4mYWJuX3NoYWRvdyZjYiIsImRhdGEiOnsiZGF0YSI6W3sicGx1Z2luIjoid3NtIiwicGFyYW1ldGVycyI6IntcInJlZmVycmVyXCI6XCJodHRwczovL2FwcHN0b3JlY29ubmVjdC5hcHBsZS5jb20vYXBwcy82Nzg5OTEzMTg2L2Rpc3RyaWJ1dGlvbi9pb3MvdmVyc2lvbi9pbmZsaWdodFwiLFwic3R1YklkXCI6XCJcIn0ifSx7InBsdWdpbiI6IndudCIsInBhcmFtZXRlcnMiOiJ7XCJyZWZlcnJlclwiOlwiaHR0cHM6Ly9hcHBzdG9yZWNvbm5lY3QuYXBwbGUuY29tL2FwcHMvNjc4OTkxMzE4Ni9kaXN0cmlidXRpb24vaW9zL3ZlcnNpb24vaW5mbGlnaHRcIn0ifSx7InBsdWdpbiI6InVhIiwicGFyYW1ldGVycyI6Int9In0seyJwbHVnaW4iOiJhYm4iLCJwYXJhbWV0ZXJzIjoie1wiaXNDc3NVcmxJbmplY3RlZFwiOmZhbHNlfSJ9LHsicGx1Z2luIjoiYWJuX3NoYWRvdyIsInBhcmFtZXRlcnMiOiJ7XCJpc0Nzc1VybEluamVjdGVkXCI6ZmFsc2V9In1dfSwiaXNUb3BMZXZlbCI6dHJ1ZSwicGFnZVN0YXJ0VGltZSI6MTc4NTEzMjI3NTIyNiwibmF2aWdhdGlvblN0YXJ0VGltZSI6MTc4NTEzMjI3Mzc0OH0%3D&nocache=13ef2&tm=2026-07-27T06%3A05%3A35.669Z:0
[26060168ms] [ERROR] Failed to load resource: net::ERR_FAILED @ https://gc.kis.v2.scr.kaspersky-labs.com/7D8B79A2-8974-4D7B-A76A-F4F29624C06Beu1ScB50_jBlJEkkhNdFv0LjQF8TJjeCw2KS7xbiOY76PzBl9OGfF9EV1UItEwJkJprBs5PRv8k39jtk7ugPxg/init?data=eyJ1cmwiOiJodHRwczovL2FwcHN0b3JlY29ubmVjdC5hcHBsZS5jb20vbG9naW4iLCJwbHVnaW5zIjoid3NtJmNhJnZzJndudCZ1YSZhYm4mYWJuX3NoYWRvdyZjYiIsImRhdGEiOnsiZGF0YSI6W3sicGx1Z2luIjoid3NtIiwicGFyYW1ldGVycyI6IntcInJlZmVycmVyXCI6XCJodHRwczovL2FwcHN0b3JlY29ubmVjdC5hcHBsZS5jb20vYXBwcy82Nzg5OTEzMTg2L2Rpc3RyaWJ1dGlvbi9pb3MvdmVyc2lvbi9pbmZsaWdodFwiLFwic3R1YklkXCI6XCJcIn0ifSx7InBsdWdpbiI6IndudCIsInBhcmFtZXRlcnMiOiJ7XCJyZWZlcnJlclwiOlwiaHR0cHM6Ly9hcHBzdG9yZWNvbm5lY3QuYXBwbGUuY29tL2FwcHMvNjc4OTkxMzE4Ni9kaXN0cmlidXRpb24vaW9zL3ZlcnNpb24vaW5mbGlnaHRcIn0ifSx7InBsdWdpbiI6InVhIiwicGFyYW1ldGVycyI6Int9In0seyJwbHVnaW4iOiJhYm4iLCJwYXJhbWV0ZXJzIjoie1wiaXNDc3NVcmxJbmplY3RlZFwiOmZhbHNlfSJ9LHsicGx1Z2luIjoiYWJuX3NoYWRvdyIsInBhcmFtZXRlcnMiOiJ7XCJpc0Nzc1VybEluamVjdGVkXCI6ZmFsc2V9In1dfSwiaXNUb3BMZXZlbCI6dHJ1ZSwicGFnZVN0YXJ0VGltZSI6MTc4NTEzMjI3NTIyNiwibmF2aWdhdGlvblN0YXJ0VGltZSI6MTc4NTEzMjI3Mzc0OH0%3D&nocache=124c8&tm=2026-07-27T06%3A05%3A35.682Z&second=true:0
[26090155ms] [ERROR] Failed to load resource: net::ERR_FAILED @ https://gc.kis.v2.scr.kaspersky-labs.com/7D8B79A2-8974-4D7B-A76A-F4F29624C06Beu1ScB50_jBlJEkkhNdFv0LjQF8TJjeCw2KS7xbiOY76PzBl9OGfF9EV1UItEwJkJprBs5PRv8k39jtk7ugPxg/init?data=eyJ1cmwiOiJodHRwczovL2FwcHN0b3JlY29ubmVjdC5hcHBsZS5jb20vbG9naW4iLCJwbHVnaW5zIjoid3NtJmNhJnZzJndudCZ1YSZhYm4mYWJuX3NoYWRvdyZjYiIsImRhdGEiOnsiZGF0YSI6W3sicGx1Z2luIjoid3NtIiwicGFyYW1ldGVycyI6IntcInJlZmVycmVyXCI6XCJodHRwczovL2FwcHN0b3JlY29ubmVjdC5hcHBsZS5jb20vYXBwcy82Nzg5OTEzMTg2L2Rpc3RyaWJ1dGlvbi9pb3MvdmVyc2lvbi9pbmZsaWdodFwiLFwic3R1YklkXCI6XCJcIn0ifSx7InBsdWdpbiI6IndudCIsInBhcmFtZXRlcnMiOiJ7XCJyZWZlcnJlclwiOlwiaHR0cHM6Ly9hcHBzdG9yZWNvbm5lY3QuYXBwbGUuY29tL2FwcHMvNjc4OTkxMzE4Ni9kaXN0cmlidXRpb24vaW9zL3ZlcnNpb24vaW5mbGlnaHRcIn0ifSx7InBsdWdpbiI6InVhIiwicGFyYW1ldGVycyI6Int9In0seyJwbHVnaW4iOiJhYm4iLCJwYXJhbWV0ZXJzIjoie1wiaXNDc3NVcmxJbmplY3RlZFwiOmZhbHNlfSJ9LHsicGx1Z2luIjoiYWJuX3NoYWRvdyIsInBhcmFtZXRlcnMiOiJ7XCJpc0Nzc1VybEluamVjdGVkXCI6ZmFsc2V9In1dfSwiaXNUb3BMZXZlbCI6dHJ1ZSwicGFnZVN0YXJ0VGltZSI6MTc4NTEzMjI3NTIyNiwibmF2aWdhdGlvblN0YXJ0VGltZSI6MTc4NTEzMjI3Mzc0OH0%3D&nocache=16a03&tm=2026-07-27T06%3A06%3A05.669Z:0
[26090162ms] [ERROR] Failed to load resource: net::ERR_FAILED @ https://gc.kis.v2.scr.kaspersky-labs.com/7D8B79A2-8974-4D7B-A76A-F4F29624C06Beu1ScB50_jBlJEkkhNdFv0LjQF8TJjeCw2KS7xbiOY76PzBl9OGfF9EV1UItEwJkJprBs5PRv8k39jtk7ugPxg/init?data=eyJ1cmwiOiJodHRwczovL2FwcHN0b3JlY29ubmVjdC5hcHBsZS5jb20vbG9naW4iLCJwbHVnaW5zIjoid3NtJmNhJnZzJndudCZ1YSZhYm4mYWJuX3NoYWRvdyZjYiIsImRhdGEiOnsiZGF0YSI6W3sicGx1Z2luIjoid3NtIiwicGFyYW1ldGVycyI6IntcInJlZmVycmVyXCI6XCJodHRwczovL2FwcHN0b3JlY29ubmVjdC5hcHBsZS5jb20vYXBwcy82Nzg5OTEzMTg2L2Rpc3RyaWJ1dGlvbi9pb3MvdmVyc2lvbi9pbmZsaWdodFwiLFwic3R1YklkXCI6XCJcIn0ifSx7InBsdWdpbiI6IndudCIsInBhcmFtZXRlcnMiOiJ7XCJyZWZlcnJlclwiOlwiaHR0cHM6Ly9hcHBzdG9yZWNvbm5lY3QuYXBwbGUuY29tL2FwcHMvNjc4OTkxMzE4Ni9kaXN0cmlidXRpb24vaW9zL3ZlcnNpb24vaW5mbGlnaHRcIn0ifSx7InBsdWdpbiI6InVhIiwicGFyYW1ldGVycyI6Int9In0seyJwbHVnaW4iOiJhYm4iLCJwYXJhbWV0ZXJzIjoie1wiaXNDc3NVcmxJbmplY3RlZFwiOmZhbHNlfSJ9LHsicGx1Z2luIjoiYWJuX3NoYWRvdyIsInBhcmFtZXRlcnMiOiJ7XCJpc0Nzc1VybEluamVjdGVkXCI6ZmFsc2V9In1dfSwiaXNUb3BMZXZlbCI6dHJ1ZSwicGFnZVN0YXJ0VGltZSI6MTc4NTEzMjI3NTIyNiwibmF2aWdhdGlvblN0YXJ0VGltZSI6MTc4NTEzMjI3Mzc0OH0%3D&nocache=15488&tm=2026-07-27T06%3A06%3A05.677Z&second=true:0
[26120232ms] [ERROR] Failed to load resource: net::ERR_FAILED @ https://gc.kis.v2.scr.kaspersky-labs.com/7D8B79A2-8974-4D7B-A76A-F4F29624C06Beu1ScB50_jBlJEkkhNdFv0LjQF8TJjeCw2KS7xbiOY76PzBl9OGfF9EV1UItEwJkJprBs5PRv8k39jtk7ugPxg/init?data=eyJ1cmwiOiJodHRwczovL2FwcHN0b3JlY29ubmVjdC5hcHBsZS5jb20vbG9naW4iLCJwbHVnaW5zIjoid3NtJmNhJnZzJndudCZ1YSZhYm4mYWJuX3NoYWRvdyZjYiIsImRhdGEiOnsiZGF0YSI6W3sicGx1Z2luIjoid3NtIiwicGFyYW1ldGVycyI6IntcInJlZmVycmVyXCI6XCJodHRwczovL2FwcHN0b3JlY29ubmVjdC5hcHBsZS5jb20vYXBwcy82Nzg5OTEzMTg2L2Rpc3RyaWJ1dGlvbi9pb3MvdmVyc2lvbi9pbmZsaWdodFwiLFwic3R1YklkXCI6XCJcIn0ifSx7InBsdWdpbiI6IndudCIsInBhcmFtZXRlcnMiOiJ7XCJyZWZlcnJlclwiOlwiaHR0cHM6Ly9hcHBzdG9yZWNvbm5lY3QuYXBwbGUuY29tL2FwcHMvNjc4OTkxMzE4Ni9kaXN0cmlidXRpb24vaW9zL3ZlcnNpb24vaW5mbGlnaHRcIn0ifSx7InBsdWdpbiI6InVhIiwicGFyYW1ldGVycyI6Int9In0seyJwbHVnaW4iOiJhYm4iLCJwYXJhbWV0ZXJzIjoie1wiaXNDc3NVcmxJbmplY3RlZFwiOmZhbHNlfSJ9LHsicGx1Z2luIjoiYWJuX3NoYWRvdyIsInBhcmFtZXRlcnMiOiJ7XCJpc0Nzc1VybEluamVjdGVkXCI6ZmFsc2V9In1dfSwiaXNUb3BMZXZlbCI6dHJ1ZSwicGFnZVN0YXJ0VGltZSI6MTc4NTEzMjI3NTIyNiwibmF2aWdhdGlvblN0YXJ0VGltZSI6MTc4NTEzMjI3Mzc0OH0%3D&nocache=15843&tm=2026-07-27T06%3A06%3A35.740Z:0
[26120249ms] [ERROR] Failed to load resource: net::ERR_FAILED @ https://gc.kis.v2.scr.kaspersky-labs.com/7D8B79A2-8974-4D7B-A76A-F4F29624C06Beu1ScB50_jBlJEkkhNdFv0LjQF8TJjeCw2KS7xbiOY76PzBl9OGfF9EV1UItEwJkJprBs5PRv8k39jtk7ugPxg/init?data=eyJ1cmwiOiJodHRwczovL2FwcHN0b3JlY29ubmVjdC5hcHBsZS5jb20vbG9naW4iLCJwbHVnaW5zIjoid3NtJmNhJnZzJndudCZ1YSZhYm4mYWJuX3NoYWRvdyZjYiIsImRhdGEiOnsiZGF0YSI6W3sicGx1Z2luIjoid3NtIiwicGFyYW1ldGVycyI6IntcInJlZmVycmVyXCI6XCJodHRwczovL2FwcHN0b3JlY29ubmVjdC5hcHBsZS5jb20vYXBwcy82Nzg5OTEzMTg2L2Rpc3RyaWJ1dGlvbi9pb3MvdmVyc2lvbi9pbmZsaWdodFwiLFwic3R1YklkXCI6XCJcIn0ifSx7InBsdWdpbiI6IndudCIsInBhcmFtZXRlcnMiOiJ7XCJyZWZlcnJlclwiOlwiaHR0cHM6Ly9hcHBzdG9yZWNvbm5lY3QuYXBwbGUuY29tL2FwcHMvNjc4OTkxMzE4Ni9kaXN0cmlidXRpb24vaW9zL3ZlcnNpb24vaW5mbGlnaHRcIn0ifSx7InBsdWdpbiI6InVhIiwicGFyYW1ldGVycyI6Int9In0seyJwbHVnaW4iOiJhYm4iLCJwYXJhbWV0ZXJzIjoie1wiaXNDc3NVcmxJbmplY3RlZFwiOmZhbHNlfSJ9LHsicGx1Z2luIjoiYWJuX3NoYWRvdyIsInBhcmFtZXRlcnMiOiJ7XCJpc0Nzc1VybEluamVjdGVkXCI6ZmFsc2V9In1dfSwiaXNUb3BMZXZlbCI6dHJ1ZSwicGFnZVN0YXJ0VGltZSI6MTc4NTEzMjI3NTIyNiwibmF2aWdhdGlvblN0YXJ0VGltZSI6MTc4NTEzMjI3Mzc0OH0%3D&nocache=1fdae&tm=2026-07-27T06%3A06%3A35.754Z&second=true:0
[26150147ms] [ERROR] Failed to load resource: net::ERR_FAILED @ https://gc.kis.v2.scr.kaspersky-labs.com/7D8B79A2-8974-4D7B-A76A-F4F29624C06Beu1ScB50_jBlJEkkhNdFv0LjQF8TJjeCw2KS7xbiOY76PzBl9OGfF9EV1UItEwJkJprBs5PRv8k39jtk7ugPxg/init?data=eyJ1cmwiOiJodHRwczovL2FwcHN0b3JlY29ubmVjdC5hcHBsZS5jb20vbG9naW4iLCJwbHVnaW5zIjoid3NtJmNhJnZzJndudCZ1YSZhYm4mYWJuX3NoYWRvdyZjYiIsImRhdGEiOnsiZGF0YSI6W3sicGx1Z2luIjoid3NtIiwicGFyYW1ldGVycyI6IntcInJlZmVycmVyXCI6XCJodHRwczovL2FwcHN0b3JlY29ubmVjdC5hcHBsZS5jb20vYXBwcy82Nzg5OTEzMTg2L2Rpc3RyaWJ1dGlvbi9pb3MvdmVyc2lvbi9pbmZsaWdodFwiLFwic3R1YklkXCI6XCJcIn0ifSx7InBsdWdpbiI6IndudCIsInBhcmFtZXRlcnMiOiJ7XCJyZWZlcnJlclwiOlwiaHR0cHM6Ly9hcHBzdG9yZWNvbm5lY3QuYXBwbGUuY29tL2FwcHMvNjc4OTkxMzE4Ni9kaXN0cmlidXRpb24vaW9zL3ZlcnNpb24vaW5mbGlnaHRcIn0ifSx7InBsdWdpbiI6InVhIiwicGFyYW1ldGVycyI6Int9In0seyJwbHVnaW4iOiJhYm4iLCJwYXJhbWV0ZXJzIjoie1wiaXNDc3NVcmxJbmplY3RlZFwiOmZhbHNlfSJ9LHsicGx1Z2luIjoiYWJuX3NoYWRvdyIsInBhcmFtZXRlcnMiOiJ7XCJpc0Nzc1VybEluamVjdGVkXCI6ZmFsc2V9In1dfSwiaXNUb3BMZXZlbCI6dHJ1ZSwicGFnZVN0YXJ0VGltZSI6MTc4NTEzMjI3NTIyNiwibmF2aWdhdGlvblN0YXJ0VGltZSI6MTc4NTEzMjI3Mzc0OH0%3D&nocache=1608d&tm=2026-07-27T06%3A07%3A05.656Z:0
[26150161ms] [ERROR] Failed to load resource: net::ERR_FAILED @ https://gc.kis.v2.scr.kaspersky-labs.com/7D8B79A2-8974-4D7B-A76A-F4F29624C06Beu1ScB50_jBlJEkkhNdFv0LjQF8TJjeCw2KS7xbiOY76PzBl9OGfF9EV1UItEwJkJprBs5PRv8k39jtk7ugPxg/init?data=eyJ1cmwiOiJodHRwczovL2FwcHN0b3JlY29ubmVjdC5hcHBsZS5jb20vbG9naW4iLCJwbHVnaW5zIjoid3NtJmNhJnZzJndudCZ1YSZhYm4mYWJuX3NoYWRvdyZjYiIsImRhdGEiOnsiZGF0YSI6W3sicGx1Z2luIjoid3NtIiwicGFyYW1ldGVycyI6IntcInJlZmVycmVyXCI6XCJodHRwczovL2FwcHN0b3JlY29ubmVjdC5hcHBsZS5jb20vYXBwcy82Nzg5OTEzMTg2L2Rpc3RyaWJ1dGlvbi9pb3MvdmVyc2lvbi9pbmZsaWdodFwiLFwic3R1YklkXCI6XCJcIn0ifSx7InBsdWdpbiI6IndudCIsInBhcmFtZXRlcnMiOiJ7XCJyZWZlcnJlclwiOlwiaHR0cHM6Ly9hcHBzdG9yZWNvbm5lY3QuYXBwbGUuY29tL2FwcHMvNjc4OTkxMzE4Ni9kaXN0cmlidXRpb24vaW9zL3ZlcnNpb24vaW5mbGlnaHRcIn0ifSx7InBsdWdpbiI6InVhIiwicGFyYW1ldGVycyI6Int9In0seyJwbHVnaW4iOiJhYm4iLCJwYXJhbWV0ZXJzIjoie1wiaXNDc3NVcmxJbmplY3RlZFwiOmZhbHNlfSJ9LHsicGx1Z2luIjoiYWJuX3NoYWRvdyIsInBhcmFtZXRlcnMiOiJ7XCJpc0Nzc1VybEluamVjdGVkXCI6ZmFsc2V9In1dfSwiaXNUb3BMZXZlbCI6dHJ1ZSwicGFnZVN0YXJ0VGltZSI6MTc4NTEzMjI3NTIyNiwibmF2aWdhdGlvblN0YXJ0VGltZSI6MTc4NTEzMjI3Mzc0OH0%3D&nocache=135b1&tm=2026-07-27T06%3A07%3A05.669Z&second=true:0
[26180150ms] [ERROR] Failed to load resource: net::ERR_FAILED @ https://gc.kis.v2.scr.kaspersky-labs.com/7D8B79A2-8974-4D7B-A76A-F4F29624C06Beu1ScB50_jBlJEkkhNdFv0LjQF8TJjeCw2KS7xbiOY76PzBl9OGfF9EV1UItEwJkJprBs5PRv8k39jtk7ugPxg/init?data=eyJ1cmwiOiJodHRwczovL2FwcHN0b3JlY29ubmVjdC5hcHBsZS5jb20vbG9naW4iLCJwbHVnaW5zIjoid3NtJmNhJnZzJndudCZ1YSZhYm4mYWJuX3NoYWRvdyZjYiIsImRhdGEiOnsiZGF0YSI6W3sicGx1Z2luIjoid3NtIiwicGFyYW1ldGVycyI6IntcInJlZmVycmVyXCI6XCJodHRwczovL2FwcHN0b3JlY29ubmVjdC5hcHBsZS5jb20vYXBwcy82Nzg5OTEzMTg2L2Rpc3RyaWJ1dGlvbi9pb3MvdmVyc2lvbi9pbmZsaWdodFwiLFwic3R1YklkXCI6XCJcIn0ifSx7InBsdWdpbiI6IndudCIsInBhcmFtZXRlcnMiOiJ7XCJyZWZlcnJlclwiOlwiaHR0cHM6Ly9hcHBzdG9yZWNvbm5lY3QuYXBwbGUuY29tL2FwcHMvNjc4OTkxMzE4Ni9kaXN0cmlidXRpb24vaW9zL3ZlcnNpb24vaW5mbGlnaHRcIn0ifSx7InBsdWdpbiI6InVhIiwicGFyYW1ldGVycyI6Int9In0seyJwbHVnaW4iOiJhYm4iLCJwYXJhbWV0ZXJzIjoie1wiaXNDc3NVcmxJbmplY3RlZFwiOmZhbHNlfSJ9LHsicGx1Z2luIjoiYWJuX3NoYWRvdyIsInBhcmFtZXRlcnMiOiJ7XCJpc0Nzc1VybEluamVjdGVkXCI6ZmFsc2V9In1dfSwiaXNUb3BMZXZlbCI6dHJ1ZSwicGFnZVN0YXJ0VGltZSI6MTc4NTEzMjI3NTIyNiwibmF2aWdhdGlvblN0YXJ0VGltZSI6MTc4NTEzMjI3Mzc0OH0%3D&nocache=1f382&tm=2026-07-27T06%3A07%3A35.655Z:0
[26180160ms] [ERROR] Failed to load resource: net::ERR_FAILED @ https://gc.kis.v2.scr.kaspersky-labs.com/7D8B79A2-8974-4D7B-A76A-F4F29624C06Beu1ScB50_jBlJEkkhNdFv0LjQF8TJjeCw2KS7xbiOY76PzBl9OGfF9EV1UItEwJkJprBs5PRv8k39jtk7ugPxg/init?data=eyJ1cmwiOiJodHRwczovL2FwcHN0b3JlY29ubmVjdC5hcHBsZS5jb20vbG9naW4iLCJwbHVnaW5zIjoid3NtJmNhJnZzJndudCZ1YSZhYm4mYWJuX3NoYWRvdyZjYiIsImRhdGEiOnsiZGF0YSI6W3sicGx1Z2luIjoid3NtIiwicGFyYW1ldGVycyI6IntcInJlZmVycmVyXCI6XCJodHRwczovL2FwcHN0b3JlY29ubmVjdC5hcHBsZS5jb20vYXBwcy82Nzg5OTEzMTg2L2Rpc3RyaWJ1dGlvbi9pb3MvdmVyc2lvbi9pbmZsaWdodFwiLFwic3R1YklkXCI6XCJcIn0ifSx7InBsdWdpbiI6IndudCIsInBhcmFtZXRlcnMiOiJ7XCJyZWZlcnJlclwiOlwiaHR0cHM6Ly9hcHBzdG9yZWNvbm5lY3QuYXBwbGUuY29tL2FwcHMvNjc4OTkxMzE4Ni9kaXN0cmlidXRpb24vaW9zL3ZlcnNpb24vaW5mbGlnaHRcIn0ifSx7InBsdWdpbiI6InVhIiwicGFyYW1ldGVycyI6Int9In0seyJwbHVnaW4iOiJhYm4iLCJwYXJhbWV0ZXJzIjoie1wiaXNDc3NVcmxJbmplY3RlZFwiOmZhbHNlfSJ9LHsicGx1Z2luIjoiYWJuX3NoYWRvdyIsInBhcmFtZXRlcnMiOiJ7XCJpc0Nzc1VybEluamVjdGVkXCI6ZmFsc2V9In1dfSwiaXNUb3BMZXZlbCI6dHJ1ZSwicGFnZVN0YXJ0VGltZSI6MTc4NTEzMjI3NTIyNiwibmF2aWdhdGlvblN0YXJ0VGltZSI6MTc4NTEzMjI3Mzc0OH0%3D&nocache=19cb6&tm=2026-07-27T06%3A07%3A35.672Z&second=true:0
[26299183ms] [ERROR] Failed to load resource: net::ERR_FAILED @ https://gc.kis.v2.scr.kaspersky-labs.com/7D8B79A2-8974-4D7B-A76A-F4F29624C06Beu1ScB50_jBlJEkkhNdFv0LjQF8TJjeCw2KS7xbiOY76PzBl9OGfF9EV1UItEwJkJprBs5PRv8k39jtk7ugPxg/init?data=eyJ1cmwiOiJodHRwczovL2FwcHN0b3JlY29ubmVjdC5hcHBsZS5jb20vbG9naW4iLCJwbHVnaW5zIjoid3NtJmNhJnZzJndudCZ1YSZhYm4mYWJuX3NoYWRvdyZjYiIsImRhdGEiOnsiZGF0YSI6W3sicGx1Z2luIjoid3NtIiwicGFyYW1ldGVycyI6IntcInJlZmVycmVyXCI6XCJodHRwczovL2FwcHN0b3JlY29ubmVjdC5hcHBsZS5jb20vYXBwcy82Nzg5OTEzMTg2L2Rpc3RyaWJ1dGlvbi9pb3MvdmVyc2lvbi9pbmZsaWdodFwiLFwic3R1YklkXCI6XCJcIn0ifSx7InBsdWdpbiI6IndudCIsInBhcmFtZXRlcnMiOiJ7XCJyZWZlcnJlclwiOlwiaHR0cHM6Ly9hcHBzdG9yZWNvbm5lY3QuYXBwbGUuY29tL2FwcHMvNjc4OTkxMzE4Ni9kaXN0cmlidXRpb24vaW9zL3ZlcnNpb24vaW5mbGlnaHRcIn0ifSx7InBsdWdpbiI6InVhIiwicGFyYW1ldGVycyI6Int9In0seyJwbHVnaW4iOiJhYm4iLCJwYXJhbWV0ZXJzIjoie1wiaXNDc3NVcmxJbmplY3RlZFwiOmZhbHNlfSJ9LHsicGx1Z2luIjoiYWJuX3NoYWRvdyIsInBhcmFtZXRlcnMiOiJ7XCJpc0Nzc1VybEluamVjdGVkXCI6ZmFsc2V9In1dfSwiaXNUb3BMZXZlbCI6dHJ1ZSwicGFnZVN0YXJ0VGltZSI6MTc4NTEzMjI3NTIyNiwibmF2aWdhdGlvblN0YXJ0VGltZSI6MTc4NTEzMjI3Mzc0OH0%3D&nocache=13ab7&tm=2026-07-27T06%3A09%3A34.660Z:0
[26299191ms] [ERROR] Failed to load resource: net::ERR_FAILED @ https://gc.kis.v2.scr.kaspersky-labs.com/7D8B79A2-8974-4D7B-A76A-F4F29624C06Beu1ScB50_jBlJEkkhNdFv0LjQF8TJjeCw2KS7xbiOY76PzBl9OGfF9EV1UItEwJkJprBs5PRv8k39jtk7ugPxg/init?data=eyJ1cmwiOiJodHRwczovL2FwcHN0b3JlY29ubmVjdC5hcHBsZS5jb20vbG9naW4iLCJwbHVnaW5zIjoid3NtJmNhJnZzJndudCZ1YSZhYm4mYWJuX3NoYWRvdyZjYiIsImRhdGEiOnsiZGF0YSI6W3sicGx1Z2luIjoid3NtIiwicGFyYW1ldGVycyI6IntcInJlZmVycmVyXCI6XCJodHRwczovL2FwcHN0b3JlY29ubmVjdC5hcHBsZS5jb20vYXBwcy82Nzg5OTEzMTg2L2Rpc3RyaWJ1dGlvbi9pb3MvdmVyc2lvbi9pbmZsaWdodFwiLFwic3R1YklkXCI6XCJcIn0ifSx7InBsdWdpbiI6IndudCIsInBhcmFtZXRlcnMiOiJ7XCJyZWZlcnJlclwiOlwiaHR0cHM6Ly9hcHBzdG9yZWNvbm5lY3QuYXBwbGUuY29tL2FwcHMvNjc4OTkxMzE4Ni9kaXN0cmlidXRpb24vaW9zL3ZlcnNpb24vaW5mbGlnaHRcIn0ifSx7InBsdWdpbiI6InVhIiwicGFyYW1ldGVycyI6Int9In0seyJwbHVnaW4iOiJhYm4iLCJwYXJhbWV0ZXJzIjoie1wiaXNDc3NVcmxJbmplY3RlZFwiOmZhbHNlfSJ9LHsicGx1Z2luIjoiYWJuX3NoYWRvdyIsInBhcmFtZXRlcnMiOiJ7XCJpc0Nzc1VybEluamVjdGVkXCI6ZmFsc2V9In1dfSwiaXNUb3BMZXZlbCI6dHJ1ZSwicGFnZVN0YXJ0VGltZSI6MTc4NTEzMjI3NTIyNiwibmF2aWdhdGlvblN0YXJ0VGltZSI6MTc4NTEzMjI3Mzc0OH0%3D&nocache=1ec1b&tm=2026-07-27T06%3A09%3A34.705Z&second=true:0
[26419153ms] [ERROR] Failed to load resource: net::ERR_FAILED @ https://gc.kis.v2.scr.kaspersky-labs.com/7D8B79A2-8974-4D7B-A76A-F4F29624C06Beu1ScB50_jBlJEkkhNdFv0LjQF8TJjeCw2KS7xbiOY76PzBl9OGfF9EV1UItEwJkJprBs5PRv8k39jtk7ugPxg/init?data=eyJ1cmwiOiJodHRwczovL2FwcHN0b3JlY29ubmVjdC5hcHBsZS5jb20vbG9naW4iLCJwbHVnaW5zIjoid3NtJmNhJnZzJndudCZ1YSZhYm4mYWJuX3NoYWRvdyZjYiIsImRhdGEiOnsiZGF0YSI6W3sicGx1Z2luIjoid3NtIiwicGFyYW1ldGVycyI6IntcInJlZmVycmVyXCI6XCJodHRwczovL2FwcHN0b3JlY29ubmVjdC5hcHBsZS5jb20vYXBwcy82Nzg5OTEzMTg2L2Rpc3RyaWJ1dGlvbi9pb3MvdmVyc2lvbi9pbmZsaWdodFwiLFwic3R1YklkXCI6XCJcIn0ifSx7InBsdWdpbiI6IndudCIsInBhcmFtZXRlcnMiOiJ7XCJyZWZlcnJlclwiOlwiaHR0cHM6Ly9hcHBzdG9yZWNvbm5lY3QuYXBwbGUuY29tL2FwcHMvNjc4OTkxMzE4Ni9kaXN0cmlidXRpb24vaW9zL3ZlcnNpb24vaW5mbGlnaHRcIn0ifSx7InBsdWdpbiI6InVhIiwicGFyYW1ldGVycyI6Int9In0seyJwbHVnaW4iOiJhYm4iLCJwYXJhbWV0ZXJzIjoie1wiaXNDc3NVcmxJbmplY3RlZFwiOmZhbHNlfSJ9LHsicGx1Z2luIjoiYWJuX3NoYWRvdyIsInBhcmFtZXRlcnMiOiJ7XCJpc0Nzc1VybEluamVjdGVkXCI6ZmFsc2V9In1dfSwiaXNUb3BMZXZlbCI6dHJ1ZSwicGFnZVN0YXJ0VGltZSI6MTc4NTEzMjI3NTIyNiwibmF2aWdhdGlvblN0YXJ0VGltZSI6MTc4NTEzMjI3Mzc0OH0%3D&nocache=1d994&tm=2026-07-27T06%3A11%3A34.662Z:0
[26419163ms] [ERROR] Failed to load resource: net::ERR_FAILED @ https://gc.kis.v2.scr.kaspersky-labs.com/7D8B79A2-8974-4D7B-A76A-F4F29624C06Beu1ScB50_jBlJEkkhNdFv0LjQF8TJjeCw2KS7xbiOY76PzBl9OGfF9EV1UItEwJkJprBs5PRv8k39jtk7ugPxg/init?data=eyJ1cmwiOiJodHRwczovL2FwcHN0b3JlY29ubmVjdC5hcHBsZS5jb20vbG9naW4iLCJwbHVnaW5zIjoid3NtJmNhJnZzJndudCZ1YSZhYm4mYWJuX3NoYWRvdyZjYiIsImRhdGEiOnsiZGF0YSI6W3sicGx1Z2luIjoid3NtIiwicGFyYW1ldGVycyI6IntcInJlZmVycmVyXCI6XCJodHRwczovL2FwcHN0b3JlY29ubmVjdC5hcHBsZS5jb20vYXBwcy82Nzg5OTEzMTg2L2Rpc3RyaWJ1dGlvbi9pb3MvdmVyc2lvbi9pbmZsaWdodFwiLFwic3R1YklkXCI6XCJcIn0ifSx7InBsdWdpbiI6IndudCIsInBhcmFtZXRlcnMiOiJ7XCJyZWZlcnJlclwiOlwiaHR0cHM6Ly9hcHBzdG9yZWNvbm5lY3QuYXBwbGUuY29tL2FwcHMvNjc4OTkxMzE4Ni9kaXN0cmlidXRpb24vaW9zL3ZlcnNpb24vaW5mbGlnaHRcIn0ifSx7InBsdWdpbiI6InVhIiwicGFyYW1ldGVycyI6Int9In0seyJwbHVnaW4iOiJhYm4iLCJwYXJhbWV0ZXJzIjoie1wiaXNDc3NVcmxJbmplY3RlZFwiOmZhbHNlfSJ9LHsicGx1Z2luIjoiYWJuX3NoYWRvdyIsInBhcmFtZXRlcnMiOiJ7XCJpc0Nzc1VybEluamVjdGVkXCI6ZmFsc2V9In1dfSwiaXNUb3BMZXZlbCI6dHJ1ZSwicGFnZVN0YXJ0VGltZSI6MTc4NTEzMjI3NTIyNiwibmF2aWdhdGlvblN0YXJ0VGltZSI6MTc4NTEzMjI3Mzc0OH0%3D&nocache=161cc&tm=2026-07-27T06%3A11%3A34.675Z&second=true:0
[26539177ms] [ERROR] Failed to load resource: net::ERR_FAILED @ https://gc.kis.v2.scr.kaspersky-labs.com/7D8B79A2-8974-4D7B-A76A-F4F29624C06Beu1ScB50_jBlJEkkhNdFv0LjQF8TJjeCw2KS7xbiOY76PzBl9OGfF9EV1UItEwJkJprBs5PRv8k39jtk7ugPxg/init?data=eyJ1cmwiOiJodHRwczovL2FwcHN0b3JlY29ubmVjdC5hcHBsZS5jb20vbG9naW4iLCJwbHVnaW5zIjoid3NtJmNhJnZzJndudCZ1YSZhYm4mYWJuX3NoYWRvdyZjYiIsImRhdGEiOnsiZGF0YSI6W3sicGx1Z2luIjoid3NtIiwicGFyYW1ldGVycyI6IntcInJlZmVycmVyXCI6XCJodHRwczovL2FwcHN0b3JlY29ubmVjdC5hcHBsZS5jb20vYXBwcy82Nzg5OTEzMTg2L2Rpc3RyaWJ1dGlvbi9pb3MvdmVyc2lvbi9pbmZsaWdodFwiLFwic3R1YklkXCI6XCJcIn0ifSx7InBsdWdpbiI6IndudCIsInBhcmFtZXRlcnMiOiJ7XCJyZWZlcnJlclwiOlwiaHR0cHM6Ly9hcHBzdG9yZWNvbm5lY3QuYXBwbGUuY29tL2FwcHMvNjc4OTkxMzE4Ni9kaXN0cmlidXRpb24vaW9zL3ZlcnNpb24vaW5mbGlnaHRcIn0ifSx7InBsdWdpbiI6InVhIiwicGFyYW1ldGVycyI6Int9In0seyJwbHVnaW4iOiJhYm4iLCJwYXJhbWV0ZXJzIjoie1wiaXNDc3NVcmxJbmplY3RlZFwiOmZhbHNlfSJ9LHsicGx1Z2luIjoiYWJuX3NoYWRvdyIsInBhcmFtZXRlcnMiOiJ7XCJpc0Nzc1VybEluamVjdGVkXCI6ZmFsc2V9In1dfSwiaXNUb3BMZXZlbCI6dHJ1ZSwicGFnZVN0YXJ0VGltZSI6MTc4NTEzMjI3NTIyNiwibmF2aWdhdGlvblN0YXJ0VGltZSI6MTc4NTEzMjI3Mzc0OH0%3D&nocache=1be25&tm=2026-07-27T06%3A13%3A34.659Z:0
[26539192ms] [ERROR] Failed to load resource: net::ERR_FAILED @ https://gc.kis.v2.scr.kaspersky-labs.com/7D8B79A2-8974-4D7B-A76A-F4F29624C06Beu1ScB50_jBlJEkkhNdFv0LjQF8TJjeCw2KS7xbiOY76PzBl9OGfF9EV1UItEwJkJprBs5PRv8k39jtk7ugPxg/init?data=eyJ1cmwiOiJodHRwczovL2FwcHN0b3JlY29ubmVjdC5hcHBsZS5jb20vbG9naW4iLCJwbHVnaW5zIjoid3NtJmNhJnZzJndudCZ1YSZhYm4mYWJuX3NoYWRvdyZjYiIsImRhdGEiOnsiZGF0YSI6W3sicGx1Z2luIjoid3NtIiwicGFyYW1ldGVycyI6IntcInJlZmVycmVyXCI6XCJodHRwczovL2FwcHN0b3JlY29ubmVjdC5hcHBsZS5jb20vYXBwcy82Nzg5OTEzMTg2L2Rpc3RyaWJ1dGlvbi9pb3MvdmVyc2lvbi9pbmZsaWdodFwiLFwic3R1YklkXCI6XCJcIn0ifSx7InBsdWdpbiI6IndudCIsInBhcmFtZXRlcnMiOiJ7XCJyZWZlcnJlclwiOlwiaHR0cHM6Ly9hcHBzdG9yZWNvbm5lY3QuYXBwbGUuY29tL2FwcHMvNjc4OTkxMzE4Ni9kaXN0cmlidXRpb24vaW9zL3ZlcnNpb24vaW5mbGlnaHRcIn0ifSx7InBsdWdpbiI6InVhIiwicGFyYW1ldGVycyI6Int9In0seyJwbHVnaW4iOiJhYm4iLCJwYXJhbWV0ZXJzIjoie1wiaXNDc3NVcmxJbmplY3RlZFwiOmZhbHNlfSJ9LHsicGx1Z2luIjoiYWJuX3NoYWRvdyIsInBhcmFtZXRlcnMiOiJ7XCJpc0Nzc1VybEluamVjdGVkXCI6ZmFsc2V9In1dfSwiaXNUb3BMZXZlbCI6dHJ1ZSwicGFnZVN0YXJ0VGltZSI6MTc4NTEzMjI3NTIyNiwibmF2aWdhdGlvblN0YXJ0VGltZSI6MTc4NTEzMjI3Mzc0OH0%3D&nocache=16864&tm=2026-07-27T06%3A13%3A34.699Z&second=true:0
[26659157ms] [ERROR] Failed to load resource: net::ERR_FAILED @ https://gc.kis.v2.scr.kaspersky-labs.com/7D8B79A2-8974-4D7B-A76A-F4F29624C06Beu1ScB50_jBlJEkkhNdFv0LjQF8TJjeCw2KS7xbiOY76PzBl9OGfF9EV1UItEwJkJprBs5PRv8k39jtk7ugPxg/init?data=eyJ1cmwiOiJodHRwczovL2FwcHN0b3JlY29ubmVjdC5hcHBsZS5jb20vbG9naW4iLCJwbHVnaW5zIjoid3NtJmNhJnZzJndudCZ1YSZhYm4mYWJuX3NoYWRvdyZjYiIsImRhdGEiOnsiZGF0YSI6W3sicGx1Z2luIjoid3NtIiwicGFyYW1ldGVycyI6IntcInJlZmVycmVyXCI6XCJodHRwczovL2FwcHN0b3JlY29ubmVjdC5hcHBsZS5jb20vYXBwcy82Nzg5OTEzMTg2L2Rpc3RyaWJ1dGlvbi9pb3MvdmVyc2lvbi9pbmZsaWdodFwiLFwic3R1YklkXCI6XCJcIn0ifSx7InBsdWdpbiI6IndudCIsInBhcmFtZXRlcnMiOiJ7XCJyZWZlcnJlclwiOlwiaHR0cHM6Ly9hcHBzdG9yZWNvbm5lY3QuYXBwbGUuY29tL2FwcHMvNjc4OTkxMzE4Ni9kaXN0cmlidXRpb24vaW9zL3ZlcnNpb24vaW5mbGlnaHRcIn0ifSx7InBsdWdpbiI6InVhIiwicGFyYW1ldGVycyI6Int9In0seyJwbHVnaW4iOiJhYm4iLCJwYXJhbWV0ZXJzIjoie1wiaXNDc3NVcmxJbmplY3RlZFwiOmZhbHNlfSJ9LHsicGx1Z2luIjoiYWJuX3NoYWRvdyIsInBhcmFtZXRlcnMiOiJ7XCJpc0Nzc1VybEluamVjdGVkXCI6ZmFsc2V9In1dfSwiaXNUb3BMZXZlbCI6dHJ1ZSwicGFnZVN0YXJ0VGltZSI6MTc4NTEzMjI3NTIyNiwibmF2aWdhdGlvblN0YXJ0VGltZSI6MTc4NTEzMjI3Mzc0OH0%3D&nocache=16a85&tm=2026-07-27T06%3A15%3A34.669Z:0
[26659164ms] [ERROR] Failed to load resource: net::ERR_FAILED @ https://gc.kis.v2.scr.kaspersky-labs.com/7D8B79A2-8974-4D7B-A76A-F4F29624C06Beu1ScB50_jBlJEkkhNdFv0LjQF8TJjeCw2KS7xbiOY76PzBl9OGfF9EV1UItEwJkJprBs5PRv8k39jtk7ugPxg/init?data=eyJ1cmwiOiJodHRwczovL2FwcHN0b3JlY29ubmVjdC5hcHBsZS5jb20vbG9naW4iLCJwbHVnaW5zIjoid3NtJmNhJnZzJndudCZ1YSZhYm4mYWJuX3NoYWRvdyZjYiIsImRhdGEiOnsiZGF0YSI6W3sicGx1Z2luIjoid3NtIiwicGFyYW1ldGVycyI6IntcInJlZmVycmVyXCI6XCJodHRwczovL2FwcHN0b3JlY29ubmVjdC5hcHBsZS5jb20vYXBwcy82Nzg5OTEzMTg2L2Rpc3RyaWJ1dGlvbi9pb3MvdmVyc2lvbi9pbmZsaWdodFwiLFwic3R1YklkXCI6XCJcIn0ifSx7InBsdWdpbiI6IndudCIsInBhcmFtZXRlcnMiOiJ7XCJyZWZlcnJlclwiOlwiaHR0cHM6Ly9hcHBzdG9yZWNvbm5lY3QuYXBwbGUuY29tL2FwcHMvNjc4OTkxMzE4Ni9kaXN0cmlidXRpb24vaW9zL3ZlcnNpb24vaW5mbGlnaHRcIn0ifSx7InBsdWdpbiI6InVhIiwicGFyYW1ldGVycyI6Int9In0seyJwbHVnaW4iOiJhYm4iLCJwYXJhbWV0ZXJzIjoie1wiaXNDc3NVcmxJbmplY3RlZFwiOmZhbHNlfSJ9LHsicGx1Z2luIjoiYWJuX3NoYWRvdyIsInBhcmFtZXRlcnMiOiJ7XCJpc0Nzc1VybEluamVjdGVkXCI6ZmFsc2V9In1dfSwiaXNUb3BMZXZlbCI6dHJ1ZSwicGFnZVN0YXJ0VGltZSI6MTc4NTEzMjI3NTIyNiwibmF2aWdhdGlvblN0YXJ0VGltZSI6MTc4NTEzMjI3Mzc0OH0%3D&nocache=13ea3&tm=2026-07-27T06%3A15%3A34.680Z&second=true:0
[26779169ms] [ERROR] Failed to load resource: net::ERR_FAILED @ https://gc.kis.v2.scr.kaspersky-labs.com/7D8B79A2-8974-4D7B-A76A-F4F29624C06Beu1ScB50_jBlJEkkhNdFv0LjQF8TJjeCw2KS7xbiOY76PzBl9OGfF9EV1UItEwJkJprBs5PRv8k39jtk7ugPxg/init?data=eyJ1cmwiOiJodHRwczovL2FwcHN0b3JlY29ubmVjdC5hcHBsZS5jb20vbG9naW4iLCJwbHVnaW5zIjoid3NtJmNhJnZzJndudCZ1YSZhYm4mYWJuX3NoYWRvdyZjYiIsImRhdGEiOnsiZGF0YSI6W3sicGx1Z2luIjoid3NtIiwicGFyYW1ldGVycyI6IntcInJlZmVycmVyXCI6XCJodHRwczovL2FwcHN0b3JlY29ubmVjdC5hcHBsZS5jb20vYXBwcy82Nzg5OTEzMTg2L2Rpc3RyaWJ1dGlvbi9pb3MvdmVyc2lvbi9pbmZsaWdodFwiLFwic3R1YklkXCI6XCJcIn0ifSx7InBsdWdpbiI6IndudCIsInBhcmFtZXRlcnMiOiJ7XCJyZWZlcnJlclwiOlwiaHR0cHM6Ly9hcHBzdG9yZWNvbm5lY3QuYXBwbGUuY29tL2FwcHMvNjc4OTkxMzE4Ni9kaXN0cmlidXRpb24vaW9zL3ZlcnNpb24vaW5mbGlnaHRcIn0ifSx7InBsdWdpbiI6InVhIiwicGFyYW1ldGVycyI6Int9In0seyJwbHVnaW4iOiJhYm4iLCJwYXJhbWV0ZXJzIjoie1wiaXNDc3NVcmxJbmplY3RlZFwiOmZhbHNlfSJ9LHsicGx1Z2luIjoiYWJuX3NoYWRvdyIsInBhcmFtZXRlcnMiOiJ7XCJpc0Nzc1VybEluamVjdGVkXCI6ZmFsc2V9In1dfSwiaXNUb3BMZXZlbCI6dHJ1ZSwicGFnZVN0YXJ0VGltZSI6MTc4NTEzMjI3NTIyNiwibmF2aWdhdGlvblN0YXJ0VGltZSI6MTc4NTEzMjI3Mzc0OH0%3D&nocache=1fddc&tm=2026-07-27T06%3A17%3A34.669Z:0
[26779178ms] [ERROR] Failed to load resource: net::ERR_FAILED @ https://gc.kis.v2.scr.kaspersky-labs.com/7D8B79A2-8974-4D7B-A76A-F4F29624C06Beu1ScB50_jBlJEkkhNdFv0LjQF8TJjeCw2KS7xbiOY76PzBl9OGfF9EV1UItEwJkJprBs5PRv8k39jtk7ugPxg/init?data=eyJ1cmwiOiJodHRwczovL2FwcHN0b3JlY29ubmVjdC5hcHBsZS5jb20vbG9naW4iLCJwbHVnaW5zIjoid3NtJmNhJnZzJndudCZ1YSZhYm4mYWJuX3NoYWRvdyZjYiIsImRhdGEiOnsiZGF0YSI6W3sicGx1Z2luIjoid3NtIiwicGFyYW1ldGVycyI6IntcInJlZmVycmVyXCI6XCJodHRwczovL2FwcHN0b3JlY29ubmVjdC5hcHBsZS5jb20vYXBwcy82Nzg5OTEzMTg2L2Rpc3RyaWJ1dGlvbi9pb3MvdmVyc2lvbi9pbmZsaWdodFwiLFwic3R1YklkXCI6XCJcIn0ifSx7InBsdWdpbiI6IndudCIsInBhcmFtZXRlcnMiOiJ7XCJyZWZlcnJlclwiOlwiaHR0cHM6Ly9hcHBzdG9yZWNvbm5lY3QuYXBwbGUuY29tL2FwcHMvNjc4OTkxMzE4Ni9kaXN0cmlidXRpb24vaW9zL3ZlcnNpb24vaW5mbGlnaHRcIn0ifSx7InBsdWdpbiI6InVhIiwicGFyYW1ldGVycyI6Int9In0seyJwbHVnaW4iOiJhYm4iLCJwYXJhbWV0ZXJzIjoie1wiaXNDc3NVcmxJbmplY3RlZFwiOmZhbHNlfSJ9LHsicGx1Z2luIjoiYWJuX3NoYWRvdyIsInBhcmFtZXRlcnMiOiJ7XCJpc0Nzc1VybEluamVjdGVkXCI6ZmFsc2V9In1dfSwiaXNUb3BMZXZlbCI6dHJ1ZSwicGFnZVN0YXJ0VGltZSI6MTc4NTEzMjI3NTIyNiwibmF2aWdhdGlvblN0YXJ0VGltZSI6MTc4NTEzMjI3Mzc0OH0%3D&nocache=119b6&tm=2026-07-27T06%3A17%3A34.691Z&second=true:0
[26899143ms] [ERROR] Failed to load resource: net::ERR_FAILED @ https://gc.kis.v2.scr.kaspersky-labs.com/7D8B79A2-8974-4D7B-A76A-F4F29624C06Beu1ScB50_jBlJEkkhNdFv0LjQF8TJjeCw2KS7xbiOY76PzBl9OGfF9EV1UItEwJkJprBs5PRv8k39jtk7ugPxg/init?data=eyJ1cmwiOiJodHRwczovL2FwcHN0b3JlY29ubmVjdC5hcHBsZS5jb20vbG9naW4iLCJwbHVnaW5zIjoid3NtJmNhJnZzJndudCZ1YSZhYm4mYWJuX3NoYWRvdyZjYiIsImRhdGEiOnsiZGF0YSI6W3sicGx1Z2luIjoid3NtIiwicGFyYW1ldGVycyI6IntcInJlZmVycmVyXCI6XCJodHRwczovL2FwcHN0b3JlY29ubmVjdC5hcHBsZS5jb20vYXBwcy82Nzg5OTEzMTg2L2Rpc3RyaWJ1dGlvbi9pb3MvdmVyc2lvbi9pbmZsaWdodFwiLFwic3R1YklkXCI6XCJcIn0ifSx7InBsdWdpbiI6IndudCIsInBhcmFtZXRlcnMiOiJ7XCJyZWZlcnJlclwiOlwiaHR0cHM6Ly9hcHBzdG9yZWNvbm5lY3QuYXBwbGUuY29tL2FwcHMvNjc4OTkxMzE4Ni9kaXN0cmlidXRpb24vaW9zL3ZlcnNpb24vaW5mbGlnaHRcIn0ifSx7InBsdWdpbiI6InVhIiwicGFyYW1ldGVycyI6Int9In0seyJwbHVnaW4iOiJhYm4iLCJwYXJhbWV0ZXJzIjoie1wiaXNDc3NVcmxJbmplY3RlZFwiOmZhbHNlfSJ9LHsicGx1Z2luIjoiYWJuX3NoYWRvdyIsInBhcmFtZXRlcnMiOiJ7XCJpc0Nzc1VybEluamVjdGVkXCI6ZmFsc2V9In1dfSwiaXNUb3BMZXZlbCI6dHJ1ZSwicGFnZVN0YXJ0VGltZSI6MTc4NTEzMjI3NTIyNiwibmF2aWdhdGlvblN0YXJ0VGltZSI6MTc4NTEzMjI3Mzc0OH0%3D&nocache=106fe&tm=2026-07-27T06%3A19%3A34.655Z:0
[26899151ms] [ERROR] Failed to load resource: net::ERR_FAILED @ https://gc.kis.v2.scr.kaspersky-labs.com/7D8B79A2-8974-4D7B-A76A-F4F29624C06Beu1ScB50_jBlJEkkhNdFv0LjQF8TJjeCw2KS7xbiOY76PzBl9OGfF9EV1UItEwJkJprBs5PRv8k39jtk7ugPxg/init?data=eyJ1cmwiOiJodHRwczovL2FwcHN0b3JlY29ubmVjdC5hcHBsZS5jb20vbG9naW4iLCJwbHVnaW5zIjoid3NtJmNhJnZzJndudCZ1YSZhYm4mYWJuX3NoYWRvdyZjYiIsImRhdGEiOnsiZGF0YSI6W3sicGx1Z2luIjoid3NtIiwicGFyYW1ldGVycyI6IntcInJlZmVycmVyXCI6XCJodHRwczovL2FwcHN0b3JlY29ubmVjdC5hcHBsZS5jb20vYXBwcy82Nzg5OTEzMTg2L2Rpc3RyaWJ1dGlvbi9pb3MvdmVyc2lvbi9pbmZsaWdodFwiLFwic3R1YklkXCI6XCJcIn0ifSx7InBsdWdpbiI6IndudCIsInBhcmFtZXRlcnMiOiJ7XCJyZWZlcnJlclwiOlwiaHR0cHM6Ly9hcHBzdG9yZWNvbm5lY3QuYXBwbGUuY29tL2FwcHMvNjc4OTkxMzE4Ni9kaXN0cmlidXRpb24vaW9zL3ZlcnNpb24vaW5mbGlnaHRcIn0ifSx7InBsdWdpbiI6InVhIiwicGFyYW1ldGVycyI6Int9In0seyJwbHVnaW4iOiJhYm4iLCJwYXJhbWV0ZXJzIjoie1wiaXNDc3NVcmxJbmplY3RlZFwiOmZhbHNlfSJ9LHsicGx1Z2luIjoiYWJuX3NoYWRvdyIsInBhcmFtZXRlcnMiOiJ7XCJpc0Nzc1VybEluamVjdGVkXCI6ZmFsc2V9In1dfSwiaXNUb3BMZXZlbCI6dHJ1ZSwicGFnZVN0YXJ0VGltZSI6MTc4NTEzMjI3NTIyNiwibmF2aWdhdGlvblN0YXJ0VGltZSI6MTc4NTEzMjI3Mzc0OH0%3D&nocache=1df1b&tm=2026-07-27T06%3A19%3A34.665Z&second=true:0
[27019181ms] [ERROR] Failed to load resource: net::ERR_FAILED @ https://gc.kis.v2.scr.kaspersky-labs.com/7D8B79A2-8974-4D7B-A76A-F4F29624C06Beu1ScB50_jBlJEkkhNdFv0LjQF8TJjeCw2KS7xbiOY76PzBl9OGfF9EV1UItEwJkJprBs5PRv8k39jtk7ugPxg/init?data=eyJ1cmwiOiJodHRwczovL2FwcHN0b3JlY29ubmVjdC5hcHBsZS5jb20vbG9naW4iLCJwbHVnaW5zIjoid3NtJmNhJnZzJndudCZ1YSZhYm4mYWJuX3NoYWRvdyZjYiIsImRhdGEiOnsiZGF0YSI6W3sicGx1Z2luIjoid3NtIiwicGFyYW1ldGVycyI6IntcInJlZmVycmVyXCI6XCJodHRwczovL2FwcHN0b3JlY29ubmVjdC5hcHBsZS5jb20vYXBwcy82Nzg5OTEzMTg2L2Rpc3RyaWJ1dGlvbi9pb3MvdmVyc2lvbi9pbmZsaWdodFwiLFwic3R1YklkXCI6XCJcIn0ifSx7InBsdWdpbiI6IndudCIsInBhcmFtZXRlcnMiOiJ7XCJyZWZlcnJlclwiOlwiaHR0cHM6Ly9hcHBzdG9yZWNvbm5lY3QuYXBwbGUuY29tL2FwcHMvNjc4OTkxMzE4Ni9kaXN0cmlidXRpb24vaW9zL3ZlcnNpb24vaW5mbGlnaHRcIn0ifSx7InBsdWdpbiI6InVhIiwicGFyYW1ldGVycyI6Int9In0seyJwbHVnaW4iOiJhYm4iLCJwYXJhbWV0ZXJzIjoie1wiaXNDc3NVcmxJbmplY3RlZFwiOmZhbHNlfSJ9LHsicGx1Z2luIjoiYWJuX3NoYWRvdyIsInBhcmFtZXRlcnMiOiJ7XCJpc0Nzc1VybEluamVjdGVkXCI6ZmFsc2V9In1dfSwiaXNUb3BMZXZlbCI6dHJ1ZSwicGFnZVN0YXJ0VGltZSI6MTc4NTEzMjI3NTIyNiwibmF2aWdhdGlvblN0YXJ0VGltZSI6MTc4NTEzMjI3Mzc0OH0%3D&nocache=1b294&tm=2026-07-27T06%3A21%3A34.693Z:0
[27019191ms] [ERROR] Failed to load resource: net::ERR_FAILED @ https://gc.kis.v2.scr.kaspersky-labs.com/7D8B79A2-8974-4D7B-A76A-F4F29624C06Beu1ScB50_jBlJEkkhNdFv0LjQF8TJjeCw2KS7xbiOY76PzBl9OGfF9EV1UItEwJkJprBs5PRv8k39jtk7ugPxg/init?data=eyJ1cmwiOiJodHRwczovL2FwcHN0b3JlY29ubmVjdC5hcHBsZS5jb20vbG9naW4iLCJwbHVnaW5zIjoid3NtJmNhJnZzJndudCZ1YSZhYm4mYWJuX3NoYWRvdyZjYiIsImRhdGEiOnsiZGF0YSI6W3sicGx1Z2luIjoid3NtIiwicGFyYW1ldGVycyI6IntcInJlZmVycmVyXCI6XCJodHRwczovL2FwcHN0b3JlY29ubmVjdC5hcHBsZS5jb20vYXBwcy82Nzg5OTEzMTg2L2Rpc3RyaWJ1dGlvbi9pb3MvdmVyc2lvbi9pbmZsaWdodFwiLFwic3R1YklkXCI6XCJcIn0ifSx7InBsdWdpbiI6IndudCIsInBhcmFtZXRlcnMiOiJ7XCJyZWZlcnJlclwiOlwiaHR0cHM6Ly9hcHBzdG9yZWNvbm5lY3QuYXBwbGUuY29tL2FwcHMvNjc4OTkxMzE4Ni9kaXN0cmlidXRpb24vaW9zL3ZlcnNpb24vaW5mbGlnaHRcIn0ifSx7InBsdWdpbiI6InVhIiwicGFyYW1ldGVycyI6Int9In0seyJwbHVnaW4iOiJhYm4iLCJwYXJhbWV0ZXJzIjoie1wiaXNDc3NVcmxJbmplY3RlZFwiOmZhbHNlfSJ9LHsicGx1Z2luIjoiYWJuX3NoYWRvdyIsInBhcmFtZXRlcnMiOiJ7XCJpc0Nzc1VybEluamVjdGVkXCI6ZmFsc2V9In1dfSwiaXNUb3BMZXZlbCI6dHJ1ZSwicGFnZVN0YXJ0VGltZSI6MTc4NTEzMjI3NTIyNiwibmF2aWdhdGlvblN0YXJ0VGltZSI6MTc4NTEzMjI3Mzc0OH0%3D&nocache=12990&tm=2026-07-27T06%3A21%3A34.703Z&second=true:0
[27139157ms] [ERROR] Failed to load resource: net::ERR_FAILED @ https://gc.kis.v2.scr.kaspersky-labs.com/7D8B79A2-8974-4D7B-A76A-F4F29624C06Beu1ScB50_jBlJEkkhNdFv0LjQF8TJjeCw2KS7xbiOY76PzBl9OGfF9EV1UItEwJkJprBs5PRv8k39jtk7ugPxg/init?data=eyJ1cmwiOiJodHRwczovL2FwcHN0b3JlY29ubmVjdC5hcHBsZS5jb20vbG9naW4iLCJwbHVnaW5zIjoid3NtJmNhJnZzJndudCZ1YSZhYm4mYWJuX3NoYWRvdyZjYiIsImRhdGEiOnsiZGF0YSI6W3sicGx1Z2luIjoid3NtIiwicGFyYW1ldGVycyI6IntcInJlZmVycmVyXCI6XCJodHRwczovL2FwcHN0b3JlY29ubmVjdC5hcHBsZS5jb20vYXBwcy82Nzg5OTEzMTg2L2Rpc3RyaWJ1dGlvbi9pb3MvdmVyc2lvbi9pbmZsaWdodFwiLFwic3R1YklkXCI6XCJcIn0ifSx7InBsdWdpbiI6IndudCIsInBhcmFtZXRlcnMiOiJ7XCJyZWZlcnJlclwiOlwiaHR0cHM6Ly9hcHBzdG9yZWNvbm5lY3QuYXBwbGUuY29tL2FwcHMvNjc4OTkxMzE4Ni9kaXN0cmlidXRpb24vaW9zL3ZlcnNpb24vaW5mbGlnaHRcIn0ifSx7InBsdWdpbiI6InVhIiwicGFyYW1ldGVycyI6Int9In0seyJwbHVnaW4iOiJhYm4iLCJwYXJhbWV0ZXJzIjoie1wiaXNDc3NVcmxJbmplY3RlZFwiOmZhbHNlfSJ9LHsicGx1Z2luIjoiYWJuX3NoYWRvdyIsInBhcmFtZXRlcnMiOiJ7XCJpc0Nzc1VybEluamVjdGVkXCI6ZmFsc2V9In1dfSwiaXNUb3BMZXZlbCI6dHJ1ZSwicGFnZVN0YXJ0VGltZSI6MTc4NTEzMjI3NTIyNiwibmF2aWdhdGlvblN0YXJ0VGltZSI6MTc4NTEzMjI3Mzc0OH0%3D&nocache=1d90d&tm=2026-07-27T06%3A23%3A34.666Z:0
[27139169ms] [ERROR] Failed to load resource: net::ERR_FAILED @ https://gc.kis.v2.scr.kaspersky-labs.com/7D8B79A2-8974-4D7B-A76A-F4F29624C06Beu1ScB50_jBlJEkkhNdFv0LjQF8TJjeCw2KS7xbiOY76PzBl9OGfF9EV1UItEwJkJprBs5PRv8k39jtk7ugPxg/init?data=eyJ1cmwiOiJodHRwczovL2FwcHN0b3JlY29ubmVjdC5hcHBsZS5jb20vbG9naW4iLCJwbHVnaW5zIjoid3NtJmNhJnZzJndudCZ1YSZhYm4mYWJuX3NoYWRvdyZjYiIsImRhdGEiOnsiZGF0YSI6W3sicGx1Z2luIjoid3NtIiwicGFyYW1ldGVycyI6IntcInJlZmVycmVyXCI6XCJodHRwczovL2FwcHN0b3JlY29ubmVjdC5hcHBsZS5jb20vYXBwcy82Nzg5OTEzMTg2L2Rpc3RyaWJ1dGlvbi9pb3MvdmVyc2lvbi9pbmZsaWdodFwiLFwic3R1YklkXCI6XCJcIn0ifSx7InBsdWdpbiI6IndudCIsInBhcmFtZXRlcnMiOiJ7XCJyZWZlcnJlclwiOlwiaHR0cHM6Ly9hcHBzdG9yZWNvbm5lY3QuYXBwbGUuY29tL2FwcHMvNjc4OTkxMzE4Ni9kaXN0cmlidXRpb24vaW9zL3ZlcnNpb24vaW5mbGlnaHRcIn0ifSx7InBsdWdpbiI6InVhIiwicGFyYW1ldGVycyI6Int9In0seyJwbHVnaW4iOiJhYm4iLCJwYXJhbWV0ZXJzIjoie1wiaXNDc3NVcmxJbmplY3RlZFwiOmZhbHNlfSJ9LHsicGx1Z2luIjoiYWJuX3NoYWRvdyIsInBhcmFtZXRlcnMiOiJ7XCJpc0Nzc1VybEluamVjdGVkXCI6ZmFsc2V9In1dfSwiaXNUb3BMZXZlbCI6dHJ1ZSwicGFnZVN0YXJ0VGltZSI6MTc4NTEzMjI3NTIyNiwibmF2aWdhdGlvblN0YXJ0VGltZSI6MTc4NTEzMjI3Mzc0OH0%3D&nocache=1cbef&tm=2026-07-27T06%3A23%3A34.679Z&second=true:0
[27259155ms] [ERROR] Failed to load resource: net::ERR_FAILED @ https://gc.kis.v2.scr.kaspersky-labs.com/7D8B79A2-8974-4D7B-A76A-F4F29624C06Beu1ScB50_jBlJEkkhNdFv0LjQF8TJjeCw2KS7xbiOY76PzBl9OGfF9EV1UItEwJkJprBs5PRv8k39jtk7ugPxg/init?data=eyJ1cmwiOiJodHRwczovL2FwcHN0b3JlY29ubmVjdC5hcHBsZS5jb20vbG9naW4iLCJwbHVnaW5zIjoid3NtJmNhJnZzJndudCZ1YSZhYm4mYWJuX3NoYWRvdyZjYiIsImRhdGEiOnsiZGF0YSI6W3sicGx1Z2luIjoid3NtIiwicGFyYW1ldGVycyI6IntcInJlZmVycmVyXCI6XCJodHRwczovL2FwcHN0b3JlY29ubmVjdC5hcHBsZS5jb20vYXBwcy82Nzg5OTEzMTg2L2Rpc3RyaWJ1dGlvbi9pb3MvdmVyc2lvbi9pbmZsaWdodFwiLFwic3R1YklkXCI6XCJcIn0ifSx7InBsdWdpbiI6IndudCIsInBhcmFtZXRlcnMiOiJ7XCJyZWZlcnJlclwiOlwiaHR0cHM6Ly9hcHBzdG9yZWNvbm5lY3QuYXBwbGUuY29tL2FwcHMvNjc4OTkxMzE4Ni9kaXN0cmlidXRpb24vaW9zL3ZlcnNpb24vaW5mbGlnaHRcIn0ifSx7InBsdWdpbiI6InVhIiwicGFyYW1ldGVycyI6Int9In0seyJwbHVnaW4iOiJhYm4iLCJwYXJhbWV0ZXJzIjoie1wiaXNDc3NVcmxJbmplY3RlZFwiOmZhbHNlfSJ9LHsicGx1Z2luIjoiYWJuX3NoYWRvdyIsInBhcmFtZXRlcnMiOiJ7XCJpc0Nzc1VybEluamVjdGVkXCI6ZmFsc2V9In1dfSwiaXNUb3BMZXZlbCI6dHJ1ZSwicGFnZVN0YXJ0VGltZSI6MTc4NTEzMjI3NTIyNiwibmF2aWdhdGlvblN0YXJ0VGltZSI6MTc4NTEzMjI3Mzc0OH0%3D&nocache=15e91&tm=2026-07-27T06%3A25%3A34.665Z:0
[27259163ms] [ERROR] Failed to load resource: net::ERR_FAILED @ https://gc.kis.v2.scr.kaspersky-labs.com/7D8B79A2-8974-4D7B-A76A-F4F29624C06Beu1ScB50_jBlJEkkhNdFv0LjQF8TJjeCw2KS7xbiOY76PzBl9OGfF9EV1UItEwJkJprBs5PRv8k39jtk7ugPxg/init?data=eyJ1cmwiOiJodHRwczovL2FwcHN0b3JlY29ubmVjdC5hcHBsZS5jb20vbG9naW4iLCJwbHVnaW5zIjoid3NtJmNhJnZzJndudCZ1YSZhYm4mYWJuX3NoYWRvdyZjYiIsImRhdGEiOnsiZGF0YSI6W3sicGx1Z2luIjoid3NtIiwicGFyYW1ldGVycyI6IntcInJlZmVycmVyXCI6XCJodHRwczovL2FwcHN0b3JlY29ubmVjdC5hcHBsZS5jb20vYXBwcy82Nzg5OTEzMTg2L2Rpc3RyaWJ1dGlvbi9pb3MvdmVyc2lvbi9pbmZsaWdodFwiLFwic3R1YklkXCI6XCJcIn0ifSx7InBsdWdpbiI6IndudCIsInBhcmFtZXRlcnMiOiJ7XCJyZWZlcnJlclwiOlwiaHR0cHM6Ly9hcHBzdG9yZWNvbm5lY3QuYXBwbGUuY29tL2FwcHMvNjc4OTkxMzE4Ni9kaXN0cmlidXRpb24vaW9zL3ZlcnNpb24vaW5mbGlnaHRcIn0ifSx7InBsdWdpbiI6InVhIiwicGFyYW1ldGVycyI6Int9In0seyJwbHVnaW4iOiJhYm4iLCJwYXJhbWV0ZXJzIjoie1wiaXNDc3NVcmxJbmplY3RlZFwiOmZhbHNlfSJ9LHsicGx1Z2luIjoiYWJuX3NoYWRvdyIsInBhcmFtZXRlcnMiOiJ7XCJpc0Nzc1VybEluamVjdGVkXCI6ZmFsc2V9In1dfSwiaXNUb3BMZXZlbCI6dHJ1ZSwicGFnZVN0YXJ0VGltZSI6MTc4NTEzMjI3NTIyNiwibmF2aWdhdGlvblN0YXJ0VGltZSI6MTc4NTEzMjI3Mzc0OH0%3D&nocache=10dcb&tm=2026-07-27T06%3A25%3A34.677Z&second=true:0
[27379175ms] [ERROR] Failed to load resource: net::ERR_FAILED @ https://gc.kis.v2.scr.kaspersky-labs.com/7D8B79A2-8974-4D7B-A76A-F4F29624C06Beu1ScB50_jBlJEkkhNdFv0LjQF8TJjeCw2KS7xbiOY76PzBl9OGfF9EV1UItEwJkJprBs5PRv8k39jtk7ugPxg/init?data=eyJ1cmwiOiJodHRwczovL2FwcHN0b3JlY29ubmVjdC5hcHBsZS5jb20vbG9naW4iLCJwbHVnaW5zIjoid3NtJmNhJnZzJndudCZ1YSZhYm4mYWJuX3NoYWRvdyZjYiIsImRhdGEiOnsiZGF0YSI6W3sicGx1Z2luIjoid3NtIiwicGFyYW1ldGVycyI6IntcInJlZmVycmVyXCI6XCJodHRwczovL2FwcHN0b3JlY29ubmVjdC5hcHBsZS5jb20vYXBwcy82Nzg5OTEzMTg2L2Rpc3RyaWJ1dGlvbi9pb3MvdmVyc2lvbi9pbmZsaWdodFwiLFwic3R1YklkXCI6XCJcIn0ifSx7InBsdWdpbiI6IndudCIsInBhcmFtZXRlcnMiOiJ7XCJyZWZlcnJlclwiOlwiaHR0cHM6Ly9hcHBzdG9yZWNvbm5lY3QuYXBwbGUuY29tL2FwcHMvNjc4OTkxMzE4Ni9kaXN0cmlidXRpb24vaW9zL3ZlcnNpb24vaW5mbGlnaHRcIn0ifSx7InBsdWdpbiI6InVhIiwicGFyYW1ldGVycyI6Int9In0seyJwbHVnaW4iOiJhYm4iLCJwYXJhbWV0ZXJzIjoie1wiaXNDc3NVcmxJbmplY3RlZFwiOmZhbHNlfSJ9LHsicGx1Z2luIjoiYWJuX3NoYWRvdyIsInBhcmFtZXRlcnMiOiJ7XCJpc0Nzc1VybEluamVjdGVkXCI6ZmFsc2V9In1dfSwiaXNUb3BMZXZlbCI6dHJ1ZSwicGFnZVN0YXJ0VGltZSI6MTc4NTEzMjI3NTIyNiwibmF2aWdhdGlvblN0YXJ0VGltZSI6MTc4NTEzMjI3Mzc0OH0%3D&nocache=174b6&tm=2026-07-27T06%3A27%3A34.665Z:0
[27379182ms] [ERROR] Failed to load resource: net::ERR_FAILED @ https://gc.kis.v2.scr.kaspersky-labs.com/7D8B79A2-8974-4D7B-A76A-F4F29624C06Beu1ScB50_jBlJEkkhNdFv0LjQF8TJjeCw2KS7xbiOY76PzBl9OGfF9EV1UItEwJkJprBs5PRv8k39jtk7ugPxg/init?data=eyJ1cmwiOiJodHRwczovL2FwcHN0b3JlY29ubmVjdC5hcHBsZS5jb20vbG9naW4iLCJwbHVnaW5zIjoid3NtJmNhJnZzJndudCZ1YSZhYm4mYWJuX3NoYWRvdyZjYiIsImRhdGEiOnsiZGF0YSI6W3sicGx1Z2luIjoid3NtIiwicGFyYW1ldGVycyI6IntcInJlZmVycmVyXCI6XCJodHRwczovL2FwcHN0b3JlY29ubmVjdC5hcHBsZS5jb20vYXBwcy82Nzg5OTEzMTg2L2Rpc3RyaWJ1dGlvbi9pb3MvdmVyc2lvbi9pbmZsaWdodFwiLFwic3R1YklkXCI6XCJcIn0ifSx7InBsdWdpbiI6IndudCIsInBhcmFtZXRlcnMiOiJ7XCJyZWZlcnJlclwiOlwiaHR0cHM6Ly9hcHBzdG9yZWNvbm5lY3QuYXBwbGUuY29tL2FwcHMvNjc4OTkxMzE4Ni9kaXN0cmlidXRpb24vaW9zL3ZlcnNpb24vaW5mbGlnaHRcIn0ifSx7InBsdWdpbiI6InVhIiwicGFyYW1ldGVycyI6Int9In0seyJwbHVnaW4iOiJhYm4iLCJwYXJhbWV0ZXJzIjoie1wiaXNDc3NVcmxJbmplY3RlZFwiOmZhbHNlfSJ9LHsicGx1Z2luIjoiYWJuX3NoYWRvdyIsInBhcmFtZXRlcnMiOiJ7XCJpc0Nzc1VybEluamVjdGVkXCI6ZmFsc2V9In1dfSwiaXNUb3BMZXZlbCI6dHJ1ZSwicGFnZVN0YXJ0VGltZSI6MTc4NTEzMjI3NTIyNiwibmF2aWdhdGlvblN0YXJ0VGltZSI6MTc4NTEzMjI3Mzc0OH0%3D&nocache=12779&tm=2026-07-27T06%3A27%3A34.697Z&second=true:0
[27499145ms] [ERROR] Failed to load resource: net::ERR_FAILED @ https://gc.kis.v2.scr.kaspersky-labs.com/7D8B79A2-8974-4D7B-A76A-F4F29624C06Beu1ScB50_jBlJEkkhNdFv0LjQF8TJjeCw2KS7xbiOY76PzBl9OGfF9EV1UItEwJkJprBs5PRv8k39jtk7ugPxg/init?data=eyJ1cmwiOiJodHRwczovL2FwcHN0b3JlY29ubmVjdC5hcHBsZS5jb20vbG9naW4iLCJwbHVnaW5zIjoid3NtJmNhJnZzJndudCZ1YSZhYm4mYWJuX3NoYWRvdyZjYiIsImRhdGEiOnsiZGF0YSI6W3sicGx1Z2luIjoid3NtIiwicGFyYW1ldGVycyI6IntcInJlZmVycmVyXCI6XCJodHRwczovL2FwcHN0b3JlY29ubmVjdC5hcHBsZS5jb20vYXBwcy82Nzg5OTEzMTg2L2Rpc3RyaWJ1dGlvbi9pb3MvdmVyc2lvbi9pbmZsaWdodFwiLFwic3R1YklkXCI6XCJcIn0ifSx7InBsdWdpbiI6IndudCIsInBhcmFtZXRlcnMiOiJ7XCJyZWZlcnJlclwiOlwiaHR0cHM6Ly9hcHBzdG9yZWNvbm5lY3QuYXBwbGUuY29tL2FwcHMvNjc4OTkxMzE4Ni9kaXN0cmlidXRpb24vaW9zL3ZlcnNpb24vaW5mbGlnaHRcIn0ifSx7InBsdWdpbiI6InVhIiwicGFyYW1ldGVycyI6Int9In0seyJwbHVnaW4iOiJhYm4iLCJwYXJhbWV0ZXJzIjoie1wiaXNDc3NVcmxJbmplY3RlZFwiOmZhbHNlfSJ9LHsicGx1Z2luIjoiYWJuX3NoYWRvdyIsInBhcmFtZXRlcnMiOiJ7XCJpc0Nzc1VybEluamVjdGVkXCI6ZmFsc2V9In1dfSwiaXNUb3BMZXZlbCI6dHJ1ZSwicGFnZVN0YXJ0VGltZSI6MTc4NTEzMjI3NTIyNiwibmF2aWdhdGlvblN0YXJ0VGltZSI6MTc4NTEzMjI3Mzc0OH0%3D&nocache=13abf&tm=2026-07-27T06%3A29%3A34.656Z:0
[27499152ms] [ERROR] Failed to load resource: net::ERR_FAILED @ https://gc.kis.v2.scr.kaspersky-labs.com/7D8B79A2-8974-4D7B-A76A-F4F29624C06Beu1ScB50_jBlJEkkhNdFv0LjQF8TJjeCw2KS7xbiOY76PzBl9OGfF9EV1UItEwJkJprBs5PRv8k39jtk7ugPxg/init?data=eyJ1cmwiOiJodHRwczovL2FwcHN0b3JlY29ubmVjdC5hcHBsZS5jb20vbG9naW4iLCJwbHVnaW5zIjoid3NtJmNhJnZzJndudCZ1YSZhYm4mYWJuX3NoYWRvdyZjYiIsImRhdGEiOnsiZGF0YSI6W3sicGx1Z2luIjoid3NtIiwicGFyYW1ldGVycyI6IntcInJlZmVycmVyXCI6XCJodHRwczovL2FwcHN0b3JlY29ubmVjdC5hcHBsZS5jb20vYXBwcy82Nzg5OTEzMTg2L2Rpc3RyaWJ1dGlvbi9pb3MvdmVyc2lvbi9pbmZsaWdodFwiLFwic3R1YklkXCI6XCJcIn0ifSx7InBsdWdpbiI6IndudCIsInBhcmFtZXRlcnMiOiJ7XCJyZWZlcnJlclwiOlwiaHR0cHM6Ly9hcHBzdG9yZWNvbm5lY3QuYXBwbGUuY29tL2FwcHMvNjc4OTkxMzE4Ni9kaXN0cmlidXRpb24vaW9zL3ZlcnNpb24vaW5mbGlnaHRcIn0ifSx7InBsdWdpbiI6InVhIiwicGFyYW1ldGVycyI6Int9In0seyJwbHVnaW4iOiJhYm4iLCJwYXJhbWV0ZXJzIjoie1wiaXNDc3NVcmxJbmplY3RlZFwiOmZhbHNlfSJ9LHsicGx1Z2luIjoiYWJuX3NoYWRvdyIsInBhcmFtZXRlcnMiOiJ7XCJpc0Nzc1VybEluamVjdGVkXCI6ZmFsc2V9In1dfSwiaXNUb3BMZXZlbCI6dHJ1ZSwicGFnZVN0YXJ0VGltZSI6MTc4NTEzMjI3NTIyNiwibmF2aWdhdGlvblN0YXJ0VGltZSI6MTc4NTEzMjI3Mzc0OH0%3D&nocache=17d2b&tm=2026-07-27T06%3A29%3A34.667Z&second=true:0
[27619145ms] [ERROR] Failed to load resource: net::ERR_FAILED @ https://gc.kis.v2.scr.kaspersky-labs.com/7D8B79A2-8974-4D7B-A76A-F4F29624C06Beu1ScB50_jBlJEkkhNdFv0LjQF8TJjeCw2KS7xbiOY76PzBl9OGfF9EV1UItEwJkJprBs5PRv8k39jtk7ugPxg/init?data=eyJ1cmwiOiJodHRwczovL2FwcHN0b3JlY29ubmVjdC5hcHBsZS5jb20vbG9naW4iLCJwbHVnaW5zIjoid3NtJmNhJnZzJndudCZ1YSZhYm4mYWJuX3NoYWRvdyZjYiIsImRhdGEiOnsiZGF0YSI6W3sicGx1Z2luIjoid3NtIiwicGFyYW1ldGVycyI6IntcInJlZmVycmVyXCI6XCJodHRwczovL2FwcHN0b3JlY29ubmVjdC5hcHBsZS5jb20vYXBwcy82Nzg5OTEzMTg2L2Rpc3RyaWJ1dGlvbi9pb3MvdmVyc2lvbi9pbmZsaWdodFwiLFwic3R1YklkXCI6XCJcIn0ifSx7InBsdWdpbiI6IndudCIsInBhcmFtZXRlcnMiOiJ7XCJyZWZlcnJlclwiOlwiaHR0cHM6Ly9hcHBzdG9yZWNvbm5lY3QuYXBwbGUuY29tL2FwcHMvNjc4OTkxMzE4Ni9kaXN0cmlidXRpb24vaW9zL3ZlcnNpb24vaW5mbGlnaHRcIn0ifSx7InBsdWdpbiI6InVhIiwicGFyYW1ldGVycyI6Int9In0seyJwbHVnaW4iOiJhYm4iLCJwYXJhbWV0ZXJzIjoie1wiaXNDc3NVcmxJbmplY3RlZFwiOmZhbHNlfSJ9LHsicGx1Z2luIjoiYWJuX3NoYWRvdyIsInBhcmFtZXRlcnMiOiJ7XCJpc0Nzc1VybEluamVjdGVkXCI6ZmFsc2V9In1dfSwiaXNUb3BMZXZlbCI6dHJ1ZSwicGFnZVN0YXJ0VGltZSI6MTc4NTEzMjI3NTIyNiwibmF2aWdhdGlvblN0YXJ0VGltZSI6MTc4NTEzMjI3Mzc0OH0%3D&nocache=103a7&tm=2026-07-27T06%3A31%3A34.657Z:0
[27619153ms] [ERROR] Failed to load resource: net::ERR_FAILED @ https://gc.kis.v2.scr.kaspersky-labs.com/7D8B79A2-8974-4D7B-A76A-F4F29624C06Beu1ScB50_jBlJEkkhNdFv0LjQF8TJjeCw2KS7xbiOY76PzBl9OGfF9EV1UItEwJkJprBs5PRv8k39jtk7ugPxg/init?data=eyJ1cmwiOiJodHRwczovL2FwcHN0b3JlY29ubmVjdC5hcHBsZS5jb20vbG9naW4iLCJwbHVnaW5zIjoid3NtJmNhJnZzJndudCZ1YSZhYm4mYWJuX3NoYWRvdyZjYiIsImRhdGEiOnsiZGF0YSI6W3sicGx1Z2luIjoid3NtIiwicGFyYW1ldGVycyI6IntcInJlZmVycmVyXCI6XCJodHRwczovL2FwcHN0b3JlY29ubmVjdC5hcHBsZS5jb20vYXBwcy82Nzg5OTEzMTg2L2Rpc3RyaWJ1dGlvbi9pb3MvdmVyc2lvbi9pbmZsaWdodFwiLFwic3R1YklkXCI6XCJcIn0ifSx7InBsdWdpbiI6IndudCIsInBhcmFtZXRlcnMiOiJ7XCJyZWZlcnJlclwiOlwiaHR0cHM6Ly9hcHBzdG9yZWNvbm5lY3QuYXBwbGUuY29tL2FwcHMvNjc4OTkxMzE4Ni9kaXN0cmlidXRpb24vaW9zL3ZlcnNpb24vaW5mbGlnaHRcIn0ifSx7InBsdWdpbiI6InVhIiwicGFyYW1ldGVycyI6Int9In0seyJwbHVnaW4iOiJhYm4iLCJwYXJhbWV0ZXJzIjoie1wiaXNDc3NVcmxJbmplY3RlZFwiOmZhbHNlfSJ9LHsicGx1Z2luIjoiYWJuX3NoYWRvdyIsInBhcmFtZXRlcnMiOiJ7XCJpc0Nzc1VybEluamVjdGVkXCI6ZmFsc2V9In1dfSwiaXNUb3BMZXZlbCI6dHJ1ZSwicGFnZVN0YXJ0VGltZSI6MTc4NTEzMjI3NTIyNiwibmF2aWdhdGlvblN0YXJ0VGltZSI6MTc4NTEzMjI3Mzc0OH0%3D&nocache=14489&tm=2026-07-27T06%3A31%3A34.667Z&second=true:0
[27739160ms] [ERROR] Failed to load resource: net::ERR_FAILED @ https://gc.kis.v2.scr.kaspersky-labs.com/7D8B79A2-8974-4D7B-A76A-F4F29624C06Beu1ScB50_jBlJEkkhNdFv0LjQF8TJjeCw2KS7xbiOY76PzBl9OGfF9EV1UItEwJkJprBs5PRv8k39jtk7ugPxg/init?data=eyJ1cmwiOiJodHRwczovL2FwcHN0b3JlY29ubmVjdC5hcHBsZS5jb20vbG9naW4iLCJwbHVnaW5zIjoid3NtJmNhJnZzJndudCZ1YSZhYm4mYWJuX3NoYWRvdyZjYiIsImRhdGEiOnsiZGF0YSI6W3sicGx1Z2luIjoid3NtIiwicGFyYW1ldGVycyI6IntcInJlZmVycmVyXCI6XCJodHRwczovL2FwcHN0b3JlY29ubmVjdC5hcHBsZS5jb20vYXBwcy82Nzg5OTEzMTg2L2Rpc3RyaWJ1dGlvbi9pb3MvdmVyc2lvbi9pbmZsaWdodFwiLFwic3R1YklkXCI6XCJcIn0ifSx7InBsdWdpbiI6IndudCIsInBhcmFtZXRlcnMiOiJ7XCJyZWZlcnJlclwiOlwiaHR0cHM6Ly9hcHBzdG9yZWNvbm5lY3QuYXBwbGUuY29tL2FwcHMvNjc4OTkxMzE4Ni9kaXN0cmlidXRpb24vaW9zL3ZlcnNpb24vaW5mbGlnaHRcIn0ifSx7InBsdWdpbiI6InVhIiwicGFyYW1ldGVycyI6Int9In0seyJwbHVnaW4iOiJhYm4iLCJwYXJhbWV0ZXJzIjoie1wiaXNDc3NVcmxJbmplY3RlZFwiOmZhbHNlfSJ9LHsicGx1Z2luIjoiYWJuX3NoYWRvdyIsInBhcmFtZXRlcnMiOiJ7XCJpc0Nzc1VybEluamVjdGVkXCI6ZmFsc2V9In1dfSwiaXNUb3BMZXZlbCI6dHJ1ZSwicGFnZVN0YXJ0VGltZSI6MTc4NTEzMjI3NTIyNiwibmF2aWdhdGlvblN0YXJ0VGltZSI6MTc4NTEzMjI3Mzc0OH0%3D&nocache=104da&tm=2026-07-27T06%3A33%3A34.668Z:0
[27739170ms] [ERROR] Failed to load resource: net::ERR_FAILED @ https://gc.kis.v2.scr.kaspersky-labs.com/7D8B79A2-8974-4D7B-A76A-F4F29624C06Beu1ScB50_jBlJEkkhNdFv0LjQF8TJjeCw2KS7xbiOY76PzBl9OGfF9EV1UItEwJkJprBs5PRv8k39jtk7ugPxg/init?data=eyJ1cmwiOiJodHRwczovL2FwcHN0b3JlY29ubmVjdC5hcHBsZS5jb20vbG9naW4iLCJwbHVnaW5zIjoid3NtJmNhJnZzJndudCZ1YSZhYm4mYWJuX3NoYWRvdyZjYiIsImRhdGEiOnsiZGF0YSI6W3sicGx1Z2luIjoid3NtIiwicGFyYW1ldGVycyI6IntcInJlZmVycmVyXCI6XCJodHRwczovL2FwcHN0b3JlY29ubmVjdC5hcHBsZS5jb20vYXBwcy82Nzg5OTEzMTg2L2Rpc3RyaWJ1dGlvbi9pb3MvdmVyc2lvbi9pbmZsaWdodFwiLFwic3R1YklkXCI6XCJcIn0ifSx7InBsdWdpbiI6IndudCIsInBhcmFtZXRlcnMiOiJ7XCJyZWZlcnJlclwiOlwiaHR0cHM6Ly9hcHBzdG9yZWNvbm5lY3QuYXBwbGUuY29tL2FwcHMvNjc4OTkxMzE4Ni9kaXN0cmlidXRpb24vaW9zL3ZlcnNpb24vaW5mbGlnaHRcIn0ifSx7InBsdWdpbiI6InVhIiwicGFyYW1ldGVycyI6Int9In0seyJwbHVnaW4iOiJhYm4iLCJwYXJhbWV0ZXJzIjoie1wiaXNDc3NVcmxJbmplY3RlZFwiOmZhbHNlfSJ9LHsicGx1Z2luIjoiYWJuX3NoYWRvdyIsInBhcmFtZXRlcnMiOiJ7XCJpc0Nzc1VybEluamVjdGVkXCI6ZmFsc2V9In1dfSwiaXNUb3BMZXZlbCI6dHJ1ZSwicGFnZVN0YXJ0VGltZSI6MTc4NTEzMjI3NTIyNiwibmF2aWdhdGlvblN0YXJ0VGltZSI6MTc4NTEzMjI3Mzc0OH0%3D&nocache=1ccd6&tm=2026-07-27T06%3A33%3A34.682Z&second=true:0
[27859156ms] [ERROR] Failed to load resource: net::ERR_FAILED @ https://gc.kis.v2.scr.kaspersky-labs.com/7D8B79A2-8974-4D7B-A76A-F4F29624C06Beu1ScB50_jBlJEkkhNdFv0LjQF8TJjeCw2KS7xbiOY76PzBl9OGfF9EV1UItEwJkJprBs5PRv8k39jtk7ugPxg/init?data=eyJ1cmwiOiJodHRwczovL2FwcHN0b3JlY29ubmVjdC5hcHBsZS5jb20vbG9naW4iLCJwbHVnaW5zIjoid3NtJmNhJnZzJndudCZ1YSZhYm4mYWJuX3NoYWRvdyZjYiIsImRhdGEiOnsiZGF0YSI6W3sicGx1Z2luIjoid3NtIiwicGFyYW1ldGVycyI6IntcInJlZmVycmVyXCI6XCJodHRwczovL2FwcHN0b3JlY29ubmVjdC5hcHBsZS5jb20vYXBwcy82Nzg5OTEzMTg2L2Rpc3RyaWJ1dGlvbi9pb3MvdmVyc2lvbi9pbmZsaWdodFwiLFwic3R1YklkXCI6XCJcIn0ifSx7InBsdWdpbiI6IndudCIsInBhcmFtZXRlcnMiOiJ7XCJyZWZlcnJlclwiOlwiaHR0cHM6Ly9hcHBzdG9yZWNvbm5lY3QuYXBwbGUuY29tL2FwcHMvNjc4OTkxMzE4Ni9kaXN0cmlidXRpb24vaW9zL3ZlcnNpb24vaW5mbGlnaHRcIn0ifSx7InBsdWdpbiI6InVhIiwicGFyYW1ldGVycyI6Int9In0seyJwbHVnaW4iOiJhYm4iLCJwYXJhbWV0ZXJzIjoie1wiaXNDc3NVcmxJbmplY3RlZFwiOmZhbHNlfSJ9LHsicGx1Z2luIjoiYWJuX3NoYWRvdyIsInBhcmFtZXRlcnMiOiJ7XCJpc0Nzc1VybEluamVjdGVkXCI6ZmFsc2V9In1dfSwiaXNUb3BMZXZlbCI6dHJ1ZSwicGFnZVN0YXJ0VGltZSI6MTc4NTEzMjI3NTIyNiwibmF2aWdhdGlvblN0YXJ0VGltZSI6MTc4NTEzMjI3Mzc0OH0%3D&nocache=17e8b&tm=2026-07-27T06%3A35%3A34.667Z:0
[27859163ms] [ERROR] Failed to load resource: net::ERR_FAILED @ https://gc.kis.v2.scr.kaspersky-labs.com/7D8B79A2-8974-4D7B-A76A-F4F29624C06Beu1ScB50_jBlJEkkhNdFv0LjQF8TJjeCw2KS7xbiOY76PzBl9OGfF9EV1UItEwJkJprBs5PRv8k39jtk7ugPxg/init?data=eyJ1cmwiOiJodHRwczovL2FwcHN0b3JlY29ubmVjdC5hcHBsZS5jb20vbG9naW4iLCJwbHVnaW5zIjoid3NtJmNhJnZzJndudCZ1YSZhYm4mYWJuX3NoYWRvdyZjYiIsImRhdGEiOnsiZGF0YSI6W3sicGx1Z2luIjoid3NtIiwicGFyYW1ldGVycyI6IntcInJlZmVycmVyXCI6XCJodHRwczovL2FwcHN0b3JlY29ubmVjdC5hcHBsZS5jb20vYXBwcy82Nzg5OTEzMTg2L2Rpc3RyaWJ1dGlvbi9pb3MvdmVyc2lvbi9pbmZsaWdodFwiLFwic3R1YklkXCI6XCJcIn0ifSx7InBsdWdpbiI6IndudCIsInBhcmFtZXRlcnMiOiJ7XCJyZWZlcnJlclwiOlwiaHR0cHM6Ly9hcHBzdG9yZWNvbm5lY3QuYXBwbGUuY29tL2FwcHMvNjc4OTkxMzE4Ni9kaXN0cmlidXRpb24vaW9zL3ZlcnNpb24vaW5mbGlnaHRcIn0ifSx7InBsdWdpbiI6InVhIiwicGFyYW1ldGVycyI6Int9In0seyJwbHVnaW4iOiJhYm4iLCJwYXJhbWV0ZXJzIjoie1wiaXNDc3NVcmxJbmplY3RlZFwiOmZhbHNlfSJ9LHsicGx1Z2luIjoiYWJuX3NoYWRvdyIsInBhcmFtZXRlcnMiOiJ7XCJpc0Nzc1VybEluamVjdGVkXCI6ZmFsc2V9In1dfSwiaXNUb3BMZXZlbCI6dHJ1ZSwicGFnZVN0YXJ0VGltZSI6MTc4NTEzMjI3NTIyNiwibmF2aWdhdGlvblN0YXJ0VGltZSI6MTc4NTEzMjI3Mzc0OH0%3D&nocache=174eb&tm=2026-07-27T06%3A35%3A34.678Z&second=true:0
[27979153ms] [ERROR] Failed to load resource: net::ERR_FAILED @ https://gc.kis.v2.scr.kaspersky-labs.com/7D8B79A2-8974-4D7B-A76A-F4F29624C06Beu1ScB50_jBlJEkkhNdFv0LjQF8TJjeCw2KS7xbiOY76PzBl9OGfF9EV1UItEwJkJprBs5PRv8k39jtk7ugPxg/init?data=eyJ1cmwiOiJodHRwczovL2FwcHN0b3JlY29ubmVjdC5hcHBsZS5jb20vbG9naW4iLCJwbHVnaW5zIjoid3NtJmNhJnZzJndudCZ1YSZhYm4mYWJuX3NoYWRvdyZjYiIsImRhdGEiOnsiZGF0YSI6W3sicGx1Z2luIjoid3NtIiwicGFyYW1ldGVycyI6IntcInJlZmVycmVyXCI6XCJodHRwczovL2FwcHN0b3JlY29ubmVjdC5hcHBsZS5jb20vYXBwcy82Nzg5OTEzMTg2L2Rpc3RyaWJ1dGlvbi9pb3MvdmVyc2lvbi9pbmZsaWdodFwiLFwic3R1YklkXCI6XCJcIn0ifSx7InBsdWdpbiI6IndudCIsInBhcmFtZXRlcnMiOiJ7XCJyZWZlcnJlclwiOlwiaHR0cHM6Ly9hcHBzdG9yZWNvbm5lY3QuYXBwbGUuY29tL2FwcHMvNjc4OTkxMzE4Ni9kaXN0cmlidXRpb24vaW9zL3ZlcnNpb24vaW5mbGlnaHRcIn0ifSx7InBsdWdpbiI6InVhIiwicGFyYW1ldGVycyI6Int9In0seyJwbHVnaW4iOiJhYm4iLCJwYXJhbWV0ZXJzIjoie1wiaXNDc3NVcmxJbmplY3RlZFwiOmZhbHNlfSJ9LHsicGx1Z2luIjoiYWJuX3NoYWRvdyIsInBhcmFtZXRlcnMiOiJ7XCJpc0Nzc1VybEluamVjdGVkXCI6ZmFsc2V9In1dfSwiaXNUb3BMZXZlbCI6dHJ1ZSwicGFnZVN0YXJ0VGltZSI6MTc4NTEzMjI3NTIyNiwibmF2aWdhdGlvblN0YXJ0VGltZSI6MTc4NTEzMjI3Mzc0OH0%3D&nocache=19a68&tm=2026-07-27T06%3A37%3A34.668Z:0
[27979158ms] [ERROR] Failed to load resource: net::ERR_FAILED @ https://gc.kis.v2.scr.kaspersky-labs.com/7D8B79A2-8974-4D7B-A76A-F4F29624C06Beu1ScB50_jBlJEkkhNdFv0LjQF8TJjeCw2KS7xbiOY76PzBl9OGfF9EV1UItEwJkJprBs5PRv8k39jtk7ugPxg/init?data=eyJ1cmwiOiJodHRwczovL2FwcHN0b3JlY29ubmVjdC5hcHBsZS5jb20vbG9naW4iLCJwbHVnaW5zIjoid3NtJmNhJnZzJndudCZ1YSZhYm4mYWJuX3NoYWRvdyZjYiIsImRhdGEiOnsiZGF0YSI6W3sicGx1Z2luIjoid3NtIiwicGFyYW1ldGVycyI6IntcInJlZmVycmVyXCI6XCJodHRwczovL2FwcHN0b3JlY29ubmVjdC5hcHBsZS5jb20vYXBwcy82Nzg5OTEzMTg2L2Rpc3RyaWJ1dGlvbi9pb3MvdmVyc2lvbi9pbmZsaWdodFwiLFwic3R1YklkXCI6XCJcIn0ifSx7InBsdWdpbiI6IndudCIsInBhcmFtZXRlcnMiOiJ7XCJyZWZlcnJlclwiOlwiaHR0cHM6Ly9hcHBzdG9yZWNvbm5lY3QuYXBwbGUuY29tL2FwcHMvNjc4OTkxMzE4Ni9kaXN0cmlidXRpb24vaW9zL3ZlcnNpb24vaW5mbGlnaHRcIn0ifSx7InBsdWdpbiI6InVhIiwicGFyYW1ldGVycyI6Int9In0seyJwbHVnaW4iOiJhYm4iLCJwYXJhbWV0ZXJzIjoie1wiaXNDc3NVcmxJbmplY3RlZFwiOmZhbHNlfSJ9LHsicGx1Z2luIjoiYWJuX3NoYWRvdyIsInBhcmFtZXRlcnMiOiJ7XCJpc0Nzc1VybEluamVjdGVkXCI6ZmFsc2V9In1dfSwiaXNUb3BMZXZlbCI6dHJ1ZSwicGFnZVN0YXJ0VGltZSI6MTc4NTEzMjI3NTIyNiwibmF2aWdhdGlvblN0YXJ0VGltZSI6MTc4NTEzMjI3Mzc0OH0%3D&nocache=1bad7&tm=2026-07-27T06%3A37%3A34.675Z&second=true:0
[28099201ms] [ERROR] Failed to load resource: net::ERR_FAILED @ https://gc.kis.v2.scr.kaspersky-labs.com/7D8B79A2-8974-4D7B-A76A-F4F29624C06Beu1ScB50_jBlJEkkhNdFv0LjQF8TJjeCw2KS7xbiOY76PzBl9OGfF9EV1UItEwJkJprBs5PRv8k39jtk7ugPxg/init?data=eyJ1cmwiOiJodHRwczovL2FwcHN0b3JlY29ubmVjdC5hcHBsZS5jb20vbG9naW4iLCJwbHVnaW5zIjoid3NtJmNhJnZzJndudCZ1YSZhYm4mYWJuX3NoYWRvdyZjYiIsImRhdGEiOnsiZGF0YSI6W3sicGx1Z2luIjoid3NtIiwicGFyYW1ldGVycyI6IntcInJlZmVycmVyXCI6XCJodHRwczovL2FwcHN0b3JlY29ubmVjdC5hcHBsZS5jb20vYXBwcy82Nzg5OTEzMTg2L2Rpc3RyaWJ1dGlvbi9pb3MvdmVyc2lvbi9pbmZsaWdodFwiLFwic3R1YklkXCI6XCJcIn0ifSx7InBsdWdpbiI6IndudCIsInBhcmFtZXRlcnMiOiJ7XCJyZWZlcnJlclwiOlwiaHR0cHM6Ly9hcHBzdG9yZWNvbm5lY3QuYXBwbGUuY29tL2FwcHMvNjc4OTkxMzE4Ni9kaXN0cmlidXRpb24vaW9zL3ZlcnNpb24vaW5mbGlnaHRcIn0ifSx7InBsdWdpbiI6InVhIiwicGFyYW1ldGVycyI6Int9In0seyJwbHVnaW4iOiJhYm4iLCJwYXJhbWV0ZXJzIjoie1wiaXNDc3NVcmxJbmplY3RlZFwiOmZhbHNlfSJ9LHsicGx1Z2luIjoiYWJuX3NoYWRvdyIsInBhcmFtZXRlcnMiOiJ7XCJpc0Nzc1VybEluamVjdGVkXCI6ZmFsc2V9In1dfSwiaXNUb3BMZXZlbCI6dHJ1ZSwicGFnZVN0YXJ0VGltZSI6MTc4NTEzMjI3NTIyNiwibmF2aWdhdGlvblN0YXJ0VGltZSI6MTc4NTEzMjI3Mzc0OH0%3D&nocache=19200&tm=2026-07-27T06%3A39%3A34.673Z:0
[28099211ms] [ERROR] Failed to load resource: net::ERR_FAILED @ https://gc.kis.v2.scr.kaspersky-labs.com/7D8B79A2-8974-4D7B-A76A-F4F29624C06Beu1ScB50_jBlJEkkhNdFv0LjQF8TJjeCw2KS7xbiOY76PzBl9OGfF9EV1UItEwJkJprBs5PRv8k39jtk7ugPxg/init?data=eyJ1cmwiOiJodHRwczovL2FwcHN0b3JlY29ubmVjdC5hcHBsZS5jb20vbG9naW4iLCJwbHVnaW5zIjoid3NtJmNhJnZzJndudCZ1YSZhYm4mYWJuX3NoYWRvdyZjYiIsImRhdGEiOnsiZGF0YSI6W3sicGx1Z2luIjoid3NtIiwicGFyYW1ldGVycyI6IntcInJlZmVycmVyXCI6XCJodHRwczovL2FwcHN0b3JlY29ubmVjdC5hcHBsZS5jb20vYXBwcy82Nzg5OTEzMTg2L2Rpc3RyaWJ1dGlvbi9pb3MvdmVyc2lvbi9pbmZsaWdodFwiLFwic3R1YklkXCI6XCJcIn0ifSx7InBsdWdpbiI6IndudCIsInBhcmFtZXRlcnMiOiJ7XCJyZWZlcnJlclwiOlwiaHR0cHM6Ly9hcHBzdG9yZWNvbm5lY3QuYXBwbGUuY29tL2FwcHMvNjc4OTkxMzE4Ni9kaXN0cmlidXRpb24vaW9zL3ZlcnNpb24vaW5mbGlnaHRcIn0ifSx7InBsdWdpbiI6InVhIiwicGFyYW1ldGVycyI6Int9In0seyJwbHVnaW4iOiJhYm4iLCJwYXJhbWV0ZXJzIjoie1wiaXNDc3NVcmxJbmplY3RlZFwiOmZhbHNlfSJ9LHsicGx1Z2luIjoiYWJuX3NoYWRvdyIsInBhcmFtZXRlcnMiOiJ7XCJpc0Nzc1VybEluamVjdGVkXCI6ZmFsc2V9In1dfSwiaXNUb3BMZXZlbCI6dHJ1ZSwicGFnZVN0YXJ0VGltZSI6MTc4NTEzMjI3NTIyNiwibmF2aWdhdGlvblN0YXJ0VGltZSI6MTc4NTEzMjI3Mzc0OH0%3D&nocache=1934c&tm=2026-07-27T06%3A39%3A34.723Z&second=true:0
[28219154ms] [ERROR] Failed to load resource: net::ERR_FAILED @ https://gc.kis.v2.scr.kaspersky-labs.com/7D8B79A2-8974-4D7B-A76A-F4F29624C06Beu1ScB50_jBlJEkkhNdFv0LjQF8TJjeCw2KS7xbiOY76PzBl9OGfF9EV1UItEwJkJprBs5PRv8k39jtk7ugPxg/init?data=eyJ1cmwiOiJodHRwczovL2FwcHN0b3JlY29ubmVjdC5hcHBsZS5jb20vbG9naW4iLCJwbHVnaW5zIjoid3NtJmNhJnZzJndudCZ1YSZhYm4mYWJuX3NoYWRvdyZjYiIsImRhdGEiOnsiZGF0YSI6W3sicGx1Z2luIjoid3NtIiwicGFyYW1ldGVycyI6IntcInJlZmVycmVyXCI6XCJodHRwczovL2FwcHN0b3JlY29ubmVjdC5hcHBsZS5jb20vYXBwcy82Nzg5OTEzMTg2L2Rpc3RyaWJ1dGlvbi9pb3MvdmVyc2lvbi9pbmZsaWdodFwiLFwic3R1YklkXCI6XCJcIn0ifSx7InBsdWdpbiI6IndudCIsInBhcmFtZXRlcnMiOiJ7XCJyZWZlcnJlclwiOlwiaHR0cHM6Ly9hcHBzdG9yZWNvbm5lY3QuYXBwbGUuY29tL2FwcHMvNjc4OTkxMzE4Ni9kaXN0cmlidXRpb24vaW9zL3ZlcnNpb24vaW5mbGlnaHRcIn0ifSx7InBsdWdpbiI6InVhIiwicGFyYW1ldGVycyI6Int9In0seyJwbHVnaW4iOiJhYm4iLCJwYXJhbWV0ZXJzIjoie1wiaXNDc3NVcmxJbmplY3RlZFwiOmZhbHNlfSJ9LHsicGx1Z2luIjoiYWJuX3NoYWRvdyIsInBhcmFtZXRlcnMiOiJ7XCJpc0Nzc1VybEluamVjdGVkXCI6ZmFsc2V9In1dfSwiaXNUb3BMZXZlbCI6dHJ1ZSwicGFnZVN0YXJ0VGltZSI6MTc4NTEzMjI3NTIyNiwibmF2aWdhdGlvblN0YXJ0VGltZSI6MTc4NTEzMjI3Mzc0OH0%3D&nocache=10002&tm=2026-07-27T06%3A41%3A34.665Z:0
[28219161ms] [ERROR] Failed to load resource: net::ERR_FAILED @ https://gc.kis.v2.scr.kaspersky-labs.com/7D8B79A2-8974-4D7B-A76A-F4F29624C06Beu1ScB50_jBlJEkkhNdFv0LjQF8TJjeCw2KS7xbiOY76PzBl9OGfF9EV1UItEwJkJprBs5PRv8k39jtk7ugPxg/init?data=eyJ1cmwiOiJodHRwczovL2FwcHN0b3JlY29ubmVjdC5hcHBsZS5jb20vbG9naW4iLCJwbHVnaW5zIjoid3NtJmNhJnZzJndudCZ1YSZhYm4mYWJuX3NoYWRvdyZjYiIsImRhdGEiOnsiZGF0YSI6W3sicGx1Z2luIjoid3NtIiwicGFyYW1ldGVycyI6IntcInJlZmVycmVyXCI6XCJodHRwczovL2FwcHN0b3JlY29ubmVjdC5hcHBsZS5jb20vYXBwcy82Nzg5OTEzMTg2L2Rpc3RyaWJ1dGlvbi9pb3MvdmVyc2lvbi9pbmZsaWdodFwiLFwic3R1YklkXCI6XCJcIn0ifSx7InBsdWdpbiI6IndudCIsInBhcmFtZXRlcnMiOiJ7XCJyZWZlcnJlclwiOlwiaHR0cHM6Ly9hcHBzdG9yZWNvbm5lY3QuYXBwbGUuY29tL2FwcHMvNjc4OTkxMzE4Ni9kaXN0cmlidXRpb24vaW9zL3ZlcnNpb24vaW5mbGlnaHRcIn0ifSx7InBsdWdpbiI6InVhIiwicGFyYW1ldGVycyI6Int9In0seyJwbHVnaW4iOiJhYm4iLCJwYXJhbWV0ZXJzIjoie1wiaXNDc3NVcmxJbmplY3RlZFwiOmZhbHNlfSJ9LHsicGx1Z2luIjoiYWJuX3NoYWRvdyIsInBhcmFtZXRlcnMiOiJ7XCJpc0Nzc1VybEluamVjdGVkXCI6ZmFsc2V9In1dfSwiaXNUb3BMZXZlbCI6dHJ1ZSwicGFnZVN0YXJ0VGltZSI6MTc4NTEzMjI3NTIyNiwibmF2aWdhdGlvblN0YXJ0VGltZSI6MTc4NTEzMjI3Mzc0OH0%3D&nocache=13ce2&tm=2026-07-27T06%3A41%3A34.677Z&second=true:0
[28339148ms] [ERROR] Failed to load resource: net::ERR_FAILED @ https://gc.kis.v2.scr.kaspersky-labs.com/7D8B79A2-8974-4D7B-A76A-F4F29624C06Beu1ScB50_jBlJEkkhNdFv0LjQF8TJjeCw2KS7xbiOY76PzBl9OGfF9EV1UItEwJkJprBs5PRv8k39jtk7ugPxg/init?data=eyJ1cmwiOiJodHRwczovL2FwcHN0b3JlY29ubmVjdC5hcHBsZS5jb20vbG9naW4iLCJwbHVnaW5zIjoid3NtJmNhJnZzJndudCZ1YSZhYm4mYWJuX3NoYWRvdyZjYiIsImRhdGEiOnsiZGF0YSI6W3sicGx1Z2luIjoid3NtIiwicGFyYW1ldGVycyI6IntcInJlZmVycmVyXCI6XCJodHRwczovL2FwcHN0b3JlY29ubmVjdC5hcHBsZS5jb20vYXBwcy82Nzg5OTEzMTg2L2Rpc3RyaWJ1dGlvbi9pb3MvdmVyc2lvbi9pbmZsaWdodFwiLFwic3R1YklkXCI6XCJcIn0ifSx7InBsdWdpbiI6IndudCIsInBhcmFtZXRlcnMiOiJ7XCJyZWZlcnJlclwiOlwiaHR0cHM6Ly9hcHBzdG9yZWNvbm5lY3QuYXBwbGUuY29tL2FwcHMvNjc4OTkxMzE4Ni9kaXN0cmlidXRpb24vaW9zL3ZlcnNpb24vaW5mbGlnaHRcIn0ifSx7InBsdWdpbiI6InVhIiwicGFyYW1ldGVycyI6Int9In0seyJwbHVnaW4iOiJhYm4iLCJwYXJhbWV0ZXJzIjoie1wiaXNDc3NVcmxJbmplY3RlZFwiOmZhbHNlfSJ9LHsicGx1Z2luIjoiYWJuX3NoYWRvdyIsInBhcmFtZXRlcnMiOiJ7XCJpc0Nzc1VybEluamVjdGVkXCI6ZmFsc2V9In1dfSwiaXNUb3BMZXZlbCI6dHJ1ZSwicGFnZVN0YXJ0VGltZSI6MTc4NTEzMjI3NTIyNiwibmF2aWdhdGlvblN0YXJ0VGltZSI6MTc4NTEzMjI3Mzc0OH0%3D&nocache=1eaee&tm=2026-07-27T06%3A43%3A34.660Z:0
[28339155ms] [ERROR] Failed to load resource: net::ERR_FAILED @ https://gc.kis.v2.scr.kaspersky-labs.com/7D8B79A2-8974-4D7B-A76A-F4F29624C06Beu1ScB50_jBlJEkkhNdFv0LjQF8TJjeCw2KS7xbiOY76PzBl9OGfF9EV1UItEwJkJprBs5PRv8k39jtk7ugPxg/init?data=eyJ1cmwiOiJodHRwczovL2FwcHN0b3JlY29ubmVjdC5hcHBsZS5jb20vbG9naW4iLCJwbHVnaW5zIjoid3NtJmNhJnZzJndudCZ1YSZhYm4mYWJuX3NoYWRvdyZjYiIsImRhdGEiOnsiZGF0YSI6W3sicGx1Z2luIjoid3NtIiwicGFyYW1ldGVycyI6IntcInJlZmVycmVyXCI6XCJodHRwczovL2FwcHN0b3JlY29ubmVjdC5hcHBsZS5jb20vYXBwcy82Nzg5OTEzMTg2L2Rpc3RyaWJ1dGlvbi9pb3MvdmVyc2lvbi9pbmZsaWdodFwiLFwic3R1YklkXCI6XCJcIn0ifSx7InBsdWdpbiI6IndudCIsInBhcmFtZXRlcnMiOiJ7XCJyZWZlcnJlclwiOlwiaHR0cHM6Ly9hcHBzdG9yZWNvbm5lY3QuYXBwbGUuY29tL2FwcHMvNjc4OTkxMzE4Ni9kaXN0cmlidXRpb24vaW9zL3ZlcnNpb24vaW5mbGlnaHRcIn0ifSx7InBsdWdpbiI6InVhIiwicGFyYW1ldGVycyI6Int9In0seyJwbHVnaW4iOiJhYm4iLCJwYXJhbWV0ZXJzIjoie1wiaXNDc3NVcmxJbmplY3RlZFwiOmZhbHNlfSJ9LHsicGx1Z2luIjoiYWJuX3NoYWRvdyIsInBhcmFtZXRlcnMiOiJ7XCJpc0Nzc1VybEluamVjdGVkXCI6ZmFsc2V9In1dfSwiaXNUb3BMZXZlbCI6dHJ1ZSwicGFnZVN0YXJ0VGltZSI6MTc4NTEzMjI3NTIyNiwibmF2aWdhdGlvblN0YXJ0VGltZSI6MTc4NTEzMjI3Mzc0OH0%3D&nocache=1806b&tm=2026-07-27T06%3A43%3A34.670Z&second=true:0
[28459160ms] [ERROR] Failed to load resource: net::ERR_FAILED @ https://gc.kis.v2.scr.kaspersky-labs.com/7D8B79A2-8974-4D7B-A76A-F4F29624C06Beu1ScB50_jBlJEkkhNdFv0LjQF8TJjeCw2KS7xbiOY76PzBl9OGfF9EV1UItEwJkJprBs5PRv8k39jtk7ugPxg/init?data=eyJ1cmwiOiJodHRwczovL2FwcHN0b3JlY29ubmVjdC5hcHBsZS5jb20vbG9naW4iLCJwbHVnaW5zIjoid3NtJmNhJnZzJndudCZ1YSZhYm4mYWJuX3NoYWRvdyZjYiIsImRhdGEiOnsiZGF0YSI6W3sicGx1Z2luIjoid3NtIiwicGFyYW1ldGVycyI6IntcInJlZmVycmVyXCI6XCJodHRwczovL2FwcHN0b3JlY29ubmVjdC5hcHBsZS5jb20vYXBwcy82Nzg5OTEzMTg2L2Rpc3RyaWJ1dGlvbi9pb3MvdmVyc2lvbi9pbmZsaWdodFwiLFwic3R1YklkXCI6XCJcIn0ifSx7InBsdWdpbiI6IndudCIsInBhcmFtZXRlcnMiOiJ7XCJyZWZlcnJlclwiOlwiaHR0cHM6Ly9hcHBzdG9yZWNvbm5lY3QuYXBwbGUuY29tL2FwcHMvNjc4OTkxMzE4Ni9kaXN0cmlidXRpb24vaW9zL3ZlcnNpb24vaW5mbGlnaHRcIn0ifSx7InBsdWdpbiI6InVhIiwicGFyYW1ldGVycyI6Int9In0seyJwbHVnaW4iOiJhYm4iLCJwYXJhbWV0ZXJzIjoie1wiaXNDc3NVcmxJbmplY3RlZFwiOmZhbHNlfSJ9LHsicGx1Z2luIjoiYWJuX3NoYWRvdyIsInBhcmFtZXRlcnMiOiJ7XCJpc0Nzc1VybEluamVjdGVkXCI6ZmFsc2V9In1dfSwiaXNUb3BMZXZlbCI6dHJ1ZSwicGFnZVN0YXJ0VGltZSI6MTc4NTEzMjI3NTIyNiwibmF2aWdhdGlvblN0YXJ0VGltZSI6MTc4NTEzMjI3Mzc0OH0%3D&nocache=1853c&tm=2026-07-27T06%3A45%3A34.657Z:0
[28459191ms] [ERROR] Failed to load resource: net::ERR_FAILED @ https://gc.kis.v2.scr.kaspersky-labs.com/7D8B79A2-8974-4D7B-A76A-F4F29624C06Beu1ScB50_jBlJEkkhNdFv0LjQF8TJjeCw2KS7xbiOY76PzBl9OGfF9EV1UItEwJkJprBs5PRv8k39jtk7ugPxg/init?data=eyJ1cmwiOiJodHRwczovL2FwcHN0b3JlY29ubmVjdC5hcHBsZS5jb20vbG9naW4iLCJwbHVnaW5zIjoid3NtJmNhJnZzJndudCZ1YSZhYm4mYWJuX3NoYWRvdyZjYiIsImRhdGEiOnsiZGF0YSI6W3sicGx1Z2luIjoid3NtIiwicGFyYW1ldGVycyI6IntcInJlZmVycmVyXCI6XCJodHRwczovL2FwcHN0b3JlY29ubmVjdC5hcHBsZS5jb20vYXBwcy82Nzg5OTEzMTg2L2Rpc3RyaWJ1dGlvbi9pb3MvdmVyc2lvbi9pbmZsaWdodFwiLFwic3R1YklkXCI6XCJcIn0ifSx7InBsdWdpbiI6IndudCIsInBhcmFtZXRlcnMiOiJ7XCJyZWZlcnJlclwiOlwiaHR0cHM6Ly9hcHBzdG9yZWNvbm5lY3QuYXBwbGUuY29tL2FwcHMvNjc4OTkxMzE4Ni9kaXN0cmlidXRpb24vaW9zL3ZlcnNpb24vaW5mbGlnaHRcIn0ifSx7InBsdWdpbiI6InVhIiwicGFyYW1ldGVycyI6Int9In0seyJwbHVnaW4iOiJhYm4iLCJwYXJhbWV0ZXJzIjoie1wiaXNDc3NVcmxJbmplY3RlZFwiOmZhbHNlfSJ9LHsicGx1Z2luIjoiYWJuX3NoYWRvdyIsInBhcmFtZXRlcnMiOiJ7XCJpc0Nzc1VybEluamVjdGVkXCI6ZmFsc2V9In1dfSwiaXNUb3BMZXZlbCI6dHJ1ZSwicGFnZVN0YXJ0VGltZSI6MTc4NTEzMjI3NTIyNiwibmF2aWdhdGlvblN0YXJ0VGltZSI6MTc4NTEzMjI3Mzc0OH0%3D&nocache=1eb4e&tm=2026-07-27T06%3A45%3A34.682Z&second=true:0
[28579144ms] [ERROR] Failed to load resource: net::ERR_FAILED @ https://gc.kis.v2.scr.kaspersky-labs.com/7D8B79A2-8974-4D7B-A76A-F4F29624C06Beu1ScB50_jBlJEkkhNdFv0LjQF8TJjeCw2KS7xbiOY76PzBl9OGfF9EV1UItEwJkJprBs5PRv8k39jtk7ugPxg/init?data=eyJ1cmwiOiJodHRwczovL2FwcHN0b3JlY29ubmVjdC5hcHBsZS5jb20vbG9naW4iLCJwbHVnaW5zIjoid3NtJmNhJnZzJndudCZ1YSZhYm4mYWJuX3NoYWRvdyZjYiIsImRhdGEiOnsiZGF0YSI6W3sicGx1Z2luIjoid3NtIiwicGFyYW1ldGVycyI6IntcInJlZmVycmVyXCI6XCJodHRwczovL2FwcHN0b3JlY29ubmVjdC5hcHBsZS5jb20vYXBwcy82Nzg5OTEzMTg2L2Rpc3RyaWJ1dGlvbi9pb3MvdmVyc2lvbi9pbmZsaWdodFwiLFwic3R1YklkXCI6XCJcIn0ifSx7InBsdWdpbiI6IndudCIsInBhcmFtZXRlcnMiOiJ7XCJyZWZlcnJlclwiOlwiaHR0cHM6Ly9hcHBzdG9yZWNvbm5lY3QuYXBwbGUuY29tL2FwcHMvNjc4OTkxMzE4Ni9kaXN0cmlidXRpb24vaW9zL3ZlcnNpb24vaW5mbGlnaHRcIn0ifSx7InBsdWdpbiI6InVhIiwicGFyYW1ldGVycyI6Int9In0seyJwbHVnaW4iOiJhYm4iLCJwYXJhbWV0ZXJzIjoie1wiaXNDc3NVcmxJbmplY3RlZFwiOmZhbHNlfSJ9LHsicGx1Z2luIjoiYWJuX3NoYWRvdyIsInBhcmFtZXRlcnMiOiJ7XCJpc0Nzc1VybEluamVjdGVkXCI6ZmFsc2V9In1dfSwiaXNUb3BMZXZlbCI6dHJ1ZSwicGFnZVN0YXJ0VGltZSI6MTc4NTEzMjI3NTIyNiwibmF2aWdhdGlvblN0YXJ0VGltZSI6MTc4NTEzMjI3Mzc0OH0%3D&nocache=1fb26&tm=2026-07-27T06%3A47%3A34.657Z:0
[28579151ms] [ERROR] Failed to load resource: net::ERR_FAILED @ https://gc.kis.v2.scr.kaspersky-labs.com/7D8B79A2-8974-4D7B-A76A-F4F29624C06Beu1ScB50_jBlJEkkhNdFv0LjQF8TJjeCw2KS7xbiOY76PzBl9OGfF9EV1UItEwJkJprBs5PRv8k39jtk7ugPxg/init?data=eyJ1cmwiOiJodHRwczovL2FwcHN0b3JlY29ubmVjdC5hcHBsZS5jb20vbG9naW4iLCJwbHVnaW5zIjoid3NtJmNhJnZzJndudCZ1YSZhYm4mYWJuX3NoYWRvdyZjYiIsImRhdGEiOnsiZGF0YSI6W3sicGx1Z2luIjoid3NtIiwicGFyYW1ldGVycyI6IntcInJlZmVycmVyXCI6XCJodHRwczovL2FwcHN0b3JlY29ubmVjdC5hcHBsZS5jb20vYXBwcy82Nzg5OTEzMTg2L2Rpc3RyaWJ1dGlvbi9pb3MvdmVyc2lvbi9pbmZsaWdodFwiLFwic3R1YklkXCI6XCJcIn0ifSx7InBsdWdpbiI6IndudCIsInBhcmFtZXRlcnMiOiJ7XCJyZWZlcnJlclwiOlwiaHR0cHM6Ly9hcHBzdG9yZWNvbm5lY3QuYXBwbGUuY29tL2FwcHMvNjc4OTkxMzE4Ni9kaXN0cmlidXRpb24vaW9zL3ZlcnNpb24vaW5mbGlnaHRcIn0ifSx7InBsdWdpbiI6InVhIiwicGFyYW1ldGVycyI6Int9In0seyJwbHVnaW4iOiJhYm4iLCJwYXJhbWV0ZXJzIjoie1wiaXNDc3NVcmxJbmplY3RlZFwiOmZhbHNlfSJ9LHsicGx1Z2luIjoiYWJuX3NoYWRvdyIsInBhcmFtZXRlcnMiOiJ7XCJpc0Nzc1VybEluamVjdGVkXCI6ZmFsc2V9In1dfSwiaXNUb3BMZXZlbCI6dHJ1ZSwicGFnZVN0YXJ0VGltZSI6MTc4NTEzMjI3NTIyNiwibmF2aWdhdGlvblN0YXJ0VGltZSI6MTc4NTEzMjI3Mzc0OH0%3D&nocache=16049&tm=2026-07-27T06%3A47%3A34.666Z&second=true:0
[28699153ms] [ERROR] Failed to load resource: net::ERR_FAILED @ https://gc.kis.v2.scr.kaspersky-labs.com/7D8B79A2-8974-4D7B-A76A-F4F29624C06Beu1ScB50_jBlJEkkhNdFv0LjQF8TJjeCw2KS7xbiOY76PzBl9OGfF9EV1UItEwJkJprBs5PRv8k39jtk7ugPxg/init?data=eyJ1cmwiOiJodHRwczovL2FwcHN0b3JlY29ubmVjdC5hcHBsZS5jb20vbG9naW4iLCJwbHVnaW5zIjoid3NtJmNhJnZzJndudCZ1YSZhYm4mYWJuX3NoYWRvdyZjYiIsImRhdGEiOnsiZGF0YSI6W3sicGx1Z2luIjoid3NtIiwicGFyYW1ldGVycyI6IntcInJlZmVycmVyXCI6XCJodHRwczovL2FwcHN0b3JlY29ubmVjdC5hcHBsZS5jb20vYXBwcy82Nzg5OTEzMTg2L2Rpc3RyaWJ1dGlvbi9pb3MvdmVyc2lvbi9pbmZsaWdodFwiLFwic3R1YklkXCI6XCJcIn0ifSx7InBsdWdpbiI6IndudCIsInBhcmFtZXRlcnMiOiJ7XCJyZWZlcnJlclwiOlwiaHR0cHM6Ly9hcHBzdG9yZWNvbm5lY3QuYXBwbGUuY29tL2FwcHMvNjc4OTkxMzE4Ni9kaXN0cmlidXRpb24vaW9zL3ZlcnNpb24vaW5mbGlnaHRcIn0ifSx7InBsdWdpbiI6InVhIiwicGFyYW1ldGVycyI6Int9In0seyJwbHVnaW4iOiJhYm4iLCJwYXJhbWV0ZXJzIjoie1wiaXNDc3NVcmxJbmplY3RlZFwiOmZhbHNlfSJ9LHsicGx1Z2luIjoiYWJuX3NoYWRvdyIsInBhcmFtZXRlcnMiOiJ7XCJpc0Nzc1VybEluamVjdGVkXCI6ZmFsc2V9In1dfSwiaXNUb3BMZXZlbCI6dHJ1ZSwicGFnZVN0YXJ0VGltZSI6MTc4NTEzMjI3NTIyNiwibmF2aWdhdGlvblN0YXJ0VGltZSI6MTc4NTEzMjI3Mzc0OH0%3D&nocache=1fb9a&tm=2026-07-27T06%3A49%3A34.663Z:0
[28699165ms] [ERROR] Failed to load resource: net::ERR_FAILED @ https://gc.kis.v2.scr.kaspersky-labs.com/7D8B79A2-8974-4D7B-A76A-F4F29624C06Beu1ScB50_jBlJEkkhNdFv0LjQF8TJjeCw2KS7xbiOY76PzBl9OGfF9EV1UItEwJkJprBs5PRv8k39jtk7ugPxg/init?data=eyJ1cmwiOiJodHRwczovL2FwcHN0b3JlY29ubmVjdC5hcHBsZS5jb20vbG9naW4iLCJwbHVnaW5zIjoid3NtJmNhJnZzJndudCZ1YSZhYm4mYWJuX3NoYWRvdyZjYiIsImRhdGEiOnsiZGF0YSI6W3sicGx1Z2luIjoid3NtIiwicGFyYW1ldGVycyI6IntcInJlZmVycmVyXCI6XCJodHRwczovL2FwcHN0b3JlY29ubmVjdC5hcHBsZS5jb20vYXBwcy82Nzg5OTEzMTg2L2Rpc3RyaWJ1dGlvbi9pb3MvdmVyc2lvbi9pbmZsaWdodFwiLFwic3R1YklkXCI6XCJcIn0ifSx7InBsdWdpbiI6IndudCIsInBhcmFtZXRlcnMiOiJ7XCJyZWZlcnJlclwiOlwiaHR0cHM6Ly9hcHBzdG9yZWNvbm5lY3QuYXBwbGUuY29tL2FwcHMvNjc4OTkxMzE4Ni9kaXN0cmlidXRpb24vaW9zL3ZlcnNpb24vaW5mbGlnaHRcIn0ifSx7InBsdWdpbiI6InVhIiwicGFyYW1ldGVycyI6Int9In0seyJwbHVnaW4iOiJhYm4iLCJwYXJhbWV0ZXJzIjoie1wiaXNDc3NVcmxJbmplY3RlZFwiOmZhbHNlfSJ9LHsicGx1Z2luIjoiYWJuX3NoYWRvdyIsInBhcmFtZXRlcnMiOiJ7XCJpc0Nzc1VybEluamVjdGVkXCI6ZmFsc2V9In1dfSwiaXNUb3BMZXZlbCI6dHJ1ZSwicGFnZVN0YXJ0VGltZSI6MTc4NTEzMjI3NTIyNiwibmF2aWdhdGlvblN0YXJ0VGltZSI6MTc4NTEzMjI3Mzc0OH0%3D&nocache=140bc&tm=2026-07-27T06%3A49%3A34.675Z&second=true:0
[28819159ms] [ERROR] Failed to load resource: net::ERR_FAILED @ https://gc.kis.v2.scr.kaspersky-labs.com/7D8B79A2-8974-4D7B-A76A-F4F29624C06Beu1ScB50_jBlJEkkhNdFv0LjQF8TJjeCw2KS7xbiOY76PzBl9OGfF9EV1UItEwJkJprBs5PRv8k39jtk7ugPxg/init?data=eyJ1cmwiOiJodHRwczovL2FwcHN0b3JlY29ubmVjdC5hcHBsZS5jb20vbG9naW4iLCJwbHVnaW5zIjoid3NtJmNhJnZzJndudCZ1YSZhYm4mYWJuX3NoYWRvdyZjYiIsImRhdGEiOnsiZGF0YSI6W3sicGx1Z2luIjoid3NtIiwicGFyYW1ldGVycyI6IntcInJlZmVycmVyXCI6XCJodHRwczovL2FwcHN0b3JlY29ubmVjdC5hcHBsZS5jb20vYXBwcy82Nzg5OTEzMTg2L2Rpc3RyaWJ1dGlvbi9pb3MvdmVyc2lvbi9pbmZsaWdodFwiLFwic3R1YklkXCI6XCJcIn0ifSx7InBsdWdpbiI6IndudCIsInBhcmFtZXRlcnMiOiJ7XCJyZWZlcnJlclwiOlwiaHR0cHM6Ly9hcHBzdG9yZWNvbm5lY3QuYXBwbGUuY29tL2FwcHMvNjc4OTkxMzE4Ni9kaXN0cmlidXRpb24vaW9zL3ZlcnNpb24vaW5mbGlnaHRcIn0ifSx7InBsdWdpbiI6InVhIiwicGFyYW1ldGVycyI6Int9In0seyJwbHVnaW4iOiJhYm4iLCJwYXJhbWV0ZXJzIjoie1wiaXNDc3NVcmxJbmplY3RlZFwiOmZhbHNlfSJ9LHsicGx1Z2luIjoiYWJuX3NoYWRvdyIsInBhcmFtZXRlcnMiOiJ7XCJpc0Nzc1VybEluamVjdGVkXCI6ZmFsc2V9In1dfSwiaXNUb3BMZXZlbCI6dHJ1ZSwicGFnZVN0YXJ0VGltZSI6MTc4NTEzMjI3NTIyNiwibmF2aWdhdGlvblN0YXJ0VGltZSI6MTc4NTEzMjI3Mzc0OH0%3D&nocache=19caf&tm=2026-07-27T06%3A51%3A34.664Z:0
[28819179ms] [ERROR] Failed to load resource: net::ERR_FAILED @ https://gc.kis.v2.scr.kaspersky-labs.com/7D8B79A2-8974-4D7B-A76A-F4F29624C06Beu1ScB50_jBlJEkkhNdFv0LjQF8TJjeCw2KS7xbiOY76PzBl9OGfF9EV1UItEwJkJprBs5PRv8k39jtk7ugPxg/init?data=eyJ1cmwiOiJodHRwczovL2FwcHN0b3JlY29ubmVjdC5hcHBsZS5jb20vbG9naW4iLCJwbHVnaW5zIjoid3NtJmNhJnZzJndudCZ1YSZhYm4mYWJuX3NoYWRvdyZjYiIsImRhdGEiOnsiZGF0YSI6W3sicGx1Z2luIjoid3NtIiwicGFyYW1ldGVycyI6IntcInJlZmVycmVyXCI6XCJodHRwczovL2FwcHN0b3JlY29ubmVjdC5hcHBsZS5jb20vYXBwcy82Nzg5OTEzMTg2L2Rpc3RyaWJ1dGlvbi9pb3MvdmVyc2lvbi9pbmZsaWdodFwiLFwic3R1YklkXCI6XCJcIn0ifSx7InBsdWdpbiI6IndudCIsInBhcmFtZXRlcnMiOiJ7XCJyZWZlcnJlclwiOlwiaHR0cHM6Ly9hcHBzdG9yZWNvbm5lY3QuYXBwbGUuY29tL2FwcHMvNjc4OTkxMzE4Ni9kaXN0cmlidXRpb24vaW9zL3ZlcnNpb24vaW5mbGlnaHRcIn0ifSx7InBsdWdpbiI6InVhIiwicGFyYW1ldGVycyI6Int9In0seyJwbHVnaW4iOiJhYm4iLCJwYXJhbWV0ZXJzIjoie1wiaXNDc3NVcmxJbmplY3RlZFwiOmZhbHNlfSJ9LHsicGx1Z2luIjoiYWJuX3NoYWRvdyIsInBhcmFtZXRlcnMiOiJ7XCJpc0Nzc1VybEluamVjdGVkXCI6ZmFsc2V9In1dfSwiaXNUb3BMZXZlbCI6dHJ1ZSwicGFnZVN0YXJ0VGltZSI6MTc4NTEzMjI3NTIyNiwibmF2aWdhdGlvblN0YXJ0VGltZSI6MTc4NTEzMjI3Mzc0OH0%3D&nocache=114a0&tm=2026-07-27T06%3A51%3A34.681Z&second=true:0
[28939152ms] [ERROR] Failed to load resource: net::ERR_FAILED @ https://gc.kis.v2.scr.kaspersky-labs.com/7D8B79A2-8974-4D7B-A76A-F4F29624C06Beu1ScB50_jBlJEkkhNdFv0LjQF8TJjeCw2KS7xbiOY76PzBl9OGfF9EV1UItEwJkJprBs5PRv8k39jtk7ugPxg/init?data=eyJ1cmwiOiJodHRwczovL2FwcHN0b3JlY29ubmVjdC5hcHBsZS5jb20vbG9naW4iLCJwbHVnaW5zIjoid3NtJmNhJnZzJndudCZ1YSZhYm4mYWJuX3NoYWRvdyZjYiIsImRhdGEiOnsiZGF0YSI6W3sicGx1Z2luIjoid3NtIiwicGFyYW1ldGVycyI6IntcInJlZmVycmVyXCI6XCJodHRwczovL2FwcHN0b3JlY29ubmVjdC5hcHBsZS5jb20vYXBwcy82Nzg5OTEzMTg2L2Rpc3RyaWJ1dGlvbi9pb3MvdmVyc2lvbi9pbmZsaWdodFwiLFwic3R1YklkXCI6XCJcIn0ifSx7InBsdWdpbiI6IndudCIsInBhcmFtZXRlcnMiOiJ7XCJyZWZlcnJlclwiOlwiaHR0cHM6Ly9hcHBzdG9yZWNvbm5lY3QuYXBwbGUuY29tL2FwcHMvNjc4OTkxMzE4Ni9kaXN0cmlidXRpb24vaW9zL3ZlcnNpb24vaW5mbGlnaHRcIn0ifSx7InBsdWdpbiI6InVhIiwicGFyYW1ldGVycyI6Int9In0seyJwbHVnaW4iOiJhYm4iLCJwYXJhbWV0ZXJzIjoie1wiaXNDc3NVcmxJbmplY3RlZFwiOmZhbHNlfSJ9LHsicGx1Z2luIjoiYWJuX3NoYWRvdyIsInBhcmFtZXRlcnMiOiJ7XCJpc0Nzc1VybEluamVjdGVkXCI6ZmFsc2V9In1dfSwiaXNUb3BMZXZlbCI6dHJ1ZSwicGFnZVN0YXJ0VGltZSI6MTc4NTEzMjI3NTIyNiwibmF2aWdhdGlvblN0YXJ0VGltZSI6MTc4NTEzMjI3Mzc0OH0%3D&nocache=1769a&tm=2026-07-27T06%3A53%3A34.661Z:0
[28939163ms] [ERROR] Failed to load resource: net::ERR_FAILED @ https://gc.kis.v2.scr.kaspersky-labs.com/7D8B79A2-8974-4D7B-A76A-F4F29624C06Beu1ScB50_jBlJEkkhNdFv0LjQF8TJjeCw2KS7xbiOY76PzBl9OGfF9EV1UItEwJkJprBs5PRv8k39jtk7ugPxg/init?data=eyJ1cmwiOiJodHRwczovL2FwcHN0b3JlY29ubmVjdC5hcHBsZS5jb20vbG9naW4iLCJwbHVnaW5zIjoid3NtJmNhJnZzJndudCZ1YSZhYm4mYWJuX3NoYWRvdyZjYiIsImRhdGEiOnsiZGF0YSI6W3sicGx1Z2luIjoid3NtIiwicGFyYW1ldGVycyI6IntcInJlZmVycmVyXCI6XCJodHRwczovL2FwcHN0b3JlY29ubmVjdC5hcHBsZS5jb20vYXBwcy82Nzg5OTEzMTg2L2Rpc3RyaWJ1dGlvbi9pb3MvdmVyc2lvbi9pbmZsaWdodFwiLFwic3R1YklkXCI6XCJcIn0ifSx7InBsdWdpbiI6IndudCIsInBhcmFtZXRlcnMiOiJ7XCJyZWZlcnJlclwiOlwiaHR0cHM6Ly9hcHBzdG9yZWNvbm5lY3QuYXBwbGUuY29tL2FwcHMvNjc4OTkxMzE4Ni9kaXN0cmlidXRpb24vaW9zL3ZlcnNpb24vaW5mbGlnaHRcIn0ifSx7InBsdWdpbiI6InVhIiwicGFyYW1ldGVycyI6Int9In0seyJwbHVnaW4iOiJhYm4iLCJwYXJhbWV0ZXJzIjoie1wiaXNDc3NVcmxJbmplY3RlZFwiOmZhbHNlfSJ9LHsicGx1Z2luIjoiYWJuX3NoYWRvdyIsInBhcmFtZXRlcnMiOiJ7XCJpc0Nzc1VybEluamVjdGVkXCI6ZmFsc2V9In1dfSwiaXNUb3BMZXZlbCI6dHJ1ZSwicGFnZVN0YXJ0VGltZSI6MTc4NTEzMjI3NTIyNiwibmF2aWdhdGlvblN0YXJ0VGltZSI6MTc4NTEzMjI3Mzc0OH0%3D&nocache=1d7d7&tm=2026-07-27T06%3A53%3A34.674Z&second=true:0
[29059150ms] [ERROR] Failed to load resource: net::ERR_FAILED @ https://gc.kis.v2.scr.kaspersky-labs.com/7D8B79A2-8974-4D7B-A76A-F4F29624C06Beu1ScB50_jBlJEkkhNdFv0LjQF8TJjeCw2KS7xbiOY76PzBl9OGfF9EV1UItEwJkJprBs5PRv8k39jtk7ugPxg/init?data=eyJ1cmwiOiJodHRwczovL2FwcHN0b3JlY29ubmVjdC5hcHBsZS5jb20vbG9naW4iLCJwbHVnaW5zIjoid3NtJmNhJnZzJndudCZ1YSZhYm4mYWJuX3NoYWRvdyZjYiIsImRhdGEiOnsiZGF0YSI6W3sicGx1Z2luIjoid3NtIiwicGFyYW1ldGVycyI6IntcInJlZmVycmVyXCI6XCJodHRwczovL2FwcHN0b3JlY29ubmVjdC5hcHBsZS5jb20vYXBwcy82Nzg5OTEzMTg2L2Rpc3RyaWJ1dGlvbi9pb3MvdmVyc2lvbi9pbmZsaWdodFwiLFwic3R1YklkXCI6XCJcIn0ifSx7InBsdWdpbiI6IndudCIsInBhcmFtZXRlcnMiOiJ7XCJyZWZlcnJlclwiOlwiaHR0cHM6Ly9hcHBzdG9yZWNvbm5lY3QuYXBwbGUuY29tL2FwcHMvNjc4OTkxMzE4Ni9kaXN0cmlidXRpb24vaW9zL3ZlcnNpb24vaW5mbGlnaHRcIn0ifSx7InBsdWdpbiI6InVhIiwicGFyYW1ldGVycyI6Int9In0seyJwbHVnaW4iOiJhYm4iLCJwYXJhbWV0ZXJzIjoie1wiaXNDc3NVcmxJbmplY3RlZFwiOmZhbHNlfSJ9LHsicGx1Z2luIjoiYWJuX3NoYWRvdyIsInBhcmFtZXRlcnMiOiJ7XCJpc0Nzc1VybEluamVjdGVkXCI6ZmFsc2V9In1dfSwiaXNUb3BMZXZlbCI6dHJ1ZSwicGFnZVN0YXJ0VGltZSI6MTc4NTEzMjI3NTIyNiwibmF2aWdhdGlvblN0YXJ0VGltZSI6MTc4NTEzMjI3Mzc0OH0%3D&nocache=15ecd&tm=2026-07-27T06%3A55%3A34.660Z:0
[29059162ms] [ERROR] Failed to load resource: net::ERR_FAILED @ https://gc.kis.v2.scr.kaspersky-labs.com/7D8B79A2-8974-4D7B-A76A-F4F29624C06Beu1ScB50_jBlJEkkhNdFv0LjQF8TJjeCw2KS7xbiOY76PzBl9OGfF9EV1UItEwJkJprBs5PRv8k39jtk7ugPxg/init?data=eyJ1cmwiOiJodHRwczovL2FwcHN0b3JlY29ubmVjdC5hcHBsZS5jb20vbG9naW4iLCJwbHVnaW5zIjoid3NtJmNhJnZzJndudCZ1YSZhYm4mYWJuX3NoYWRvdyZjYiIsImRhdGEiOnsiZGF0YSI6W3sicGx1Z2luIjoid3NtIiwicGFyYW1ldGVycyI6IntcInJlZmVycmVyXCI6XCJodHRwczovL2FwcHN0b3JlY29ubmVjdC5hcHBsZS5jb20vYXBwcy82Nzg5OTEzMTg2L2Rpc3RyaWJ1dGlvbi9pb3MvdmVyc2lvbi9pbmZsaWdodFwiLFwic3R1YklkXCI6XCJcIn0ifSx7InBsdWdpbiI6IndudCIsInBhcmFtZXRlcnMiOiJ7XCJyZWZlcnJlclwiOlwiaHR0cHM6Ly9hcHBzdG9yZWNvbm5lY3QuYXBwbGUuY29tL2FwcHMvNjc4OTkxMzE4Ni9kaXN0cmlidXRpb24vaW9zL3ZlcnNpb24vaW5mbGlnaHRcIn0ifSx7InBsdWdpbiI6InVhIiwicGFyYW1ldGVycyI6Int9In0seyJwbHVnaW4iOiJhYm4iLCJwYXJhbWV0ZXJzIjoie1wiaXNDc3NVcmxJbmplY3RlZFwiOmZhbHNlfSJ9LHsicGx1Z2luIjoiYWJuX3NoYWRvdyIsInBhcmFtZXRlcnMiOiJ7XCJpc0Nzc1VybEluamVjdGVkXCI6ZmFsc2V9In1dfSwiaXNUb3BMZXZlbCI6dHJ1ZSwicGFnZVN0YXJ0VGltZSI6MTc4NTEzMjI3NTIyNiwibmF2aWdhdGlvblN0YXJ0VGltZSI6MTc4NTEzMjI3Mzc0OH0%3D&nocache=153c8&tm=2026-07-27T06%3A55%3A34.672Z&second=true:0
[29179144ms] [ERROR] Failed to load resource: net::ERR_FAILED @ https://gc.kis.v2.scr.kaspersky-labs.com/7D8B79A2-8974-4D7B-A76A-F4F29624C06Beu1ScB50_jBlJEkkhNdFv0LjQF8TJjeCw2KS7xbiOY76PzBl9OGfF9EV1UItEwJkJprBs5PRv8k39jtk7ugPxg/init?data=eyJ1cmwiOiJodHRwczovL2FwcHN0b3JlY29ubmVjdC5hcHBsZS5jb20vbG9naW4iLCJwbHVnaW5zIjoid3NtJmNhJnZzJndudCZ1YSZhYm4mYWJuX3NoYWRvdyZjYiIsImRhdGEiOnsiZGF0YSI6W3sicGx1Z2luIjoid3NtIiwicGFyYW1ldGVycyI6IntcInJlZmVycmVyXCI6XCJodHRwczovL2FwcHN0b3JlY29ubmVjdC5hcHBsZS5jb20vYXBwcy82Nzg5OTEzMTg2L2Rpc3RyaWJ1dGlvbi9pb3MvdmVyc2lvbi9pbmZsaWdodFwiLFwic3R1YklkXCI6XCJcIn0ifSx7InBsdWdpbiI6IndudCIsInBhcmFtZXRlcnMiOiJ7XCJyZWZlcnJlclwiOlwiaHR0cHM6Ly9hcHBzdG9yZWNvbm5lY3QuYXBwbGUuY29tL2FwcHMvNjc4OTkxMzE4Ni9kaXN0cmlidXRpb24vaW9zL3ZlcnNpb24vaW5mbGlnaHRcIn0ifSx7InBsdWdpbiI6InVhIiwicGFyYW1ldGVycyI6Int9In0seyJwbHVnaW4iOiJhYm4iLCJwYXJhbWV0ZXJzIjoie1wiaXNDc3NVcmxJbmplY3RlZFwiOmZhbHNlfSJ9LHsicGx1Z2luIjoiYWJuX3NoYWRvdyIsInBhcmFtZXRlcnMiOiJ7XCJpc0Nzc1VybEluamVjdGVkXCI6ZmFsc2V9In1dfSwiaXNUb3BMZXZlbCI6dHJ1ZSwicGFnZVN0YXJ0VGltZSI6MTc4NTEzMjI3NTIyNiwibmF2aWdhdGlvblN0YXJ0VGltZSI6MTc4NTEzMjI3Mzc0OH0%3D&nocache=1a648&tm=2026-07-27T06%3A57%3A34.656Z:0
[29179165ms] [ERROR] Failed to load resource: net::ERR_FAILED @ https://gc.kis.v2.scr.kaspersky-labs.com/7D8B79A2-8974-4D7B-A76A-F4F29624C06Beu1ScB50_jBlJEkkhNdFv0LjQF8TJjeCw2KS7xbiOY76PzBl9OGfF9EV1UItEwJkJprBs5PRv8k39jtk7ugPxg/init?data=eyJ1cmwiOiJodHRwczovL2FwcHN0b3JlY29ubmVjdC5hcHBsZS5jb20vbG9naW4iLCJwbHVnaW5zIjoid3NtJmNhJnZzJndudCZ1YSZhYm4mYWJuX3NoYWRvdyZjYiIsImRhdGEiOnsiZGF0YSI6W3sicGx1Z2luIjoid3NtIiwicGFyYW1ldGVycyI6IntcInJlZmVycmVyXCI6XCJodHRwczovL2FwcHN0b3JlY29ubmVjdC5hcHBsZS5jb20vYXBwcy82Nzg5OTEzMTg2L2Rpc3RyaWJ1dGlvbi9pb3MvdmVyc2lvbi9pbmZsaWdodFwiLFwic3R1YklkXCI6XCJcIn0ifSx7InBsdWdpbiI6IndudCIsInBhcmFtZXRlcnMiOiJ7XCJyZWZlcnJlclwiOlwiaHR0cHM6Ly9hcHBzdG9yZWNvbm5lY3QuYXBwbGUuY29tL2FwcHMvNjc4OTkxMzE4Ni9kaXN0cmlidXRpb24vaW9zL3ZlcnNpb24vaW5mbGlnaHRcIn0ifSx7InBsdWdpbiI6InVhIiwicGFyYW1ldGVycyI6Int9In0seyJwbHVnaW4iOiJhYm4iLCJwYXJhbWV0ZXJzIjoie1wiaXNDc3NVcmxJbmplY3RlZFwiOmZhbHNlfSJ9LHsicGx1Z2luIjoiYWJuX3NoYWRvdyIsInBhcmFtZXRlcnMiOiJ7XCJpc0Nzc1VybEluamVjdGVkXCI6ZmFsc2V9In1dfSwiaXNUb3BMZXZlbCI6dHJ1ZSwicGFnZVN0YXJ0VGltZSI6MTc4NTEzMjI3NTIyNiwibmF2aWdhdGlvblN0YXJ0VGltZSI6MTc4NTEzMjI3Mzc0OH0%3D&nocache=1ae96&tm=2026-07-27T06%3A57%3A34.666Z&second=true:0
[29299148ms] [ERROR] Failed to load resource: net::ERR_FAILED @ https://gc.kis.v2.scr.kaspersky-labs.com/7D8B79A2-8974-4D7B-A76A-F4F29624C06Beu1ScB50_jBlJEkkhNdFv0LjQF8TJjeCw2KS7xbiOY76PzBl9OGfF9EV1UItEwJkJprBs5PRv8k39jtk7ugPxg/init?data=eyJ1cmwiOiJodHRwczovL2FwcHN0b3JlY29ubmVjdC5hcHBsZS5jb20vbG9naW4iLCJwbHVnaW5zIjoid3NtJmNhJnZzJndudCZ1YSZhYm4mYWJuX3NoYWRvdyZjYiIsImRhdGEiOnsiZGF0YSI6W3sicGx1Z2luIjoid3NtIiwicGFyYW1ldGVycyI6IntcInJlZmVycmVyXCI6XCJodHRwczovL2FwcHN0b3JlY29ubmVjdC5hcHBsZS5jb20vYXBwcy82Nzg5OTEzMTg2L2Rpc3RyaWJ1dGlvbi9pb3MvdmVyc2lvbi9pbmZsaWdodFwiLFwic3R1YklkXCI6XCJcIn0ifSx7InBsdWdpbiI6IndudCIsInBhcmFtZXRlcnMiOiJ7XCJyZWZlcnJlclwiOlwiaHR0cHM6Ly9hcHBzdG9yZWNvbm5lY3QuYXBwbGUuY29tL2FwcHMvNjc4OTkxMzE4Ni9kaXN0cmlidXRpb24vaW9zL3ZlcnNpb24vaW5mbGlnaHRcIn0ifSx7InBsdWdpbiI6InVhIiwicGFyYW1ldGVycyI6Int9In0seyJwbHVnaW4iOiJhYm4iLCJwYXJhbWV0ZXJzIjoie1wiaXNDc3NVcmxJbmplY3RlZFwiOmZhbHNlfSJ9LHsicGx1Z2luIjoiYWJuX3NoYWRvdyIsInBhcmFtZXRlcnMiOiJ7XCJpc0Nzc1VybEluamVjdGVkXCI6ZmFsc2V9In1dfSwiaXNUb3BMZXZlbCI6dHJ1ZSwicGFnZVN0YXJ0VGltZSI6MTc4NTEzMjI3NTIyNiwibmF2aWdhdGlvblN0YXJ0VGltZSI6MTc4NTEzMjI3Mzc0OH0%3D&nocache=18ae7&tm=2026-07-27T06%3A59%3A34.659Z:0
[29299156ms] [ERROR] Failed to load resource: net::ERR_FAILED @ https://gc.kis.v2.scr.kaspersky-labs.com/7D8B79A2-8974-4D7B-A76A-F4F29624C06Beu1ScB50_jBlJEkkhNdFv0LjQF8TJjeCw2KS7xbiOY76PzBl9OGfF9EV1UItEwJkJprBs5PRv8k39jtk7ugPxg/init?data=eyJ1cmwiOiJodHRwczovL2FwcHN0b3JlY29ubmVjdC5hcHBsZS5jb20vbG9naW4iLCJwbHVnaW5zIjoid3NtJmNhJnZzJndudCZ1YSZhYm4mYWJuX3NoYWRvdyZjYiIsImRhdGEiOnsiZGF0YSI6W3sicGx1Z2luIjoid3NtIiwicGFyYW1ldGVycyI6IntcInJlZmVycmVyXCI6XCJodHRwczovL2FwcHN0b3JlY29ubmVjdC5hcHBsZS5jb20vYXBwcy82Nzg5OTEzMTg2L2Rpc3RyaWJ1dGlvbi9pb3MvdmVyc2lvbi9pbmZsaWdodFwiLFwic3R1YklkXCI6XCJcIn0ifSx7InBsdWdpbiI6IndudCIsInBhcmFtZXRlcnMiOiJ7XCJyZWZlcnJlclwiOlwiaHR0cHM6Ly9hcHBzdG9yZWNvbm5lY3QuYXBwbGUuY29tL2FwcHMvNjc4OTkxMzE4Ni9kaXN0cmlidXRpb24vaW9zL3ZlcnNpb24vaW5mbGlnaHRcIn0ifSx7InBsdWdpbiI6InVhIiwicGFyYW1ldGVycyI6Int9In0seyJwbHVnaW4iOiJhYm4iLCJwYXJhbWV0ZXJzIjoie1wiaXNDc3NVcmxJbmplY3RlZFwiOmZhbHNlfSJ9LHsicGx1Z2luIjoiYWJuX3NoYWRvdyIsInBhcmFtZXRlcnMiOiJ7XCJpc0Nzc1VybEluamVjdGVkXCI6ZmFsc2V9In1dfSwiaXNUb3BMZXZlbCI6dHJ1ZSwicGFnZVN0YXJ0VGltZSI6MTc4NTEzMjI3NTIyNiwibmF2aWdhdGlvblN0YXJ0VGltZSI6MTc4NTEzMjI3Mzc0OH0%3D&nocache=1b02d&tm=2026-07-27T06%3A59%3A34.670Z&second=true:0
[29419150ms] [ERROR] Failed to load resource: net::ERR_FAILED @ https://gc.kis.v2.scr.kaspersky-labs.com/7D8B79A2-8974-4D7B-A76A-F4F29624C06Beu1ScB50_jBlJEkkhNdFv0LjQF8TJjeCw2KS7xbiOY76PzBl9OGfF9EV1UItEwJkJprBs5PRv8k39jtk7ugPxg/init?data=eyJ1cmwiOiJodHRwczovL2FwcHN0b3JlY29ubmVjdC5hcHBsZS5jb20vbG9naW4iLCJwbHVnaW5zIjoid3NtJmNhJnZzJndudCZ1YSZhYm4mYWJuX3NoYWRvdyZjYiIsImRhdGEiOnsiZGF0YSI6W3sicGx1Z2luIjoid3NtIiwicGFyYW1ldGVycyI6IntcInJlZmVycmVyXCI6XCJodHRwczovL2FwcHN0b3JlY29ubmVjdC5hcHBsZS5jb20vYXBwcy82Nzg5OTEzMTg2L2Rpc3RyaWJ1dGlvbi9pb3MvdmVyc2lvbi9pbmZsaWdodFwiLFwic3R1YklkXCI6XCJcIn0ifSx7InBsdWdpbiI6IndudCIsInBhcmFtZXRlcnMiOiJ7XCJyZWZlcnJlclwiOlwiaHR0cHM6Ly9hcHBzdG9yZWNvbm5lY3QuYXBwbGUuY29tL2FwcHMvNjc4OTkxMzE4Ni9kaXN0cmlidXRpb24vaW9zL3ZlcnNpb24vaW5mbGlnaHRcIn0ifSx7InBsdWdpbiI6InVhIiwicGFyYW1ldGVycyI6Int9In0seyJwbHVnaW4iOiJhYm4iLCJwYXJhbWV0ZXJzIjoie1wiaXNDc3NVcmxJbmplY3RlZFwiOmZhbHNlfSJ9LHsicGx1Z2luIjoiYWJuX3NoYWRvdyIsInBhcmFtZXRlcnMiOiJ7XCJpc0Nzc1VybEluamVjdGVkXCI6ZmFsc2V9In1dfSwiaXNUb3BMZXZlbCI6dHJ1ZSwicGFnZVN0YXJ0VGltZSI6MTc4NTEzMjI3NTIyNiwibmF2aWdhdGlvblN0YXJ0VGltZSI6MTc4NTEzMjI3Mzc0OH0%3D&nocache=15f43&tm=2026-07-27T07%3A01%3A34.663Z:0
[29419157ms] [ERROR] Failed to load resource: net::ERR_FAILED @ https://gc.kis.v2.scr.kaspersky-labs.com/7D8B79A2-8974-4D7B-A76A-F4F29624C06Beu1ScB50_jBlJEkkhNdFv0LjQF8TJjeCw2KS7xbiOY76PzBl9OGfF9EV1UItEwJkJprBs5PRv8k39jtk7ugPxg/init?data=eyJ1cmwiOiJodHRwczovL2FwcHN0b3JlY29ubmVjdC5hcHBsZS5jb20vbG9naW4iLCJwbHVnaW5zIjoid3NtJmNhJnZzJndudCZ1YSZhYm4mYWJuX3NoYWRvdyZjYiIsImRhdGEiOnsiZGF0YSI6W3sicGx1Z2luIjoid3NtIiwicGFyYW1ldGVycyI6IntcInJlZmVycmVyXCI6XCJodHRwczovL2FwcHN0b3JlY29ubmVjdC5hcHBsZS5jb20vYXBwcy82Nzg5OTEzMTg2L2Rpc3RyaWJ1dGlvbi9pb3MvdmVyc2lvbi9pbmZsaWdodFwiLFwic3R1YklkXCI6XCJcIn0ifSx7InBsdWdpbiI6IndudCIsInBhcmFtZXRlcnMiOiJ7XCJyZWZlcnJlclwiOlwiaHR0cHM6Ly9hcHBzdG9yZWNvbm5lY3QuYXBwbGUuY29tL2FwcHMvNjc4OTkxMzE4Ni9kaXN0cmlidXRpb24vaW9zL3ZlcnNpb24vaW5mbGlnaHRcIn0ifSx7InBsdWdpbiI6InVhIiwicGFyYW1ldGVycyI6Int9In0seyJwbHVnaW4iOiJhYm4iLCJwYXJhbWV0ZXJzIjoie1wiaXNDc3NVcmxJbmplY3RlZFwiOmZhbHNlfSJ9LHsicGx1Z2luIjoiYWJuX3NoYWRvdyIsInBhcmFtZXRlcnMiOiJ7XCJpc0Nzc1VybEluamVjdGVkXCI6ZmFsc2V9In1dfSwiaXNUb3BMZXZlbCI6dHJ1ZSwicGFnZVN0YXJ0VGltZSI6MTc4NTEzMjI3NTIyNiwibmF2aWdhdGlvblN0YXJ0VGltZSI6MTc4NTEzMjI3Mzc0OH0%3D&nocache=15ff4&tm=2026-07-27T07%3A01%3A34.672Z&second=true:0
[29539189ms] [ERROR] Failed to load resource: net::ERR_FAILED @ https://gc.kis.v2.scr.kaspersky-labs.com/7D8B79A2-8974-4D7B-A76A-F4F29624C06Beu1ScB50_jBlJEkkhNdFv0LjQF8TJjeCw2KS7xbiOY76PzBl9OGfF9EV1UItEwJkJprBs5PRv8k39jtk7ugPxg/init?data=eyJ1cmwiOiJodHRwczovL2FwcHN0b3JlY29ubmVjdC5hcHBsZS5jb20vbG9naW4iLCJwbHVnaW5zIjoid3NtJmNhJnZzJndudCZ1YSZhYm4mYWJuX3NoYWRvdyZjYiIsImRhdGEiOnsiZGF0YSI6W3sicGx1Z2luIjoid3NtIiwicGFyYW1ldGVycyI6IntcInJlZmVycmVyXCI6XCJodHRwczovL2FwcHN0b3JlY29ubmVjdC5hcHBsZS5jb20vYXBwcy82Nzg5OTEzMTg2L2Rpc3RyaWJ1dGlvbi9pb3MvdmVyc2lvbi9pbmZsaWdodFwiLFwic3R1YklkXCI6XCJcIn0ifSx7InBsdWdpbiI6IndudCIsInBhcmFtZXRlcnMiOiJ7XCJyZWZlcnJlclwiOlwiaHR0cHM6Ly9hcHBzdG9yZWNvbm5lY3QuYXBwbGUuY29tL2FwcHMvNjc4OTkxMzE4Ni9kaXN0cmlidXRpb24vaW9zL3ZlcnNpb24vaW5mbGlnaHRcIn0ifSx7InBsdWdpbiI6InVhIiwicGFyYW1ldGVycyI6Int9In0seyJwbHVnaW4iOiJhYm4iLCJwYXJhbWV0ZXJzIjoie1wiaXNDc3NVcmxJbmplY3RlZFwiOmZhbHNlfSJ9LHsicGx1Z2luIjoiYWJuX3NoYWRvdyIsInBhcmFtZXRlcnMiOiJ7XCJpc0Nzc1VybEluamVjdGVkXCI6ZmFsc2V9In1dfSwiaXNUb3BMZXZlbCI6dHJ1ZSwicGFnZVN0YXJ0VGltZSI6MTc4NTEzMjI3NTIyNiwibmF2aWdhdGlvblN0YXJ0VGltZSI6MTc4NTEzMjI3Mzc0OH0%3D&nocache=1828c&tm=2026-07-27T07%3A03%3A34.696Z:0
[29539197ms] [ERROR] Failed to load resource: net::ERR_FAILED @ https://gc.kis.v2.scr.kaspersky-labs.com/7D8B79A2-8974-4D7B-A76A-F4F29624C06Beu1ScB50_jBlJEkkhNdFv0LjQF8TJjeCw2KS7xbiOY76PzBl9OGfF9EV1UItEwJkJprBs5PRv8k39jtk7ugPxg/init?data=eyJ1cmwiOiJodHRwczovL2FwcHN0b3JlY29ubmVjdC5hcHBsZS5jb20vbG9naW4iLCJwbHVnaW5zIjoid3NtJmNhJnZzJndudCZ1YSZhYm4mYWJuX3NoYWRvdyZjYiIsImRhdGEiOnsiZGF0YSI6W3sicGx1Z2luIjoid3NtIiwicGFyYW1ldGVycyI6IntcInJlZmVycmVyXCI6XCJodHRwczovL2FwcHN0b3JlY29ubmVjdC5hcHBsZS5jb20vYXBwcy82Nzg5OTEzMTg2L2Rpc3RyaWJ1dGlvbi9pb3MvdmVyc2lvbi9pbmZsaWdodFwiLFwic3R1YklkXCI6XCJcIn0ifSx7InBsdWdpbiI6IndudCIsInBhcmFtZXRlcnMiOiJ7XCJyZWZlcnJlclwiOlwiaHR0cHM6Ly9hcHBzdG9yZWNvbm5lY3QuYXBwbGUuY29tL2FwcHMvNjc4OTkxMzE4Ni9kaXN0cmlidXRpb24vaW9zL3ZlcnNpb24vaW5mbGlnaHRcIn0ifSx7InBsdWdpbiI6InVhIiwicGFyYW1ldGVycyI6Int9In0seyJwbHVnaW4iOiJhYm4iLCJwYXJhbWV0ZXJzIjoie1wiaXNDc3NVcmxJbmplY3RlZFwiOmZhbHNlfSJ9LHsicGx1Z2luIjoiYWJuX3NoYWRvdyIsInBhcmFtZXRlcnMiOiJ7XCJpc0Nzc1VybEluamVjdGVkXCI6ZmFsc2V9In1dfSwiaXNUb3BMZXZlbCI6dHJ1ZSwicGFnZVN0YXJ0VGltZSI6MTc4NTEzMjI3NTIyNiwibmF2aWdhdGlvblN0YXJ0VGltZSI6MTc4NTEzMjI3Mzc0OH0%3D&nocache=18cf7&tm=2026-07-27T07%3A03%3A34.712Z&second=true:0
[29659164ms] [ERROR] Failed to load resource: net::ERR_FAILED @ https://gc.kis.v2.scr.kaspersky-labs.com/7D8B79A2-8974-4D7B-A76A-F4F29624C06Beu1ScB50_jBlJEkkhNdFv0LjQF8TJjeCw2KS7xbiOY76PzBl9OGfF9EV1UItEwJkJprBs5PRv8k39jtk7ugPxg/init?data=eyJ1cmwiOiJodHRwczovL2FwcHN0b3JlY29ubmVjdC5hcHBsZS5jb20vbG9naW4iLCJwbHVnaW5zIjoid3NtJmNhJnZzJndudCZ1YSZhYm4mYWJuX3NoYWRvdyZjYiIsImRhdGEiOnsiZGF0YSI6W3sicGx1Z2luIjoid3NtIiwicGFyYW1ldGVycyI6IntcInJlZmVycmVyXCI6XCJodHRwczovL2FwcHN0b3JlY29ubmVjdC5hcHBsZS5jb20vYXBwcy82Nzg5OTEzMTg2L2Rpc3RyaWJ1dGlvbi9pb3MvdmVyc2lvbi9pbmZsaWdodFwiLFwic3R1YklkXCI6XCJcIn0ifSx7InBsdWdpbiI6IndudCIsInBhcmFtZXRlcnMiOiJ7XCJyZWZlcnJlclwiOlwiaHR0cHM6Ly9hcHBzdG9yZWNvbm5lY3QuYXBwbGUuY29tL2FwcHMvNjc4OTkxMzE4Ni9kaXN0cmlidXRpb24vaW9zL3ZlcnNpb24vaW5mbGlnaHRcIn0ifSx7InBsdWdpbiI6InVhIiwicGFyYW1ldGVycyI6Int9In0seyJwbHVnaW4iOiJhYm4iLCJwYXJhbWV0ZXJzIjoie1wiaXNDc3NVcmxJbmplY3RlZFwiOmZhbHNlfSJ9LHsicGx1Z2luIjoiYWJuX3NoYWRvdyIsInBhcmFtZXRlcnMiOiJ7XCJpc0Nzc1VybEluamVjdGVkXCI6ZmFsc2V9In1dfSwiaXNUb3BMZXZlbCI6dHJ1ZSwicGFnZVN0YXJ0VGltZSI6MTc4NTEzMjI3NTIyNiwibmF2aWdhdGlvblN0YXJ0VGltZSI6MTc4NTEzMjI3Mzc0OH0%3D&nocache=15c57&tm=2026-07-27T07%3A05%3A34.671Z:0
[29659178ms] [ERROR] Failed to load resource: net::ERR_FAILED @ https://gc.kis.v2.scr.kaspersky-labs.com/7D8B79A2-8974-4D7B-A76A-F4F29624C06Beu1ScB50_jBlJEkkhNdFv0LjQF8TJjeCw2KS7xbiOY76PzBl9OGfF9EV1UItEwJkJprBs5PRv8k39jtk7ugPxg/init?data=eyJ1cmwiOiJodHRwczovL2FwcHN0b3JlY29ubmVjdC5hcHBsZS5jb20vbG9naW4iLCJwbHVnaW5zIjoid3NtJmNhJnZzJndudCZ1YSZhYm4mYWJuX3NoYWRvdyZjYiIsImRhdGEiOnsiZGF0YSI6W3sicGx1Z2luIjoid3NtIiwicGFyYW1ldGVycyI6IntcInJlZmVycmVyXCI6XCJodHRwczovL2FwcHN0b3JlY29ubmVjdC5hcHBsZS5jb20vYXBwcy82Nzg5OTEzMTg2L2Rpc3RyaWJ1dGlvbi9pb3MvdmVyc2lvbi9pbmZsaWdodFwiLFwic3R1YklkXCI6XCJcIn0ifSx7InBsdWdpbiI6IndudCIsInBhcmFtZXRlcnMiOiJ7XCJyZWZlcnJlclwiOlwiaHR0cHM6Ly9hcHBzdG9yZWNvbm5lY3QuYXBwbGUuY29tL2FwcHMvNjc4OTkxMzE4Ni9kaXN0cmlidXRpb24vaW9zL3ZlcnNpb24vaW5mbGlnaHRcIn0ifSx7InBsdWdpbiI6InVhIiwicGFyYW1ldGVycyI6Int9In0seyJwbHVnaW4iOiJhYm4iLCJwYXJhbWV0ZXJzIjoie1wiaXNDc3NVcmxJbmplY3RlZFwiOmZhbHNlfSJ9LHsicGx1Z2luIjoiYWJuX3NoYWRvdyIsInBhcmFtZXRlcnMiOiJ7XCJpc0Nzc1VybEluamVjdGVkXCI6ZmFsc2V9In1dfSwiaXNUb3BMZXZlbCI6dHJ1ZSwicGFnZVN0YXJ0VGltZSI6MTc4NTEzMjI3NTIyNiwibmF2aWdhdGlvblN0YXJ0VGltZSI6MTc4NTEzMjI3Mzc0OH0%3D&nocache=116fb&tm=2026-07-27T07%3A05%3A34.686Z&second=true:0
[29779164ms] [ERROR] Failed to load resource: net::ERR_FAILED @ https://gc.kis.v2.scr.kaspersky-labs.com/7D8B79A2-8974-4D7B-A76A-F4F29624C06Beu1ScB50_jBlJEkkhNdFv0LjQF8TJjeCw2KS7xbiOY76PzBl9OGfF9EV1UItEwJkJprBs5PRv8k39jtk7ugPxg/init?data=eyJ1cmwiOiJodHRwczovL2FwcHN0b3JlY29ubmVjdC5hcHBsZS5jb20vbG9naW4iLCJwbHVnaW5zIjoid3NtJmNhJnZzJndudCZ1YSZhYm4mYWJuX3NoYWRvdyZjYiIsImRhdGEiOnsiZGF0YSI6W3sicGx1Z2luIjoid3NtIiwicGFyYW1ldGVycyI6IntcInJlZmVycmVyXCI6XCJodHRwczovL2FwcHN0b3JlY29ubmVjdC5hcHBsZS5jb20vYXBwcy82Nzg5OTEzMTg2L2Rpc3RyaWJ1dGlvbi9pb3MvdmVyc2lvbi9pbmZsaWdodFwiLFwic3R1YklkXCI6XCJcIn0ifSx7InBsdWdpbiI6IndudCIsInBhcmFtZXRlcnMiOiJ7XCJyZWZlcnJlclwiOlwiaHR0cHM6Ly9hcHBzdG9yZWNvbm5lY3QuYXBwbGUuY29tL2FwcHMvNjc4OTkxMzE4Ni9kaXN0cmlidXRpb24vaW9zL3ZlcnNpb24vaW5mbGlnaHRcIn0ifSx7InBsdWdpbiI6InVhIiwicGFyYW1ldGVycyI6Int9In0seyJwbHVnaW4iOiJhYm4iLCJwYXJhbWV0ZXJzIjoie1wiaXNDc3NVcmxJbmplY3RlZFwiOmZhbHNlfSJ9LHsicGx1Z2luIjoiYWJuX3NoYWRvdyIsInBhcmFtZXRlcnMiOiJ7XCJpc0Nzc1VybEluamVjdGVkXCI6ZmFsc2V9In1dfSwiaXNUb3BMZXZlbCI6dHJ1ZSwicGFnZVN0YXJ0VGltZSI6MTc4NTEzMjI3NTIyNiwibmF2aWdhdGlvblN0YXJ0VGltZSI6MTc4NTEzMjI3Mzc0OH0%3D&nocache=186bc&tm=2026-07-27T07%3A07%3A34.667Z:0
[29779177ms] [ERROR] Failed to load resource: net::ERR_FAILED @ https://gc.kis.v2.scr.kaspersky-labs.com/7D8B79A2-8974-4D7B-A76A-F4F29624C06Beu1ScB50_jBlJEkkhNdFv0LjQF8TJjeCw2KS7xbiOY76PzBl9OGfF9EV1UItEwJkJprBs5PRv8k39jtk7ugPxg/init?data=eyJ1cmwiOiJodHRwczovL2FwcHN0b3JlY29ubmVjdC5hcHBsZS5jb20vbG9naW4iLCJwbHVnaW5zIjoid3NtJmNhJnZzJndudCZ1YSZhYm4mYWJuX3NoYWRvdyZjYiIsImRhdGEiOnsiZGF0YSI6W3sicGx1Z2luIjoid3NtIiwicGFyYW1ldGVycyI6IntcInJlZmVycmVyXCI6XCJodHRwczovL2FwcHN0b3JlY29ubmVjdC5hcHBsZS5jb20vYXBwcy82Nzg5OTEzMTg2L2Rpc3RyaWJ1dGlvbi9pb3MvdmVyc2lvbi9pbmZsaWdodFwiLFwic3R1YklkXCI6XCJcIn0ifSx7InBsdWdpbiI6IndudCIsInBhcmFtZXRlcnMiOiJ7XCJyZWZlcnJlclwiOlwiaHR0cHM6Ly9hcHBzdG9yZWNvbm5lY3QuYXBwbGUuY29tL2FwcHMvNjc4OTkxMzE4Ni9kaXN0cmlidXRpb24vaW9zL3ZlcnNpb24vaW5mbGlnaHRcIn0ifSx7InBsdWdpbiI6InVhIiwicGFyYW1ldGVycyI6Int9In0seyJwbHVnaW4iOiJhYm4iLCJwYXJhbWV0ZXJzIjoie1wiaXNDc3NVcmxJbmplY3RlZFwiOmZhbHNlfSJ9LHsicGx1Z2luIjoiYWJuX3NoYWRvdyIsInBhcmFtZXRlcnMiOiJ7XCJpc0Nzc1VybEluamVjdGVkXCI6ZmFsc2V9In1dfSwiaXNUb3BMZXZlbCI6dHJ1ZSwicGFnZVN0YXJ0VGltZSI6MTc4NTEzMjI3NTIyNiwibmF2aWdhdGlvblN0YXJ0VGltZSI6MTc4NTEzMjI3Mzc0OH0%3D&nocache=17344&tm=2026-07-27T07%3A07%3A34.687Z&second=true:0
[29899160ms] [ERROR] Failed to load resource: net::ERR_FAILED @ https://gc.kis.v2.scr.kaspersky-labs.com/7D8B79A2-8974-4D7B-A76A-F4F29624C06Beu1ScB50_jBlJEkkhNdFv0LjQF8TJjeCw2KS7xbiOY76PzBl9OGfF9EV1UItEwJkJprBs5PRv8k39jtk7ugPxg/init?data=eyJ1cmwiOiJodHRwczovL2FwcHN0b3JlY29ubmVjdC5hcHBsZS5jb20vbG9naW4iLCJwbHVnaW5zIjoid3NtJmNhJnZzJndudCZ1YSZhYm4mYWJuX3NoYWRvdyZjYiIsImRhdGEiOnsiZGF0YSI6W3sicGx1Z2luIjoid3NtIiwicGFyYW1ldGVycyI6IntcInJlZmVycmVyXCI6XCJodHRwczovL2FwcHN0b3JlY29ubmVjdC5hcHBsZS5jb20vYXBwcy82Nzg5OTEzMTg2L2Rpc3RyaWJ1dGlvbi9pb3MvdmVyc2lvbi9pbmZsaWdodFwiLFwic3R1YklkXCI6XCJcIn0ifSx7InBsdWdpbiI6IndudCIsInBhcmFtZXRlcnMiOiJ7XCJyZWZlcnJlclwiOlwiaHR0cHM6Ly9hcHBzdG9yZWNvbm5lY3QuYXBwbGUuY29tL2FwcHMvNjc4OTkxMzE4Ni9kaXN0cmlidXRpb24vaW9zL3ZlcnNpb24vaW5mbGlnaHRcIn0ifSx7InBsdWdpbiI6InVhIiwicGFyYW1ldGVycyI6Int9In0seyJwbHVnaW4iOiJhYm4iLCJwYXJhbWV0ZXJzIjoie1wiaXNDc3NVcmxJbmplY3RlZFwiOmZhbHNlfSJ9LHsicGx1Z2luIjoiYWJuX3NoYWRvdyIsInBhcmFtZXRlcnMiOiJ7XCJpc0Nzc1VybEluamVjdGVkXCI6ZmFsc2V9In1dfSwiaXNUb3BMZXZlbCI6dHJ1ZSwicGFnZVN0YXJ0VGltZSI6MTc4NTEzMjI3NTIyNiwibmF2aWdhdGlvblN0YXJ0VGltZSI6MTc4NTEzMjI3Mzc0OH0%3D&nocache=1df73&tm=2026-07-27T07%3A09%3A34.656Z:0
[29899167ms] [ERROR] Failed to load resource: net::ERR_FAILED @ https://gc.kis.v2.scr.kaspersky-labs.com/7D8B79A2-8974-4D7B-A76A-F4F29624C06Beu1ScB50_jBlJEkkhNdFv0LjQF8TJjeCw2KS7xbiOY76PzBl9OGfF9EV1UItEwJkJprBs5PRv8k39jtk7ugPxg/init?data=eyJ1cmwiOiJodHRwczovL2FwcHN0b3JlY29ubmVjdC5hcHBsZS5jb20vbG9naW4iLCJwbHVnaW5zIjoid3NtJmNhJnZzJndudCZ1YSZhYm4mYWJuX3NoYWRvdyZjYiIsImRhdGEiOnsiZGF0YSI6W3sicGx1Z2luIjoid3NtIiwicGFyYW1ldGVycyI6IntcInJlZmVycmVyXCI6XCJodHRwczovL2FwcHN0b3JlY29ubmVjdC5hcHBsZS5jb20vYXBwcy82Nzg5OTEzMTg2L2Rpc3RyaWJ1dGlvbi9pb3MvdmVyc2lvbi9pbmZsaWdodFwiLFwic3R1YklkXCI6XCJcIn0ifSx7InBsdWdpbiI6IndudCIsInBhcmFtZXRlcnMiOiJ7XCJyZWZlcnJlclwiOlwiaHR0cHM6Ly9hcHBzdG9yZWNvbm5lY3QuYXBwbGUuY29tL2FwcHMvNjc4OTkxMzE4Ni9kaXN0cmlidXRpb24vaW9zL3ZlcnNpb24vaW5mbGlnaHRcIn0ifSx7InBsdWdpbiI6InVhIiwicGFyYW1ldGVycyI6Int9In0seyJwbHVnaW4iOiJhYm4iLCJwYXJhbWV0ZXJzIjoie1wiaXNDc3NVcmxJbmplY3RlZFwiOmZhbHNlfSJ9LHsicGx1Z2luIjoiYWJuX3NoYWRvdyIsInBhcmFtZXRlcnMiOiJ7XCJpc0Nzc1VybEluamVjdGVkXCI6ZmFsc2V9In1dfSwiaXNUb3BMZXZlbCI6dHJ1ZSwicGFnZVN0YXJ0VGltZSI6MTc4NTEzMjI3NTIyNiwibmF2aWdhdGlvblN0YXJ0VGltZSI6MTc4NTEzMjI3Mzc0OH0%3D&nocache=1d632&tm=2026-07-27T07%3A09%3A34.683Z&second=true:0
[30019148ms] [ERROR] Failed to load resource: net::ERR_FAILED @ https://gc.kis.v2.scr.kaspersky-labs.com/7D8B79A2-8974-4D7B-A76A-F4F29624C06Beu1ScB50_jBlJEkkhNdFv0LjQF8TJjeCw2KS7xbiOY76PzBl9OGfF9EV1UItEwJkJprBs5PRv8k39jtk7ugPxg/init?data=eyJ1cmwiOiJodHRwczovL2FwcHN0b3JlY29ubmVjdC5hcHBsZS5jb20vbG9naW4iLCJwbHVnaW5zIjoid3NtJmNhJnZzJndudCZ1YSZhYm4mYWJuX3NoYWRvdyZjYiIsImRhdGEiOnsiZGF0YSI6W3sicGx1Z2luIjoid3NtIiwicGFyYW1ldGVycyI6IntcInJlZmVycmVyXCI6XCJodHRwczovL2FwcHN0b3JlY29ubmVjdC5hcHBsZS5jb20vYXBwcy82Nzg5OTEzMTg2L2Rpc3RyaWJ1dGlvbi9pb3MvdmVyc2lvbi9pbmZsaWdodFwiLFwic3R1YklkXCI6XCJcIn0ifSx7InBsdWdpbiI6IndudCIsInBhcmFtZXRlcnMiOiJ7XCJyZWZlcnJlclwiOlwiaHR0cHM6Ly9hcHBzdG9yZWNvbm5lY3QuYXBwbGUuY29tL2FwcHMvNjc4OTkxMzE4Ni9kaXN0cmlidXRpb24vaW9zL3ZlcnNpb24vaW5mbGlnaHRcIn0ifSx7InBsdWdpbiI6InVhIiwicGFyYW1ldGVycyI6Int9In0seyJwbHVnaW4iOiJhYm4iLCJwYXJhbWV0ZXJzIjoie1wiaXNDc3NVcmxJbmplY3RlZFwiOmZhbHNlfSJ9LHsicGx1Z2luIjoiYWJuX3NoYWRvdyIsInBhcmFtZXRlcnMiOiJ7XCJpc0Nzc1VybEluamVjdGVkXCI6ZmFsc2V9In1dfSwiaXNUb3BMZXZlbCI6dHJ1ZSwicGFnZVN0YXJ0VGltZSI6MTc4NTEzMjI3NTIyNiwibmF2aWdhdGlvblN0YXJ0VGltZSI6MTc4NTEzMjI3Mzc0OH0%3D&nocache=173f1&tm=2026-07-27T07%3A11%3A34.654Z:0
[30019158ms] [ERROR] Failed to load resource: net::ERR_FAILED @ https://gc.kis.v2.scr.kaspersky-labs.com/7D8B79A2-8974-4D7B-A76A-F4F29624C06Beu1ScB50_jBlJEkkhNdFv0LjQF8TJjeCw2KS7xbiOY76PzBl9OGfF9EV1UItEwJkJprBs5PRv8k39jtk7ugPxg/init?data=eyJ1cmwiOiJodHRwczovL2FwcHN0b3JlY29ubmVjdC5hcHBsZS5jb20vbG9naW4iLCJwbHVnaW5zIjoid3NtJmNhJnZzJndudCZ1YSZhYm4mYWJuX3NoYWRvdyZjYiIsImRhdGEiOnsiZGF0YSI6W3sicGx1Z2luIjoid3NtIiwicGFyYW1ldGVycyI6IntcInJlZmVycmVyXCI6XCJodHRwczovL2FwcHN0b3JlY29ubmVjdC5hcHBsZS5jb20vYXBwcy82Nzg5OTEzMTg2L2Rpc3RyaWJ1dGlvbi9pb3MvdmVyc2lvbi9pbmZsaWdodFwiLFwic3R1YklkXCI6XCJcIn0ifSx7InBsdWdpbiI6IndudCIsInBhcmFtZXRlcnMiOiJ7XCJyZWZlcnJlclwiOlwiaHR0cHM6Ly9hcHBzdG9yZWNvbm5lY3QuYXBwbGUuY29tL2FwcHMvNjc4OTkxMzE4Ni9kaXN0cmlidXRpb24vaW9zL3ZlcnNpb24vaW5mbGlnaHRcIn0ifSx7InBsdWdpbiI6InVhIiwicGFyYW1ldGVycyI6Int9In0seyJwbHVnaW4iOiJhYm4iLCJwYXJhbWV0ZXJzIjoie1wiaXNDc3NVcmxJbmplY3RlZFwiOmZhbHNlfSJ9LHsicGx1Z2luIjoiYWJuX3NoYWRvdyIsInBhcmFtZXRlcnMiOiJ7XCJpc0Nzc1VybEluamVjdGVkXCI6ZmFsc2V9In1dfSwiaXNUb3BMZXZlbCI6dHJ1ZSwicGFnZVN0YXJ0VGltZSI6MTc4NTEzMjI3NTIyNiwibmF2aWdhdGlvblN0YXJ0VGltZSI6MTc4NTEzMjI3Mzc0OH0%3D&nocache=1f53f&tm=2026-07-27T07%3A11%3A34.669Z&second=true:0
[30139156ms] [ERROR] Failed to load resource: net::ERR_FAILED @ https://gc.kis.v2.scr.kaspersky-labs.com/7D8B79A2-8974-4D7B-A76A-F4F29624C06Beu1ScB50_jBlJEkkhNdFv0LjQF8TJjeCw2KS7xbiOY76PzBl9OGfF9EV1UItEwJkJprBs5PRv8k39jtk7ugPxg/init?data=eyJ1cmwiOiJodHRwczovL2FwcHN0b3JlY29ubmVjdC5hcHBsZS5jb20vbG9naW4iLCJwbHVnaW5zIjoid3NtJmNhJnZzJndudCZ1YSZhYm4mYWJuX3NoYWRvdyZjYiIsImRhdGEiOnsiZGF0YSI6W3sicGx1Z2luIjoid3NtIiwicGFyYW1ldGVycyI6IntcInJlZmVycmVyXCI6XCJodHRwczovL2FwcHN0b3JlY29ubmVjdC5hcHBsZS5jb20vYXBwcy82Nzg5OTEzMTg2L2Rpc3RyaWJ1dGlvbi9pb3MvdmVyc2lvbi9pbmZsaWdodFwiLFwic3R1YklkXCI6XCJcIn0ifSx7InBsdWdpbiI6IndudCIsInBhcmFtZXRlcnMiOiJ7XCJyZWZlcnJlclwiOlwiaHR0cHM6Ly9hcHBzdG9yZWNvbm5lY3QuYXBwbGUuY29tL2FwcHMvNjc4OTkxMzE4Ni9kaXN0cmlidXRpb24vaW9zL3ZlcnNpb24vaW5mbGlnaHRcIn0ifSx7InBsdWdpbiI6InVhIiwicGFyYW1ldGVycyI6Int9In0seyJwbHVnaW4iOiJhYm4iLCJwYXJhbWV0ZXJzIjoie1wiaXNDc3NVcmxJbmplY3RlZFwiOmZhbHNlfSJ9LHsicGx1Z2luIjoiYWJuX3NoYWRvdyIsInBhcmFtZXRlcnMiOiJ7XCJpc0Nzc1VybEluamVjdGVkXCI6ZmFsc2V9In1dfSwiaXNUb3BMZXZlbCI6dHJ1ZSwicGFnZVN0YXJ0VGltZSI6MTc4NTEzMjI3NTIyNiwibmF2aWdhdGlvblN0YXJ0VGltZSI6MTc4NTEzMjI3Mzc0OH0%3D&nocache=16b44&tm=2026-07-27T07%3A13%3A34.668Z:0
[30139162ms] [ERROR] Failed to load resource: net::ERR_FAILED @ https://gc.kis.v2.scr.kaspersky-labs.com/7D8B79A2-8974-4D7B-A76A-F4F29624C06Beu1ScB50_jBlJEkkhNdFv0LjQF8TJjeCw2KS7xbiOY76PzBl9OGfF9EV1UItEwJkJprBs5PRv8k39jtk7ugPxg/init?data=eyJ1cmwiOiJodHRwczovL2FwcHN0b3JlY29ubmVjdC5hcHBsZS5jb20vbG9naW4iLCJwbHVnaW5zIjoid3NtJmNhJnZzJndudCZ1YSZhYm4mYWJuX3NoYWRvdyZjYiIsImRhdGEiOnsiZGF0YSI6W3sicGx1Z2luIjoid3NtIiwicGFyYW1ldGVycyI6IntcInJlZmVycmVyXCI6XCJodHRwczovL2FwcHN0b3JlY29ubmVjdC5hcHBsZS5jb20vYXBwcy82Nzg5OTEzMTg2L2Rpc3RyaWJ1dGlvbi9pb3MvdmVyc2lvbi9pbmZsaWdodFwiLFwic3R1YklkXCI6XCJcIn0ifSx7InBsdWdpbiI6IndudCIsInBhcmFtZXRlcnMiOiJ7XCJyZWZlcnJlclwiOlwiaHR0cHM6Ly9hcHBzdG9yZWNvbm5lY3QuYXBwbGUuY29tL2FwcHMvNjc4OTkxMzE4Ni9kaXN0cmlidXRpb24vaW9zL3ZlcnNpb24vaW5mbGlnaHRcIn0ifSx7InBsdWdpbiI6InVhIiwicGFyYW1ldGVycyI6Int9In0seyJwbHVnaW4iOiJhYm4iLCJwYXJhbWV0ZXJzIjoie1wiaXNDc3NVcmxJbmplY3RlZFwiOmZhbHNlfSJ9LHsicGx1Z2luIjoiYWJuX3NoYWRvdyIsInBhcmFtZXRlcnMiOiJ7XCJpc0Nzc1VybEluamVjdGVkXCI6ZmFsc2V9In1dfSwiaXNUb3BMZXZlbCI6dHJ1ZSwicGFnZVN0YXJ0VGltZSI6MTc4NTEzMjI3NTIyNiwibmF2aWdhdGlvblN0YXJ0VGltZSI6MTc4NTEzMjI3Mzc0OH0%3D&nocache=18e74&tm=2026-07-27T07%3A13%3A34.678Z&second=true:0
[30259157ms] [ERROR] Failed to load resource: net::ERR_FAILED @ https://gc.kis.v2.scr.kaspersky-labs.com/7D8B79A2-8974-4D7B-A76A-F4F29624C06Beu1ScB50_jBlJEkkhNdFv0LjQF8TJjeCw2KS7xbiOY76PzBl9OGfF9EV1UItEwJkJprBs5PRv8k39jtk7ugPxg/init?data=eyJ1cmwiOiJodHRwczovL2FwcHN0b3JlY29ubmVjdC5hcHBsZS5jb20vbG9naW4iLCJwbHVnaW5zIjoid3NtJmNhJnZzJndudCZ1YSZhYm4mYWJuX3NoYWRvdyZjYiIsImRhdGEiOnsiZGF0YSI6W3sicGx1Z2luIjoid3NtIiwicGFyYW1ldGVycyI6IntcInJlZmVycmVyXCI6XCJodHRwczovL2FwcHN0b3JlY29ubmVjdC5hcHBsZS5jb20vYXBwcy82Nzg5OTEzMTg2L2Rpc3RyaWJ1dGlvbi9pb3MvdmVyc2lvbi9pbmZsaWdodFwiLFwic3R1YklkXCI6XCJcIn0ifSx7InBsdWdpbiI6IndudCIsInBhcmFtZXRlcnMiOiJ7XCJyZWZlcnJlclwiOlwiaHR0cHM6Ly9hcHBzdG9yZWNvbm5lY3QuYXBwbGUuY29tL2FwcHMvNjc4OTkxMzE4Ni9kaXN0cmlidXRpb24vaW9zL3ZlcnNpb24vaW5mbGlnaHRcIn0ifSx7InBsdWdpbiI6InVhIiwicGFyYW1ldGVycyI6Int9In0seyJwbHVnaW4iOiJhYm4iLCJwYXJhbWV0ZXJzIjoie1wiaXNDc3NVcmxJbmplY3RlZFwiOmZhbHNlfSJ9LHsicGx1Z2luIjoiYWJuX3NoYWRvdyIsInBhcmFtZXRlcnMiOiJ7XCJpc0Nzc1VybEluamVjdGVkXCI6ZmFsc2V9In1dfSwiaXNUb3BMZXZlbCI6dHJ1ZSwicGFnZVN0YXJ0VGltZSI6MTc4NTEzMjI3NTIyNiwibmF2aWdhdGlvblN0YXJ0VGltZSI6MTc4NTEzMjI3Mzc0OH0%3D&nocache=10029&tm=2026-07-27T07%3A15%3A34.664Z:0
[30259168ms] [ERROR] Failed to load resource: net::ERR_FAILED @ https://gc.kis.v2.scr.kaspersky-labs.com/7D8B79A2-8974-4D7B-A76A-F4F29624C06Beu1ScB50_jBlJEkkhNdFv0LjQF8TJjeCw2KS7xbiOY76PzBl9OGfF9EV1UItEwJkJprBs5PRv8k39jtk7ugPxg/init?data=eyJ1cmwiOiJodHRwczovL2FwcHN0b3JlY29ubmVjdC5hcHBsZS5jb20vbG9naW4iLCJwbHVnaW5zIjoid3NtJmNhJnZzJndudCZ1YSZhYm4mYWJuX3NoYWRvdyZjYiIsImRhdGEiOnsiZGF0YSI6W3sicGx1Z2luIjoid3NtIiwicGFyYW1ldGVycyI6IntcInJlZmVycmVyXCI6XCJodHRwczovL2FwcHN0b3JlY29ubmVjdC5hcHBsZS5jb20vYXBwcy82Nzg5OTEzMTg2L2Rpc3RyaWJ1dGlvbi9pb3MvdmVyc2lvbi9pbmZsaWdodFwiLFwic3R1YklkXCI6XCJcIn0ifSx7InBsdWdpbiI6IndudCIsInBhcmFtZXRlcnMiOiJ7XCJyZWZlcnJlclwiOlwiaHR0cHM6Ly9hcHBzdG9yZWNvbm5lY3QuYXBwbGUuY29tL2FwcHMvNjc4OTkxMzE4Ni9kaXN0cmlidXRpb24vaW9zL3ZlcnNpb24vaW5mbGlnaHRcIn0ifSx7InBsdWdpbiI6InVhIiwicGFyYW1ldGVycyI6Int9In0seyJwbHVnaW4iOiJhYm4iLCJwYXJhbWV0ZXJzIjoie1wiaXNDc3NVcmxJbmplY3RlZFwiOmZhbHNlfSJ9LHsicGx1Z2luIjoiYWJuX3NoYWRvdyIsInBhcmFtZXRlcnMiOiJ7XCJpc0Nzc1VybEluamVjdGVkXCI6ZmFsc2V9In1dfSwiaXNUb3BMZXZlbCI6dHJ1ZSwicGFnZVN0YXJ0VGltZSI6MTc4NTEzMjI3NTIyNiwibmF2aWdhdGlvblN0YXJ0VGltZSI6MTc4NTEzMjI3Mzc0OH0%3D&nocache=16f23&tm=2026-07-27T07%3A15%3A34.679Z&second=true:0
